dataset_schema,tracker_version,structure_version,realf_engine,fatigue_version,flow_confidence_version,mtf_source,git_commit,code_fingerprint,run_id,seq,snapshot_id,symbol,provider,market,coin_class,coin_rank,whale_threshold_usd,captured_at_ms,captured_at_local,clock_offset_ms,clock_synced,kline_asof_ms,flow_asof_ms,prev_snapshot_age_sec,bar_open_time,bar_close_time,is_bar_closed,bar_progress_sec,price,chg_1m_pct,realf_score,realf_state,realf_ready,realf_bars,realf_impact,realf_memory,realf_momentum,realf_activity,realf_unpriced_flow,realf_fast_price,realf_fast_flow,realf_beta,realf_beta_r2,realf_rvol,realf_percentile,realf_persistence,realf_net_pct,realf_whale,realf_component_spread,realf_component_agreement,realf_implied_price,realf_implied_gap_pct,realf_source,kline_gaps_300,zero_volume_share_300,realf_source_quality,realf_now,realf_1m_ago,realf_3m_ago,realf_5m_ago,realf_d1,realf_d3,realf_d5,unpriced_now,unpriced_d1,unpriced_d3,unpriced_d5,fatigue_now,fatigue_1m_ago,fatigue_3m_ago,fatigue_5m_ago,fatigue_delta_1m,fatigue_delta_3m,fatigue_delta_5m,absolute_fatigue,relative_rank,tf_1m_bars,tf_1m_source,fat_1m,fat_1m_state,fat_1m_abs,fat_1m_rank,fat_1m_ready,fat_1m_rank_window,str_1m_score,str_1m_state,str_1m_event,str_1m_ext_seq,str_1m_int_seq,str_1m_regime,str_1m_conf,str_1m_ready,str_1m_regime_ready,str_1m_confirmed_bars,str_1m_event_age,str_1m_event_strength,str_1m_event_time_ms,str_1m_protected_type,str_1m_protected_level,str_1m_protected_distance_atr,str_1m_nearest_eqh,str_1m_eqh_distance_atr,str_1m_eqh_touches,str_1m_nearest_eql,str_1m_eql_distance_atr,str_1m_eql_touches,str_1m_eqh_active,str_1m_eql_active,str_1m_liq_ref_high,str_1m_liq_ref_low,str_1m_last_liq_event,str_1m_liq_event_age,str_1m_liq_event_level,str_1m_sweep_event,str_1m_sweep_forming,str_1m_atr_pct,tf_3m_bars,tf_3m_source,fat_3m,fat_3m_state,fat_3m_abs,fat_3m_rank,fat_3m_ready,fat_3m_rank_window,str_3m_score,str_3m_state,str_3m_event,str_3m_ext_seq,str_3m_int_seq,str_3m_regime,str_3m_conf,str_3m_ready,str_3m_regime_ready,str_3m_confirmed_bars,str_3m_event_age,str_3m_event_strength,str_3m_event_time_ms,str_3m_protected_type,str_3m_protected_level,str_3m_protected_distance_atr,str_3m_nearest_eqh,str_3m_eqh_distance_atr,str_3m_eqh_touches,str_3m_nearest_eql,str_3m_eql_distance_atr,str_3m_eql_touches,str_3m_eqh_active,str_3m_eql_active,str_3m_liq_ref_high,str_3m_liq_ref_low,str_3m_last_liq_event,str_3m_liq_event_age,str_3m_liq_event_level,str_3m_sweep_event,str_3m_sweep_forming,str_3m_atr_pct,tf_5m_bars,tf_5m_source,fat_5m,fat_5m_state,fat_5m_abs,fat_5m_rank,fat_5m_ready,fat_5m_rank_window,str_5m_score,str_5m_state,str_5m_event,str_5m_ext_seq,str_5m_int_seq,str_5m_regime,str_5m_conf,str_5m_ready,str_5m_regime_ready,str_5m_confirmed_bars,str_5m_event_age,str_5m_event_strength,str_5m_event_time_ms,str_5m_protected_type,str_5m_protected_level,str_5m_protected_distance_atr,str_5m_nearest_eqh,str_5m_eqh_distance_atr,str_5m_eqh_touches,str_5m_nearest_eql,str_5m_eql_distance_atr,str_5m_eql_touches,str_5m_eqh_active,str_5m_eql_active,str_5m_liq_ref_high,str_5m_liq_ref_low,str_5m_last_liq_event,str_5m_liq_event_age,str_5m_liq_event_level,str_5m_sweep_event,str_5m_sweep_forming,str_5m_atr_pct,tf_15m_bars,tf_15m_source,fat_15m,fat_15m_state,fat_15m_abs,fat_15m_rank,fat_15m_ready,fat_15m_rank_window,str_15m_score,str_15m_state,str_15m_event,str_15m_ext_seq,str_15m_int_seq,str_15m_regime,str_15m_conf,str_15m_ready,str_15m_regime_ready,str_15m_confirmed_bars,str_15m_event_age,str_15m_event_strength,str_15m_event_time_ms,str_15m_protected_type,str_15m_protected_level,str_15m_protected_distance_atr,str_15m_nearest_eqh,str_15m_eqh_distance_atr,str_15m_eqh_touches,str_15m_nearest_eql,str_15m_eql_distance_atr,str_15m_eql_touches,str_15m_eqh_active,str_15m_eql_active,str_15m_liq_ref_high,str_15m_liq_ref_low,str_15m_last_liq_event,str_15m_liq_event_age,str_15m_liq_event_level,str_15m_sweep_event,str_15m_sweep_forming,str_15m_atr_pct,tf_1h_bars,tf_1h_source,fat_1h,fat_1h_state,fat_1h_abs,fat_1h_rank,fat_1h_ready,fat_1h_rank_window,str_1h_score,str_1h_state,str_1h_event,str_1h_ext_seq,str_1h_int_seq,str_1h_regime,str_1h_conf,str_1h_ready,str_1h_regime_ready,str_1h_confirmed_bars,str_1h_event_age,str_1h_event_strength,str_1h_event_time_ms,str_1h_protected_type,str_1h_protected_level,str_1h_protected_distance_atr,str_1h_nearest_eqh,str_1h_eqh_distance_atr,str_1h_eqh_touches,str_1h_nearest_eql,str_1h_eql_distance_atr,str_1h_eql_touches,str_1h_eqh_active,str_1h_eql_active,str_1h_liq_ref_high,str_1h_liq_ref_low,str_1h_last_liq_event,str_1h_liq_event_age,str_1h_liq_event_level,str_1h_sweep_event,str_1h_sweep_forming,str_1h_atr_pct,tf_4h_bars,tf_4h_source,fat_4h,fat_4h_state,fat_4h_abs,fat_4h_rank,fat_4h_ready,fat_4h_rank_window,str_4h_score,str_4h_state,str_4h_event,str_4h_ext_seq,str_4h_int_seq,str_4h_regime,str_4h_conf,str_4h_ready,str_4h_regime_ready,str_4h_confirmed_bars,str_4h_event_age,str_4h_event_strength,str_4h_event_time_ms,str_4h_protected_type,str_4h_protected_level,str_4h_protected_distance_atr,str_4h_nearest_eqh,str_4h_eqh_distance_atr,str_4h_eqh_touches,str_4h_nearest_eql,str_4h_eql_distance_atr,str_4h_eql_touches,str_4h_eqh_active,str_4h_eql_active,str_4h_liq_ref_high,str_4h_liq_ref_low,str_4h_last_liq_event,str_4h_liq_event_age,str_4h_liq_event_level,str_4h_sweep_event,str_4h_sweep_forming,str_4h_atr_pct,last_trade_age_ms,pool_trades,flow_1m_buy_usd,flow_1m_sell_usd,cvd_1m,cvd_1m_pct,buyer_ratio_1m,flow_1m_score,flow_1m_direction,trade_count_1m,agg_count_1m,notional_1m,n_eff_1m,window_coverage_sec_1m,window_coverage_ratio_1m,1m_complete,large_buy_count_1m,large_buy_value_1m,large_sell_count_1m,large_sell_value_1m,whale_net_notional_1m,flow_confidence_1m,fc_1m_count,fc_1m_notional,fc_1m_coverage,fc_1m_freshness,flow_5m_buy_usd,flow_5m_sell_usd,cvd_5m,cvd_5m_pct,buyer_ratio_5m,flow_5m_score,flow_5m_direction,trade_count_5m,agg_count_5m,notional_5m,n_eff_5m,window_coverage_sec_5m,window_coverage_ratio_5m,5m_complete,large_buy_count_5m,large_buy_value_5m,large_sell_count_5m,large_sell_value_5m,whale_net_notional_5m,flow_confidence_5m,fc_5m_count,fc_5m_notional,fc_5m_coverage,fc_5m_freshness,flow_15m_buy_usd,flow_15m_sell_usd,cvd_15m,cvd_15m_pct,buyer_ratio_15m,flow_15m_score,flow_15m_direction,trade_count_15m,agg_count_15m,notional_15m,n_eff_15m,window_coverage_sec_15m,window_coverage_ratio_15m,15m_complete,large_buy_count_15m,large_buy_value_15m,large_sell_count_15m,large_sell_value_15m,whale_net_notional_15m,flow_confidence_15m,fc_15m_count,fc_15m_notional,fc_15m_coverage,fc_15m_freshness,cvd_1m_delta,cvd_5m_delta,cvd_15m_delta,buyer_ratio_delta_1m,buyer_ratio_delta_5m,flow_delta_coverage_ratio,cvd_slope_3m,cvd_slope_3m_norm,cvd_slope_5m,cvd_slope_5m_norm,cvd_slope_prev_3m_norm,cvd_turn_3m,last_whale_time_ms,last_whale_side,last_whale_usd,last_whale_price,kcheck_bar_open,kcheck_status,pool_vs_kline_notional_ratio,pool_vs_kline_trades_ratio,pool_vs_kline_taker_buy_ratio,sync_mode,sync_pages,sync_fetched,sync_gap_ms,sync_error,pool_gap_events,pool_gap_ms_total,pool_resets,pool_integrity_errors,pool_contamination_reset,used_weight_1m,ob_best_bid,ob_best_ask,spread_bps,microprice_deviation_bps,orderbook_imbalance,ob_imbalance_top5,ob_bid_notional_20,ob_ask_notional_20,ob_depth_span_bps,ob_timestamp_ms,ob_age_ms,ob_stale,ob_error,alerts,alerts_skipped,required_fields_missing
2,v2,v1.2,REALF_PY_V4_2_DERIVED,ZPTDIFAT_PY_V1_4_DERIVED,fc-v1,native,,058e38aec59f4c35,20260918_062941,1,ETH_20260918_062951_945,ETHUSDT,BINANCE,FUTURES,TOP100,2,75000,1789712991945,2026-09-18T06:29:51.945+00:00,89,True,1789712991752,1789712991945,,1789712940000,1789712999999,False,51.8,2482.4,-0.0101,59.1,PRICE AHEAD,True,500,62.6,52.6,62.8,51.8,-0.00072,-0.61,-1.42,0.00133,0.696,0.49,13.7,60.0,-13.7,YOK,10.2,1.0,2480.603790485379,-0.072,CLV_PROXY_1M,0,0.0,100.0,59.1,59.5,52.7,49.9,-0.4,6.4,9.2,-0.00072,-0.00042,-0.00122,-0.00147,44.3,53.18,62.58,58.07,-8.88,-18.28,-13.77,27.98,13.33,500,native,44.3,NORMAL,27.98,13.33,True,300,87.2,BULL,BOS UP,HH/HL,HH/MIX,RANGE,84.0,True,True,499,7,63.9,1789712520000,LOW,2481.26,0.63,,,,2469.0299999999997,7.34,2,0,2,2486.88,2469.0299999999997,HIGH_SWEEP,6,2486.11,False,False,0.0734,499,native,56.4,NORMAL,49.93,45.33,True,300,32.2,BULL,BOS UP,LH/LL,MIX/HL,RANGE,90.5,True,True,498,31,76.1,1789707240000,LOW,2469.0,3.64,,,,,,,0,0,2486.49,2477.52,HIGH_SWEEP,2,2486.49,False,False,0.1482,499,native,51.34,NORMAL,47.0,41.0,True,300,85.7,BULL,BOS UP,HH/HL,LH/LL,TR UP,91.8,True,True,498,15,61.2,1789708200000,LOW,2469.0,2.65,,,,2365.835,23.03,2,0,1,2492.55,2365.835,HIGH_SWEEP,16,2482.2,False,False,0.2037,499,native,67.93,NORMAL,58.28,58.0,True,300,73.7,BULL,BOS UP,HH/MIX,HH/HL,TR UP,74.1,True,True,498,5,39.9,1789707600000,LOW,2435.39,5.61,,,,2435.74,5.57,2,0,1,2492.55,2435.74,HIGH_SWEEP,4,2484.99,False,False,0.3377,499,native,79.26,YORGUN,85.53,95.67,True,300,73.3,BEAR,BOS DN,HH/HL,HH/MIX,TR DN,84.8,True,True,498,65,44.7,1789477200000,HIGH,2614.99,7.76,,,,,,,0,0,2484.0,2435.39,HIGH_SWEEP,1,2484.0,True,True,0.6888,499,native,65.42,NORMAL,76.25,87.67,True,300,51.7,TR-DN,CHOCH DN,MIX/HL,MIX/HL,TR-DN,70.6,True,True,498,14,32.7,1789502400000,HIGH,2614.99,3.33,,,,1862.655,15.55,2,0,2,2614.99,1862.655,HIGH_SWEEP,38,2522.75,False,False,1.6086,222,1089,922713.97,1308547.89,-385833.92,-17.29,41.35,20.5,DOWN,2261,569,2231261.85,23.9,60.0,1.0,True,2,540650.89,2,383120.39,157530.49,63.7,0.324,1.0,1.0,0.996,1970675.71,5129931.16,-3159255.44,-44.49,27.75,6.5,DOWN,4601,1089,7100606.87,61.6,73.5,0.2448,False,7,1325701.88,14,3358578.09,-2032876.21,59.5,0.552,1.0,0.245,0.999,1970675.71,5129931.16,-3159255.44,-44.49,27.75,6.5,DOWN,4601,1089,7100606.87,61.6,73.5,0.0816,False,7,1325701.88,14,3358578.09,-2032876.21,47.8,0.552,1.0,0.082,1.0,,,,,,0.0149,,,,,,,1789712967798,SELL,255226.38,2483.23,1789712880000,pool_incomplete,,,,continuous,1,89,0,,0,0,0,0,False,436,2482.13,2482.14,0.04,-0.009,-0.2262,-0.4627,596029.42,944541.13,0.83,1789712991542,403,False,,,,
2,v2,v1.2,REALF_PY_V4_2_DERIVED,ZPTDIFAT_PY_V1_4_DERIVED,fc-v1,native,,058e38aec59f4c35,20260918_062941,2,BNB_20260918_062954_542,BNBUSDT,BINANCE,FUTURES,TOP100,4,25000,1789712994542,2026-09-18T06:29:54.542+00:00,89,True,1789712994542,1789712994542,,1789712940000,1789712999999,False,54.5,753.26,0.0106,46.1,FAIR (DENGE),True,500,46.1,41.7,49.6,49.7,0.00212,-0.53,-0.6,0.00103,0.759,0.29,2.7,50.0,-5.3,YOK,7.9,1.0,754.861376551143,0.213,CLV_PROXY_1M,0,0.0,100.0,46.1,44.8,46.7,43.9,1.3,-0.6,2.2,0.00212,-2e-05,1e-05,-0.00034,25.79,29.38,34.52,34.14,-3.59,-8.73,-8.35,21.43,8.0,500,native,25.79,DINLENMIS,21.43,8.0,True,300,46.7,BEAR,BOS DN,HH/MIX,HH/MIX,RANGE,69.5,True,True,499,9,26.8,1789712400000,HIGH,755.98,5.43,,,,735.76,34.93,2,0,1,754.74,735.76,HIGH_SWEEP,7,754.62,False,False,0.0665,499,native,43.01,NORMAL,34.17,14.33,True,300,73.7,BULL,BOS UP,HH/MIX,HH/MIX,RANGE,74.2,True,True,498,8,53.9,1789711380000,LOW,751.67,1.45,,,,733.985,18.47,2,0,2,755.98,733.985,HIGH_SWEEP,23,753.4,False,False,0.1379,499,native,52.01,NORMAL,47.09,32.0,True,300,71.6,BULL,BOS UP,HH/MIX,HH/MIX,TR UP,78.1,True,True,498,15,50.9,1789708200000,LOW,749.39,2.47,,,,751.405,1.17,2,0,2,755.08,751.405,HIGH_SWEEP,4,755.08,False,False,0.2056,499,native,58.31,NORMAL,56.19,44.33,True,300,79.0,BULL,BOS UP,HH/HL,HH/HL,TR UP,91.5,True,True,498,28,31.8,1789686900000,LOW,733.95,7.34,,,,,,,0,0,754.71,733.95,HIGH_SWEEP,4,754.71,False,False,0.3488,499,native,93.95,ASIRI,90.19,95.0,True,300,72.9,BULL,BOS UP,HH/MIX,HH/MIX,TR UP,76.1,True,True,498,10,47.2,1789675200000,LOW,721.24,6.96,,,,,,,0,0,732.95,721.24,HIGH_SWEEP,18,729.58,False,False,0.6104,499,native,88.91,ASIRI,95.92,95.67,True,300,40.4,BULL,BOS UP,LH/LL,HH/HL,RANGE,86.1,True,True,498,4,31.3,1789646400000,LOW,704.34,5.2,,,,,,,0,0,725.94,704.34,HIGH_SWEEP,6,725.94,False,False,1.2519,156,1018,28893.48,196537.22,-167643.74,-74.37,12.82,5.1,DOWN,639,104,225430.69,13.9,60.0,1.0,True,0,0.0,2,106990.09,-106990.09,51.5,0.218,0.838,1.0,0.997,161777.11,755704.25,-593927.14,-64.73,17.63,5.2,DOWN,3518,660,917481.36,75.2,300.0,1.0,True,0,0.0,8,304046.65,-304046.65,81.3,0.601,0.991,1.0,0.999,253573.66,1127225.61,-873651.94,-63.27,18.36,5.3,DOWN,5132,1018,1380799.27,120.9,404.3,0.4492,False,0,0.0,11,396935.19,-396935.19,74.2,0.707,1.0,0.449,1.0,83959.41,-53325.3,,-3.19,-1.86,0.3826,-173859.14,-0.7353,-116618.83,-0.6355,-0.536,NONE,1789712985950,SELL,31667.05,753.26,1789712880000,ok,1.0,1.0,1.0,continuous,1,18,0,,0,0,0,0,False,470,753.17,753.18,0.133,-0.062,-0.6011,-0.9489,51012.12,204765.98,2.59,1789712994321,221,False,,FATIGUE_RESTED_1M|AGGRESSIVE_SELLER,,
2,v2,v1.2,REALF_PY_V4_2_DERIVED,ZPTDIFAT_PY_V1_4_DERIVED,fc-v1,native,,058e38aec59f4c35,20260918_062941,3,XRP_20260918_062957_584,XRPUSDT,BINANCE,FUTURES,TOP100,5,25000,1789712997584,2026-09-18T06:29:57.584+00:00,89,True,1789712997146,1789712997584,,1789712940000,1789712999999,False,57.1,1.3204,0.0076,56.2,FAIR (DENGE),True,500,58.5,55.0,55.0,50.9,-0.0021,-0.39,-0.74,0.00161,0.724,0.31,12.7,40.0,-2.4,YOK,3.6,1.0,1.3176348297190454,-0.209,CLV_PROXY_1M,0,0.0,100.0,56.2,54.6,52.2,49.9,1.6,4.0,6.3,-0.0021,-0.00048,-0.00054,-0.00054,61.97,68.45,71.21,61.02,-6.48,-9.24,0.95,47.92,44.33,500,native,61.97,NORMAL,47.92,44.33,True,300,58.3,BEAR,BOS DN,MIX/HL,HH/MIX,RANGE,67.0,True,True,499,44,52.6,1789710300000,HIGH,1.3237,2.23,,,,1.3032,11.63,2,0,2,1.322,1.3032,HIGH_SWEEP,6,1.322,False,False,0.1121,499,native,60.97,NORMAL,60.42,64.0,True,300,31.0,BULL,BOS UP,LH/LL,MIX/HL,RANGE,90.5,True,True,498,31,58.0,1789707240000,LOW,1.3133,2.65,,,,,,,0,0,1.3228,1.3164,LOW_SWEEP,10,1.3176,False,True,0.2025,499,native,47.93,NORMAL,52.77,49.33,True,300,62.5,BULL,BOS UP,MIX/HL,LH/LL,RANGE,74.0,True,True,498,32,67.7,1789703100000,LOW,1.3045,4.43,,,,,,,0,0,1.3228,1.3164,HIGH_SWEEP,29,1.324,False,True,0.273,499,native,57.2,NORMAL,52.5,56.0,True,300,77.0,TR-UP,CHOCH UP,HH/HL,MIX/HL,TR-UP,84.3,True,True,498,21,25.8,1789693200000,LOW,1.2867,5.89,,,,,,,0,0,1.3286,1.3133,HIGH_SWEEP,22,1.3002,False,False,0.4337,499,native,80.2,YORGUN,78.12,91.67,True,300,74.1,TR-UP,CHOCH UP,HH/MIX,HH/MIX,TR-UP,74.3,True,True,498,3,82.2,1789700400000,LOW,1.2867,2.78,,,,,,,0,0,1.3201,1.2867,HIGH_SWEEP,1,1.3201,True,False,0.9194,499,native,49.39,NORMAL,57.92,74.33,True,300,47.1,TR-DN,CHOCH DN,HH/MIX,MIX/LL,TR-DN,75.8,True,True,498,15,73.1,1789488000000,HIGH,1.4916,5.38,1.5507,7.24,2,0.98775,10.46,2,1,1,1.5507,0.98775,EQH_SWEEP,57,1.43175,False,False,2.3989,379,1020,132373.05,131381.36,991.69,0.38,50.19,50.8,FLAT,873,89,263754.41,13.8,60.0,1.0,True,1,28833.18,2,76414.57,-47581.39,51.7,0.216,0.855,1.0,0.994,1316120.5,2003965.7,-687845.2,-20.72,39.64,16.9,DOWN,6555,742,3320086.2,107.9,300.0,1.0,True,14,622386.43,22,1359954.9,-737568.48,85.9,0.683,1.0,1.0,0.999,2245759.75,2512652.11,-266892.36,-5.61,47.2,38.8,DOWN,8780,1020,4758411.85,143.1,388.9,0.4321,False,25,1326171.85,26,1541296.67,-215124.82,75.0,0.741,1.0,0.432,1.0,711987.08,-239046.24,,19.74,-4.36,0.3654,-241074.66,-0.2887,-154298.34,-0.2324,0.074,DOWN,1789712992796,SELL,35411.72,1.3205,1789712880000,ok,1.0,1.0,1.0,continuous,1,20,0,,0,0,0,0,False,504,1.3204,1.3205,0.757,0.274,0.1681,0.2025,1219560.03,868471.27,14.77,1789712996937,647,False,,,,
2,v2,v1.2,REALF_PY_V4_2_DERIVED,ZPTDIFAT_PY_V1_4_DERIVED,fc-v1,native,,058e38aec59f4c35,20260918_062941,4,DOGE_20260918_063000_198,DOGEUSDT,BINANCE,FUTURES,TOP100,12,15000,1789713000198,2026-09-18T06:30:00.198+00:00,89,True,1789713000182,1789713000198,,1789712940000,1789712999999,True,60.2,0.08421,-0.0237,56.3,FAIR (DENGE),True,500,58.9,51.3,58.8,52.3,-0.00044,-0.72,-1.3,0.00147,0.645,0.7,32.3,55.0,-17.4,YOK,7.6,1.0,0.0841729222141273,-0.044,CLV_PROXY_1M,0,0.0,100.0,56.3,55.3,53.9,50.6,1.0,2.4,5.7,-0.00044,-0.00026,-0.0007,-0.00118,42.96,50.79,54.38,43.57,-7.83,-11.42,-0.61,29.42,13.67,500,native,42.96,NORMAL,29.42,13.67,True,300,28.3,BEAR,BOS DN,MIX/LL,MIX/LL,SQZ,75.8,True,True,499,11,38.7,1789712280000,HIGH,0.08443,2.64,0.084395,2.22,2,0.08135,34.38,2,1,2,0.084395,0.08135,EQL_SWEEP,45,0.08419499999999999,False,False,0.0988,499,native,49.26,NORMAL,42.4,34.33,True,300,45.4,BULL,BOS UP,MIX/LL,MIX/LL,RANGE,73.8,True,True,498,30,48.5,1789707420000,LOW,0.08373,2.95,0.08449000000000001,1.82,2,,,,1,0,0.08449000000000001,0.08404,LOW_SWEEP,9,0.08419,False,False,0.1888,499,native,42.18,NORMAL,36.86,27.67,True,300,79.2,BULL,BOS UP,HH/HL,MIX/LL,TR UP,97.5,True,True,498,32,93.1,1789703100000,LOW,0.08223,8.55,,,,0.07986,18.78,2,0,1,0.08469,0.07986,HIGH_SWEEP,16,0.08459,False,False,0.2747,499,native,62.69,NORMAL,54.3,55.67,True,300,80.3,BULL,BOS UP,HH/HL,HH/HL,TR UP,84.7,True,True,498,20,43.6,1789694100000,LOW,0.08114,8.26,,,,0.080555,9.83,2,0,1,0.08469,0.080555,HIGH_SWEEP,63,0.08179,False,False,0.4411,499,native,88.81,ASIRI,84.59,96.67,True,300,89.8,BULL,BOS UP,HH/HL,LH/LL,TR UP,90.7,True,True,498,4,51.5,1789696800000,LOW,0.08114,4.24,,,,,,,0,0,0.08253,0.08114,HIGH_SWEEP,21,0.08134,False,False,0.8609,499,native,72.8,YORGUN,85.41,92.33,True,300,47.5,BEAR,BOS DN,HH/MIX,LH/MIX,TR DN,73.2,True,True,498,16,26.7,1789473600000,HIGH,0.08616,1.28,,,,0.07835,3.83,2,0,1,0.08616,0.07835,HIGH_SWEEP,20,0.08534,False,False,1.8093,489,1014,80409.1,93990.58,-13581.48,-7.79,46.11,34.7,DOWN,561,48,174399.68,9.3,60.0,1.0,True,2,57738.71,3,61262.91,-3524.2,44.8,0.157,0.81,1.0,0.992,528528.42,835985.0,-307456.58,-22.53,38.73,15.3,DOWN,3591,570,1364513.43,60.6,300.0,1.0,True,9,294174.2,14,551460.52,-257286.33,78.6,0.548,1.0,1.0,0.998,780511.32,1203527.15,-423015.82,-21.32,39.34,16.3,DOWN,5791,1014,1984038.47,94.5,433.0,0.4811,False,13,399880.72,26,810251.94,-410371.22,72.9,0.654,1.0,0.481,0.999,376022.4,6086.29,,17.28,0.73,0.4145,-135390.71,-0.3255,-67897.26,-0.2488,-0.0051,NONE,1789712989765,SELL,16529.44,0.08422,1789712880000,ok,1.0,1.0,1.0,continuous,1,14,0,,0,0,0,0,False,20,0.0842,0.08421,1.188,0.454,0.4508,0.1645,1825959.13,691143.02,23.16,1789712999968,230,False,,,,
2,v2,v1.2,REALF_PY_V4_2_DERIVED,ZPTDIFAT_PY_V1_4_DERIVED,fc-v1,native,,058e38aec59f4c35,20260918_062941,5,LINK_20260918_063003_251,LINKUSDT,BINANCE,FUTURES,TOP100,17,10000,1789713003251,2026-09-18T06:30:03.251+00:00,89,True,1789713002806,1789713003251,,1789712940000,1789712999999,True,62.8,11.775,-0.0764,48.7,FAIR (DENGE),True,500,49.2,46.9,49.6,49.5,0.00128,-0.91,-1.03,0.00182,0.65,0.64,35.0,60.0,6.8,YOK,2.7,1.0,11.790089339804119,0.128,CLV_PROXY_1M,0,0.0,100.0,48.7,46.6,48.9,42.9,2.1,-0.2,5.8,0.00128,0.00016,0.0003,-0.0003,67.0,74.34,77.88,69.41,-7.34,-10.88,-2.41,52.55,43.67,500,native,67.0,NORMAL,52.55,43.67,True,300,89.2,BULL,BOS UP,HH/HL,HH/MIX,RANGE,90.6,True,True,499,7,60.8,1789712520000,LOW,11.74,2.26,,,,11.377500000000001,25.65,2,0,1,11.782,11.377500000000001,HIGH_SWEEP,12,11.779,False,True,0.1315,499,native,70.83,NORMAL,69.97,69.0,True,300,47.2,BULL,BOS UP,LH/LL,MIX/HL,RANGE,88.3,True,True,498,2,67.9,1789712460000,LOW,11.705,2.38,,,,,,,0,0,11.776,11.705,HIGH_SWEEP,7,11.776,False,True,0.2496,499,native,57.65,NORMAL,64.62,56.0,True,300,63.5,BULL,BOS UP,HH/MIX,LH/LL,RANGE,76.9,True,True,498,32,57.9,1789703100000,LOW,11.337,10.69,,,,,,,0,0,11.817,11.705,HIGH_SWEEP,18,11.802,False,False,0.3472,499,native,62.6,NORMAL,60.18,62.33,True,300,78.0,BULL,BOS UP,HH/HL,HH/HL,TR UP,87.9,True,True,498,28,54.8,1789686900000,LOW,11.25,8.25,,,,11.0905,10.75,2,0,1,11.817,11.0905,HIGH_SWEEP,63,11.34,False,False,0.5414,499,native,89.92,ASIRI,85.8,94.0,True,300,83.3,TR-UP,CHOCH UP,HH/HL,MIX/LL,TR-UP,86.0,True,True,498,5,51.0,1789693200000,LOW,11.089,5.69,12.7855,8.38,2,,,,1,0,12.7855,11.25,LOW_SWEEP,37,10.67,False,False,1.0287,499,native,75.34,YORGUN,87.41,89.67,True,300,17.7,BEAR,BOS DN,LH/LL,HH/MIX,RANGE,86.2,True,True,498,15,24.8,1789488000000,HIGH,11.961,0.74,,,,8.062,14.81,2,0,1,11.961,8.062,EQH_SWEEP,83,12.035499999999999,False,False,2.133,496,1027,27303.35,33518.03,-6214.68,-10.22,44.89,30.5,DOWN,361,80,60821.37,23.0,60.0,1.0,True,0,0.0,0,0.0,0.0,56.5,0.315,0.696,1.0,0.992,334855.69,314988.66,19867.02,3.06,51.53,56.2,UP,2119,403,649844.35,75.3,300.0,1.0,True,3,136827.47,7,147574.78,-10747.31,80.4,0.601,0.953,1.0,0.998,1029271.55,834214.57,195056.98,10.47,55.23,69.9,UP,5691,1027,1863486.11,218.8,763.7,0.8486,False,18,520821.22,15,307246.72,213574.49,89.1,0.814,1.0,0.849,0.999,88383.91,-29145.28,,13.47,-1.7,0.7819,-40393.78,-0.3181,-6001.11,-0.0462,0.3869,DOWN,1789712942346,BUY,21099.78,11.78607185110293,1789712880000,ok,1.0,1.0,1.0,continuous,1,27,0,,0,0,0,0,False,54,11.776,11.777,0.849,0.393,0.143,0.4364,181618.93,136174.91,16.56,1789713002603,648,False,,,,
2,v2,v1.2,REALF_PY_V4_2_DERIVED,ZPTDIFAT_PY_V1_4_DERIVED,fc-v1,native,,058e38aec59f4c35,20260918_062941,6,ADA_20260918_063006_056,ADAUSDT,BINANCE,FUTURES,TOP100,19,10000,1789713006056,2026-09-18T06:30:06.056+00:00,89,True,1789713005837,1789713006056,,1789713000000,1789713059999,False,5.8,0.2135,0.0,53.2,FAIR (DENGE),True,500,56.9,42.8,59.5,50.0,0.00328,-0.39,-0.94,0.00177,0.642,0.03,0.3,45.0,5.3,YOK,16.7,0.468,0.21420134694342433,0.328,CLV_PROXY_1M,0,0.0,100.0,53.2,53.3,50.3,50.3,-0.1,2.9,2.9,0.00328,-0.00013,-0.00166,-0.00186,58.16,60.07,64.57,61.29,-1.91,-6.41,-3.13,56.01,48.33,500,native,58.16,NORMAL,56.01,48.33,True,300,80.1,TR-UP,CHOCH UP,HH/HL,HH/MIX,SQZ,86.1,True,True,499,15,50.5,1789712100000,LOW,0.2126,2.92,0.2151,5.2,2,,,,1,0,0.2151,0.213,LOW_SWEEP,71,0.2138,False,False,0.1442,499,native,69.87,NORMAL,79.05,80.67,True,300,19.7,BEAR,BOS DN,LH/LL,HH/MIX,RANGE,86.5,True,True,498,23,70.8,1789708680000,HIGH,0.2173,6.3,,,,,,,0,0,0.2151,0.2121,LOW_SWEEP,43,0.2143,False,False,0.275,499,native,45.28,NORMAL,59.43,56.33,True,300,19.2,TR-DN,CHOCH DN,LH/LL,LH/LL,TR-DN,85.4,True,True,498,7,28.1,1789710600000,HIGH,0.2151,1.85,,,,0.1903,28.7,3,0,1,0.2151,0.1903,HIGH_SWEEP,31,0.2159,False,False,0.38,499,native,46.83,NORMAL,45.46,42.0,True,300,67.2,BULL,BOS UP,MIX/HL,MIX/HL,TR UP,78.2,True,True,498,25,55.4,1789689600000,LOW,0.1997,8.73,0.21739999999999998,2.39,2,0.1972,10.3,2,1,2,0.21739999999999998,0.1972,HIGH_SWEEP,26,0.2027,False,False,0.7463,499,native,86.03,ASIRI,76.06,88.67,True,300,87.0,BULL,BOS UP,HH/HL,HH/HL,EXP UP,84.6,True,True,498,6,53.5,1789689600000,LOW,0.1901,7.55,,,,,,,0,0,0.2042,0.1997,EQH_SWEEP,29,0.19690000000000002,False,False,1.4575,499,native,75.72,YORGUN,87.97,90.0,True,300,41.5,TR-UP,CHOCH UP,LH/LL,LH/LL,TR-UP,84.5,True,True,498,1,52.5,1789689600000,LOW,0.1901,4.3,,,,,,,0,0,0.2159,0.1901,LOW_SWEEP,52,0.2148,False,True,2.5151,1523,1015,28325.27,9782.16,18543.1,48.66,74.33,93.9,UP,188,40,38107.43,2.7,60.0,1.0,True,1,22449.83,0,0.0,22449.83,26.6,0.051,0.645,1.0,0.975,265475.59,325327.34,-59851.75,-10.13,44.93,30.6,DOWN,1533,308,590802.93,22.7,300.0,1.0,True,6,165900.88,8,243058.97,-77158.09,61.7,0.312,0.943,1.0,0.995,863095.39,966954.88,-103859.49,-5.68,47.16,38.6,DOWN,4431,917,1830050.27,56.6,900.0,1.0,True,22,600762.24,21,708369.41,-107607.17,77.6,0.531,1.0,1.0,0.998,144954.99,26479.2,61423.82,42.69,1.36,1.0,-31976.93,-0.2103,-15006.8,-0.127,0.0017,NONE,1789712963878,BUY,22449.83,0.21369999999999997,1789712880000,ok,1.0,1.0,1.0,continuous,1,15,0,,0,0,0,0,False,88,0.2135,0.2136,4.683,-0.525,0.0519,0.0421,2247330.23,2025442.35,91.31,1789713005623,433,False,,AGGRESSIVE_BUYER,,
2,v2,v1.2,REALF_PY_V4_2_DERIVED,ZPTDIFAT_PY_V1_4_DERIVED,fc-v1,native,,058e38aec59f4c35,20260918_062941,7,LTC_20260918_063008_882,LTCUSDT,BINANCE,FUTURES,TOP100,25,10000,1789713008882,2026-09-18T06:30:08.882+00:00,89,True,1789713008659,1789713008882,,1789713000000,1789713059999,False,8.7,54.91,-0.0182,62.8,PRICE AHEAD,True,500,68.1,55.9,65.6,50.4,-0.00225,-0.0,-1.13,0.00142,0.619,0.08,2.0,50.0,-16.7,YOK,12.3,1.0,54.78638624073352,-0.225,CLV_PROXY_1M,0,0.0,100.0,62.8,64.0,61.0,54.8,-1.2,1.8,8.0,-0.00225,0.00017,-0.0014,-0.00236,70.99,72.56,69.96,54.57,-1.57,1.03,16.42,66.31,69.67,500,native,70.99,NORMAL,66.31,69.67,True,300,46.9,BULL,BOS UP,LH/LL,LH/LL,TR UP,85.9,True,True,499,3,64.2,1789712820000,LOW,54.78,2.46,,,,54.76,2.83,2,0,2,54.91,54.76,HIGH_SWEEP,27,54.92,False,False,0.0964,499,native,59.61,NORMAL,68.79,72.33,True,300,64.4,BULL,BOS UP,MIX/HL,MIX/HL,RANGE,79.5,True,True,498,32,50.6,1789707240000,LOW,54.29,5.73,54.974999999999994,0.6,2,,,,2,0,54.974999999999994,54.76,EQH_SWEEP,1,55.0,True,False,0.1972,499,native,55.1,NORMAL,65.57,57.67,True,300,77.2,BULL,BOS UP,HH/HL,MIX/HL,RANGE,86.1,True,True,498,33,51.2,1789703100000,LOW,54.32,4.09,,,,53.86,7.28,2,0,3,55.0,53.86,HIGH_SWEEP,1,55.0,True,False,0.2628,499,native,73.2,YORGUN,72.41,79.0,True,300,71.1,BULL,BOS UP,MIX/HL,HH/MIX,TR UP,85.7,True,True,498,24,95.3,1789691400000,LOW,53.59,5.85,,,,,,,0,0,53.98,54.29,EQH_SWEEP,26,53.989999999999995,False,False,0.4112,499,native,87.54,ASIRI,87.38,95.0,True,300,88.0,BULL,BOS UP,HH/HL,HH/HL,TR UP,83.5,True,True,498,6,68.8,1789689600000,LOW,52.46,5.61,,,,,,,0,0,54.0,52.46,HIGH_SWEEP,21,52.81,False,False,0.7963,499,native,81.26,YORGUN,89.02,93.0,True,300,51.6,TR-DN,CHOCH DN,HH/MIX,LH/LL,TR-DN,72.3,True,True,498,14,38.2,1789502400000,HIGH,55.24,0.39,,,,,,,0,0,55.24,50.13,HIGH_SWEEP,30,54.28,False,False,1.559,7593,615,4839.6,7509.48,-2669.88,-21.62,39.19,16.1,DOWN,82,26,12349.07,6.6,60.0,1.0,True,0,0.0,0,0.0,0.0,34.4,0.117,0.523,1.0,0.873,268397.45,184050.15,84347.3,18.64,59.32,81.0,UP,1426,254,452447.6,30.4,300.0,1.0,True,5,125164.36,4,94781.81,30382.55,65.8,0.378,0.914,1.0,0.975,376036.0,373371.54,2664.46,0.36,50.18,50.7,FLAT,2749,550,749407.54,62.5,900.0,1.0,True,7,156412.47,9,162801.38,-6388.91,78.2,0.556,0.969,1.0,0.992,-1615.38,-4983.76,-35231.38,-10.45,-0.58,1.0,-16674.66,-0.2024,16093.19,0.1778,0.6213,DOWN,1789712927394,SELL,14600.23,54.96,1789712880000,ok,1.0,1.0,1.0,continuous,1,12,0,,0,0,0,0,False,122,54.91,54.92,1.821,-0.414,0.241,-0.1219,898788.21,549706.93,35.51,1789713008474,408,False,,,,
2,v2,v1.2,REALF_PY_V4_2_DERIVED,ZPTDIFAT_PY_V1_4_DERIVED,fc-v1,native,,058e38aec59f4c35,20260918_062941,8,AVAX_20260918_063011_493,AVAXUSDT,BINANCE,FUTURES,TOP100,31,5000,1789713011493,2026-09-18T06:30:11.493+00:00,89,True,1789713011493,1789713011493,,1789713000000,1789713059999,False,11.5,7.886,0.0507,37.2,PRICE LAG,True,500,35.2,31.2,43.0,49.7,0.00617,-0.63,-0.53,0.00137,0.629,0.14,0.7,60.0,28.5,YOK,11.8,1.0,7.934829445226338,0.619,CLV_PROXY_1M,0,0.0,100.0,37.2,35.8,33.4,31.3,1.4,3.8,5.9,0.00617,-0.00053,-0.00056,-0.00027,51.07,56.35,74.4,66.03,-5.28,-23.33,-14.96,43.32,28.0,500,native,51.07,NORMAL,43.32,28.0,True,300,26.7,BEAR,BOS DN,LH/LL,HH/MIX,SQZ,84.8,True,True,499,50,64.9,1789710000000,HIGH,7.93,5.84,7.9415,7.37,2,,,,1,0,7.9415,7.871,LOW_SWEEP,9,7.873,False,False,0.0955,499,native,48.45,NORMAL,53.82,48.33,True,300,57.4,BULL,BOS UP,MIX/HL,LH/MIX,RANGE,67.8,True,True,498,68,79.7,1789700760000,LOW,7.677,12.76,,,,7.6285,15.72,2,0,1,7.903,7.6285,HIGH_SWEEP,77,7.723,False,False,0.2078,499,native,33.12,NORMAL,39.77,27.67,True,300,60.7,BULL,BOS UP,MIX/HL,MIX/HL,RANGE,74.1,True,True,498,41,66.0,1789700700000,LOW,7.677,8.5,,,,,,,0,0,7.942,7.857,HIGH_SWEEP,46,7.723,False,False,0.3104,499,native,54.96,NORMAL,51.49,46.33,True,300,79.5,BULL,BOS UP,HH/HL,MIX/HL,TR UP,85.4,True,True,498,23,54.9,1789692300000,LOW,7.545,8.1,,,,,,,0,0,7.968,7.584,EQH_SWEEP,23,7.648,False,False,0.534,499,native,87.35,ASIRI,81.03,89.0,True,300,91.4,TR-UP,CHOCH UP,HH/HL,LH/LL,TR-UP,94.6,True,True,498,3,96.7,1789700400000,LOW,7.545,4.23,8.192,3.8,3,7.186,8.69,2,1,1,8.192,7.186,EQL_SWEEP,37,7.186,False,False,1.023,499,native,84.5,ASIRI,89.66,92.67,True,300,78.7,BULL,BOS UP,HH/MIX,HH/MIX,RANGE,76.8,True,True,498,1,80.2,1789689600000,LOW,7.171,4.7,,,,7.173500000000001,4.68,2,0,1,7.8,7.173500000000001,LOW_SWEEP,15,7.243,False,False,1.9116,3263,852,16956.88,6731.38,10225.5,43.17,71.58,93.3,UP,179,36,23688.26,11.3,60.0,1.0,True,0,0.0,0,0.0,0.0,43.2,0.184,0.594,1.0,0.946,131434.18,124827.37,6606.82,2.58,51.29,55.2,FLAT,1249,240,256261.55,46.3,300.0,1.0,True,7,48014.92,7,78768.89,-30753.97,71.0,0.481,0.852,1.0,0.989,535278.91,518478.88,16800.03,1.59,50.8,53.3,FLAT,4309,748,1053757.79,118.2,900.0,1.0,True,22,285220.85,28,335981.02,-50760.18,86.8,0.703,1.0,1.0,0.996,50357.76,-35871.71,4426.42,39.3,-5.58,1.0,-11656.46,-0.2287,-2419.45,-0.0472,0.4522,DOWN,1789712940135,BUY,5085.82,7.885,1789712940000,ok,1.0,1.0,1.0,continuous,1,19,0,,0,0,0,0,False,156,7.885,7.886,1.268,0.021,0.1936,-0.0881,343762.27,232263.15,24.73,1789713011278,215,False,,AGGRESSIVE_BUYER,,
2,v2,v1.2,REALF_PY_V4_2_DERIVED,ZPTDIFAT_PY_V1_4_DERIVED,fc-v1,native,,058e38aec59f4c35,20260918_062941,9,SUI_20260918_063014_306,SUIUSDT,BINANCE,FUTURES,TOP100,35,5000,1789713014306,2026-09-18T06:30:14.306+00:00,89,True,1789713014089,1789713014306,,1789713000000,1789713059999,False,14.1,0.7758,0.0387,48.7,FAIR (DENGE),True,500,49.5,42.6,53.7,50.0,0.00333,-0.66,-1.09,0.00215,0.616,0.08,0.3,60.0,5.0,YOK,11.1,0.471,0.7783866061921585,0.333,CLV_PROXY_1M,0,0.0,100.0,48.7,47.9,47.4,42.9,0.8,1.3,5.8,0.00333,-0.00023,-0.00063,-0.0015,52.8,58.15,75.48,67.72,-5.35,-22.68,-14.92,43.33,33.33,500,native,52.8,NORMAL,43.33,33.33,True,300,58.8,BEAR,BOS DN,MIX/HL,HH/MIX,SQZ,68.5,True,True,499,43,17.2,1789710420000,HIGH,0.7775,1.56,,,,0.7293,42.7,2,0,1,0.777,0.7293,HIGH_SWEEP,8,0.777,False,False,0.1404,499,native,51.63,NORMAL,54.92,46.33,True,300,27.1,BULL,BOS UP,LH/LL,MIX/HL,RANGE,83.7,True,True,498,54,52.4,1789703280000,LOW,0.7643,5.1,,,,0.7292,20.68,2,0,3,0.7778,0.7292,HIGH_SWEEP,49,0.7849,False,False,0.2905,499,native,36.51,NORMAL,46.76,37.33,True,300,60.8,BULL,BOS UP,MIX/HL,MIX/HL,RANGE,79.1,True,True,498,40,48.0,1789701000000,LOW,0.7643,3.6,,,,0.71575,18.81,2,0,2,0.7849,0.71575,HIGH_SWEEP,90,0.7365,False,False,0.4117,499,native,45.84,NORMAL,45.23,34.33,True,300,78.5,BULL,BOS UP,HH/HL,MIX/HL,TR UP,90.8,True,True,498,29,53.6,1789686900000,LOW,0.7287,8.04,,,,0.7289,8.01,2,0,1,0.7899,0.7289,HIGH_SWEEP,58,0.7351,False,False,0.7551,499,native,87.5,ASIRI,74.68,84.33,True,300,83.0,TR-UP,CHOCH UP,HH/HL,HH/MIX,TR-UP,88.9,True,True,498,6,40.0,1789689600000,LOW,0.7157,5.46,0.8336,5.25,2,,,,2,0,0.8336,0.7157,LOW_SWEEP,37,0.6814,False,False,1.4211,499,native,86.09,ASIRI,89.91,95.0,True,300,89.3,TR-UP,CHOCH UP,HH/HL,MIX/HL,TR-UP,85.4,True,True,498,1,97.1,1789689600000,LOW,0.6773,5.22,,,,,,,0,0,0.7479,0.6773,LOW_SWEEP,16,0.692,False,False,2.3923,1999,1042,77456.4,44950.02,32506.37,26.56,63.28,87.6,UP,503,83,122406.42,17.7,60.0,1.0,True,5,54868.73,3,22605.33,32263.41,53.9,0.261,0.772,1.0,0.967,410749.59,484700.14,-73950.56,-8.26,45.87,33.9,DOWN,3081,506,895449.73,79.1,300.0,1.0,True,20,266066.22,22,346119.96,-80053.74,81.8,0.613,0.988,1.0,0.993,1077593.71,976467.14,101126.57,4.92,52.46,59.9,UP,6692,1042,2054060.85,89.1,605.9,0.6732,False,47,803320.72,50,680944.89,122375.83,77.3,0.641,1.0,0.673,0.998,178693.44,65074.5,,27.62,3.84,0.6066,-41524.15,-0.1522,-18609.33,-0.1039,-0.0936,NONE,1789712985930,SELL,5337.14,0.7756,1789712940000,ok,1.0,1.0,1.0,continuous,1,42,0,,0,0,0,0,False,190,0.7756,0.7757,1.289,-0.478,-0.1919,-0.0483,281977.14,415895.89,25.14,1789713013886,420,False,,,,
2,v2,v1.2,REALF_PY_V4_2_DERIVED,ZPTDIFAT_PY_V1_4_DERIVED,fc-v1,native,,058e38aec59f4c35,20260918_062941,10,AKE_20260918_063018_971,AKEUSDT,BINANCE,FUTURES,TOP100,94,2000,1789713018971,2026-09-18T06:30:18.971+00:00,89,True,1789713016909,1789713018971,,1789713000000,1789713059999,False,16.9,0.023466,0.1024,82.9,STRONG AHEAD,True,500,92.0,73.0,78.6,75.8,-0.05515,2.82,-0.26,0.00673,0.57,1.21,96.7,45.0,26.6,YOK,19.0,1.0,0.02220696412908901,-5.365,CLV_PROXY_1M,0,0.0,100.0,82.9,83.5,83.2,75.3,-0.6,-0.3,7.6,-0.05515,-0.00065,-0.00549,-0.02567,94.68,94.27,89.5,78.86,0.41,5.18,15.82,95.48,96.0,500,native,94.68,ASIRI,95.48,96.0,True,300,92.2,BULL,BOS UP,HH/HL,HH/MIX,EXP UP,92.2,True,True,499,7,90.2,1789712580000,LOW,0.021423,8.64,,,,0.021402499999999998,8.73,2,0,1,0.021898,0.021402499999999998,HIGH_SWEEP,28,0.021605,False,False,1.0084,499,native,93.6,ASIRI,100.0,99.33,True,300,92.5,BULL,BOS UP,HH/HL,HH/HL,EXP UP,91.6,True,True,498,3,71.4,1789712460000,LOW,0.021423,7.34,,,,,,,0,0,0.021898,0.021423,LOW_SWEEP,32,0.021228,False,False,1.2257,499,native,92.82,ASIRI,100.0,99.67,True,300,78.3,BULL,BOS UP,MIX/HL,HH/HL,EXP UP,79.7,True,True,498,5,67.7,1789711500000,LOW,0.0214,7.17,,,,,,,0,0,0.02168,0.021423,EQH_SWEEP,33,0.021653,False,False,1.2682,499,native,83.25,ASIRI,100.0,99.33,True,300,42.0,BEAR,BOS DN,LH/MIX,MIX/HL,RANGE,66.1,True,True,498,153,97.0,1789575300000,HIGH,0.028247,11.03,0.029421000000000003,13.78,2,0.0209945,5.94,2,1,3,0.029421000000000003,0.0209945,EQL_SWEEP,56,0.020765,False,False,1.8233,499,native,76.06,YORGUN,96.29,98.0,True,300,70.7,BULL,BOS UP,HH/HL,HH/MIX,RANGE,69.6,True,True,498,74,56.3,1789444800000,LOW,0.014658,10.3,0.029844000000000002,7.33,2,0.012500500000000001,12.81,3,1,2,0.029844000000000002,0.012500500000000001,HIGH_SWEEP,75,0.0165,False,False,3.9837,499,native,42.19,NORMAL,47.32,49.33,True,300,84.7,BULL,BOS UP,HH/HL,MIX/HL,TR UP,90.5,True,True,498,18,80.8,1789444800000,LOW,0.013069,4.1,,,,0.0128725,4.18,2,0,3,0.029888,0.0128725,EQL_SWEEP,67,0.0128725,False,False,11.7969,44,4643,180061.61,155588.85,24472.76,7.29,53.65,64.4,UP,8406,4643,335650.46,368.3,54.6,0.9107,False,18,73410.91,16,53854.1,19556.81,89.8,0.88,0.881,0.911,0.999,180061.61,155588.85,24472.76,7.29,53.65,64.4,UP,8406,4643,335650.46,368.3,54.6,0.1822,False,18,73410.91,16,53854.1,19556.81,65.1,0.88,0.881,0.182,1.0,180061.61,155588.85,24472.76,7.29,53.65,64.4,UP,8406,4643,335650.46,368.3,54.6,0.0607,False,18,73410.91,16,53854.1,19556.81,52.3,0.88,0.881,0.061,1.0,,,,,,0.0,,,,,,,1789713017682,SELL,6008.09,0.023417225126380243,1789712940000,pool_incomplete,,,,continuous,4,3643,0,,0,0,0,0,False,284,0.023428,0.023444,6.827,-0.138,0.552,-0.2696,6570.03,1896.25,11.52,1789713016683,2288,False,,FATIGUE_EXTREME|REALF_PRICE_AHEAD,flow_1m_incomplete,
2,v2,v1.2,REALF_PY_V4_2_DERIVED,ZPTDIFAT_PY_V1_4_DERIVED,fc-v1,native,,058e38aec59f4c35,20260918_062941,11,PONS_20260918_063022_007,PONSUSDT,BINANCE,FUTURES,OUTSIDE100,112,2000,1789713022007,2026-09-18T06:30:22.007+00:00,89,True,1789713021789,1789713022007,,1789713000000,1789713059999,False,21.8,0.7332,-0.0136,56.6,FAIR (DENGE),True,500,58.6,54.7,57.6,50.2,-0.00552,-0.32,-0.75,0.00556,0.576,0.29,0.3,55.0,-16.8,YOK,3.8,1.0,0.7291618532257521,-0.551,CLV_PROXY_1M,0,0.0,100.0,56.6,59.6,51.1,52.8,-3.0,5.5,3.8,-0.00552,0.00121,-0.00323,-0.00204,29.64,34.18,45.06,49.57,-4.54,-15.42,-19.93,23.1,9.67,500,native,29.64,DINLENMIS,23.1,9.67,True,300,59.7,BEAR,BOS DN,HH/MIX,EQ/RANGE,SQZ,68.0,True,True,499,44,44.9,1789710360000,HIGH,0.7411,3.19,,,,0.73295,0.1,2,0,2,0.7377,0.73295,HIGH_SWEEP,11,0.737,False,True,0.3382,499,native,52.62,NORMAL,50.88,50.0,True,300,26.7,BULL,BOS UP,LH/LL,MIX/HL,RANGE,85.0,True,True,498,73,26.3,1789699860000,LOW,0.6834,9.21,0.7777000000000001,8.23,3,0.63845,17.53,2,1,1,0.7777000000000001,0.63845,HIGH_SWEEP,88,0.6964,False,False,0.7373,499,native,45.34,NORMAL,46.98,46.67,True,300,12.9,BEAR,BOS DN,LH/LL,LH/LL,RANGE,88.2,True,True,498,9,56.1,1789710300000,HIGH,0.7473,1.83,0.7778,5.77,2,,,,1,0,0.7778,0.7235,LOW_SWEEP,7,0.729,False,False,1.0535,499,native,45.13,NORMAL,40.95,36.0,True,300,86.2,BULL,BOS UP,HH/HL,MIX/LL,TR UP,93.8,True,True,498,17,77.8,1789697700000,LOW,0.6551,5.46,,,,,,,0,0,0.7781,0.6551,HIGH_SWEEP,18,0.6959,False,False,1.948,289,native,81.36,YORGUN,70.7,78.07,False,269,88.1,BULL,BOS UP,HH/HL,HH/HL,TR UP,88.8,True,True,288,7,54.7,1789686000000,LOW,0.6099,4.08,,,,,,,0,0,0.6721,0.6099,HIGH_SWEEP,6,0.6721,False,False,4.1259,73,native,84.0,ASIRI,84.05,98.11,False,53,74.7,TR-UP,CHOCH UP,HH/MIX,HH/HL,TR-UP,76.3,True,False,72,1,84.3,1789689600000,LOW,0.5483,3.45,,,,,,,0,0,0.6992,0.5483,LOW_SWEEP,12,0.5821,False,False,6.9476,343,1098,10474.85,19314.21,-8839.36,-29.67,35.16,10.7,DOWN,392,143,29789.06,28.3,60.0,1.0,True,0,0.0,3,10045.61,-10045.61,57.6,0.362,0.619,1.0,0.994,81344.41,82746.9,-1402.5,-0.85,49.57,48.3,FLAT,2072,666,164091.31,120.4,300.0,1.0,True,6,38461.22,12,43628.08,-5166.86,81.5,0.707,0.804,1.0,0.999,140147.39,141671.16,-1523.77,-0.54,49.73,48.9,FLAT,3351,1098,281818.54,198.6,469.5,0.5216,False,12,56899.44,19,69092.57,-12193.12,76.8,0.799,0.862,0.522,1.0,6221.09,-3664.68,,-0.3,-1.06,0.455,-6716.3,-0.1722,1026.84,0.0313,0.0918,DOWN,1789713001311,SELL,2962.94,0.7328559732871629,1789712940000,ok,1.0,1.0,1.0,continuous,1,98,0,,0,0,0,0,False,318,0.7331,0.7332,1.364,0.04,0.0067,0.1722,34037.84,33584.2,26.6,1789713021479,528,False,,FATIGUE_RESTED_1M,,
2,v2,v1.2,REALF_PY_V4_2_DERIVED,ZPTDIFAT_PY_V1_4_DERIVED,fc-v1,native,,058e38aec59f4c35,20260918_062941,12,SKR_20260918_063024_603,SKRUSDT,BINANCE,FUTURES,OUTSIDE100,227,500,1789713024603,2026-09-18T06:30:24.603+00:00,89,True,1789713024603,1789713024603,,1789713000000,1789713059999,False,24.6,0.019053,-0.0787,40.6,PRICE LAG,True,500,39.2,38.5,41.8,49.4,0.00519,-0.12,0.46,0.00175,0.445,0.11,5.7,60.0,24.0,YOK,3.3,1.0,0.019152231130631716,0.521,CLV_PROXY_1M,0,0.0,100.0,40.6,40.8,46.6,45.0,-0.2,-6.0,-4.4,0.00519,0.00052,0.00183,0.0012,58.09,59.92,54.19,48.19,-1.83,3.9,9.9,53.33,55.0,500,native,58.09,NORMAL,53.33,55.0,True,300,89.3,BULL,BOS UP,HH/HL,LH/MIX,SQZ,90.8,True,True,499,8,66.0,1789712520000,LOW,0.018988,2.38,0.019363,11.33,2,,,,1,0,0.019363,0.019013,EQH_SWEEP,39,0.0189665,False,False,0.1434,499,native,60.19,NORMAL,54.67,55.0,True,300,69.7,BULL,BOS UP,HH/MIX,MIX/HL,TR UP,70.0,True,True,498,11,36.3,1789711020000,LOW,0.018839,3.8,0.020296500000000002,22.1,2,0.0188425,3.74,2,1,1,0.020296500000000002,0.0188425,LOW_SWEEP,21,0.018846,False,False,0.2951,499,native,72.92,YORGUN,66.21,70.67,True,300,91.5,BULL,BOS UP,HH/HL,HH/MIX,RANGE,88.8,True,True,498,6,88.7,1789711200000,LOW,0.018839,2.93,0.020296500000000002,17.01,2,,,,1,0,0.020296500000000002,0.018839,LOW_SWEEP,24,0.018732,False,False,0.3834,499,native,76.13,YORGUN,82.09,84.0,True,300,74.6,BULL,BOS UP,MIX/HL,MIX/HL,SQZ,69.3,True,True,498,1,49.0,1789712100000,LOW,0.018719,2.26,,,,0.017547,10.28,2,0,2,0.019011,0.017547,HIGH_SWEEP,35,0.019329,False,False,0.7671,499,native,42.59,NORMAL,48.71,57.0,True,300,39.3,BULL,BOS UP,LH/LL,HH/MIX,RANGE,84.4,True,True,498,21,72.8,1789635600000,LOW,0.017378,4.41,0.025375500000000002,16.65,2,,,,1,0,0.025375500000000002,0.018321,LOW_SWEEP,6,0.018554,False,False,2.0012,499,native,72.95,YORGUN,67.67,76.33,True,300,72.9,BULL,BOS UP,HH/HL,HH/HL,TR UP,83.6,True,True,498,114,36.2,1788062400000,LOW,0.008858,11.49,,,,0.017043000000000003,2.27,2,0,1,0.020299,0.017043000000000003,HIGH_SWEEP,4,0.019684,False,False,4.7097,5540,417,61.6,323.45,-261.85,-68.0,16.0,5.2,DOWN,12,8,385.05,4.2,60.0,1.0,True,0,0.0,0,0.0,0.0,20.1,0.078,0.146,1.0,0.908,3134.18,4286.36,-1152.18,-15.53,42.24,22.6,DOWN,165,119,7420.54,50.5,300.0,1.0,True,1,998.86,1,630.22,368.65,60.3,0.503,0.468,1.0,0.982,18524.65,15977.04,2547.61,7.38,53.69,64.6,UP,563,389,34501.69,99.0,900.0,1.0,True,7,7537.16,4,7472.73,64.43,74.0,0.664,0.634,1.0,0.994,565.89,-514.59,-1661.43,-22.22,-3.63,1.0,-534.66,-0.3268,-200.01,-0.1348,0.1131,DOWN,1789712927402,SELL,630.22,0.019036862679353575,1789712940000,ok,1.0,1.0,1.0,continuous,1,7,0,,0,0,0,0,False,352,0.01905,0.019055,2.624,0.331,-0.119,-0.0933,2531.85,3215.83,16.53,1789713024399,204,False,,,,
2,v2,v1.2,REALF_PY_V4_2_DERIVED,ZPTDIFAT_PY_V1_4_DERIVED,fc-v1,native,,058e38aec59f4c35,20260918_062941,13,PROM_20260918_063027_191,PROMUSDT,BINANCE,FUTURES,OUTSIDE100,266,1000,1789713027191,2026-09-18T06:30:27.191+00:00,89,True,1789713027191,1789713027191,,1789713000000,1789713059999,False,27.2,5.416,0.0554,55.2,FAIR (DENGE),True,500,57.4,52.7,54.5,53.0,-0.00135,-0.55,-0.61,0.00251,0.568,0.87,71.3,70.0,-19.8,YOK,4.7,1.0,5.4086931725313825,-0.135,CLV_PROXY_1M,0,0.0,100.0,55.2,50.8,52.6,56.5,4.4,2.6,-1.3,-0.00135,-0.00111,-0.00041,-0.00026,28.29,28.82,37.41,43.86,-0.53,-9.12,-15.57,28.51,23.67,500,native,28.29,DINLENMIS,28.51,23.67,True,300,12.9,BEAR,BOS DN,LH/LL,MIX/HL,TR DN,95.8,True,True,499,17,81.2,1789711980000,HIGH,5.541,11.75,,,,,,,0,0,5.439,5.41,LOW_SWEEP,15,5.427,False,False,0.1965,499,native,21.42,DINLENMIS,27.51,20.0,True,300,14.4,TR-DN,CHOCH DN,LH/LL,LH/LL,TR-DN,91.5,True,True,498,6,59.2,1789711920000,HIGH,5.541,6.25,,,,5.3934999999999995,1.13,2,0,1,5.541,5.3934999999999995,HIGH_SWEEP,44,5.589,False,False,0.3693,499,native,14.08,DINLENMIS,19.44,14.67,True,300,44.1,TR-DN,CHOCH DN,MIX/HL,LH/LL,TR-DN,75.6,True,True,498,4,58.5,1789711800000,HIGH,5.541,4.83,,,,5.3919999999999995,0.93,2,0,2,5.541,5.3919999999999995,HIGH_SWEEP,27,5.589,False,False,0.478,499,native,28.72,DINLENMIS,17.96,11.0,True,300,59.7,TR-DN,CHOCH DN,HH/HL,MIX/HL,TR-DN,88.0,True,True,498,2,54.5,1789711200000,HIGH,5.594,4.11,5.7285,7.23,2,5.4015,0.36,2,2,1,5.7285,5.4015,LOW_SWEEP,171,5.332,False,False,0.7958,499,native,53.94,NORMAL,31.48,25.0,True,300,59.0,BEAR,BOS DN,MIX/HL,MIX/HL,SQZ,69.1,True,True,498,46,75.0,1789545600000,HIGH,5.729,3.71,5.8375,5.0,3,4.906499999999999,6.07,2,2,1,5.8375,4.906499999999999,EQL_SWEEP,94,5.5815,False,False,1.5355,499,native,47.85,NORMAL,48.08,38.0,True,300,26.5,BULL,BOS UP,LH/LL,MIX/HL,SQZ,85.6,True,True,498,58,11.5,1788868800000,LOW,4.913,2.74,,,,4.4025,5.51,2,0,2,5.659,4.4025,HIGH_SWEEP,57,5.986,False,False,3.3065,628,865,5743.98,1600.12,4143.87,56.42,78.21,94.5,UP,123,46,7344.1,7.8,60.0,1.0,True,2,3344.14,1,1000.61,2343.53,35.7,0.135,0.466,1.0,0.99,12856.31,10659.9,2196.41,9.34,54.67,68.0,UP,513,224,23516.21,46.0,300.0,1.0,True,2,3344.14,2,2231.19,1112.95,63.7,0.479,0.593,1.0,0.998,30609.41,28000.77,2608.64,4.45,52.23,59.0,UP,1320,627,58610.18,111.0,900.0,1.0,True,6,9008.17,3,3266.97,5741.21,77.2,0.689,0.692,1.0,0.999,4625.48,1979.29,-17268.18,34.44,4.1,1.0,861.07,0.1791,338.19,0.0719,0.0386,NONE,1789713013817,BUY,1126.97,5.420709956709956,1789712940000,ok,1.0,1.0,1.0,continuous,1,35,0,,0,0,0,0,False,386,5.416,5.417,1.846,0.563,-0.3109,0.1089,13398.42,25488.05,36.0,1789713026893,298,False,,FATIGUE_RESTED_1M|AGGRESSIVE_BUYER,,
2,v2,v1.2,REALF_PY_V4_2_DERIVED,ZPTDIFAT_PY_V1_4_DERIVED,fc-v1,native,,058e38aec59f4c35,20260918_062941,14,UAI_20260918_063029_810,UAIUSDT,BINANCE,FUTURES,OUTSIDE100,296,2000,1789713029810,2026-09-18T06:30:29.810+00:00,89,True,1789713029810,1789713029810,,1789713000000,1789713059999,False,29.8,0.4148,0.0965,50.8,FAIR (DENGE),True,500,50.8,52.7,48.8,50.0,-0.00288,-0.04,0.35,0.00468,0.647,0.09,0.3,45.0,-22.6,YOK,4.0,0.619,0.4136055248260539,-0.288,CLV_PROXY_1M,0,0.0,100.0,50.8,52.9,53.1,62.5,-2.1,-2.3,-11.7,-0.00288,-0.00093,-0.0008,0.00351,18.15,16.74,18.6,26.9,1.41,-0.45,-8.75,23.64,16.33,500,native,18.15,DINLENMIS,23.64,16.33,True,300,5.4,BEAR,BOS DN,LH/LL,LH/LL,TR DN,95.6,True,True,499,5,90.8,1789712700000,HIGH,0.4198,4.08,0.42315,6.81,2,0.40785,5.67,3,1,2,0.42315,0.40785,HIGH_SWEEP,83,0.4247,False,False,0.2959,499,native,16.5,DINLENMIS,17.94,7.33,True,300,58.2,BULL,BOS UP,MIX/HL,LH/LL,RANGE,66.6,True,True,498,63,61.1,1789701660000,LOW,0.4075,2.98,0.43455,7.76,2,,,,1,0,0.43455,0.4166,HIGH_SWEEP,123,0.4238,False,False,0.6083,499,native,25.85,DINLENMIS,20.24,7.0,True,300,56.0,TR-DN,CHOCH DN,MIX/HL,LH/MIX,TR-DN,72.0,True,True,498,47,58.0,1789698900000,HIGH,0.4354,5.44,,,,0.3559,15.75,3,0,1,0.4232,0.3559,HIGH_SWEEP,100,0.4106,False,False,0.9054,499,native,33.61,NORMAL,28.56,19.0,True,300,69.0,BULL,BOS UP,MIX/HL,MIX/HL,RANGE,79.5,True,True,498,20,30.6,1789695000000,LOW,0.3901,3.29,0.43505,2.7,2,0.3838,4.14,2,2,2,0.43505,0.3838,LOW_SWEEP,173,0.3294,False,False,1.8091,499,native,64.5,NORMAL,53.43,53.0,True,300,86.6,BULL,BOS UP,HH/HL,HH/HL,SQZ,87.3,True,True,498,6,38.6,1789689600000,LOW,0.3838,1.93,,,,,,,0,0,0.4354,0.3838,HIGH_SWEEP,4,0.418,False,False,3.8614,499,native,64.58,NORMAL,71.63,74.0,True,300,18.4,BEAR,BOS DN,LH/LL,HH/HL,RANGE,87.8,True,True,498,19,42.0,1789430400000,HIGH,0.5943,4.09,,,,,,,0,0,0.5943,0.322,LOW_SWEEP,20,0.4503,False,False,10.3453,4012,961,946.41,2269.58,-1323.17,-41.14,29.43,7.1,DOWN,84,37,3215.99,10.8,60.0,1.0,True,0,0.0,0,0.0,0.0,37.1,0.178,0.377,1.0,0.933,14940.93,40404.49,-25463.56,-46.01,27.0,6.4,DOWN,1012,356,55345.42,100.3,300.0,1.0,True,1,2019.72,5,14426.21,-12406.48,75.9,0.667,0.686,1.0,0.987,34145.78,78463.97,-44318.19,-39.36,30.32,7.4,DOWN,2370,807,112609.75,221.2,900.0,1.0,True,2,4327.36,9,28493.03,-24165.67,84.9,0.816,0.763,1.0,0.996,-1583.54,16602.0,-2099.86,-25.59,5.54,1.0,-688.52,-0.1639,-3899.34,-0.3523,-0.6743,NONE,1789712779883,BUY,2019.72,0.41455736863711,1789712940000,ok,1.0,1.0,1.0,continuous,1,24,0,,0,0,0,0,False,420,0.4148,0.4149,2.411,1.154,0.1333,0.1003,18332.4,14019.69,47.0,1789713029505,305,False,,FATIGUE_RESTED_1M|AGGRESSIVE_SELLER,,
2,v2,v1.2,REALF_PY_V4_2_DERIVED,ZPTDIFAT_PY_V1_4_DERIVED,fc-v1,native,,058e38aec59f4c35,20260918_062941,15,BULLA_20260918_063032_412,BULLAUSDT,BINANCE,FUTURES,OUTSIDE100,339,5000,1789713032412,2026-09-18T06:30:32.412+00:00,89,True,1789713032403,1789713032412,,1789713000000,1789713059999,False,32.4,0.10128,0.0791,53.9,FAIR (DENGE),True,500,56.6,50.1,54.4,50.1,-0.00015,-0.16,-0.6,0.00603,0.448,0.11,0.3,55.0,7.8,YOK,6.5,1.0,0.10126528625767535,-0.015,CLV_PROXY_1M,0,0.0,100.0,53.9,52.3,43.6,41.5,1.6,10.3,12.4,-0.00015,-0.00087,-0.00947,-0.00991,43.15,48.56,55.26,48.35,-5.41,-12.11,-5.2,35.17,19.67,500,native,43.15,NORMAL,35.17,19.67,True,300,82.7,BULL,BOS UP,HH/HL,LH/LL,SQZ,88.0,True,True,499,16,36.2,1789712040000,LOW,0.10068,1.83,0.10206,2.38,3,0.100455,2.52,2,1,2,0.10206,0.100455,EQL_SWEEP,33,0.100455,False,False,0.3237,499,native,59.74,NORMAL,57.72,58.33,True,300,32.0,BULL,BOS UP,LH/LL,HH/HL,TR UP,86.6,True,True,498,35,89.1,1789706700000,LOW,0.096433,5.76,,,,0.0964015,5.79,2,0,2,0.10203,0.0964015,HIGH_SWEEP,21,0.10206,False,False,0.8321,499,native,49.24,NORMAL,48.54,46.33,True,300,50.3,BULL,BOS UP,LH/MIX,LH/LL,TR UP,64.5,True,True,498,21,22.3,1789706700000,LOW,0.09539,4.86,,,,0.10001,1.05,2,0,1,0.10233,0.10001,HIGH_SWEEP,19,0.10114,False,False,1.1969,499,native,74.23,YORGUN,67.62,73.0,True,300,74.6,BEAR,BOS DN,HH/HL,HH/HL,TR DN,88.7,True,True,498,64,27.4,1789655400000,HIGH,0.10999,3.71,0.109785,3.63,2,,,,1,0,0.109785,0.094,LOW_SWEEP,66,0.1007,False,False,2.3168,499,native,65.64,NORMAL,72.56,87.67,True,300,26.8,BULL,BOS UP,LH/LL,MIX/HL,RANGE,84.5,True,True,498,44,42.2,1789552800000,LOW,0.060024,6.34,,,,0.060025499999999996,6.34,2,0,1,0.121362,0.060025499999999996,HIGH_SWEEP,45,0.076341,False,False,6.4384,499,native,57.82,NORMAL,57.77,59.0,True,300,75.0,BULL,BOS UP,HH/MIX,HH/HL,EXP UP,78.0,True,True,498,11,96.7,1789545600000,LOW,0.0675,2.26,,,,0.0154205,5.75,2,0,1,0.139078,0.0154205,HIGH_SWEEP,52,0.085989,False,False,15.2143,7876,1057,705.7,2485.38,-1779.68,-55.77,22.11,5.6,DOWN,107,64,3191.08,3.3,60.0,1.0,True,0,0.0,0,0.0,0.0,24.2,0.062,0.376,1.0,0.869,6390.78,8951.66,-2560.88,-16.69,41.65,21.2,DOWN,552,278,15342.44,31.2,300.0,1.0,True,0,0.0,0,0.0,0.0,56.8,0.384,0.546,1.0,0.974,33623.32,35699.62,-2076.3,-3.0,48.5,43.9,FLAT,2069,1057,69322.94,134.1,798.9,0.8877,False,1,5918.97,0,0.0,5918.97,77.6,0.728,0.71,0.888,0.991,1273.55,-3047.76,,5.72,-9.87,0.821,-1857.05,-0.6325,-656.4,-0.2139,0.4113,DOWN,1789712338186,BUY,5918.97,0.10147031944730167,1789712940000,ok,1.0,1.0,1.0,continuous,1,57,0,,0,0,0,0,False,454,0.10127,0.10128,0.987,-0.152,0.1088,-0.3539,3268.76,2627.45,23.2,1789713032159,253,False,,AGGRESSIVE_SELLER,,
2,v2,v1.2,REALF_PY_V4_2_DERIVED,ZPTDIFAT_PY_V1_4_DERIVED,fc-v1,native,,058e38aec59f4c35,20260918_062941,16,OG_20260918_063035_007,OGUSDT,BINANCE,FUTURES,OUTSIDE100,523,500,1789713035007,2026-09-18T06:30:35.007+00:00,89,True,1789713035007,1789713035007,,1789713000000,1789713059999,False,35.0,2.75,-0.0364,41.2,PRICE LAG,True,500,38.5,41.7,43.1,47.9,0.00316,-0.5,-0.51,0.00085,0.204,0.24,42.3,55.0,56.2,YOK,4.6,1.0,2.758715243161669,0.317,CLV_PROXY_1M,0,0.0,100.0,41.2,41.9,45.2,42.6,-0.7,-4.0,-1.4,0.00316,0.0,0.00041,-0.00022,43.67,49.17,57.46,48.95,-5.5,-13.79,-5.28,36.16,18.33,500,native,43.67,NORMAL,36.16,18.33,True,300,51.3,BULL,BOS UP,LH/MIX,EQ/RANGE,SQZ,72.9,True,True,499,20,66.1,1789711800000,LOW,2.747,1.22,,,,2.748,0.82,2,0,3,2.754,2.748,HIGH_SWEEP,55,2.76,False,False,0.0891,499,native,37.81,NORMAL,40.92,20.67,True,300,44.4,BULL,BOS UP,LH/MIX,MIX/HL,RANGE,75.1,True,True,498,31,46.9,1789707420000,LOW,2.739,2.17,,,,2.746,0.79,2,0,3,2.756,2.746,HIGH_SWEEP,50,2.746,False,False,0.1839,499,native,37.37,NORMAL,34.32,15.67,True,300,69.3,BULL,BOS UP,MIX/HL,LH/MIX,TR UP,74.6,True,True,498,16,39.4,1789708200000,LOW,2.732,2.68,,,,2.679,10.58,2,0,2,2.763,2.679,HIGH_SWEEP,18,2.759,False,False,0.244,499,native,60.28,NORMAL,53.63,48.33,True,300,86.3,BULL,BOS UP,HH/HL,HH/HL,TR UP,87.3,True,True,498,6,35.2,1789707600000,LOW,2.679,6.98,,,,2.6635,8.5,2,0,1,2.769,2.6635,HIGH_SWEEP,5,2.759,False,False,0.3699,499,native,90.37,ASIRI,87.68,93.67,True,300,74.4,BULL,BOS UP,MIX/HL,MIX/HL,RANGE,73.4,True,True,498,7,58.0,1789686000000,LOW,2.662,4.45,,,,2.6,7.59,2,0,1,2.7,2.6,HIGH_SWEEP,30,2.712,False,False,0.7193,499,native,78.7,YORGUN,87.43,92.67,True,300,75.1,BULL,BOS UP,MIX/HL,HH/HL,SQZ,73.2,True,True,498,1,52.4,1789689600000,LOW,2.61,3.16,2.9825,5.24,3,2.5975,3.44,2,2,2,2.9825,2.5975,EQH_SWEEP,87,2.9425,False,False,1.6159,16389,73,81.15,14.85,66.3,69.06,84.53,94.8,UP,4,3,96.01,1.4,60.0,1.0,True,0,0.0,0,0.0,0.0,0.0,0.027,0.0,1.0,0.727,201.78,701.79,-500.02,-55.34,22.33,5.6,DOWN,25,17,903.57,4.8,300.0,1.0,True,0,0.0,0,0.0,0.0,24.4,0.087,0.239,1.0,0.945,1762.66,1243.97,518.69,17.25,58.63,79.5,UP,110,64,3006.63,13.2,900.0,1.0,True,1,1000.81,0,0.0,1000.81,39.6,0.209,0.37,1.0,0.982,72.35,72.36,14.56,84.53,7.51,1.0,-180.77,-0.6963,-142.32,-0.7876,0.7429,DOWN,1789712258894,BUY,1000.81,2.7532643741403025,1789712940000,ok,1.0,1.0,,continuous,1,3,0,,0,0,0,0,False,488,2.75,2.752,7.27,1.604,0.2531,-0.0947,21687.72,12927.64,72.7,1789713028464,6543,True,,,,
2,v2,v1.2,REALF_PY_V4_2_DERIVED,ZPTDIFAT_PY_V1_4_DERIVED,fc-v1,native,,058e38aec59f4c35,20260918_062941,17,ZORA_20260918_063037_607,ZORAUSDT,BINANCE,FUTURES,OUTSIDE100,612,500,1789713037607,2026-09-18T06:30:37.607+00:00,89,True,1789713037592,1789713037607,,1789713000000,1789713059999,False,37.6,0.007858,0.0892,52.1,FAIR (DENGE),True,500,53.2,48.0,55.9,50.0,0.00096,-0.37,-0.85,0.00161,0.518,0.02,0.7,55.0,-11.0,YOK,7.9,0.674,0.00786553942038497,0.096,CLV_PROXY_1M,0,0.0,100.0,52.1,45.9,44.4,44.2,6.2,7.7,7.9,0.00096,-0.00089,-0.00117,-0.00161,34.76,36.14,46.31,41.02,-1.38,-11.55,-6.26,34.21,25.33,500,native,34.76,NORMAL,34.21,25.33,True,300,13.6,BEAR,BOS DN,LH/LL,LH/LL,RANGE,87.4,True,True,499,13,79.6,1789712220000,HIGH,0.007897,3.79,,,,0.007775499999999999,8.02,2,0,1,0.007876,0.007775499999999999,HIGH_SWEEP,20,0.007876,False,False,0.131,499,native,47.31,NORMAL,43.15,34.67,True,300,82.9,TR-UP,CHOCH UP,HH/HL,HH/HL,TR-UP,85.2,True,True,498,9,65.3,1789711380000,LOW,0.007827,1.51,,,,,,,0,0,0.007897,0.007827,HIGH_SWEEP,5,0.007876,False,False,0.2608,499,native,51.14,NORMAL,47.75,40.67,True,300,74.3,BULL,BOS UP,HH/MIX,HH/HL,RANGE,74.0,True,True,498,6,63.8,1789711200000,LOW,0.007813,1.65,,,,,,,0,0,0.007897,0.007813,HIGH_SWEEP,3,0.007876,False,False,0.348,499,native,40.71,NORMAL,38.15,31.33,True,300,82.4,BULL,BOS UP,HH/HL,MIX/HL,TR UP,87.5,True,True,498,20,74.9,1789695000000,LOW,0.007527,6.27,,,,,,,0,0,0.00802,0.007813,LOW_SWEEP,24,0.007571,False,False,0.6729,499,native,78.21,YORGUN,69.96,81.0,True,300,73.8,BEAR,BOS DN,HH/HL,HH/MIX,TR DN,86.4,True,True,498,69,59.5,1789462800000,HIGH,0.007987,1.06,0.009008,9.41,2,0.007187,5.49,2,1,1,0.009008,0.007187,LOW_SWEEP,126,0.008102,False,False,1.5567,499,native,71.28,NORMAL,76.01,86.0,True,300,18.0,TR-DN,CHOCH DN,LH/LL,LH/LL,TR-DN,90.3,True,True,498,16,65.9,1789473600000,HIGH,0.008968,4.19,,,,0.0058755000000000005,7.49,2,0,2,0.008336,0.0058755000000000005,HIGH_SWEEP,29,0.008437,False,False,3.3227,9098,323,13.29,435.99,-422.7,-94.08,2.96,5.0,DOWN,18,12,449.29,3.9,60.0,1.0,True,0,0.0,0,0.0,0.0,20.0,0.072,0.163,1.0,0.848,886.38,5738.73,-4852.35,-73.24,13.38,5.1,DOWN,127,71,6625.11,9.9,300.0,1.0,True,0,0.0,4,3627.89,-3627.89,38.3,0.165,0.455,1.0,0.97,9399.01,21147.08,-11748.07,-38.46,30.77,7.6,DOWN,634,291,30546.08,60.3,900.0,1.0,True,3,3177.5,14,14582.21,-11404.71,68.0,0.547,0.621,1.0,0.99,3579.05,-630.33,-358.89,-3.45,-6.25,1.0,-1742.41,-1.0181,-1024.88,-0.7735,-0.1441,NONE,1789712927718,SELL,632.54,0.007858,1789712940000,ok,1.0,1.0,1.0,continuous,1,11,0,,0,0,0,0,False,522,0.007855,0.007858,3.818,-0.382,-0.2657,0.0337,10611.74,18292.03,26.09,1789713036432,1175,False,,,,
2,v2,v1.2,REALF_PY_V4_2_DERIVED,ZPTDIFAT_PY_V1_4_DERIVED,fc-v1,native,,058e38aec59f4c35,20260918_062941,18,TNSR_20260918_063040_638,TNSRUSDT,BINANCE,FUTURES,OUTSIDE100,738,200,1789713040638,2026-09-18T06:30:40.638+00:00,89,True,1789713040198,1789713040638,,1789713000000,1789713059999,False,40.2,0.03516,0.0569,56.8,FAIR (DENGE),True,500,60.5,49.7,60.2,51.7,0.00015,-0.6,-1.44,0.00157,0.577,0.41,25.7,45.0,-2.9,YOK,10.8,0.976,0.0351650993150253,0.015,CLV_PROXY_1M,0,0.0033,99.7,56.8,55.9,46.1,47.4,0.9,10.7,9.4,0.00015,-0.00031,-0.00179,-0.00219,61.0,63.72,76.21,78.94,-2.72,-15.21,-17.94,54.48,55.0,500,native,61.0,NORMAL,54.48,55.0,True,300,67.9,TR-UP,CHOCH UP,HH/MIX,HH/HL,TR-UP,70.4,True,True,499,7,42.8,1789712580000,LOW,0.03507,2.48,,,,0.03507,2.48,2,0,1,0.03515,0.03507,HIGH_SWEEP,2,0.03515,False,False,0.1034,499,native,51.84,NORMAL,60.34,58.67,True,300,60.1,BULL,BOS UP,LH/MIX,LH/MIX,RANGE,67.3,True,True,498,3,70.7,1789712460000,LOW,0.03507,1.22,,,,0.03507,1.22,3,0,1,0.03517,0.03507,HIGH_SWEEP,1,0.03517,True,False,0.2091,499,native,44.54,NORMAL,56.37,54.33,True,300,58.7,BULL,BOS UP,MIX/HL,LH/MIX,TR UP,68.0,True,True,498,41,51.5,1789700700000,LOW,0.03481,3.48,,,,0.03454,6.17,2,0,2,0.03536,0.03454,HIGH_SWEEP,46,0.03498,False,False,0.2858,499,native,39.52,NORMAL,38.91,36.0,True,300,84.3,BULL,BOS UP,HH/HL,MIX/HL,RANGE,93.4,True,True,498,19,59.8,1789695900000,LOW,0.03454,3.43,,,,0.034375,4.34,2,0,1,0.03583,0.034375,HIGH_SWEEP,16,0.03497,False,False,0.5142,499,native,74.67,YORGUN,60.33,69.0,True,300,74.8,BULL,BOS UP,MIX/HL,MIX/HL,TR UP,73.8,True,True,498,5,52.8,1789693200000,LOW,0.03405,2.83,,,,,,,0,0,0.03497,0.03438,LOW_SWEEP,36,0.03304,False,False,1.1171,499,native,78.24,YORGUN,77.91,87.33,True,300,76.4,BULL,BOS UP,HH/MIX,HH/HL,RANGE,71.9,True,True,498,1,56.6,1789689600000,LOW,0.03258,3.32,0.037065,2.45,2,0.029225,7.64,2,1,1,0.037065,0.029225,EQH_SWEEP,59,0.037065,False,False,2.178,16692,140,212.41,114.3,98.11,30.03,65.01,89.5,UP,22,11,326.71,5.2,60.0,1.0,True,0,0.0,0,0.0,0.0,20.3,0.094,0.129,1.0,0.722,550.26,2250.65,-1700.39,-60.71,19.65,5.4,DOWN,73,43,2800.92,7.4,300.0,1.0,True,0,0.0,3,1686.25,-1686.25,32.3,0.129,0.362,1.0,0.944,3525.02,4021.29,-496.27,-6.58,46.71,36.9,DOWN,225,128,7546.31,28.0,900.0,1.0,True,5,2237.92,5,2440.04,-202.12,52.8,0.359,0.469,1.0,0.981,767.37,103.06,-284.28,50.0,5.97,1.0,-562.37,-0.7138,-412.96,-0.7372,-0.2265,NONE,1789712927389,SELL,302.01,0.03515,1789712940000,ok,1.0,1.0,1.0,continuous,1,10,0,,0,0,0,0,False,556,0.03515,0.03516,2.845,-1.351,-0.1345,-0.2125,14746.51,19327.91,55.47,1789713038681,1957,False,,,,
2,v2,v1.2,REALF_PY_V4_2_DERIVED,ZPTDIFAT_PY_V1_4_DERIVED,fc-v1,native,,058e38aec59f4c35,20260918_062941,19,VELVET_20260918_063043_831,VELVETUSDT,BINANCE,FUTURES,OUTSIDE100,761,200,1789713043831,2026-09-18T06:30:43.831+00:00,89,True,1789713043412,1789713043831,,1789713000000,1789713059999,False,43.4,0.05567,0.0719,52.7,FAIR (DENGE),True,500,51.3,59.5,48.4,50.6,-0.00532,-0.66,-0.07,0.00243,0.465,0.31,29.3,75.0,-29.7,YOK,11.1,0.803,0.0553746105836987,-0.531,CLV_PROXY_1M,0,0.0,100.0,52.7,50.5,56.4,68.9,2.2,-3.7,-16.2,-0.00532,-0.00037,0.00057,0.00268,26.88,26.9,34.7,56.27,-0.02,-7.82,-29.39,28.33,23.33,500,native,26.88,DINLENMIS,28.33,23.33,True,300,59.8,TR-DN,CHOCH DN,HH/HL,HH/MIX,TR-DN,89.2,True,True,499,4,60.6,1789712760000,HIGH,0.05615,3.65,0.056855,9.0,2,0.055404999999999996,2.01,2,1,1,0.056855,0.055404999999999996,EQL_SWEEP,58,0.055625,False,False,0.2366,499,native,50.1,NORMAL,44.91,46.67,True,300,49.3,BEAR,BOS DN,MIX/HL,HH/HL,RANGE,72.6,True,True,498,21,40.9,1789709220000,HIGH,0.05649,3.19,,,,,,,0,0,0.05607,0.05556,LOW_SWEEP,1,0.05556,True,False,0.4451,499,native,41.71,NORMAL,41.44,34.67,True,300,16.9,BEAR,BOS DN,LH/LL,MIX/HL,RANGE,83.3,True,True,498,13,49.3,1789709100000,HIGH,0.05671,3.3,,,,0.0515,13.21,2,0,1,0.05649,0.0515,HIGH_SWEEP,25,0.05618,False,False,0.5674,499,native,33.26,NORMAL,34.23,26.67,True,300,85.4,BULL,BOS UP,HH/HL,HH/MIX,RANGE,84.2,True,True,498,8,44.5,1789705800000,LOW,0.05548,0.33,,,,0.0515,7.34,3,0,1,0.05671,0.0515,HIGH_SWEEP,7,0.05649,False,False,1.0214,499,native,34.17,NORMAL,28.88,28.0,True,300,70.4,BULL,BOS UP,HH/MIX,LH/LL,TR UP,75.1,True,True,498,14,40.8,1789660800000,LOW,0.0494,4.71,,,,,,,0,0,0.06014,0.0494,HIGH_SWEEP,13,0.05886,False,False,2.3885,499,native,78.92,YORGUN,66.88,85.0,True,300,48.0,BEAR,BOS DN,MIX/HL,HH/HL,TR DN,65.7,True,True,498,16,34.6,1789473600000,HIGH,0.0633,2.97,,,,,,,0,0,0.0536,0.0494,HIGH_SWEEP,6,0.0536,False,False,4.6002,277,737,915.85,593.11,322.74,21.39,60.69,83.7,UP,111,70,1508.96,9.8,60.0,1.0,True,1,686.97,2,464.74,222.22,33.6,0.164,0.295,1.0,0.995,4362.37,12523.17,-8160.79,-48.33,25.83,6.1,DOWN,553,290,16885.54,41.4,300.0,1.0,True,4,2483.63,11,10199.63,-7716.0,61.1,0.453,0.557,1.0,0.999,44021.57,28636.99,15384.58,21.17,60.59,83.5,UP,1487,709,72658.56,41.2,900.0,1.0,True,23,39312.11,27,20747.02,18565.09,65.8,0.452,0.715,1.0,1.0,2430.47,1430.16,521.23,44.49,4.63,1.0,-2021.72,-0.4735,-1859.25,-0.5505,-0.6449,NONE,1789713031670,BUY,686.97,0.05568784370946822,1789712940000,ok,1.0,1.0,1.0,continuous,1,61,0,,0,0,0,0,False,590,0.05565,0.05566,1.797,0.745,0.0431,0.4327,8456.06,7756.72,35.04,1789713043014,817,False,,FATIGUE_RESTED_1M,,
2,v2,v1.2,REALF_PY_V4_2_DERIVED,ZPTDIFAT_PY_V1_4_DERIVED,fc-v1,native,,058e38aec59f4c35,20260918_062941,20,ZKC_20260918_063046_977,ZKCUSDT,BINANCE,FUTURES,OUTSIDE100,1142,200,1789713046977,2026-09-18T06:30:46.977+00:00,89,True,1789713046557,1789713046977,,1789713000000,1789713059999,False,46.6,0.03833,0.0261,46.6,FAIR (DENGE),True,500,45.3,45.3,49.9,49.1,0.00241,-0.82,-0.98,0.00155,0.439,0.46,27.7,40.0,13.2,YOK,4.7,1.0,0.038422628079318996,0.242,CLV_PROXY_1M,0,0.0,100.0,46.6,48.3,48.7,37.7,-1.7,-2.1,8.9,0.00241,0.00043,0.00018,-0.00076,23.0,27.49,48.52,49.37,-4.49,-25.52,-26.37,14.88,7.0,500,native,23.0,DINLENMIS,14.88,7.0,True,300,58.8,BULL,BOS UP,MIX/HL,HH/MIX,SQZ,71.1,True,True,499,37,38.3,1789710780000,LOW,0.03831,0.36,,,,,,,0,0,0.03847,0.03835,LOW_SWEEP,38,0.03836,False,False,0.1432,499,native,28.62,DINLENMIS,19.8,9.67,True,300,33.0,BULL,BOS UP,LH/LL,LH/LL,RANGE,84.8,True,True,498,31,58.8,1789707420000,LOW,0.03801,3.33,,,,0.03749,8.75,2,0,1,0.03855,0.03749,HIGH_SWEEP,29,0.03865,False,False,0.2504,499,native,31.16,NORMAL,27.45,16.0,True,300,68.5,BULL,BOS UP,MIX/HL,LH/LL,RANGE,74.3,True,True,498,19,50.4,1789707300000,LOW,0.03801,2.34,,,,,,,0,0,0.03855,0.03831,HIGH_SWEEP,18,0.03869,False,False,0.357,499,native,45.6,NORMAL,37.0,33.33,True,300,88.3,BULL,BOS UP,HH/HL,HH/HL,RANGE,90.3,True,True,498,7,52.3,1789706700000,LOW,0.03789,1.63,0.049025,39.64,2,0.037065,4.69,2,1,1,0.049025,0.037065,LOW_SWEEP,152,0.03752,False,False,0.7041,499,native,73.12,YORGUN,62.44,71.33,True,300,58.0,BEAR,BOS DN,MIX/HL,HH/HL,TR DN,64.1,True,True,498,53,61.2,1789520400000,HIGH,0.04772,16.76,0.05792,34.97,2,,,,1,0,0.05792,0.03718,EQH_SWEEP,6,0.03827,False,False,1.4589,499,native,43.6,NORMAL,50.69,57.33,True,300,15.6,BEAR,BOS DN,LH/LL,LH/MIX,TR DN,90.7,True,True,498,18,73.5,1789444800000,HIGH,0.04904,8.51,,,,0.036074999999999996,1.79,2,0,1,0.03878,0.036074999999999996,HIGH_SWEEP,1,0.03878,True,False,3.2744,4957,359,965.14,551.97,413.17,27.23,63.62,88.0,UP,51,26,1517.12,5.9,60.0,1.0,True,1,518.76,1,405.02,113.74,28.0,0.106,0.295,1.0,0.917,8084.74,5904.39,2180.34,15.59,57.79,77.4,UP,295,112,13989.13,30.6,300.0,1.0,True,7,6656.91,7,4644.16,2012.75,56.2,0.379,0.536,1.0,0.983,12619.26,17796.28,-5177.02,-17.02,41.49,20.8,DOWN,619,311,30415.55,14.8,900.0,1.0,True,11,8470.47,11,13900.6,-5430.12,48.0,0.228,0.621,1.0,0.994,2600.35,450.02,-2192.23,29.05,0.94,1.0,417.62,0.0976,556.55,0.1989,0.0632,NONE,1789713040073,BUY,518.76,0.03833,1789712940000,ok,1.0,1.0,1.0,continuous,1,25,0,,0,0,0,0,False,624,0.03834,0.03835,2.608,0.665,-0.0959,-0.1202,18845.57,22842.37,50.85,1789713046483,494,False,,FATIGUE_RESTED_1M,,
2,v2,v1.2,REALF_PY_V4_2_DERIVED,ZPTDIFAT_PY_V1_4_DERIVED,fc-v1,native,,058e38aec59f4c35,20260918_062941,21,ETH_20260918_063053_564,ETHUSDT,BINANCE,FUTURES,TOP100,2,75000,1789713053564,2026-09-18T06:30:53.564+00:00,89,True,1789713052704,1789713053564,61.6,1789713000000,1789713059999,False,52.7,2483.43,0.062,55.9,FAIR (DENGE),True,500,58.1,51.1,58.1,53.1,-0.00032,-0.56,-1.06,0.00132,0.699,0.97,51.0,55.0,-6.9,YOK,7.0,1.0,2482.632720259604,-0.032,CLV_PROXY_1M,0,0.0,100.0,55.9,59.0,55.6,51.9,-3.1,0.3,4.0,-0.00032,0.00032,-0.00045,-0.00091,39.98,43.23,63.49,62.41,-3.25,-23.51,-22.43,35.98,24.0,500,native,39.98,NORMAL,35.98,24.0,True,300,86.7,BULL,BOS UP,HH/HL,HH/MIX,RANGE,84.0,True,True,499,8,63.9,1789712520000,LOW,2481.26,1.19,,,,2469.0299999999997,7.93,2,0,2,2486.88,2469.0299999999997,HIGH_SWEEP,7,2486.11,False,False,0.0732,499,native,54.37,NORMAL,53.03,49.0,True,300,31.7,BULL,BOS UP,LH/LL,MIX/HL,RANGE,90.5,True,True,498,32,76.1,1789707240000,LOW,2469.0,3.86,,,,,,,0,0,2486.49,2477.52,HIGH_SWEEP,3,2486.49,False,False,0.1507,499,native,49.62,NORMAL,49.44,43.33,True,300,85.2,BULL,BOS UP,HH/HL,LH/LL,TR UP,91.8,True,True,498,16,61.2,1789708200000,LOW,2469.0,2.86,,,,2365.835,23.27,2,0,1,2492.55,2365.835,HIGH_SWEEP,17,2482.2,False,False,0.2036,499,native,65.38,NORMAL,59.88,61.0,True,300,73.3,BULL,BOS UP,HH/MIX,HH/HL,TR UP,74.1,True,True,498,6,39.9,1789707600000,LOW,2435.39,5.88,,,,2435.74,5.84,2,0,1,2492.55,2435.74,HIGH_SWEEP,5,2484.99,False,False,0.3292,499,native,79.5,YORGUN,86.53,96.0,True,300,73.3,BEAR,BOS DN,HH/HL,HH/MIX,TR DN,84.8,True,True,498,65,44.7,1789477200000,HIGH,2614.99,7.7,,,,,,,0,0,2484.0,2435.39,HIGH_SWEEP,1,2484.0,True,True,0.6888,499,native,65.5,NORMAL,76.63,87.67,True,300,51.7,TR-DN,CHOCH DN,MIX/HL,MIX/HL,TR-DN,70.6,True,True,498,14,32.7,1789502400000,HIGH,2614.99,3.3,,,,1862.655,15.57,2,0,2,2614.99,1862.655,HIGH_SWEEP,38,2522.75,False,False,1.6086,317,1814,1365090.64,4241839.56,-2876748.92,-51.31,24.35,5.8,DOWN,2876,630,5606930.2,30.3,60.0,1.0,True,4,411534.46,12,3679633.46,-3268099.0,67.7,0.377,1.0,1.0,0.995,3872046.84,10663133.66,-6791086.83,-46.72,26.64,6.3,DOWN,8129,1814,14535180.5,95.9,135.1,0.4502,False,12,2200369.39,29,8322157.12,-6121787.73,72.1,0.657,1.0,0.45,0.999,3872046.84,10663133.66,-6791086.83,-46.72,26.64,6.3,DOWN,8129,1814,14535180.5,95.9,135.1,0.1501,False,12,2200369.39,29,8322157.12,-6121787.73,57.9,0.657,1.0,0.15,1.0,-1888329.09,,,-13.0,,0.0834,,,,,,,1789713046720,BUY,101577.66,2483.44,1789712940000,ok,1.0,1.0004,1.0,continuous,1,725,0,,0,0,0,0,False,658,2483.61,2483.62,0.04,0.013,0.6735,0.6712,1094801.97,213635.04,0.87,1789713052464,1100,False,,AGGRESSIVE_SELLER,,
2,v2,v1.2,REALF_PY_V4_2_DERIVED,ZPTDIFAT_PY_V1_4_DERIVED,fc-v1,native,,058e38aec59f4c35,20260918_062941,22,BNB_20260918_063056_938,BNBUSDT,BINANCE,FUTURES,TOP100,4,25000,1789713056938,2026-09-18T06:30:56.938+00:00,89,True,1789713056517,1789713056938,62.4,1789713000000,1789713059999,False,56.5,753.3,0.0345,48.6,FAIR (DENGE),True,500,49.5,43.5,52.4,49.6,0.00165,-0.6,-0.89,0.00103,0.757,0.66,20.7,50.0,-6.8,YOK,8.9,0.581,754.5417994842057,0.165,CLV_PROXY_1M,0,0.0,100.0,48.6,47.8,43.2,46.8,0.8,5.4,1.8,0.00165,-0.00024,-0.00045,-0.00063,22.81,24.23,36.04,34.95,-1.42,-13.23,-12.14,23.86,9.33,500,native,22.81,DINLENMIS,23.86,9.33,True,300,40.5,BEAR,BOS DN,HH/MIX,HH/MIX,SQZ,72.1,True,True,499,1,52.5,1789712940000,HIGH,754.74,2.99,,,,735.76,36.37,2,0,1,754.74,735.76,HIGH_SWEEP,8,754.62,False,False,0.064,499,native,38.25,NORMAL,34.7,15.0,True,300,73.2,BULL,BOS UP,HH/MIX,LH/LL,RANGE,74.2,True,True,498,9,53.9,1789711380000,LOW,751.67,1.58,,,,733.985,18.75,2,0,2,755.98,733.985,HIGH_SWEEP,24,753.4,False,False,0.1368,499,native,48.62,NORMAL,47.01,32.33,True,300,71.9,BULL,BOS UP,HH/MIX,HH/MIX,TR UP,80.5,True,True,498,16,50.9,1789708200000,LOW,749.39,2.59,,,,751.405,1.26,2,0,2,755.98,751.405,HIGH_SWEEP,5,755.08,False,False,0.2005,499,native,56.29,NORMAL,56.05,44.33,True,300,78.6,BULL,BOS UP,HH/HL,HH/HL,TR UP,91.5,True,True,498,29,31.8,1789686900000,LOW,733.95,7.55,,,,,,,0,0,754.71,733.95,HIGH_SWEEP,5,754.71,False,False,0.3404,499,native,94.0,ASIRI,90.28,95.33,True,300,72.9,BULL,BOS UP,HH/MIX,HH/MIX,TR UP,76.1,True,True,498,10,47.2,1789675200000,LOW,721.24,6.97,,,,,,,0,0,732.95,721.24,HIGH_SWEEP,18,729.58,False,False,0.6104,499,native,88.92,ASIRI,95.95,95.67,True,300,40.4,BULL,BOS UP,LH/LL,HH/HL,RANGE,86.1,True,True,498,4,31.3,1789646400000,LOW,704.34,5.2,,,,,,,0,0,725.94,704.34,HIGH_SWEEP,6,725.94,False,False,1.2519,1210,1187,78970.75,115833.12,-36862.37,-18.92,40.54,18.7,DOWN,943,160,194803.87,21.3,60.0,1.0,True,1,29190.19,0,0.0,29190.19,58.1,0.299,0.822,1.0,0.98,219488.15,772540.01,-553051.86,-55.75,22.13,5.6,DOWN,3947,696,992028.16,85.3,300.0,1.0,True,1,29190.19,7,275042.19,-245852.0,83.1,0.63,0.999,1.0,0.996,332567.01,1247133.27,-914566.26,-57.89,21.05,5.5,DOWN,6132,1187,1579700.27,142.1,466.7,0.5186,False,1,29190.19,11,396935.19,-367745.0,77.7,0.74,1.0,0.519,0.999,65956.94,46728.86,,28.25,4.73,0.4519,-148330.29,-0.5602,-128404.04,-0.6472,-0.5398,NONE,1789713011536,BUY,29190.19,753.2952516129034,1789712940000,ok,1.0,1.0,1.0,continuous,1,169,0,,0,0,0,0,False,692,753.25,753.26,0.133,0.006,0.3883,-0.1487,175930.25,77522.03,2.59,1789713056280,658,False,,FATIGUE_RESTED_1M,,
2,v2,v1.2,REALF_PY_V4_2_DERIVED,ZPTDIFAT_PY_V1_4_DERIVED,fc-v1,native,,058e38aec59f4c35,20260918_062941,23,XRP_20260918_063100_099,XRPUSDT,BINANCE,FUTURES,TOP100,5,25000,1789713060099,2026-09-18T06:31:00.099+00:00,89,True,1789713059664,1789713060099,62.5,1789713000000,1789713059999,False,59.7,1.3211,0.0303,54.7,FAIR (DENGE),True,500,55.4,55.8,53.1,51.4,-0.00195,-0.36,-0.49,0.00162,0.726,0.49,31.3,65.0,2.9,YOK,2.7,1.0,1.3185304239549527,-0.195,CLV_PROXY_1M,0,0.0,100.0,54.7,55.0,53.6,53.2,-0.3,1.1,1.5,-0.00195,-7e-05,-0.00015,-6e-05,59.22,63.13,75.53,67.07,-3.91,-16.31,-7.85,50.86,48.33,500,native,59.22,NORMAL,50.86,48.33,True,300,58.3,BEAR,BOS DN,MIX/HL,HH/MIX,RANGE,67.0,True,True,499,45,52.6,1789710300000,HIGH,1.3237,1.83,,,,1.3032,12.57,2,0,2,1.322,1.3032,HIGH_SWEEP,7,1.322,False,False,0.1078,499,native,63.36,NORMAL,65.81,70.67,True,300,30.6,BULL,BOS UP,LH/LL,MIX/HL,RANGE,90.5,True,True,498,32,58.0,1789707240000,LOW,1.3133,2.93,,,,,,,0,0,1.3228,1.3164,HIGH_SWEEP,1,1.3228,True,False,0.2044,499,native,51.51,NORMAL,58.36,59.0,True,300,62.0,BULL,BOS UP,MIX/HL,LH/LL,RANGE,74.0,True,True,498,33,67.7,1789703100000,LOW,1.3045,4.66,,,,,,,0,0,1.3228,1.3164,HIGH_SWEEP,1,1.3228,True,False,0.2699,499,native,56.75,NORMAL,54.23,57.67,True,300,76.7,TR-UP,CHOCH UP,HH/HL,MIX/HL,TR-UP,84.3,True,True,498,22,25.8,1789693200000,LOW,1.2867,6.11,,,,,,,0,0,1.3286,1.3133,HIGH_SWEEP,23,1.3002,False,False,0.4261,499,native,80.42,YORGUN,79.0,92.0,True,300,74.1,TR-UP,CHOCH UP,HH/MIX,HH/MIX,TR-UP,74.3,True,True,498,3,82.2,1789700400000,LOW,1.2867,2.84,,,,,,,0,0,1.3201,1.2867,HIGH_SWEEP,1,1.3201,True,False,0.9194,499,native,49.48,NORMAL,58.22,74.67,True,300,47.1,TR-DN,CHOCH DN,HH/MIX,MIX/LL,TR-DN,75.8,True,True,498,15,73.1,1789488000000,HIGH,1.4916,5.36,1.5507,7.22,2,0.98775,10.48,2,1,1,1.5507,0.98775,EQH_SWEEP,57,1.43175,False,False,2.3989,109,1165,267860.98,144262.94,123598.04,29.99,65.0,89.5,UP,1369,138,412123.93,17.5,60.0,1.0,True,3,190930.41,1,29025.68,161904.72,56.5,0.259,0.904,1.0,0.998,1397376.56,1948833.32,-551456.76,-16.48,41.76,21.4,DOWN,6832,757,3346209.89,107.9,300.0,1.0,True,16,765248.01,21,1296503.76,-531255.75,85.9,0.683,1.0,1.0,1.0,2526231.68,2657348.18,-131116.5,-2.53,48.74,44.8,FLAT,10247,1165,5183579.86,159.9,451.4,0.5015,False,28,1517102.26,27,1570322.36,-53220.1,78.1,0.762,1.0,0.502,1.0,136149.23,118453.54,,17.56,1.83,0.4349,-173510.02,-0.2077,-146384.17,-0.2187,-0.0076,NONE,1789713033631,BUY,30770.85,1.321,1789712940000,ok,1.0,1.0,1.0,continuous,1,145,0,,0,0,0,0,False,20,1.3211,1.3212,0.757,0.233,0.0003,0.1354,1008668.16,1008027.77,14.76,1789713059432,667,False,,,,
2,v2,v1.2,REALF_PY_V4_2_DERIVED,ZPTDIFAT_PY_V1_4_DERIVED,fc-v1,native,,058e38aec59f4c35,20260918_062941,24,DOGE_20260918_063103_240,DOGEUSDT,BINANCE,FUTURES,TOP100,12,15000,1789713063240,2026-09-18T06:31:03.240+00:00,89,True,1789713063023,1789713063240,63.0,1789713000000,1789713059999,True,63.0,0.08423,0.0356,56.7,FAIR (DENGE),True,500,59.6,51.7,58.5,53.0,-0.00059,-0.83,-1.35,0.00147,0.645,0.87,41.3,50.0,-15.7,YOK,7.9,1.0,0.08418027516415517,-0.059,CLV_PROXY_1M,0,0.0,100.0,56.7,57.1,51.8,53.7,-0.4,4.9,3.0,-0.00059,0.0,-0.00082,-0.00098,37.42,42.4,59.66,51.39,-4.98,-22.24,-13.97,30.44,15.0,500,native,37.42,NORMAL,30.44,15.0,True,300,28.7,BEAR,BOS DN,MIX/LL,MIX/LL,SQZ,75.8,True,True,499,12,38.7,1789712280000,HIGH,0.08443,2.45,0.084395,2.02,2,0.08135,35.33,2,1,2,0.084395,0.08135,EQL_SWEEP,46,0.08419499999999999,False,False,0.0968,499,native,47.08,NORMAL,44.43,36.33,True,300,45.0,BULL,BOS UP,MIX/LL,MIX/HL,RANGE,73.8,True,True,498,31,48.5,1789707420000,LOW,0.08373,3.08,0.08449000000000001,1.6,2,,,,1,0,0.08449000000000001,0.08404,LOW_SWEEP,10,0.08419,False,False,0.1926,499,native,40.79,NORMAL,41.02,32.0,True,300,63.8,BULL,BOS UP,MIX/HL,MIX/LL,TR UP,80.0,True,True,498,33,93.1,1789703100000,LOW,0.08223,8.81,,,,0.07986,19.14,2,0,1,0.08448,0.07986,HIGH_SWEEP,17,0.08459,False,False,0.2724,499,native,60.11,NORMAL,53.95,55.0,True,300,79.8,BULL,BOS UP,HH/HL,HH/HL,TR UP,84.7,True,True,498,21,43.6,1789694100000,LOW,0.08114,8.54,,,,0.080555,10.16,2,0,1,0.08469,0.080555,HIGH_SWEEP,64,0.08179,False,False,0.4296,499,native,88.85,ASIRI,84.81,96.67,True,300,89.8,BULL,BOS UP,HH/HL,LH/LL,TR UP,90.7,True,True,498,4,51.5,1789696800000,LOW,0.08114,4.27,,,,,,,0,0,0.08253,0.08114,HIGH_SWEEP,21,0.08134,False,False,0.8609,499,native,72.88,YORGUN,85.79,92.33,True,300,47.5,BEAR,BOS DN,HH/MIX,LH/MIX,TR DN,73.2,True,True,498,16,26.7,1789473600000,HIGH,0.08616,1.25,,,,0.07835,3.86,2,0,1,0.08616,0.07835,HIGH_SWEEP,20,0.08534,False,False,1.8093,338,1097,80838.14,137092.77,-56254.63,-25.81,37.09,12.9,DOWN,581,73,217930.91,4.3,60.0,1.0,True,1,25060.05,1,97315.5,-72255.45,34.5,0.08,0.835,1.0,0.994,599186.82,960173.16,-360986.34,-23.15,38.43,14.8,DOWN,3588,476,1559359.97,58.4,300.0,1.0,True,10,319234.25,15,648776.02,-329541.77,78.1,0.539,1.0,1.0,0.999,883008.88,1347034.87,-464025.99,-20.81,39.6,16.8,DOWN,6465,1097,2230043.75,94.2,496.1,0.5512,False,14,424940.77,27,907567.44,-482626.67,74.9,0.653,1.0,0.551,1.0,-58767.57,-67933.95,,-13.53,-1.05,0.4845,-131859.73,-0.296,-89167.3,-0.2859,0.3055,DOWN,1789713059761,BUY,25060.05,0.08424,1789712940000,ok,1.0,1.0,1.0,continuous,1,83,0,,0,0,0,0,False,54,0.08424,0.08425,1.187,0.147,0.3053,-0.0122,1474016.01,784455.81,23.15,1789713062988,252,False,,,,
2,v2,v1.2,REALF_PY_V4_2_DERIVED,ZPTDIFAT_PY_V1_4_DERIVED,fc-v1,native,,058e38aec59f4c35,20260918_062941,25,LINK_20260918_063106_388,LINKUSDT,BINANCE,FUTURES,TOP100,17,10000,1789713066388,2026-09-18T06:31:06.388+00:00,89,True,1789713066013,1789713066388,63.1,1789713060000,1789713119999,False,6.0,11.79,0.017,49.1,FAIR (DENGE),True,500,48.9,48.1,50.1,50.0,0.00074,-0.37,-0.54,0.00193,0.686,0.03,0.3,65.0,7.0,YOK,2.0,0.95,11.798739664834697,0.074,CLV_PROXY_1M,0,0.0,100.0,49.1,49.2,46.6,48.9,-0.1,2.5,0.2,0.00074,2e-05,-0.00038,-0.00024,61.48,63.55,74.34,77.88,-2.07,-12.86,-16.4,58.22,53.0,500,native,61.48,NORMAL,58.22,53.0,True,300,88.8,BULL,BOS UP,HH/HL,HH/MIX,RANGE,92.2,True,True,499,9,60.8,1789712520000,LOW,11.74,3.24,,,,11.377500000000001,26.74,2,0,1,11.811,11.377500000000001,HIGH_SWEEP,14,11.779,False,False,0.1309,499,native,72.25,YORGUN,74.63,77.67,True,300,46.7,BULL,BOS UP,LH/LL,EQ/RANGE,RANGE,88.3,True,True,498,3,67.9,1789712460000,LOW,11.705,2.8,,,,,,,0,0,11.776,11.705,HIGH_SWEEP,8,11.776,False,False,0.2547,499,native,62.51,NORMAL,74.1,73.33,True,300,63.0,BULL,BOS UP,HH/MIX,LH/LL,TR UP,76.9,True,True,498,33,57.9,1789703100000,LOW,11.337,11.09,,,,,,,0,0,11.817,11.705,HIGH_SWEEP,19,11.802,False,False,0.3468,499,native,62.97,NORMAL,63.49,64.67,True,300,77.6,BULL,BOS UP,HH/HL,HH/HL,TR UP,87.9,True,True,498,29,54.8,1789686900000,LOW,11.25,8.43,,,,11.0905,10.92,2,0,1,11.817,11.0905,HIGH_SWEEP,64,11.34,False,False,0.544,499,native,90.17,ASIRI,86.82,94.33,True,300,83.3,TR-UP,CHOCH UP,HH/HL,MIX/LL,TR-UP,86.0,True,True,498,5,51.0,1789693200000,LOW,11.089,5.82,12.7855,8.26,2,,,,1,0,12.7855,11.25,LOW_SWEEP,37,10.67,False,False,1.0287,499,native,75.53,YORGUN,87.9,90.67,True,300,17.7,BEAR,BOS DN,LH/LL,HH/MIX,RANGE,86.2,True,True,498,15,24.8,1789488000000,HIGH,11.961,0.69,,,,8.062,14.86,2,0,1,11.961,8.062,EQH_SWEEP,83,12.035499999999999,False,False,2.133,2906,1086,28788.27,17471.81,11316.46,24.46,62.23,86.2,UP,290,55,46260.09,15.1,60.0,1.0,True,0,0.0,0,0.0,0.0,49.1,0.232,0.666,1.0,0.952,211962.53,310091.44,-98128.91,-18.8,40.6,18.8,DOWN,2013,393,522053.96,85.1,300.0,1.0,True,1,21099.78,7,147574.78,-126475.0,81.2,0.63,0.929,1.0,0.99,1058275.83,852361.73,205914.1,10.78,55.39,70.4,UP,5996,1086,1910637.56,228.0,826.8,0.9187,False,18,520821.22,15,307246.72,213574.49,90.8,0.82,1.0,0.919,0.997,17488.88,-100701.0,,17.53,-9.6,0.852,-27749.19,-0.2305,-25693.61,-0.2461,0.2902,DOWN,1789712942346,BUY,21099.78,11.78607185110293,1789712940000,ok,1.0,1.0,1.0,continuous,1,59,0,,0,0,0,0,False,88,11.79,11.791,0.848,0.185,-0.0916,0.3002,174897.79,210154.72,16.54,1789713065708,680,False,,,,
2,v2,v1.2,REALF_PY_V4_2_DERIVED,ZPTDIFAT_PY_V1_4_DERIVED,fc-v1,native,,058e38aec59f4c35,20260918_062941,26,ADA_20260918_063109_327,ADAUSDT,BINANCE,FUTURES,TOP100,19,10000,1789713069327,2026-09-18T06:31:09.327+00:00,89,True,1789713069327,1789713069327,63.3,1789713060000,1789713119999,False,9.3,0.2136,0.0,54.1,FAIR (DENGE),True,500,58.3,42.8,60.9,50.0,0.00328,0.0,-0.72,0.00177,0.641,0.03,0.3,45.0,-0.9,YOK,18.1,0.53,0.21430188453568264,0.329,CLV_PROXY_1M,0,0.0,100.0,54.1,53.2,49.5,47.9,0.9,4.6,6.2,0.00328,-1e-05,-0.00144,-0.00222,60.51,60.1,62.09,62.46,0.41,-1.58,-1.95,63.98,55.67,500,native,60.51,NORMAL,63.98,55.67,True,300,79.8,TR-UP,CHOCH UP,HH/HL,HH/MIX,SQZ,86.1,True,True,499,16,50.5,1789712100000,LOW,0.2126,3.33,0.2151,5.0,2,,,,1,0,0.2151,0.213,LOW_SWEEP,72,0.2138,False,False,0.1405,499,native,71.47,NORMAL,77.66,79.0,True,300,20.2,BEAR,BOS DN,LH/LL,HH/HL,RANGE,86.5,True,True,498,24,70.8,1789708680000,HIGH,0.2173,6.45,,,,,,,0,0,0.2151,0.2121,LOW_SWEEP,44,0.2143,False,False,0.2689,499,native,49.68,NORMAL,62.26,62.0,True,300,19.5,TR-DN,CHOCH DN,LH/LL,LH/LL,TR-DN,85.4,True,True,498,8,28.1,1789710600000,HIGH,0.2151,1.92,,,,0.1903,29.78,3,0,1,0.2151,0.1903,HIGH_SWEEP,32,0.2159,False,False,0.3664,499,native,45.33,NORMAL,44.03,39.0,True,300,66.8,BULL,BOS UP,MIX/HL,LH/LL,TR UP,78.2,True,True,498,26,55.4,1789689600000,LOW,0.1997,9.05,0.21739999999999998,2.48,2,0.1972,10.68,2,1,2,0.21739999999999998,0.1972,HIGH_SWEEP,27,0.2027,False,False,0.7191,499,native,86.09,ASIRI,76.3,88.67,True,300,87.0,BULL,BOS UP,HH/HL,HH/HL,EXP UP,84.6,True,True,498,6,53.5,1789689600000,LOW,0.1901,7.58,,,,,,,0,0,0.2042,0.1997,EQH_SWEEP,29,0.19690000000000002,False,False,1.4575,499,native,75.76,YORGUN,88.18,90.0,True,300,41.5,TR-UP,CHOCH UP,LH/LL,LH/LL,TR-UP,84.5,True,True,498,1,52.5,1789689600000,LOW,0.1901,4.32,,,,,,,0,0,0.2159,0.1901,LOW_SWEEP,52,0.2148,False,True,2.5151,631,1032,22136.04,9850.01,12286.03,38.41,69.21,92.3,UP,178,54,31986.05,3.6,60.0,1.0,True,1,15733.24,0,0.0,15733.24,29.3,0.066,0.626,1.0,0.989,252672.48,309702.55,-57030.06,-10.14,44.93,30.6,DOWN,1452,279,562375.03,21.1,300.0,1.0,True,7,181634.12,7,220736.06,-39101.94,60.3,0.297,0.938,1.0,0.998,858859.66,906374.97,-47515.3,-2.69,48.65,44.5,FLAT,4258,901,1765234.63,55.3,900.0,1.0,True,23,616495.48,20,654755.17,-38259.69,77.3,0.525,1.0,1.0,0.999,-6196.54,955.07,58904.04,-5.08,-0.18,1.0,-11789.55,-0.0961,-15697.29,-0.1396,-0.0086,NONE,1789713032771,BUY,15733.24,0.2135,1789712940000,ok,1.0,1.0,1.0,continuous,1,58,0,,0,0,0,0,False,122,0.2135,0.2136,4.683,-0.581,0.0868,-0.1854,2394250.44,2011994.64,91.31,1789713068855,472,False,,,,
2,v2,v1.2,REALF_PY_V4_2_DERIVED,ZPTDIFAT_PY_V1_4_DERIVED,fc-v1,native,,058e38aec59f4c35,20260918_062941,27,LTC_20260918_063112_887,LTCUSDT,BINANCE,FUTURES,TOP100,25,10000,1789713072887,2026-09-18T06:31:12.887+00:00,89,True,1789713072887,1789713072887,64.0,1789713060000,1789713119999,False,12.9,54.93,0.0,53.7,FAIR (DENGE),True,500,54.5,54.0,53.1,50.0,-0.00161,0.17,0.16,0.00141,0.614,0.01,0.3,45.0,-12.6,YOK,1.4,1.0,54.84179482762086,-0.161,CLV_PROXY_1M,0,0.0,100.0,53.7,60.2,64.3,66.3,-6.5,-10.6,-12.6,-0.00161,4e-05,0.0005,0.00022,73.14,73.04,71.96,61.59,0.1,1.18,11.55,71.97,76.67,500,native,73.14,YORGUN,71.97,76.67,True,300,46.4,BULL,BOS UP,LH/LL,HH/MIX,TR UP,85.9,True,True,499,4,64.2,1789712820000,LOW,54.78,2.92,,,,54.76,3.31,2,0,2,54.91,54.76,HIGH_SWEEP,28,54.92,False,False,0.0934,499,native,61.64,NORMAL,74.19,82.33,True,300,64.4,BULL,BOS UP,MIX/HL,MIX/HL,RANGE,79.5,True,True,498,32,50.6,1789707240000,LOW,54.29,5.91,54.974999999999994,0.42,2,,,,2,0,54.974999999999994,54.76,EQH_SWEEP,1,55.0,True,False,0.1972,499,native,56.83,NORMAL,69.93,66.67,True,300,77.2,BULL,BOS UP,HH/HL,MIX/HL,RANGE,86.1,True,True,498,33,51.2,1789703100000,LOW,54.32,4.23,,,,53.86,7.41,2,0,3,55.0,53.86,HIGH_SWEEP,1,55.0,True,False,0.2628,499,native,73.72,YORGUN,74.16,80.67,True,300,71.1,BULL,BOS UP,MIX/HL,HH/MIX,TR UP,85.7,True,True,498,24,95.3,1789691400000,LOW,53.59,5.93,,,,,,,0,0,53.98,54.29,EQH_SWEEP,26,53.989999999999995,False,False,0.4112,499,native,87.64,ASIRI,87.73,95.33,True,300,88.0,BULL,BOS UP,HH/HL,HH/HL,TR UP,83.5,True,True,498,6,68.8,1789689600000,LOW,52.46,5.66,,,,,,,0,0,54.0,52.46,HIGH_SWEEP,21,52.81,False,False,0.7963,499,native,81.3,YORGUN,89.2,93.0,True,300,51.6,TR-DN,CHOCH DN,HH/MIX,LH/LL,TR-DN,72.3,True,True,498,14,38.2,1789502400000,HIGH,55.24,0.36,,,,,,,0,0,55.24,50.13,HIGH_SWEEP,30,54.28,False,False,1.559,1154,614,13079.15,19471.81,-6392.66,-19.64,40.18,17.9,DOWN,108,28,32550.97,4.1,60.0,1.0,True,0,0.0,1,12084.6,-12084.6,30.8,0.075,0.628,1.0,0.981,254598.01,199530.73,55067.28,12.13,56.06,72.6,UP,1408,248,454128.73,30.2,300.0,1.0,True,4,113736.24,5,106866.41,6869.83,65.8,0.377,0.914,1.0,0.996,381439.71,387954.13,-6514.41,-0.85,49.58,48.3,FLAT,2727,547,769393.84,64.1,900.0,1.0,True,7,156412.47,10,174885.98,-18473.51,78.7,0.562,0.972,1.0,0.999,-4335.66,-16855.03,-9302.9,-1.08,-2.11,1.0,-3126.52,-0.0492,3104.24,0.0342,0.3644,DOWN,1789713042090,SELL,12084.6,54.93,1789713000000,ok,1.0,1.0,1.0,continuous,1,31,0,,0,0,0,0,False,156,54.92,54.93,1.821,0.605,0.1142,0.0263,772188.43,613897.75,35.5,1789713071808,1079,False,,,,
2,v2,v1.2,REALF_PY_V4_2_DERIVED,ZPTDIFAT_PY_V1_4_DERIVED,fc-v1,native,,058e38aec59f4c35,20260918_062941,28,AVAX_20260918_063116_446,AVAXUSDT,BINANCE,FUTURES,TOP100,31,5000,1789713076446,2026-09-18T06:31:16.446+00:00,89,True,1789713075619,1789713076446,65.0,1789713060000,1789713119999,False,15.6,7.891,0.0127,39.8,PRICE LAG,True,500,38.4,32.6,46.8,50.0,0.00594,-0.28,-0.5,0.00139,0.639,0.0,0.3,55.0,26.4,YOK,14.2,1.0,7.937984741268051,0.595,CLV_PROXY_1M,0,0.0,100.0,39.8,37.0,33.5,31.6,2.8,6.3,8.2,0.00594,-0.00022,-0.00094,-0.00086,55.16,54.75,65.53,71.03,0.41,-10.37,-15.87,58.0,51.67,500,native,55.16,NORMAL,58.0,51.67,True,300,26.7,BEAR,BOS DN,LH/LL,HH/MIX,SQZ,84.8,True,True,499,51,64.9,1789710000000,HIGH,7.93,5.11,7.9415,6.62,2,,,,1,0,7.9415,7.871,LOW_SWEEP,10,7.873,False,False,0.0968,499,native,50.6,NORMAL,60.81,56.0,True,300,57.4,BULL,BOS UP,MIX/HL,LH/MIX,RANGE,67.8,True,True,498,68,79.7,1789700760000,LOW,7.677,13.07,,,,7.6285,16.03,2,0,1,7.903,7.6285,HIGH_SWEEP,77,7.723,False,False,0.2078,499,native,34.48,NORMAL,44.21,32.33,True,300,60.7,BULL,BOS UP,MIX/HL,MIX/HL,RANGE,74.1,True,True,498,41,66.0,1789700700000,LOW,7.677,8.75,,,,,,,0,0,7.942,7.857,HIGH_SWEEP,46,7.723,False,False,0.3104,499,native,55.32,NORMAL,52.48,48.0,True,300,79.5,BULL,BOS UP,HH/HL,MIX/HL,TR UP,85.4,True,True,498,23,54.9,1789692300000,LOW,7.545,8.22,,,,,,,0,0,7.968,7.584,EQH_SWEEP,23,7.648,False,False,0.534,499,native,87.46,ASIRI,81.55,89.0,True,300,91.4,TR-UP,CHOCH UP,HH/HL,LH/LL,TR-UP,94.6,True,True,498,3,96.7,1789700400000,LOW,7.545,4.3,8.192,3.74,3,7.186,8.75,2,1,1,8.192,7.186,EQL_SWEEP,37,7.186,False,False,1.023,499,native,84.63,ASIRI,90.13,93.0,True,300,78.7,BULL,BOS UP,HH/MIX,HH/MIX,RANGE,76.8,True,True,498,1,80.2,1789689600000,LOW,7.171,4.74,,,,7.173500000000001,4.72,2,0,1,7.8,7.173500000000001,LOW_SWEEP,15,7.243,False,False,1.9116,1216,841,40942.56,5663.49,35279.07,75.7,87.85,94.9,UP,211,35,46606.04,13.4,60.0,1.0,True,1,5961.82,0,0.0,5961.82,47.4,0.211,0.667,1.0,0.98,128131.8,120210.38,7921.41,3.19,51.59,56.5,UP,1170,215,248342.18,47.2,300.0,1.0,True,5,28393.92,7,78768.89,-50374.97,71.3,0.486,0.849,1.0,0.996,526497.82,496312.63,30185.19,2.95,51.48,56.0,FLAT,4097,722,1022810.45,119.1,900.0,1.0,True,20,249798.82,27,327808.02,-78009.2,86.9,0.704,1.0,1.0,0.999,23413.47,-3095.96,17681.77,18.03,-0.52,1.0,3318.66,0.0524,-2046.72,-0.0412,0.2932,NONE,1789713032757,BUY,5961.82,7.886,1789713000000,ok,1.0,1.0,1.0,continuous,1,42,0,,0,0,0,0,False,190,7.892,7.893,1.267,0.054,-0.0823,0.0373,277429.92,327197.0,24.71,1789713075375,1071,False,,AGGRESSIVE_BUYER,,
2,v2,v1.2,REALF_PY_V4_2_DERIVED,ZPTDIFAT_PY_V1_4_DERIVED,fc-v1,native,,058e38aec59f4c35,20260918_062941,29,SUI_20260918_063119_383,SUIUSDT,BINANCE,FUTURES,TOP100,35,5000,1789713079383,2026-09-18T06:31:19.383+00:00,89,True,1789713079173,1789713079383,65.1,1789713060000,1789713119999,False,19.2,0.7766,0.0515,48.3,FAIR (DENGE),True,500,48.5,43.0,53.4,49.9,0.00308,-0.34,-0.82,0.00212,0.608,0.22,1.3,60.0,4.5,YOK,10.3,0.564,0.7789955333437468,0.308,CLV_PROXY_1M,0,0.0,100.0,48.3,48.2,44.5,44.4,0.1,3.8,3.9,0.00308,-0.00036,-0.00109,-0.00168,55.85,55.15,65.18,72.19,0.7,-9.33,-16.34,57.69,57.0,500,native,55.85,NORMAL,57.69,57.0,True,300,58.8,BEAR,BOS DN,MIX/HL,HH/HL,SQZ,68.5,True,True,499,44,17.2,1789710420000,HIGH,0.7775,0.84,,,,,,,0,0,0.777,0.7738,HIGH_SWEEP,9,0.777,False,False,0.1386,499,native,54.17,NORMAL,62.76,56.33,True,300,27.1,BULL,BOS UP,LH/LL,MIX/HL,RANGE,83.7,True,True,498,54,52.4,1789703280000,LOW,0.7643,5.37,,,,0.7292,20.95,2,0,3,0.7778,0.7292,HIGH_SWEEP,49,0.7849,False,False,0.2905,499,native,37.81,NORMAL,50.53,43.0,True,300,60.8,BULL,BOS UP,MIX/HL,MIX/HL,RANGE,79.1,True,True,498,40,48.0,1789701000000,LOW,0.7643,3.76,,,,0.71575,18.97,2,0,2,0.7849,0.71575,HIGH_SWEEP,90,0.7365,False,False,0.4117,499,native,46.5,NORMAL,47.22,37.0,True,300,78.5,BULL,BOS UP,HH/HL,MIX/HL,TR UP,90.8,True,True,498,29,53.6,1789686900000,LOW,0.7287,8.2,,,,0.7289,8.16,2,0,1,0.7899,0.7289,HIGH_SWEEP,58,0.7351,False,False,0.7551,499,native,87.66,ASIRI,75.29,84.67,True,300,83.0,TR-UP,CHOCH UP,HH/HL,HH/MIX,TR-UP,88.9,True,True,498,6,40.0,1789689600000,LOW,0.7157,5.54,0.8336,5.17,2,,,,2,0,0.8336,0.7157,LOW_SWEEP,37,0.6814,False,False,1.4211,499,native,86.22,ASIRI,90.4,95.33,True,300,89.3,TR-UP,CHOCH UP,HH/HL,MIX/HL,TR-UP,85.4,True,True,498,1,97.1,1789689600000,LOW,0.6773,5.27,,,,,,,0,0,0.7479,0.6773,LOW_SWEEP,16,0.692,False,False,2.3923,281,1150,58018.21,23447.95,34570.26,42.44,71.22,93.1,UP,546,90,81466.16,14.5,60.0,1.0,True,3,27411.93,1,6376.45,21035.47,50.0,0.224,0.728,1.0,0.995,461707.71,501588.13,-39880.41,-4.14,47.93,41.6,DOWN,3397,556,963295.84,87.6,300.0,1.0,True,24,298717.06,23,352496.41,-53779.34,83.4,0.637,0.996,1.0,0.999,1142887.01,1003204.73,139682.28,6.51,53.25,62.9,UP,7305,1150,2146091.75,96.3,671.0,0.7455,False,51,835971.56,51,687321.34,148650.22,79.8,0.658,1.0,0.746,1.0,-1892.09,31501.07,,7.5,1.88,0.6789,-12919.71,-0.0552,-16620.41,-0.0863,0.0698,DOWN,1789713071411,SELL,6376.45,0.7763,1789713000000,ok,1.0,1.0,1.0,continuous,1,108,0,,0,0,0,0,False,224,0.7766,0.7767,1.288,0.622,-0.2626,0.2633,288151.43,493364.89,25.11,1789713078924,459,False,,AGGRESSIVE_BUYER,,
2,v2,v1.2,REALF_PY_V4_2_DERIVED,ZPTDIFAT_PY_V1_4_DERIVED,fc-v1,native,,058e38aec59f4c35,20260918_062941,30,AKE_20260918_063124_321,AKEUSDT,BINANCE,FUTURES,TOP100,94,2000,1789713084321,2026-09-18T06:31:24.321+00:00,89,True,1789713082107,1789713084321,65.3,1789713060000,1789713119999,False,22.1,0.023216,0.1726,75.2,STRONG AHEAD,True,500,84.0,69.9,70.8,57.6,-0.04904,1.2,-0.23,0.00697,0.586,0.19,80.7,40.0,17.1,YOK,14.1,1.0,0.022104918009701068,-4.786,CLV_PROXY_1M,0,0.0,100.0,75.2,81.0,82.8,81.7,-5.8,-7.6,-6.5,-0.04904,-0.00061,0.00318,-0.00803,89.88,92.18,92.54,85.13,-2.3,-2.66,4.75,81.6,91.33,500,native,89.88,ASIRI,81.6,91.33,True,300,91.6,BULL,BOS UP,HH/HL,HH/MIX,EXP UP,92.2,True,True,499,8,90.2,1789712580000,LOW,0.021423,7.02,,,,0.021402499999999998,7.1,2,0,1,0.021898,0.021402499999999998,HIGH_SWEEP,29,0.021605,False,False,1.1018,499,native,92.24,ASIRI,94.22,97.67,True,300,92.5,BULL,BOS UP,HH/HL,HH/HL,EXP UP,91.6,True,True,498,3,71.4,1789712460000,LOW,0.021423,6.22,,,,,,,0,0,0.021898,0.021423,LOW_SWEEP,32,0.021228,False,False,1.2257,499,native,92.16,ASIRI,97.45,98.33,True,300,78.3,BULL,BOS UP,MIX/HL,HH/HL,EXP UP,79.7,True,True,498,5,67.7,1789711500000,LOW,0.0214,6.1,,,,,,,0,0,0.02168,0.021423,EQH_SWEEP,33,0.021653,False,False,1.2682,499,native,82.66,YORGUN,97.59,98.33,True,300,42.0,BEAR,BOS DN,LH/MIX,MIX/HL,RANGE,66.1,True,True,498,153,97.0,1789575300000,HIGH,0.028247,11.78,0.029421000000000003,14.53,2,0.0209945,5.19,2,1,3,0.029421000000000003,0.0209945,EQL_SWEEP,56,0.020765,False,False,1.8233,499,native,75.92,YORGUN,95.64,98.0,True,300,70.7,BULL,BOS UP,HH/HL,HH/MIX,RANGE,69.6,True,True,498,74,56.3,1789444800000,LOW,0.014658,9.92,0.029844000000000002,7.71,2,0.012500500000000001,12.43,3,1,2,0.029844000000000002,0.012500500000000001,HIGH_SWEEP,75,0.0165,False,False,3.9837,499,native,41.73,NORMAL,45.99,47.33,True,300,84.7,BULL,BOS UP,HH/HL,MIX/HL,TR UP,90.5,True,True,498,18,80.8,1789444800000,LOW,0.013069,3.98,,,,0.0128725,4.06,2,0,3,0.029888,0.0128725,EQL_SWEEP,67,0.0128725,False,False,11.7969,26,8186,59104.67,81500.76,-22396.09,-15.93,42.04,22.1,DOWN,5140,2811,140605.43,262.1,60.0,1.0,True,4,8703.21,6,19306.35,-10603.14,86.8,0.84,0.787,1.0,1.0,267341.07,261328.15,6012.92,1.14,50.57,52.3,FLAT,14927,8186,528669.22,689.4,120.0,0.4,False,24,87474.45,25,86260.42,1214.04,79.2,0.932,0.931,0.4,1.0,267341.07,261328.15,6012.92,1.14,50.57,52.3,FLAT,14927,8186,528669.22,689.4,120.0,0.1333,False,24,87474.45,25,86260.42,1214.04,63.6,0.932,0.931,0.133,1.0,-50805.09,,,-11.62,,0.0667,,,,,,,1789713084231,SELL,2556.85,0.023192890033834346,1789713000000,ok,1.0,1.0,1.0,continuous,4,3543,0,,0,0,0,0,False,318,0.02321,0.023214,1.723,-0.526,-0.6822,-0.9268,685.59,3628.48,9.05,1789713081877,2444,False,,FATIGUE_EXTREME|REALF_PRICE_AHEAD,,
2,v2,v1.2,REALF_PY_V4_2_DERIVED,ZPTDIFAT_PY_V1_4_DERIVED,fc-v1,native,,058e38aec59f4c35,20260918_062941,31,PONS_20260918_063127_283,PONSUSDT,BINANCE,FUTURES,OUTSIDE100,112,2000,1789713087283,2026-09-18T06:31:27.283+00:00,89,True,1789713087265,1789713087283,65.3,1789713060000,1789713119999,False,27.3,0.7328,-0.0818,56.9,FAIR (DENGE),True,500,59.1,54.2,59.0,50.2,-0.00471,-0.29,-0.9,0.00539,0.565,0.33,0.3,55.0,-11.0,YOK,4.9,1.0,0.7293596617605715,-0.469,CLV_PROXY_1M,0,0.0,100.0,56.9,55.7,57.1,50.4,1.2,-0.2,6.5,-0.00471,0.00026,0.00052,-0.00314,26.01,30.25,39.96,44.72,-4.24,-13.95,-18.71,19.72,7.67,500,native,26.01,DINLENMIS,19.72,7.67,True,300,59.7,BEAR,BOS DN,HH/MIX,LH/MIX,SQZ,68.0,True,True,499,45,44.9,1789710360000,HIGH,0.7411,3.47,,,,0.7134,8.12,2,0,2,0.7377,0.73295,EQL_SWEEP,1,0.73295,True,False,0.3257,499,native,50.86,NORMAL,45.9,42.0,True,300,26.7,BULL,BOS UP,LH/LL,MIX/HL,RANGE,85.0,True,True,498,73,26.3,1789699860000,LOW,0.6834,8.99,0.7777000000000001,8.45,3,0.63845,17.3,2,1,1,0.7777000000000001,0.63845,HIGH_SWEEP,88,0.6964,False,False,0.7373,499,native,43.81,NORMAL,42.72,39.67,True,300,12.9,BEAR,BOS DN,LH/LL,LH/LL,RANGE,88.2,True,True,498,9,56.1,1789710300000,HIGH,0.7473,1.98,0.7778,5.93,2,,,,1,0,0.7778,0.7235,LOW_SWEEP,7,0.729,False,False,1.0535,499,native,44.99,NORMAL,40.55,35.33,True,300,86.2,BULL,BOS UP,HH/HL,MIX/LL,TR UP,93.8,True,True,498,17,77.8,1789697700000,LOW,0.6551,5.43,,,,,,,0,0,0.7781,0.6551,HIGH_SWEEP,18,0.6959,False,False,1.948,289,native,81.32,YORGUN,70.5,78.07,False,269,88.1,BULL,BOS UP,HH/HL,HH/HL,TR UP,88.8,True,True,288,7,54.7,1789686000000,LOW,0.6099,4.06,,,,,,,0,0,0.6721,0.6099,HIGH_SWEEP,6,0.6721,False,False,4.1259,73,native,83.95,ASIRI,83.82,98.11,False,53,74.7,TR-UP,CHOCH UP,HH/MIX,HH/HL,TR-UP,76.3,True,False,72,1,84.3,1789689600000,LOW,0.5483,3.43,,,,,,,0,0,0.6992,0.5483,LOW_SWEEP,12,0.5821,False,False,6.9476,395,1233,20065.88,14204.34,5861.55,17.1,58.55,79.3,UP,376,129,34270.22,35.2,60.0,1.0,True,4,8188.88,0,0.0,8188.88,61.2,0.413,0.634,1.0,0.993,94977.33,86897.84,8079.49,4.44,52.22,59.0,UP,2079,663,181875.16,133.1,300.0,1.0,True,10,46650.1,10,37381.37,9268.73,82.8,0.727,0.815,1.0,0.999,160213.27,156628.77,3584.5,1.13,50.57,52.3,FLAT,3747,1233,316842.04,231.6,534.7,0.5942,False,16,65088.32,19,69092.57,-4004.25,80.1,0.822,0.875,0.594,1.0,15493.13,10297.6,,24.35,2.9,0.5275,-6545.06,-0.1694,-778.46,-0.0214,0.3139,DOWN,1789713075202,BUY,2019.41,0.733,1789713000000,ok,1.0,1.0,1.0,continuous,1,135,0,,0,0,0,0,False,352,0.732,0.7322,2.732,1.286,0.2195,0.0594,44360.56,28392.4,27.32,1789713086831,452,False,,FATIGUE_RESTED_1M,,
2,v2,v1.2,REALF_PY_V4_2_DERIVED,ZPTDIFAT_PY_V1_4_DERIVED,fc-v1,native,,058e38aec59f4c35,20260918_062941,32,SKR_20260918_063130_226,SKRUSDT,BINANCE,FUTURES,OUTSIDE100,227,500,1789713090226,2026-09-18T06:31:30.226+00:00,89,True,1789713089994,1789713090226,65.6,1789713060000,1789713119999,False,30.0,0.019045,-0.0315,38.7,PRICE LAG,True,500,36.3,38.6,39.6,48.3,0.00539,-0.14,0.64,0.00175,0.439,0.23,17.3,55.0,18.5,YOK,3.3,1.0,0.019147836964343152,0.54,CLV_PROXY_1M,0,0.0,100.0,38.7,40.5,38.5,44.9,-1.8,0.2,-6.2,0.00539,0.00019,0.0001,0.00174,53.23,57.42,55.16,48.87,-4.19,-1.93,4.36,45.23,39.33,500,native,53.23,NORMAL,45.23,39.33,True,300,88.8,BULL,BOS UP,HH/HL,MIX/HL,SQZ,90.8,True,True,499,9,66.0,1789712520000,LOW,0.018988,2.14,0.019363,11.92,2,,,,1,0,0.019363,0.019013,EQH_SWEEP,40,0.0189665,False,False,0.1401,499,native,59.35,NORMAL,52.07,51.67,True,300,69.7,BULL,BOS UP,HH/MIX,MIX/HL,TR UP,70.0,True,True,498,11,36.3,1789711020000,LOW,0.018839,3.63,0.020296500000000002,22.28,2,0.0188425,3.56,2,1,1,0.020296500000000002,0.0188425,LOW_SWEEP,21,0.018846,False,False,0.2951,499,native,72.12,YORGUN,63.85,67.33,True,300,91.5,BULL,BOS UP,HH/HL,HH/MIX,RANGE,88.8,True,True,498,6,88.7,1789711200000,LOW,0.018839,2.79,0.020296500000000002,17.14,2,,,,1,0,0.020296500000000002,0.018839,LOW_SWEEP,24,0.018732,False,False,0.3834,499,native,75.92,YORGUN,81.24,83.67,True,300,74.6,BULL,BOS UP,MIX/HL,MIX/HL,SQZ,69.3,True,True,498,1,49.0,1789712100000,LOW,0.018719,2.23,,,,0.017547,10.24,2,0,2,0.019011,0.017547,HIGH_SWEEP,35,0.019329,False,False,0.7671,499,native,42.39,NORMAL,48.09,56.33,True,300,39.3,BULL,BOS UP,LH/LL,HH/MIX,RANGE,84.4,True,True,498,21,72.8,1789635600000,LOW,0.017378,4.38,0.025375500000000002,16.67,2,,,,1,0,0.025375500000000002,0.018321,LOW_SWEEP,6,0.018554,False,False,2.0012,499,native,72.91,YORGUN,67.49,76.33,True,300,72.9,BULL,BOS UP,HH/HL,HH/HL,TR UP,83.6,True,True,498,114,36.2,1788062400000,LOW,0.008858,11.48,,,,0.017043000000000003,2.26,2,0,1,0.020299,0.017043000000000003,HIGH_SWEEP,4,0.019684,False,False,4.7097,2242,422,167.62,397.45,-229.84,-40.67,29.66,7.2,DOWN,22,18,565.07,9.9,60.0,1.0,True,0,0.0,0,0.0,0.0,29.4,0.166,0.188,1.0,0.963,2896.3,3693.22,-796.92,-12.09,43.95,27.5,DOWN,157,113,6589.52,47.7,300.0,1.0,True,1,998.86,1,630.22,368.65,59.2,0.488,0.455,1.0,0.993,18293.62,10956.58,7337.04,25.08,62.54,86.7,UP,533,374,29250.2,100.7,900.0,1.0,True,7,7537.16,3,2433.99,5103.17,73.6,0.668,0.617,1.0,0.998,-27.66,363.56,4797.74,10.73,1.76,1.0,-414.81,-0.279,-252.48,-0.1916,0.0451,DOWN,1789712927402,SELL,630.22,0.019036862679353575,1789713000000,ok,1.0,1.0,1.0,continuous,1,19,0,,0,0,0,0,False,386,0.019041,0.019043,1.05,0.003,-0.0756,-0.3163,2543.93,2960.18,13.65,1789713089765,461,False,,,,
2,v2,v1.2,REALF_PY_V4_2_DERIVED,ZPTDIFAT_PY_V1_4_DERIVED,fc-v1,native,,058e38aec59f4c35,20260918_062941,33,PROM_20260918_063132_951,PROMUSDT,BINANCE,FUTURES,OUTSIDE100,266,1000,1789713092951,2026-09-18T06:31:32.951+00:00,89,True,1789713092951,1789713092951,65.8,1789713060000,1789713119999,False,33.0,5.419,0.0369,57.7,FAIR (DENGE),True,500,61.4,53.0,59.1,50.1,-0.00153,0.22,-0.22,0.00251,0.568,0.07,0.7,70.0,-18.0,YOK,8.4,1.0,5.410727283419039,-0.153,CLV_PROXY_1M,0,0.0,100.0,57.7,54.5,48.4,52.6,3.2,9.3,5.1,-0.00153,-0.00034,-0.00189,-0.0015,32.04,29.09,31.77,36.98,2.95,0.27,-4.94,38.62,39.67,500,native,32.04,NORMAL,38.62,39.67,True,300,13.5,BEAR,BOS DN,LH/LL,LH/LL,TR DN,95.8,True,True,499,18,81.2,1789711980000,HIGH,5.541,11.59,,,,,,,0,0,5.439,5.41,LOW_SWEEP,16,5.427,False,False,0.1942,499,native,22.12,DINLENMIS,29.55,23.0,True,300,14.4,TR-DN,CHOCH DN,LH/LL,LH/LL,TR-DN,91.5,True,True,498,6,59.2,1789711920000,HIGH,5.541,6.1,,,,5.3934999999999995,1.28,2,0,1,5.541,5.3934999999999995,HIGH_SWEEP,44,5.589,False,False,0.3693,499,native,14.54,DINLENMIS,21.21,15.67,True,300,44.1,TR-DN,CHOCH DN,MIX/HL,LH/LL,TR-DN,75.6,True,True,498,4,58.5,1789711800000,HIGH,5.541,4.68,,,,5.3919999999999995,1.08,2,0,2,5.541,5.3919999999999995,HIGH_SWEEP,27,5.589,False,False,0.478,499,native,28.88,DINLENMIS,18.59,11.33,True,300,59.7,TR-DN,CHOCH DN,HH/HL,MIX/HL,TR-DN,88.0,True,True,498,2,54.5,1789711200000,HIGH,5.594,4.06,5.7285,7.19,2,5.4015,0.41,2,2,1,5.7285,5.4015,LOW_SWEEP,171,5.332,False,False,0.7958,499,native,54.09,NORMAL,32.01,25.33,True,300,59.0,BEAR,BOS DN,MIX/HL,MIX/HL,SQZ,69.1,True,True,498,46,75.0,1789545600000,HIGH,5.729,3.68,5.8375,4.97,3,4.906499999999999,6.09,2,2,1,5.8375,4.906499999999999,EQL_SWEEP,94,5.5815,False,False,1.5355,499,native,47.93,NORMAL,48.44,38.0,True,300,26.5,BULL,BOS UP,LH/LL,MIX/HL,SQZ,85.6,True,True,498,58,11.5,1788868800000,LOW,4.913,2.76,,,,4.4025,5.53,2,0,2,5.659,4.4025,HIGH_SWEEP,57,5.986,False,False,3.3065,588,811,508.22,449.15,59.08,6.17,53.09,62.3,UP,57,28,957.37,13.3,60.0,1.0,True,0,0.0,0,0.0,0.0,35.1,0.21,0.245,1.0,0.99,12943.9,8238.59,4705.31,22.21,61.11,84.5,UP,497,218,21182.49,40.1,300.0,1.0,True,2,3344.14,1,1000.61,2343.53,61.5,0.445,0.581,1.0,0.998,28140.37,27076.73,1063.64,1.93,50.96,53.9,FLAT,1289,606,55217.1,120.8,900.0,1.0,True,5,6684.28,3,3266.97,3417.32,77.7,0.707,0.686,1.0,0.999,-4084.79,2449.19,-1576.03,-25.13,6.3,1.0,1530.79,0.3775,947.81,0.2237,-0.0722,UP,1789713013817,BUY,1126.97,5.420709956709956,1789713000000,ok,1.0,1.0,1.0,continuous,1,28,0,,0,0,0,0,False,420,5.42,5.421,1.845,0.056,0.0283,0.358,29877.1,28230.77,35.97,1789713092734,217,False,,,,
2,v2,v1.2,REALF_PY_V4_2_DERIVED,ZPTDIFAT_PY_V1_4_DERIVED,fc-v1,native,,058e38aec59f4c35,20260918_062941,34,UAI_20260918_063135_898,UAIUSDT,BINANCE,FUTURES,OUTSIDE100,296,2000,1789713095898,2026-09-18T06:31:35.898+00:00,89,True,1789713095685,1789713095898,66.1,1789713060000,1789713119999,False,35.7,0.4144,-0.0482,54.2,FAIR (DENGE),True,500,56.1,52.8,53.7,50.5,-0.00293,-0.04,-0.21,0.00463,0.647,0.37,6.7,45.0,-20.5,YOK,3.3,1.0,0.4131856869460708,-0.293,CLV_PROXY_1M,0,0.0,100.0,54.2,51.3,51.9,57.3,2.9,2.3,-3.1,-0.00293,0.00019,-0.00232,0.0002,17.86,17.33,17.37,19.84,0.53,0.49,-1.98,21.55,13.33,500,native,17.86,DINLENMIS,21.55,13.33,True,300,5.7,BEAR,BOS DN,LH/LL,LH/LL,TR DN,96.7,True,True,499,6,90.8,1789712700000,HIGH,0.4198,4.54,0.42315,7.36,2,0.40785,5.51,3,1,2,0.42315,0.40785,HIGH_SWEEP,84,0.4247,False,False,0.2867,499,native,15.27,DINLENMIS,13.52,4.0,True,300,58.2,BULL,BOS UP,MIX/HL,LH/LL,RANGE,66.6,True,True,498,63,61.1,1789701660000,LOW,0.4075,2.74,0.43455,7.99,2,,,,1,0,0.43455,0.4166,HIGH_SWEEP,123,0.4238,False,False,0.6083,499,native,25.07,DINLENMIS,16.95,6.0,True,300,56.0,TR-DN,CHOCH DN,MIX/HL,LH/MIX,TR-DN,72.0,True,True,498,47,58.0,1789698900000,HIGH,0.4354,5.6,,,,0.3559,15.59,3,0,1,0.4232,0.3559,HIGH_SWEEP,100,0.4106,False,False,0.9054,499,native,33.29,NORMAL,27.48,18.0,True,300,69.0,BULL,BOS UP,MIX/HL,MIX/HL,RANGE,79.5,True,True,498,20,30.6,1789695000000,LOW,0.3901,3.24,0.43505,2.75,2,0.3838,4.08,2,2,2,0.43505,0.3838,LOW_SWEEP,173,0.3294,False,False,1.8091,499,native,64.2,NORMAL,52.59,51.67,True,300,86.6,BULL,BOS UP,HH/HL,HH/HL,SQZ,87.3,True,True,498,6,38.6,1789689600000,LOW,0.3838,1.89,,,,,,,0,0,0.4354,0.3838,HIGH_SWEEP,4,0.418,False,False,3.8614,499,native,64.47,NORMAL,71.41,73.33,True,300,18.4,BEAR,BOS DN,LH/LL,HH/HL,RANGE,87.8,True,True,498,19,42.0,1789430400000,HIGH,0.5943,4.1,,,,,,,0,0,0.5943,0.322,LOW_SWEEP,20,0.4503,False,False,10.3453,5410,912,765.71,2221.26,-1455.55,-48.73,25.63,6.1,DOWN,80,42,2986.96,7.2,60.0,1.0,True,0,0.0,0,0.0,0.0,32.1,0.126,0.369,1.0,0.91,6713.9,12525.74,-5811.84,-30.21,34.9,10.4,DOWN,448,208,19239.64,58.6,300.0,1.0,True,0,0.0,0,0.0,0.0,65.9,0.54,0.571,1.0,0.982,33041.32,78113.04,-45071.72,-40.55,29.73,7.2,DOWN,2300,786,111154.37,215.3,900.0,1.0,True,2,4327.36,9,28493.03,-24165.67,84.7,0.812,0.761,1.0,0.994,282.39,18111.18,552.87,-0.43,7.87,1.0,-1029.98,-0.3384,-1056.54,-0.2746,-0.452,NONE,1789712779883,BUY,2019.72,0.41455736863711,1789713000000,ok,1.0,1.0,1.0,continuous,1,44,0,,0,0,0,0,False,454,0.4143,0.4144,2.413,-1.129,0.1603,0.4498,19911.64,14409.29,47.06,1789713095407,491,False,,FATIGUE_RESTED_1M|AGGRESSIVE_SELLER,,
2,v2,v1.2,REALF_PY_V4_2_DERIVED,ZPTDIFAT_PY_V1_4_DERIVED,fc-v1,native,,058e38aec59f4c35,20260918_062941,35,BULLA_20260918_063139_049,BULLAUSDT,BINANCE,FUTURES,OUTSIDE100,339,5000,1789713099049,2026-09-18T06:31:39.049+00:00,89,True,1789713098621,1789713099049,66.6,1789713060000,1789713119999,False,38.6,0.10152,-0.0591,51.2,FAIR (DENGE),True,500,52.4,49.3,51.5,50.0,0.00069,-0.2,-0.36,0.00553,0.444,0.12,0.3,55.0,3.3,YOK,3.0,0.78,0.10159057030930284,0.07,CLV_PROXY_1M,0,0.0,100.0,51.2,53.5,45.4,42.5,-2.3,5.8,8.7,0.00069,0.00048,-0.00724,-0.01008,52.13,51.54,56.85,53.36,0.59,-4.72,-1.23,53.43,53.67,500,native,52.13,NORMAL,53.43,53.67,True,300,67.8,BULL,BOS UP,MIX/HL,LH/LL,SQZ,71.7,True,True,499,17,36.2,1789712040000,LOW,0.10068,2.49,0.10206,1.6,3,0.100455,3.16,2,1,2,0.10206,0.100455,EQL_SWEEP,34,0.100455,False,False,0.3318,499,native,63.49,NORMAL,67.01,78.33,True,300,32.0,BULL,BOS UP,LH/LL,HH/HL,TR UP,86.6,True,True,498,35,89.1,1789706700000,LOW,0.096433,6.04,,,,0.0964015,6.08,2,0,2,0.10203,0.0964015,HIGH_SWEEP,21,0.10206,False,False,0.8321,499,native,52.29,NORMAL,57.07,60.33,True,300,50.3,BULL,BOS UP,LH/MIX,LH/LL,TR UP,64.5,True,True,498,21,22.3,1789706700000,LOW,0.09539,5.06,,,,0.10001,1.25,2,0,1,0.10233,0.10001,HIGH_SWEEP,19,0.10114,False,False,1.1969,499,native,74.86,YORGUN,69.19,76.33,True,300,74.6,BEAR,BOS DN,HH/HL,HH/HL,TR DN,88.7,True,True,498,64,27.4,1789655400000,HIGH,0.10999,3.61,0.109785,3.53,2,,,,1,0,0.109785,0.094,LOW_SWEEP,66,0.1007,False,False,2.3168,499,native,65.8,NORMAL,73.19,88.0,True,300,26.8,BULL,BOS UP,LH/LL,MIX/HL,RANGE,84.5,True,True,498,44,42.2,1789552800000,LOW,0.060024,6.38,,,,0.060025499999999996,6.38,2,0,1,0.121362,0.060025499999999996,HIGH_SWEEP,45,0.076341,False,False,6.4384,499,native,57.87,NORMAL,57.98,59.0,True,300,75.0,BULL,BOS UP,HH/MIX,HH/HL,EXP UP,78.0,True,True,498,11,96.7,1789545600000,LOW,0.0675,2.28,,,,0.0154205,5.77,2,0,1,0.139078,0.0154205,HIGH_SWEEP,52,0.085989,False,False,15.2143,1185,1181,1680.61,1572.27,108.34,3.33,51.67,56.8,UP,113,67,3252.88,5.9,60.0,1.0,True,0,0.0,0,0.0,0.0,30.3,0.106,0.378,1.0,0.98,10021.34,10358.42,-337.08,-1.65,49.17,46.6,FLAT,652,334,20379.76,41.8,300.0,1.0,True,0,0.0,0,0.0,0.0,61.9,0.455,0.577,1.0,0.996,41204.36,37661.1,3543.25,4.49,52.25,59.1,UP,2332,1181,78865.46,157.9,865.5,0.9617,False,1,5918.97,0,0.0,5918.97,80.7,0.759,0.724,0.962,0.999,-3507.71,-3287.41,,-17.64,-7.65,0.895,594.31,0.1033,-91.76,-0.0225,0.2334,NONE,1789712338186,BUY,5918.97,0.10147031944730167,1789713000000,ok,1.0,1.0,1.0,continuous,1,124,0,,0,0,0,0,False,488,0.10144,0.1015,5.913,1.358,0.0162,-0.1002,2684.18,2598.72,23.65,1789713098375,674,False,,,,
2,v2,v1.2,REALF_PY_V4_2_DERIVED,ZPTDIFAT_PY_V1_4_DERIVED,fc-v1,native,,058e38aec59f4c35,20260918_062941,36,OG_20260918_063142_650,OGUSDT,BINANCE,FUTURES,OUTSIDE100,523,500,1789713102650,2026-09-18T06:31:42.650+00:00,89,True,1789713101774,1789713102650,67.6,1789713060000,1789713119999,False,41.8,2.75,0.0,44.9,FAIR (DENGE),True,500,44.2,42.2,47.3,49.9,0.00309,-0.67,-0.66,0.00085,0.204,0.03,3.3,50.0,9.4,YOK,5.0,1.0,2.7585142144932995,0.31,CLV_PROXY_1M,0,0.0,100.0,44.9,41.2,43.2,44.9,3.7,1.7,0.0,0.00309,-7e-05,2e-05,-0.00013,39.75,43.67,53.45,57.74,-3.92,-13.7,-17.99,35.87,18.33,500,native,39.75,NORMAL,35.87,18.33,True,300,50.8,BULL,BOS UP,LH/MIX,EQ/RANGE,SQZ,72.9,True,True,499,21,66.1,1789711800000,LOW,2.747,1.28,,,,2.748,0.85,2,0,3,2.754,2.748,HIGH_SWEEP,56,2.76,False,False,0.0854,499,native,37.81,NORMAL,40.92,20.67,True,300,44.4,BULL,BOS UP,LH/MIX,MIX/HL,RANGE,75.1,True,True,498,31,46.9,1789707420000,LOW,2.739,2.17,,,,2.746,0.79,2,0,3,2.756,2.746,HIGH_SWEEP,50,2.746,False,False,0.1839,499,native,37.37,NORMAL,34.32,15.67,True,300,69.3,BULL,BOS UP,MIX/HL,LH/MIX,TR UP,74.6,True,True,498,16,39.4,1789708200000,LOW,2.732,2.68,,,,2.679,10.58,2,0,2,2.763,2.679,HIGH_SWEEP,18,2.759,False,False,0.244,499,native,60.28,NORMAL,53.63,48.33,True,300,86.3,BULL,BOS UP,HH/HL,HH/HL,TR UP,87.3,True,True,498,6,35.2,1789707600000,LOW,2.679,6.98,,,,2.6635,8.5,2,0,1,2.769,2.6635,HIGH_SWEEP,5,2.759,False,False,0.3699,499,native,90.37,ASIRI,87.68,93.67,True,300,74.4,BULL,BOS UP,MIX/HL,MIX/HL,RANGE,73.4,True,True,498,7,58.0,1789686000000,LOW,2.662,4.45,,,,2.6,7.59,2,0,1,2.7,2.6,HIGH_SWEEP,30,2.712,False,False,0.7193,499,native,78.7,YORGUN,87.43,92.67,True,300,75.1,BULL,BOS UP,MIX/HL,HH/HL,SQZ,73.2,True,True,498,1,52.4,1789689600000,LOW,2.61,3.16,2.9825,5.24,3,2.5975,3.44,2,2,2,2.9825,2.5975,EQH_SWEEP,87,2.9425,False,False,1.6159,24033,70,0.0,6.05,-6.05,-100.0,0.0,5.0,DOWN,1,1,6.05,1.0,60.0,1.0,True,0,0.0,0,0.0,0.0,0.0,0.02,0.0,1.0,0.599,155.24,701.79,-546.55,-63.77,18.11,5.3,DOWN,22,15,857.03,4.3,300.0,1.0,True,0,0.0,0,0.0,0.0,23.3,0.08,0.233,1.0,0.92,1726.9,776.85,950.05,37.95,68.97,92.2,UP,93,57,2503.75,9.9,900.0,1.0,True,1,1000.81,0,0.0,1000.81,35.5,0.166,0.35,1.0,0.973,-72.35,-46.54,431.36,-84.53,-4.22,1.0,22.89,0.6352,-130.41,-0.7608,-0.6036,UP,1789712258894,BUY,1000.81,2.7532643741403025,1789713000000,ok,1.0,1.0,1.0,continuous,1,1,0,,0,0,0,0,False,522,2.75,2.752,7.27,-0.184,0.2574,-0.1552,22286.2,13162.65,72.7,1789713095977,6673,True,,,,
2,v2,v1.2,REALF_PY_V4_2_DERIVED,ZPTDIFAT_PY_V1_4_DERIVED,fc-v1,native,,058e38aec59f4c35,20260918_062941,37,ZORA_20260918_063145_628,ZORAUSDT,BINANCE,FUTURES,OUTSIDE100,612,500,1789713105628,2026-09-18T06:31:45.628+00:00,89,True,1789713105408,1789713105628,68.0,1789713060000,1789713119999,False,45.4,0.007856,-0.0636,50.3,FAIR (DENGE),True,500,50.5,47.4,53.5,50.0,0.00124,-0.6,-0.88,0.00161,0.516,0.24,21.7,55.0,-21.4,YOK,6.1,0.164,0.00786576020184534,0.124,CLV_PROXY_1M,0,0.0,100.0,50.3,53.4,50.1,45.2,-3.1,0.2,5.1,0.00124,0.0006,-0.00034,-0.00104,34.5,36.17,42.21,43.97,-1.67,-7.71,-9.47,33.6,23.67,500,native,34.5,NORMAL,33.6,23.67,True,300,14.2,BEAR,BOS DN,LH/LL,LH/LL,RANGE,87.4,True,True,499,14,79.6,1789712220000,HIGH,0.007897,3.97,,,,0.007775499999999999,7.79,2,0,1,0.007876,0.007775499999999999,HIGH_SWEEP,21,0.007876,False,False,0.1315,499,native,46.72,NORMAL,41.32,32.33,True,300,82.9,TR-UP,CHOCH UP,HH/HL,HH/HL,TR-UP,85.2,True,True,498,9,65.3,1789711380000,LOW,0.007827,1.42,,,,,,,0,0,0.007897,0.007827,HIGH_SWEEP,5,0.007876,False,False,0.2608,499,native,50.66,NORMAL,45.88,39.67,True,300,74.3,BULL,BOS UP,HH/MIX,HH/HL,RANGE,74.0,True,True,498,6,63.8,1789711200000,LOW,0.007813,1.57,,,,,,,0,0,0.007897,0.007813,HIGH_SWEEP,3,0.007876,False,False,0.348,499,native,40.5,NORMAL,37.58,30.33,True,300,82.4,BULL,BOS UP,HH/HL,MIX/HL,TR UP,87.5,True,True,498,20,74.9,1789695000000,LOW,0.007527,6.23,,,,,,,0,0,0.00802,0.007813,LOW_SWEEP,24,0.007571,False,False,0.6729,499,native,78.16,YORGUN,69.71,81.0,True,300,73.8,BEAR,BOS DN,HH/HL,HH/MIX,TR DN,86.4,True,True,498,69,59.5,1789462800000,HIGH,0.007987,1.07,0.009008,9.43,2,0.007187,5.47,2,1,1,0.009008,0.007187,LOW_SWEEP,126,0.008102,False,False,1.5567,499,native,71.25,NORMAL,75.89,86.0,True,300,18.0,TR-DN,CHOCH DN,LH/LL,LH/LL,TR-DN,90.3,True,True,498,16,65.9,1789473600000,HIGH,0.008968,4.2,,,,0.0058755000000000005,7.48,2,0,2,0.008336,0.0058755000000000005,HIGH_SWEEP,29,0.008437,False,False,3.3227,24816,325,13.56,430.43,-416.87,-93.89,3.05,5.0,DOWN,20,14,443.99,5.9,60.0,1.0,True,0,0.0,0,0.0,0.0,22.4,0.106,0.162,1.0,0.586,432.33,5342.45,-4910.12,-85.03,7.49,5.0,DOWN,132,77,5774.78,8.7,300.0,1.0,True,0,0.0,3,2864.08,-2864.08,36.1,0.148,0.44,1.0,0.917,9284.5,18600.73,-9316.22,-33.41,33.3,9.1,DOWN,599,280,27885.23,62.1,900.0,1.0,True,3,3177.5,13,12902.37,-9724.87,67.9,0.554,0.611,1.0,0.972,-82.92,-140.44,2349.18,-15.19,-6.96,1.0,-1460.99,-0.7874,-1192.37,-1.0324,-0.2622,NONE,1789712927718,SELL,632.54,0.007858,1789713000000,ok,1.0,1.0,1.0,continuous,1,19,0,,0,0,0,0,False,556,0.007857,0.007858,1.273,0.557,-0.2997,0.3018,9479.5,17595.12,24.82,1789713105077,551,False,,,,
2,v2,v1.2,REALF_PY_V4_2_DERIVED,ZPTDIFAT_PY_V1_4_DERIVED,fc-v1,native,,058e38aec59f4c35,20260918_062941,38,TNSR_20260918_063148_433,TNSRUSDT,BINANCE,FUTURES,OUTSIDE100,738,200,1789713108433,2026-09-18T06:31:48.433+00:00,89,True,1789713108216,1789713108433,67.8,1789713060000,1789713119999,False,48.2,0.03516,0.0,54.2,FAIR (DENGE),True,500,56.9,48.0,57.5,51.3,0.00087,-0.24,-0.86,0.00155,0.573,0.55,31.7,45.0,-10.8,YOK,9.5,0.807,0.035190633709101235,0.087,CLV_PROXY_1M,0,0.0033,99.7,54.2,56.8,54.1,46.0,-2.6,0.1,8.2,0.00087,0.00072,0.00016,-0.00169,59.07,61.0,69.43,77.18,-1.93,-10.36,-18.11,54.38,55.0,500,native,59.07,NORMAL,54.38,55.0,True,300,74.9,BULL,BOS UP,HH/MIX,HH/HL,RANGE,70.6,True,True,499,1,45.0,1789713000000,LOW,0.03507,2.51,,,,0.03507,2.51,2,0,1,0.03515,0.03507,HIGH_SWEEP,3,0.03515,False,False,0.102,499,native,51.84,NORMAL,60.34,58.67,True,300,60.1,BULL,BOS UP,LH/MIX,LH/MIX,RANGE,67.3,True,True,498,3,70.7,1789712460000,LOW,0.03507,1.22,,,,0.03507,1.22,3,0,1,0.03517,0.03507,HIGH_SWEEP,1,0.03517,True,False,0.2091,499,native,44.54,NORMAL,56.37,54.33,True,300,58.7,BULL,BOS UP,MIX/HL,LH/MIX,TR UP,68.0,True,True,498,41,51.5,1789700700000,LOW,0.03481,3.48,,,,0.03454,6.17,2,0,2,0.03536,0.03454,HIGH_SWEEP,46,0.03498,False,False,0.2858,499,native,39.52,NORMAL,38.91,36.0,True,300,84.3,BULL,BOS UP,HH/HL,MIX/HL,RANGE,93.4,True,True,498,19,59.8,1789695900000,LOW,0.03454,3.43,,,,0.034375,4.34,2,0,1,0.03583,0.034375,HIGH_SWEEP,16,0.03497,False,False,0.5142,499,native,74.67,YORGUN,60.33,69.0,True,300,74.8,BULL,BOS UP,MIX/HL,MIX/HL,TR UP,73.8,True,True,498,5,52.8,1789693200000,LOW,0.03405,2.83,,,,,,,0,0,0.03497,0.03438,LOW_SWEEP,36,0.03304,False,False,1.1171,499,native,78.24,YORGUN,77.91,87.33,True,300,76.4,BULL,BOS UP,HH/MIX,HH/HL,RANGE,71.9,True,True,498,1,56.6,1789689600000,LOW,0.03258,3.32,0.037065,2.45,2,0.029225,7.64,2,1,1,0.037065,0.029225,EQH_SWEEP,59,0.037065,False,False,2.178,10796,143,219.89,31.67,188.22,74.82,87.41,94.9,UP,17,7,251.55,2.8,60.0,1.0,True,0,0.0,0,0.0,0.0,15.2,0.053,0.1,1.0,0.82,746.7,2078.8,-1332.1,-47.15,26.43,6.2,DOWN,79,43,2825.5,7.5,300.0,1.0,True,0,0.0,3,1686.25,-1686.25,32.5,0.13,0.363,1.0,0.964,3733.74,3896.71,-162.98,-2.14,48.93,45.6,FLAT,233,128,7630.45,28.3,900.0,1.0,True,5,2237.92,5,2440.04,-202.12,53.0,0.362,0.471,1.0,0.988,90.11,368.29,265.43,22.4,6.78,1.0,135.88,0.5724,-328.03,-0.5805,-0.7263,UP,1789712927389,SELL,302.01,0.03515,1789713000000,ok,1.0,1.0,1.0,continuous,1,7,0,,0,0,0,0,False,590,0.03514,0.03516,5.69,1.535,-0.0654,0.0784,16344.13,18632.05,56.9,1789713104807,3626,False,,,,
2,v2,v1.2,REALF_PY_V4_2_DERIVED,ZPTDIFAT_PY_V1_4_DERIVED,fc-v1,native,,058e38aec59f4c35,20260918_062941,39,VELVET_20260918_063151_024,VELVETUSDT,BINANCE,FUTURES,OUTSIDE100,761,200,1789713111024,2026-09-18T06:31:51.024+00:00,89,True,1789713111024,1789713111024,67.2,1789713060000,1789713119999,False,51.0,0.05574,0.2338,58.8,PRICE AHEAD,True,500,59.2,60.8,57.2,55.1,-0.00574,0.5,0.38,0.00228,0.432,0.9,68.3,75.0,-26.2,YOK,3.6,1.0,0.055420790749958454,-0.573,CLV_PROXY_1M,0,0.0,100.0,58.8,53.6,54.6,62.8,5.2,4.2,-4.0,-0.00574,-0.00021,-0.00059,0.00035,28.87,24.79,29.85,44.27,4.08,-0.98,-15.4,39.01,37.0,500,native,28.87,DINLENMIS,39.01,37.0,True,300,60.1,TR-DN,CHOCH DN,HH/HL,HH/MIX,TR-DN,89.2,True,True,499,5,60.6,1789712760000,HIGH,0.05615,3.15,0.056855,8.57,2,0.055404999999999996,2.58,2,1,1,0.056855,0.055404999999999996,EQL_SWEEP,59,0.055625,False,False,0.2339,499,native,51.69,NORMAL,50.09,52.33,True,300,49.3,BEAR,BOS DN,MIX/HL,HH/HL,RANGE,72.6,True,True,498,21,40.9,1789709220000,HIGH,0.05649,3.03,,,,,,,0,0,0.05607,0.05556,LOW_SWEEP,1,0.05556,True,False,0.4451,499,native,43.52,NORMAL,46.93,42.0,True,300,16.9,BEAR,BOS DN,LH/LL,MIX/HL,RANGE,83.3,True,True,498,13,49.3,1789709100000,HIGH,0.05671,3.07,,,,0.0515,13.43,2,0,1,0.05649,0.0515,HIGH_SWEEP,25,0.05618,False,False,0.5674,499,native,34.34,NORMAL,37.63,30.67,True,300,85.4,BULL,BOS UP,HH/HL,HH/MIX,RANGE,84.2,True,True,498,8,44.5,1789705800000,LOW,0.05548,0.46,,,,0.0515,7.46,3,0,1,0.05671,0.0515,HIGH_SWEEP,7,0.05649,False,False,1.0214,499,native,34.52,NORMAL,29.82,29.67,True,300,70.4,BULL,BOS UP,HH/MIX,LH/LL,TR UP,75.1,True,True,498,14,40.8,1789660800000,LOW,0.0494,4.76,,,,,,,0,0,0.06014,0.0494,HIGH_SWEEP,13,0.05886,False,False,2.3885,499,native,78.97,YORGUN,67.11,85.0,True,300,48.0,BEAR,BOS DN,MIX/HL,HH/HL,TR DN,65.7,True,True,498,16,34.6,1789473600000,HIGH,0.0633,2.95,,,,,,,0,0,0.0536,0.0494,HIGH_SWEEP,6,0.0536,False,False,4.6002,1282,806,3804.49,1037.75,2766.74,57.14,78.57,94.5,UP,131,82,4842.24,6.0,60.0,1.0,True,5,3493.35,1,559.91,2933.45,31.5,0.107,0.421,1.0,0.979,7249.68,10840.38,-3590.71,-19.85,40.08,17.7,DOWN,580,335,18090.06,33.3,300.0,1.0,True,8,5287.42,9,9073.71,-3786.29,58.4,0.4,0.564,1.0,0.996,47673.01,28368.3,19304.71,25.39,62.69,86.9,UP,1560,770,76041.31,43.9,900.0,1.0,True,28,42805.46,25,20573.8,22231.66,66.9,0.468,0.72,1.0,0.999,2222.59,4569.03,3793.73,7.38,14.24,1.0,915.86,0.4029,-1060.68,-0.2932,-0.5012,UP,1789713095280,BUY,1735.65,0.05571,1789713000000,ok,1.0,1.0,1.0,continuous,1,85,0,,0,0,0,0,False,624,0.05573,0.05574,1.794,-0.699,0.0576,-0.3905,12475.45,11116.43,34.99,1789713110289,735,False,,FATIGUE_RESTED_1M|AGGRESSIVE_BUYER,,
2,v2,v1.2,REALF_PY_V4_2_DERIVED,ZPTDIFAT_PY_V1_4_DERIVED,fc-v1,native,,058e38aec59f4c35,20260918_062941,40,ZKC_20260918_063153_618,ZKCUSDT,BINANCE,FUTURES,OUTSIDE100,1142,200,1789713113618,2026-09-18T06:31:53.618+00:00,89,True,1789713113618,1789713113618,66.6,1789713060000,1789713119999,False,53.6,0.03834,0.0,48.9,FAIR (DENGE),True,500,48.4,46.9,52.2,49.9,0.00163,-0.51,-0.88,0.00155,0.438,0.13,3.3,35.0,11.0,YOK,5.3,0.543,0.038402731886975384,0.164,CLV_PROXY_1M,0,0.0,100.0,48.9,48.9,47.1,37.2,0.0,1.8,11.7,0.00163,-0.00025,-0.00095,-0.00117,23.27,24.37,35.7,44.34,-1.1,-12.43,-21.07,22.57,16.33,500,native,23.27,DINLENMIS,22.57,16.33,True,300,58.4,BULL,BOS UP,MIX/HL,HH/MIX,SQZ,71.1,True,True,499,38,38.3,1789710780000,LOW,0.03831,0.56,,,,,,,0,0,0.03847,0.03835,LOW_SWEEP,39,0.03836,False,False,0.1403,499,native,29.7,DINLENMIS,23.07,14.0,True,300,33.0,BULL,BOS UP,LH/LL,LH/LL,RANGE,84.8,True,True,498,31,58.8,1789707420000,LOW,0.03801,3.44,,,,0.03749,8.86,2,0,1,0.03855,0.03749,HIGH_SWEEP,29,0.03865,False,False,0.2504,499,native,31.85,NORMAL,29.18,19.67,True,300,68.5,BULL,BOS UP,MIX/HL,LH/LL,RANGE,74.3,True,True,498,19,50.4,1789707300000,LOW,0.03801,2.41,,,,,,,0,0,0.03855,0.03831,HIGH_SWEEP,18,0.03869,False,False,0.357,499,native,46.01,NORMAL,37.93,35.67,True,300,88.3,BULL,BOS UP,HH/HL,HH/HL,RANGE,90.3,True,True,498,7,52.3,1789706700000,LOW,0.03789,1.67,0.049025,39.6,2,0.037065,4.73,2,1,1,0.049025,0.037065,LOW_SWEEP,152,0.03752,False,False,0.7041,499,native,73.26,YORGUN,62.82,72.0,True,300,58.0,BEAR,BOS DN,MIX/HL,HH/HL,TR DN,64.1,True,True,498,53,61.2,1789520400000,HIGH,0.04772,16.74,0.05792,34.95,2,,,,1,0,0.05792,0.03718,EQH_SWEEP,6,0.03827,False,False,1.4589,499,native,43.65,NORMAL,50.77,57.67,True,300,15.6,BEAR,BOS DN,LH/LL,LH/MIX,TR DN,90.7,True,True,498,18,73.5,1789444800000,HIGH,0.04904,8.5,,,,0.036074999999999996,1.8,2,0,1,0.03878,0.036074999999999996,HIGH_SWEEP,1,0.03878,True,False,3.2744,5718,346,21.71,220.65,-198.94,-82.09,8.96,5.1,DOWN,9,8,242.35,3.1,60.0,1.0,True,0,0.0,0,0.0,0.0,15.8,0.059,0.096,1.0,0.905,7775.93,5809.7,1966.23,14.47,57.24,76.0,UP,278,102,13585.62,29.0,300.0,1.0,True,7,6656.91,7,4644.16,2012.75,55.3,0.367,0.533,1.0,0.981,12316.16,17879.49,-5563.33,-18.42,40.79,19.2,DOWN,599,300,30195.65,14.6,900.0,1.0,True,11,8470.47,11,13900.6,-5430.12,47.8,0.226,0.62,1.0,0.994,-619.85,-219.29,-396.67,-55.24,-0.57,1.0,96.8,0.0442,118.76,0.0437,0.3698,NONE,1789713040073,BUY,518.76,0.03833,1789713000000,ok,1.0,1.0,1.0,continuous,1,9,0,,0,0,0,0,False,658,0.03834,0.03835,2.608,0.704,-0.0232,0.1804,19709.47,20646.18,50.85,1789713113344,274,False,,FATIGUE_RESTED_1M,,
2,v2,v1.2,REALF_PY_V4_2_DERIVED,ZPTDIFAT_PY_V1_4_DERIVED,fc-v1,native,,058e38aec59f4c35,20260918_062941,41,ETH_20260918_063159_418,ETHUSDT,BINANCE,FUTURES,TOP100,2,75000,1789713119418,2026-09-18T06:31:59.418+00:00,89,True,1789713119207,1789713119418,65.9,1789713060000,1789713119999,False,59.2,2483.14,-0.0346,56.6,FAIR (DENGE),True,500,59.2,51.8,59.5,51.4,-0.00051,-0.5,-1.08,0.00132,0.702,0.48,15.0,60.0,-12.1,YOK,7.7,1.0,2481.869994078748,-0.051,CLV_PROXY_1M,0,0.0,100.0,56.6,56.8,59.5,52.7,-0.2,-2.9,3.9,-0.00051,-5e-05,-0.00021,-0.00101,39.05,41.89,53.18,62.58,-2.84,-14.13,-23.53,36.01,24.0,500,native,39.05,NORMAL,36.01,24.0,True,300,86.2,BULL,BOS UP,HH/HL,HH/MIX,RANGE,84.0,True,True,499,9,63.9,1789712520000,LOW,2481.26,1.02,,,,2469.0299999999997,7.67,2,0,2,2486.88,2469.0299999999997,HIGH_SWEEP,8,2486.11,False,False,0.074,499,native,53.81,NORMAL,51.12,47.33,True,300,31.7,BULL,BOS UP,LH/LL,MIX/HL,RANGE,90.5,True,True,498,32,76.1,1789707240000,LOW,2469.0,3.78,,,,,,,0,0,2486.49,2477.52,HIGH_SWEEP,3,2486.49,False,False,0.1507,499,native,49.2,NORMAL,47.85,42.33,True,300,85.2,BULL,BOS UP,HH/HL,LH/LL,TR UP,91.8,True,True,498,16,61.2,1789708200000,LOW,2469.0,2.8,,,,2365.835,23.21,2,0,1,2492.55,2365.835,HIGH_SWEEP,17,2482.2,False,False,0.2036,499,native,65.21,NORMAL,59.35,60.33,True,300,73.3,BULL,BOS UP,HH/MIX,HH/HL,TR UP,74.1,True,True,498,6,39.9,1789707600000,LOW,2435.39,5.85,,,,2435.74,5.8,2,0,1,2492.55,2435.74,HIGH_SWEEP,5,2484.99,False,False,0.3292,499,native,79.41,YORGUN,86.24,95.67,True,300,73.3,BEAR,BOS DN,HH/HL,HH/MIX,TR DN,84.8,True,True,498,65,44.7,1789477200000,HIGH,2614.99,7.72,,,,,,,0,0,2484.0,2435.39,HIGH_SWEEP,1,2484.0,True,True,0.6888,499,native,65.48,NORMAL,76.52,87.67,True,300,51.7,TR-DN,CHOCH DN,MIX/HL,MIX/HL,TR-DN,70.6,True,True,498,14,32.7,1789502400000,HIGH,2614.99,3.31,,,,1862.655,15.56,2,0,2,2614.99,1862.655,HIGH_SWEEP,38,2522.75,False,False,1.6086,543,2371,577041.33,1443910.72,-866869.39,-42.89,28.55,6.8,DOWN,2247,544,2020952.05,18.8,60.0,1.0,True,0,0.0,5,932755.29,-932755.29,59.5,0.273,1.0,1.0,0.991,4470804.94,12443481.64,-7972676.7,-47.14,26.43,6.2,DOWN,10409,2371,16914286.58,113.8,200.9,0.6697,False,12,2200369.39,35,9557416.11,-7357046.72,79.8,0.695,1.0,0.67,0.998,4470804.94,12443481.64,-7972676.7,-47.14,26.43,6.2,DOWN,10409,2371,16914286.58,113.8,200.9,0.2232,False,12,2200369.39,35,9557416.11,-7357046.72,64.0,0.695,1.0,0.223,0.999,785728.47,,,-2.18,,0.1566,-1617681.05,-0.4157,,,,,1789713081827,SELL,150709.39,2483.5929700734973,1789713000000,ok,1.0019,1.0011,1.0058,continuous,1,557,0,,0,0,0,0,False,692,2483.0,2483.01,0.04,-0.018,-0.9243,-0.9207,47995.9,1219565.86,0.79,1789713118988,430,False,,AGGRESSIVE_SELLER,,
2,v2,v1.2,REALF_PY_V4_2_DERIVED,ZPTDIFAT_PY_V1_4_DERIVED,fc-v1,native,,058e38aec59f4c35,20260918_062941,42,BNB_20260918_063202_446,BNBUSDT,BINANCE,FUTURES,TOP100,4,25000,1789713122446,2026-09-18T06:32:02.446+00:00,89,True,1789713122016,1789713122446,65.5,1789713060000,1789713119999,True,62.0,753.05,-0.0319,49.9,FAIR (DENGE),True,500,50.9,44.7,53.8,49.9,0.00128,-0.72,-1.14,0.00102,0.755,1.0,35.3,55.0,-16.4,YOK,9.1,0.055,754.0155978076948,0.128,CLV_PROXY_1M,0,0.0,100.0,49.9,48.7,44.8,46.7,1.2,5.1,3.2,0.00128,-0.00036,-0.00086,-0.00083,20.25,22.74,29.38,34.52,-2.49,-9.13,-14.27,18.07,6.0,500,native,20.25,DINLENMIS,18.07,6.0,True,300,41.0,BEAR,BOS DN,HH/MIX,HH/MIX,SQZ,72.1,True,True,499,2,52.5,1789712940000,HIGH,754.74,3.54,,,,735.76,36.24,2,0,1,754.74,735.76,HIGH_SWEEP,9,754.62,False,False,0.0633,499,native,36.93,NORMAL,30.28,10.67,True,300,73.2,BULL,BOS UP,HH/MIX,LH/LL,RANGE,74.2,True,True,498,9,53.9,1789711380000,LOW,751.67,1.34,,,,733.985,18.51,2,0,2,755.98,733.985,HIGH_SWEEP,24,753.4,False,False,0.1368,499,native,47.47,NORMAL,43.13,28.67,True,300,71.9,BULL,BOS UP,HH/MIX,HH/MIX,TR UP,80.5,True,True,498,16,50.9,1789708200000,LOW,749.39,2.42,,,,751.405,1.09,2,0,2,755.98,751.405,HIGH_SWEEP,5,755.08,False,False,0.2005,499,native,55.7,NORMAL,54.54,41.33,True,300,78.6,BULL,BOS UP,HH/HL,HH/HL,TR UP,91.5,True,True,498,29,31.8,1789686900000,LOW,733.95,7.45,,,,,,,0,0,754.71,733.95,HIGH_SWEEP,5,754.71,False,False,0.3404,499,native,93.88,ASIRI,89.99,94.67,True,300,72.9,BULL,BOS UP,HH/MIX,HH/MIX,TR UP,76.1,True,True,498,10,47.2,1789675200000,LOW,721.24,6.92,,,,,,,0,0,732.95,721.24,HIGH_SWEEP,18,729.58,False,False,0.6104,499,native,88.85,ASIRI,95.76,95.33,True,300,40.4,BULL,BOS UP,LH/LL,HH/HL,RANGE,86.1,True,True,498,4,31.3,1789646400000,LOW,704.34,5.18,,,,,,,0,0,725.94,704.34,HIGH_SWEEP,6,725.94,False,False,1.2519,387,1328,113052.57,164560.43,-51507.85,-18.55,40.72,19.1,DOWN,852,134,277613.0,14.9,60.0,1.0,True,1,75304.98,1,29135.71,46169.27,53.0,0.229,0.861,1.0,0.994,303117.4,851137.31,-548019.91,-47.48,26.26,6.2,DOWN,4272,697,1154254.71,86.1,300.0,1.0,True,2,104495.17,7,276674.9,-172179.73,83.2,0.633,1.0,1.0,0.999,451781.37,1411814.22,-960032.85,-51.52,24.24,5.8,DOWN,7033,1328,1863595.59,152.6,532.2,0.5914,False,2,104495.17,12,426070.9,-321575.73,80.4,0.753,1.0,0.591,1.0,-18781.57,-2886.57,,-0.66,3.62,0.5247,-54021.81,-0.2746,-116635.47,-0.5052,-0.5967,NONE,1789713115693,BUY,75304.98,753.049764,1789713000000,ok,1.0,1.0,1.0,continuous,1,141,0,,0,0,0,0,False,34,752.99,753.0,0.133,-0.057,-0.2623,-0.8858,73376.15,125564.94,2.59,1789713121787,659,False,,FATIGUE_RESTED_1M,,
2,v2,v1.2,REALF_PY_V4_2_DERIVED,ZPTDIFAT_PY_V1_4_DERIVED,fc-v1,native,,058e38aec59f4c35,20260918_062941,43,XRP_20260918_063205_063,XRPUSDT,BINANCE,FUTURES,TOP100,5,25000,1789713125063,2026-09-18T06:32:05.063+00:00,89,True,1789713125063,1789713125063,65.0,1789713060000,1789713119999,True,65.1,1.321,-0.0378,52.7,FAIR (DENGE),True,500,53.3,53.7,51.4,50.1,-0.00162,-0.43,-0.57,0.00161,0.728,0.2,1.7,35.0,-0.3,YOK,2.3,1.0,1.3188573910000756,-0.162,CLV_PROXY_1M,0,0.0,100.0,52.7,53.5,54.6,52.2,-0.8,-1.9,0.5,-0.00162,0.00013,0.0,-6e-05,57.62,60.95,68.45,71.21,-3.33,-10.83,-13.59,50.8,47.67,500,native,57.62,NORMAL,50.8,47.67,True,300,58.3,BEAR,BOS DN,MIX/HL,HH/HL,SQZ,67.0,True,True,499,46,52.6,1789710300000,HIGH,1.3237,1.93,,,,1.3032,12.71,2,0,2,1.322,1.3032,HIGH_SWEEP,8,1.322,False,False,0.106,499,native,63.04,NORMAL,64.97,69.0,True,300,30.6,BULL,BOS UP,LH/LL,MIX/HL,RANGE,90.5,True,True,498,32,58.0,1789707240000,LOW,1.3133,2.89,,,,,,,0,0,1.3228,1.3164,HIGH_SWEEP,1,1.3228,True,False,0.2044,499,native,51.51,NORMAL,58.36,59.0,True,300,62.0,BULL,BOS UP,MIX/HL,LH/LL,RANGE,74.0,True,True,498,33,67.7,1789703100000,LOW,1.3045,4.66,,,,,,,0,0,1.3228,1.3164,HIGH_SWEEP,1,1.3228,True,False,0.2699,499,native,56.75,NORMAL,54.23,57.67,True,300,76.7,TR-UP,CHOCH UP,HH/HL,MIX/HL,TR-UP,84.3,True,True,498,22,25.8,1789693200000,LOW,1.2867,6.11,,,,,,,0,0,1.3286,1.3133,HIGH_SWEEP,23,1.3002,False,False,0.4261,499,native,80.42,YORGUN,79.0,92.0,True,300,74.1,TR-UP,CHOCH UP,HH/MIX,HH/MIX,TR-UP,74.3,True,True,498,3,82.2,1789700400000,LOW,1.2867,2.84,,,,,,,0,0,1.3201,1.2867,HIGH_SWEEP,1,1.3201,True,False,0.9194,499,native,49.48,NORMAL,58.22,74.67,True,300,47.1,TR-DN,CHOCH DN,HH/MIX,MIX/LL,TR-DN,75.8,True,True,498,15,73.1,1789488000000,HIGH,1.4916,5.36,1.5507,7.22,2,0.98775,10.48,2,1,1,1.5507,0.98775,EQH_SWEEP,57,1.43175,False,False,2.3989,117,1298,66506.6,81683.96,-15177.36,-10.24,44.88,30.4,DOWN,817,126,148190.56,19.3,60.0,1.0,True,0,0.0,0,0.0,0.0,55.9,0.278,0.793,1.0,0.998,1297687.89,1766174.12,-468486.23,-15.29,42.35,22.9,DOWN,6442,725,3063862.02,97.3,300.0,1.0,True,15,739813.08,17,1107185.61,-367372.53,84.7,0.66,1.0,1.0,1.0,2592891.18,2743507.86,-150616.68,-2.82,48.59,44.3,FLAT,11125,1298,5336399.04,168.3,516.3,0.5737,False,28,1517102.26,27,1570322.36,-53220.1,80.6,0.771,1.0,0.574,1.0,2055.65,82658.04,,-1.06,0.59,0.5071,21621.31,0.0823,-112936.9,-0.1843,-0.2009,UP,1789713033631,BUY,30770.85,1.321,1789713000000,ok,1.0,1.0,1.0,continuous,1,133,0,,0,0,0,0,False,68,1.3209,1.321,0.757,-0.223,0.0776,-0.3555,1182249.36,1012036.84,14.76,1789713124849,214,False,,,,
2,v2,v1.2,REALF_PY_V4_2_DERIVED,ZPTDIFAT_PY_V1_4_DERIVED,fc-v1,native,,058e38aec59f4c35,20260918_062941,44,DOGE_20260918_063207_664,DOGEUSDT,BINANCE,FUTURES,TOP100,12,15000,1789713127664,2026-09-18T06:32:07.664+00:00,89,True,1789713127648,1789713127664,64.4,1789713120000,1789713179999,False,7.6,0.08423,-0.0119,52.7,FAIR (DENGE),True,500,53.6,50.6,54.3,50.0,-0.00021,-0.9,-1.15,0.00145,0.647,0.01,0.3,55.0,-16.0,YOK,3.7,1.0,0.08421210638999078,-0.021,CLV_PROXY_1M,0,0.0,100.0,52.7,53.6,57.1,51.8,-0.9,-4.4,0.9,-0.00021,0.00013,0.00038,-0.00044,34.09,35.87,42.4,59.66,-1.78,-8.31,-25.57,34.9,18.33,500,native,34.09,NORMAL,34.9,18.33,True,300,29.5,BEAR,BOS DN,MIX/LL,HH/MIX,SQZ,75.8,True,True,499,14,38.7,1789712280000,HIGH,0.08443,2.55,0.084395,2.1,2,0.08135,36.66,2,1,1,0.084395,0.08135,EQL_SWEEP,48,0.08419499999999999,False,False,0.0933,499,native,47.08,NORMAL,44.43,36.33,True,300,45.0,BULL,BOS UP,MIX/LL,MIX/HL,RANGE,73.8,True,True,498,31,48.5,1789707420000,LOW,0.08373,3.08,0.08449000000000001,1.6,2,,,,1,0,0.08449000000000001,0.08404,LOW_SWEEP,10,0.08419,False,False,0.1926,499,native,40.02,NORMAL,38.5,29.33,True,300,63.8,BULL,BOS UP,MIX/HL,MIX/LL,TR UP,80.0,True,True,498,33,93.1,1789703100000,LOW,0.08223,8.72,,,,0.07986,19.05,2,0,1,0.08448,0.07986,HIGH_SWEEP,17,0.08459,False,False,0.2724,499,native,60.22,NORMAL,54.19,55.67,True,300,79.8,BULL,BOS UP,HH/HL,HH/HL,TR UP,84.7,True,True,498,21,43.6,1789694100000,LOW,0.08114,8.57,,,,0.080555,10.19,2,0,1,0.08469,0.080555,HIGH_SWEEP,64,0.08179,False,False,0.4296,499,native,88.88,ASIRI,84.93,96.67,True,300,89.8,BULL,BOS UP,HH/HL,LH/LL,TR UP,90.7,True,True,498,4,51.5,1789696800000,LOW,0.08114,4.28,,,,,,,0,0,0.08253,0.08114,HIGH_SWEEP,21,0.08134,False,False,0.8609,499,native,72.86,YORGUN,85.69,92.33,True,300,47.5,BEAR,BOS DN,HH/MIX,LH/MIX,TR DN,73.2,True,True,498,16,26.7,1789473600000,HIGH,0.08616,1.26,,,,0.07835,3.85,2,0,1,0.08616,0.07835,HIGH_SWEEP,20,0.08534,False,False,1.8093,2589,1176,73877.71,27918.0,45959.71,45.15,72.57,93.5,UP,644,75,101795.71,7.9,60.0,1.0,True,2,44459.13,0,0.0,44459.13,41.1,0.136,0.752,1.0,0.957,631972.41,951873.71,-319901.3,-20.2,39.9,17.4,DOWN,3712,399,1583846.12,59.0,300.0,1.0,True,12,363693.38,15,648776.02,-285082.64,78.2,0.541,1.0,1.0,0.991,956929.3,1375277.87,-418348.57,-17.94,41.03,19.7,DOWN,7116,1176,2332207.17,100.6,560.5,0.6228,False,16,469399.9,27,907567.44,-438167.54,77.4,0.668,1.0,0.623,0.997,102470.26,41509.07,,35.52,1.49,0.5561,-8617.85,-0.0499,-83821.27,-0.2646,-0.2198,NONE,1789713104851,BUY,24560.62,0.08428,1789713000000,ok,1.0,1.0,1.0,continuous,1,79,0,,0,0,0,0,False,102,0.08423,0.08424,1.187,-0.313,0.3387,-0.1244,1555872.1,768647.35,23.15,1789713127445,219,False,,AGGRESSIVE_BUYER,,
2,v2,v1.2,REALF_PY_V4_2_DERIVED,ZPTDIFAT_PY_V1_4_DERIVED,fc-v1,native,,058e38aec59f4c35,20260918_062941,45,LINK_20260918_063210_706,LINKUSDT,BINANCE,FUTURES,TOP100,17,10000,1789713130706,2026-09-18T06:32:10.706+00:00,89,True,1789713130275,1789713130706,64.3,1789713120000,1789713179999,False,10.3,11.79,-0.0254,49.2,FAIR (DENGE),True,500,48.8,48.8,50.0,50.0,0.0005,-0.54,-0.72,0.00192,0.681,0.06,0.3,55.0,5.6,YOK,1.2,0.991,11.79586550825574,0.05,CLV_PROXY_1M,0,0.0,100.0,49.2,50.9,48.7,46.7,-1.7,0.5,2.5,0.0005,0.00015,-0.00078,-0.00022,60.86,62.26,67.0,79.47,-1.4,-6.14,-18.61,59.28,53.67,500,native,60.86,NORMAL,59.28,53.67,True,300,88.3,BULL,BOS UP,HH/HL,HH/HL,RANGE,92.2,True,True,499,10,60.8,1789712520000,LOW,11.74,3.31,,,,11.377500000000001,27.3,2,0,1,11.811,11.377500000000001,HIGH_SWEEP,15,11.779,False,False,0.1281,499,native,72.42,YORGUN,75.15,78.33,True,300,46.7,BULL,BOS UP,LH/LL,EQ/RANGE,RANGE,88.3,True,True,498,3,67.9,1789712460000,LOW,11.705,2.83,,,,,,,0,0,11.776,11.705,HIGH_SWEEP,8,11.776,False,False,0.2547,499,native,62.51,NORMAL,74.1,73.33,True,300,63.0,BULL,BOS UP,HH/MIX,LH/LL,TR UP,76.9,True,True,498,33,57.9,1789703100000,LOW,11.337,11.09,,,,,,,0,0,11.817,11.705,HIGH_SWEEP,19,11.802,False,False,0.3468,499,native,63.16,NORMAL,63.65,66.33,True,300,77.6,BULL,BOS UP,HH/HL,HH/HL,TR UP,87.9,True,True,498,29,54.8,1789686900000,LOW,11.25,8.45,,,,11.0905,10.94,2,0,1,11.817,11.0905,HIGH_SWEEP,64,11.34,False,False,0.544,499,native,90.18,ASIRI,86.89,94.33,True,300,83.3,TR-UP,CHOCH UP,HH/HL,MIX/LL,TR-UP,86.0,True,True,498,5,51.0,1789693200000,LOW,11.089,5.82,12.7855,8.25,2,,,,1,0,12.7855,11.25,LOW_SWEEP,37,10.67,False,False,1.0287,499,native,75.54,YORGUN,87.94,90.67,True,300,17.7,BEAR,BOS DN,LH/LL,HH/MIX,RANGE,86.2,True,True,498,15,24.8,1789488000000,HIGH,11.961,0.68,,,,8.062,14.87,2,0,1,11.961,8.062,EQH_SWEEP,83,12.035499999999999,False,False,2.133,2299,1137,19873.49,14755.75,5117.74,14.78,57.39,76.4,UP,236,48,34629.24,13.7,60.0,1.0,True,0,0.0,0,0.0,0.0,47.0,0.215,0.635,1.0,0.962,186903.27,274648.92,-87745.64,-19.01,40.49,18.6,DOWN,1872,346,461552.19,73.1,300.0,1.0,True,1,21099.78,6,124436.35,-103336.57,79.0,0.594,0.916,1.0,0.992,1078149.67,867796.58,210353.09,10.81,55.4,70.5,UP,6235,1137,1945946.26,235.2,891.2,0.9902,False,18,520821.22,15,307246.72,213574.49,92.4,0.825,1.0,0.99,0.997,-5319.97,18803.39,,-3.78,0.94,0.9235,1702.87,0.0409,-20471.59,-0.2218,-0.2255,UP,1789712942346,BUY,21099.78,11.78607185110293,1789713060000,ok,1.0,1.0,1.0,continuous,1,51,0,,0,0,0,0,False,136,11.79,11.791,0.848,-0.181,-0.0814,-0.057,161477.08,190088.84,16.54,1789713130060,646,False,,,,
2,v2,v1.2,REALF_PY_V4_2_DERIVED,ZPTDIFAT_PY_V1_4_DERIVED,fc-v1,native,,058e38aec59f4c35,20260918_062941,46,ADA_20260918_063213_740,ADAUSDT,BINANCE,FUTURES,TOP100,19,10000,1789713133740,2026-09-18T06:32:13.740+00:00,89,True,1789713133298,1789713133740,64.4,1789713120000,1789713179999,False,13.3,0.2136,0.0468,55.6,FAIR (DENGE),True,500,60.1,43.9,62.7,50.0,0.0026,-0.2,-0.97,0.00176,0.633,0.01,0.3,50.0,-13.8,YOK,18.8,0.646,0.21415648532964005,0.261,CLV_PROXY_1M,0,0.0,100.0,55.6,54.7,53.3,50.3,0.9,2.3,5.3,0.0026,-0.00054,-0.00081,-0.00234,59.2,58.46,60.07,64.57,0.74,-0.87,-5.37,63.33,55.33,500,native,59.2,NORMAL,63.33,55.33,True,300,79.5,TR-UP,CHOCH UP,HH/HL,EQ/RANGE,SQZ,86.1,True,True,499,17,50.5,1789712100000,LOW,0.2126,3.41,0.2151,5.12,2,,,,1,0,0.2151,0.213,LOW_SWEEP,73,0.2138,False,False,0.1372,499,native,71.47,NORMAL,77.66,79.0,True,300,20.2,BEAR,BOS DN,LH/LL,HH/HL,RANGE,86.5,True,True,498,24,70.8,1789708680000,HIGH,0.2173,6.45,,,,,,,0,0,0.2151,0.2121,LOW_SWEEP,44,0.2143,False,False,0.2689,499,native,49.68,NORMAL,62.26,62.0,True,300,19.5,TR-DN,CHOCH DN,LH/LL,LH/LL,TR-DN,85.4,True,True,498,8,28.1,1789710600000,HIGH,0.2151,1.92,,,,0.1903,29.78,3,0,1,0.2151,0.1903,HIGH_SWEEP,32,0.2159,False,False,0.3664,499,native,45.33,NORMAL,44.03,39.0,True,300,66.8,BULL,BOS UP,MIX/HL,LH/LL,TR UP,78.2,True,True,498,26,55.4,1789689600000,LOW,0.1997,9.05,0.21739999999999998,2.48,2,0.1972,10.68,2,1,2,0.21739999999999998,0.1972,HIGH_SWEEP,27,0.2027,False,False,0.7191,499,native,86.09,ASIRI,76.3,88.67,True,300,87.0,BULL,BOS UP,HH/HL,HH/HL,EXP UP,84.6,True,True,498,6,53.5,1789689600000,LOW,0.1901,7.58,,,,,,,0,0,0.2042,0.1997,EQH_SWEEP,29,0.19690000000000002,False,False,1.4575,499,native,75.76,YORGUN,88.18,90.0,True,300,41.5,TR-UP,CHOCH UP,LH/LL,LH/LL,TR-UP,84.5,True,True,498,1,52.5,1789689600000,LOW,0.1901,4.32,,,,,,,0,0,0.2159,0.1901,LOW_SWEEP,52,0.2148,False,True,2.5151,426,1030,24981.54,14261.47,10720.07,27.32,63.66,88.1,UP,188,58,39243.01,4.2,60.0,1.0,True,1,16790.24,0,0.0,16790.24,31.6,0.078,0.648,1.0,0.993,244776.0,284483.38,-39707.38,-7.5,46.25,35.2,DOWN,1419,279,529259.38,19.3,300.0,1.0,True,7,183468.73,6,201167.95,-17699.22,58.7,0.278,0.931,1.0,0.999,876107.12,888387.52,-12280.4,-0.7,49.65,48.6,FLAT,4274,901,1764494.65,55.1,900.0,1.0,True,24,633285.72,19,641647.98,-8362.25,77.2,0.524,1.0,1.0,1.0,-2700.3,10398.84,32636.99,-8.03,0.81,1.0,13831.64,0.3792,-9057.98,-0.0856,-0.1555,UP,1789713075204,BUY,16790.24,0.2136,1789713060000,ok,1.0,1.0,1.0,continuous,1,63,0,,0,0,0,0,False,170,0.2135,0.2136,4.683,-0.184,0.0784,-0.0475,2424043.98,2071702.28,91.31,1789713133091,649,False,,,,
2,v2,v1.2,REALF_PY_V4_2_DERIVED,ZPTDIFAT_PY_V1_4_DERIVED,fc-v1,native,,058e38aec59f4c35,20260918_062941,47,LTC_20260918_063216_540,LTCUSDT,BINANCE,FUTURES,TOP100,25,10000,1789713136540,2026-09-18T06:32:16.540+00:00,89,True,1789713136329,1789713136540,63.7,1789713120000,1789713179999,False,16.3,54.96,-0.0182,58.0,FAIR (DENGE),True,500,61.2,54.6,58.9,50.3,-0.00183,0.09,-0.46,0.00141,0.615,0.09,2.0,45.0,-10.1,YOK,6.6,1.0,54.85931495683715,-0.183,CLV_PROXY_1M,0,0.0,100.0,58.0,55.5,64.0,61.0,2.5,-6.0,-3.0,-0.00183,0.00012,0.00059,-0.00098,77.37,76.22,72.56,69.96,1.15,4.81,7.41,78.37,84.0,500,native,77.37,YORGUN,78.37,84.0,True,300,45.9,BULL,BOS UP,LH/LL,HH/MIX,TR UP,85.9,True,True,499,5,64.2,1789712820000,LOW,54.78,3.52,,,,54.76,3.91,2,0,2,54.91,54.76,HIGH_SWEEP,29,54.92,False,False,0.0931,499,native,63.6,NORMAL,80.78,88.67,True,300,64.4,BULL,BOS UP,MIX/HL,MIX/HL,RANGE,79.5,True,True,498,32,50.6,1789707240000,LOW,54.29,6.19,54.974999999999994,0.14,2,,,,2,0,54.974999999999994,54.76,EQH_SWEEP,1,55.0,True,False,0.1972,499,native,58.84,NORMAL,75.67,75.67,True,300,77.2,BULL,BOS UP,HH/HL,MIX/HL,RANGE,86.1,True,True,498,33,51.2,1789703100000,LOW,54.32,4.43,,,,53.86,7.62,2,0,3,55.0,53.86,HIGH_SWEEP,1,55.0,True,False,0.2628,499,native,74.3,YORGUN,76.34,82.0,True,300,71.1,BULL,BOS UP,MIX/HL,HH/MIX,TR UP,85.7,True,True,498,24,95.3,1789691400000,LOW,53.59,6.07,,,,,,,0,0,53.98,54.29,EQH_SWEEP,26,53.989999999999995,False,False,0.4112,499,native,87.75,ASIRI,88.24,95.33,True,300,88.0,BULL,BOS UP,HH/HL,HH/HL,TR UP,83.5,True,True,498,6,68.8,1789689600000,LOW,52.46,5.73,,,,,,,0,0,54.0,52.46,HIGH_SWEEP,21,52.81,False,False,0.7963,499,native,81.38,YORGUN,89.45,93.33,True,300,51.6,TR-DN,CHOCH DN,HH/MIX,LH/LL,TR-DN,72.3,True,True,498,14,38.2,1789502400000,HIGH,55.24,0.33,,,,,,,0,0,55.24,50.13,HIGH_SWEEP,30,54.28,False,False,1.559,6423,603,11825.25,3741.12,8084.13,51.93,75.97,94.2,UP,108,24,15566.37,6.0,60.0,1.0,True,0,0.0,0,0.0,0.0,33.9,0.108,0.548,1.0,0.893,122168.36,173338.73,-51170.38,-17.32,41.34,20.4,DOWN,1117,206,295507.09,21.5,300.0,1.0,True,1,25398.15,4,89806.06,-64407.91,59.1,0.301,0.868,1.0,0.979,390494.19,390610.19,-116.01,-0.01,49.99,50.0,FLAT,2803,550,781104.38,65.8,900.0,1.0,True,7,156412.47,10,174885.98,-18473.51,79.1,0.568,0.973,1.0,0.993,13082.65,-101461.69,5026.33,33.32,-14.25,1.0,-191.3,-0.0094,-8098.26,-0.137,0.0902,NONE,1789713042090,SELL,12084.6,54.93,1789713060000,ok,1.0,1.0,1.0,continuous,1,28,0,,0,0,0,0,False,204,54.95,54.96,1.82,0.701,0.0123,0.3243,775301.15,756527.27,35.48,1789713136023,517,False,,AGGRESSIVE_BUYER,,
2,v2,v1.2,REALF_PY_V4_2_DERIVED,ZPTDIFAT_PY_V1_4_DERIVED,fc-v1,native,,058e38aec59f4c35,20260918_062941,48,AVAX_20260918_063219_352,AVAXUSDT,BINANCE,FUTURES,TOP100,31,5000,1789713139352,2026-09-18T06:32:19.352+00:00,89,True,1789713139130,1789713139352,62.9,1789713120000,1789713179999,False,19.1,7.891,-0.0127,39.8,PRICE LAG,True,500,38.6,32.5,46.9,49.9,0.00569,-0.35,-0.56,0.00138,0.637,0.03,0.3,60.0,26.4,YOK,14.4,1.0,7.936028501174255,0.571,CLV_PROXY_1M,0,0.0,100.0,39.8,41.3,35.8,33.4,-1.5,4.0,6.4,0.00569,3e-05,-0.00101,-0.00104,57.0,55.99,56.35,74.4,1.01,0.65,-17.4,60.79,56.0,500,native,57.0,NORMAL,60.79,56.0,True,300,26.7,BEAR,BOS DN,LH/LL,HH/HL,SQZ,84.8,True,True,499,52,64.9,1789710000000,HIGH,7.93,5.29,7.9415,6.85,2,,,,1,0,7.9415,7.871,LOW_SWEEP,11,7.873,False,False,0.0934,499,native,50.6,NORMAL,60.81,56.0,True,300,57.4,BULL,BOS UP,MIX/HL,LH/MIX,RANGE,67.8,True,True,498,68,79.7,1789700760000,LOW,7.677,13.07,,,,7.6285,16.03,2,0,1,7.903,7.6285,HIGH_SWEEP,77,7.723,False,False,0.2078,499,native,34.48,NORMAL,44.21,32.33,True,300,60.7,BULL,BOS UP,MIX/HL,MIX/HL,RANGE,74.1,True,True,498,41,66.0,1789700700000,LOW,7.677,8.75,,,,,,,0,0,7.942,7.857,HIGH_SWEEP,46,7.723,False,False,0.3104,499,native,55.32,NORMAL,52.48,48.0,True,300,79.5,BULL,BOS UP,HH/HL,MIX/HL,TR UP,85.4,True,True,498,23,54.9,1789692300000,LOW,7.545,8.22,,,,,,,0,0,7.968,7.584,EQH_SWEEP,23,7.648,False,False,0.534,499,native,87.46,ASIRI,81.55,89.0,True,300,91.4,TR-UP,CHOCH UP,HH/HL,LH/LL,TR-UP,94.6,True,True,498,3,96.7,1789700400000,LOW,7.545,4.3,8.192,3.74,3,7.186,8.75,2,1,1,8.192,7.186,EQL_SWEEP,37,7.186,False,False,1.023,499,native,84.63,ASIRI,90.13,93.0,True,300,78.7,BULL,BOS UP,HH/MIX,HH/MIX,RANGE,76.8,True,True,498,1,80.2,1789689600000,LOW,7.171,4.74,,,,7.173500000000001,4.72,2,0,1,7.8,7.173500000000001,LOW_SWEEP,15,7.243,False,False,1.9116,128,818,5027.68,6519.09,-1491.41,-12.92,43.54,26.2,DOWN,141,36,11546.78,5.6,60.0,1.0,True,0,0.0,0,0.0,0.0,32.8,0.102,0.516,1.0,0.998,113691.1,104317.02,9374.08,4.3,52.15,58.7,UP,1159,216,218008.11,45.5,300.0,1.0,True,4,22970.74,6,58732.37,-35761.62,70.4,0.476,0.835,1.0,1.0,469625.89,484160.22,-14534.33,-1.52,49.24,46.9,FLAT,4013,711,953786.12,120.1,900.0,1.0,True,19,199784.86,25,314400.46,-114615.59,86.9,0.706,0.995,1.0,1.0,-36107.55,2257.67,-44743.1,-43.07,0.72,1.0,17259.06,0.5901,2259.12,0.0518,-0.2027,UP,1789713032757,BUY,5961.82,7.886,1789713060000,ok,1.0,1.0,1.0,continuous,1,37,0,,0,0,0,0,False,238,7.89,7.891,1.267,0.11,-0.0137,-0.0091,313897.09,322643.83,24.71,1789713138933,419,False,,,,
2,v2,v1.2,REALF_PY_V4_2_DERIVED,ZPTDIFAT_PY_V1_4_DERIVED,fc-v1,native,,058e38aec59f4c35,20260918_062941,49,SUI_20260918_063221_943,SUIUSDT,BINANCE,FUTURES,TOP100,35,5000,1789713141943,2026-09-18T06:32:21.943+00:00,89,True,1789713141943,1789713141943,62.6,1789713120000,1789713179999,False,21.9,0.7767,0.0129,47.5,FAIR (DENGE),True,500,47.2,43.8,51.7,50.0,0.00284,-0.39,-0.67,0.00211,0.607,0.16,0.3,55.0,3.6,YOK,7.8,0.785,0.7789061347373275,0.284,CLV_PROXY_1M,0,0.0,100.0,47.5,49.9,47.9,47.4,-2.4,-0.4,0.1,0.00284,0.00015,-0.00072,-0.00112,57.51,55.85,58.15,75.48,1.66,-0.64,-17.97,60.98,62.33,500,native,57.51,NORMAL,60.98,62.33,True,300,72.1,BEAR,BOS DN,HH/HL,HH/HL,SQZ,81.3,True,True,499,45,17.2,1789710420000,HIGH,0.7775,0.75,,,,,,,0,0,0.7779,0.7738,HIGH_SWEEP,10,0.777,False,False,0.1369,499,native,55.79,NORMAL,67.74,62.67,True,300,27.1,BULL,BOS UP,LH/LL,MIX/HL,RANGE,83.7,True,True,498,54,52.4,1789703280000,LOW,0.7643,5.55,,,,0.7292,21.13,2,0,3,0.7778,0.7292,HIGH_SWEEP,49,0.7849,False,False,0.2905,499,native,39.01,NORMAL,54.25,47.67,True,300,60.8,BULL,BOS UP,MIX/HL,MIX/HL,RANGE,79.1,True,True,498,40,48.0,1789701000000,LOW,0.7643,3.92,,,,0.71575,19.12,2,0,2,0.7849,0.71575,HIGH_SWEEP,90,0.7365,False,False,0.4117,499,native,46.54,NORMAL,47.44,37.0,True,300,78.5,BULL,BOS UP,HH/HL,MIX/HL,TR UP,90.8,True,True,498,29,53.6,1789686900000,LOW,0.7287,8.21,,,,0.7289,8.18,2,0,1,0.7899,0.7289,HIGH_SWEEP,58,0.7351,False,False,0.7551,499,native,87.67,ASIRI,75.36,84.67,True,300,83.0,TR-UP,CHOCH UP,HH/HL,HH/MIX,TR-UP,88.9,True,True,498,6,40.0,1789689600000,LOW,0.7157,5.55,0.8336,5.16,2,,,,2,0,0.8336,0.7157,LOW_SWEEP,37,0.6814,False,False,1.4211,499,native,86.21,ASIRI,90.34,95.33,True,300,89.3,TR-UP,CHOCH UP,HH/HL,MIX/HL,TR-UP,85.4,True,True,498,1,97.1,1789689600000,LOW,0.6773,5.26,,,,,,,0,0,0.7479,0.6773,LOW_SWEEP,16,0.692,False,False,2.3923,256,1259,79092.37,21060.18,58032.2,57.94,78.97,94.5,UP,547,108,100152.55,12.3,60.0,1.0,True,5,52735.84,0,0.0,52735.84,47.9,0.197,0.75,1.0,0.996,508788.75,500662.59,8126.16,0.81,50.4,51.6,FLAT,3598,585,1009451.34,90.6,300.0,1.0,True,28,341904.08,23,352496.41,-10592.33,83.9,0.644,1.0,1.0,0.999,1221999.74,1024264.91,197734.83,8.8,54.4,67.1,UP,7854,1259,2246264.65,103.7,733.5,0.8151,False,56,888707.4,51,687321.34,201386.06,82.0,0.675,1.0,0.815,1.0,30946.57,48411.7,,8.54,2.49,0.7484,41167.75,0.3948,-2672.82,-0.0132,-0.1289,UP,1789713136496,BUY,6472.96,0.7766,1789713060000,ok,1.0,1.0,1.0,continuous,1,109,0,,0,0,0,0,False,272,0.7767,0.7768,1.287,-0.038,-0.1756,0.3319,292080.34,416513.79,25.1,1789713141728,215,False,,AGGRESSIVE_BUYER,,
2,v2,v1.2,REALF_PY_V4_2_DERIVED,ZPTDIFAT_PY_V1_4_DERIVED,fc-v1,native,,058e38aec59f4c35,20260918_062941,50,AKE_20260918_063225_081,AKEUSDT,BINANCE,FUTURES,TOP100,94,2000,1789713145081,2026-09-18T06:32:25.081+00:00,89,True,1789713144535,1789713145081,60.8,1789713120000,1789713179999,False,24.5,0.023164,-0.1939,68.4,PRICE AHEAD,True,500,74.0,68.2,61.6,57.0,-0.0467,0.15,-0.21,0.00699,0.581,0.29,88.0,35.0,15.4,YOK,12.4,1.0,0.022107177354085607,-4.562,CLV_PROXY_1M,0,0.0,100.0,68.4,76.3,83.5,83.2,-7.9,-15.1,-14.8,-0.0467,0.00299,0.0078,0.00296,86.63,89.85,94.27,89.5,-3.22,-7.64,-2.87,76.04,86.33,500,native,86.63,ASIRI,76.04,86.33,True,300,91.0,BULL,BOS UP,HH/HL,HH/MIX,EXP UP,92.2,True,True,499,9,90.2,1789712580000,LOW,0.021423,6.96,,,,0.021402499999999998,7.04,2,0,1,0.021898,0.021402499999999998,HIGH_SWEEP,30,0.021605,False,False,1.0783,499,native,92.02,ASIRI,93.47,97.0,True,300,92.5,BULL,BOS UP,HH/HL,HH/HL,EXP UP,91.6,True,True,498,3,71.4,1789712460000,LOW,0.021423,6.13,,,,,,,0,0,0.021898,0.021423,LOW_SWEEP,32,0.021228,False,False,1.2257,499,native,91.81,ASIRI,96.09,97.67,True,300,78.3,BULL,BOS UP,MIX/HL,HH/HL,EXP UP,79.7,True,True,498,5,67.7,1789711500000,LOW,0.0214,5.93,,,,,,,0,0,0.02168,0.021423,EQH_SWEEP,33,0.021653,False,False,1.2682,499,native,82.5,YORGUN,96.98,98.0,True,300,42.0,BEAR,BOS DN,LH/MIX,MIX/HL,RANGE,66.1,True,True,498,153,97.0,1789575300000,HIGH,0.028247,11.84,0.029421000000000003,14.59,2,0.0209945,5.12,2,1,3,0.029421000000000003,0.0209945,EQL_SWEEP,56,0.020765,False,False,1.8233,499,native,75.92,YORGUN,95.6,98.0,True,300,70.7,BULL,BOS UP,HH/HL,HH/MIX,RANGE,69.6,True,True,498,74,56.3,1789444800000,LOW,0.014658,9.9,0.029844000000000002,7.73,2,0.012500500000000001,12.4,3,1,2,0.029844000000000002,0.012500500000000001,HIGH_SWEEP,75,0.0165,False,False,3.9837,499,native,41.71,NORMAL,45.93,47.33,True,300,84.7,BULL,BOS UP,HH/HL,MIX/HL,TR UP,90.5,True,True,498,18,80.8,1789444800000,LOW,0.013069,3.97,,,,0.0128725,4.05,2,0,3,0.029888,0.0128725,EQL_SWEEP,67,0.0128725,False,False,11.7969,124,10622,53218.29,81783.22,-28564.94,-21.16,39.42,16.5,DOWN,4554,2421,135001.51,237.7,60.0,1.0,True,4,10481.45,6,16702.62,-6221.17,86.1,0.826,0.783,1.0,0.998,320723.87,343336.3,-22612.44,-3.41,48.3,43.1,DOWN,19507,10622,664060.17,914.7,180.8,0.6025,False,28,97955.9,31,102963.03,-5007.13,87.3,0.948,0.956,0.603,1.0,320723.87,343336.3,-22612.44,-3.41,48.3,43.1,DOWN,19507,10622,664060.17,914.7,180.8,0.2008,False,28,97955.9,31,102963.03,-5007.13,70.0,0.948,0.956,0.201,1.0,-5546.53,,,-2.37,,0.1342,-9846.39,-0.0447,,,,,1789713144244,SELL,4241.91,0.02317907401943106,1789713060000,ok,1.0,1.0,1.0,continuous,3,2436,0,,0,0,0,0,False,346,0.023154,0.023162,3.455,1.114,0.6405,0.0657,8350.85,1829.9,11.23,1789713144323,758,False,,FATIGUE_EXTREME,,
2,v2,v1.2,REALF_PY_V4_2_DERIVED,ZPTDIFAT_PY_V1_4_DERIVED,fc-v1,native,,058e38aec59f4c35,20260918_062941,51,PONS_20260918_063228_352,PONSUSDT,BINANCE,FUTURES,OUTSIDE100,112,2000,1789713148352,2026-09-18T06:32:28.352+00:00,89,True,1789713147685,1789713148352,61.1,1789713120000,1789713179999,False,27.7,0.7312,-0.0547,52.4,FAIR (DENGE),True,500,52.5,52.2,53.0,50.9,-0.00258,-0.8,-1.0,0.00537,0.564,1.45,17.7,50.0,-9.8,YOK,0.9,1.0,0.7293150241826608,-0.258,CLV_PROXY_1M,0,0.0,100.0,52.4,57.1,59.6,51.1,-4.7,-7.2,1.3,-0.00258,0.00212,0.00415,-0.00029,19.28,23.52,34.18,45.06,-4.24,-14.9,-25.78,11.86,3.67,500,native,19.28,DINLENMIS,11.86,3.67,True,300,41.2,BEAR,BOS DN,HH/MIX,LH/MIX,SQZ,73.8,True,True,499,1,58.1,1789713060000,HIGH,0.7377,2.71,,,,0.7134,7.43,2,0,1,0.7377,0.7134,EQL_SWEEP,2,0.73295,False,False,0.3276,499,native,50.37,NORMAL,44.27,40.33,True,300,26.7,BULL,BOS UP,LH/LL,MIX/HL,RANGE,85.0,True,True,498,73,26.3,1789699860000,LOW,0.6834,8.92,0.7777000000000001,8.53,3,0.63845,17.23,2,1,1,0.7777000000000001,0.63845,HIGH_SWEEP,88,0.6964,False,False,0.7373,499,native,42.8,NORMAL,39.64,35.67,True,300,12.9,BEAR,BOS DN,LH/LL,LH/LL,RANGE,88.2,True,True,498,9,56.1,1789710300000,HIGH,0.7473,2.1,0.7778,6.04,2,,,,1,0,0.7778,0.7235,LOW_SWEEP,7,0.729,False,False,1.0535,499,native,44.77,NORMAL,39.51,35.33,True,300,86.2,BULL,BOS UP,HH/HL,MIX/LL,TR UP,93.8,True,True,498,17,77.8,1789697700000,LOW,0.6551,5.33,,,,,,,0,0,0.7781,0.6551,HIGH_SWEEP,18,0.6959,False,False,1.948,289,native,81.21,YORGUN,69.94,78.07,False,269,88.1,BULL,BOS UP,HH/HL,HH/HL,TR UP,88.8,True,True,288,7,54.7,1789686000000,LOW,0.6099,4.01,,,,,,,0,0,0.6721,0.6099,HIGH_SWEEP,6,0.6721,False,False,4.1259,73,native,83.89,ASIRI,83.53,98.11,False,53,74.7,TR-UP,CHOCH UP,HH/MIX,HH/HL,TR-UP,76.3,True,False,72,1,84.3,1789689600000,LOW,0.5483,3.41,,,,,,,0,0,0.6992,0.5483,LOW_SWEEP,12,0.5821,False,False,6.9476,138,1442,42420.22,52898.56,-10478.34,-10.99,44.5,29.2,DOWN,911,207,95318.78,59.9,60.0,1.0,True,8,29453.78,6,42112.76,-12658.97,71.8,0.545,0.745,1.0,0.998,112747.12,134525.51,-21778.39,-8.81,45.6,32.9,DOWN,2709,778,247272.62,176.5,300.0,1.0,True,17,56081.39,16,79494.13,-23412.74,86.1,0.779,0.848,1.0,1.0,203080.93,209527.33,-6446.4,-1.56,49.22,46.8,FLAT,4664,1442,412608.26,290.8,595.8,0.662,False,24,94542.1,25,111205.33,-16663.22,83.8,0.853,0.904,0.662,1.0,-16797.58,-30300.18,,-14.6,-6.74,0.5953,-3449.3,-0.0645,-4577.28,-0.0926,0.0961,DOWN,1789713134002,SELL,2728.04,0.7309850750267952,1789713060000,ok,1.0,1.0,1.0,continuous,1,209,0,,0,0,0,0,False,380,0.7311,0.7313,2.735,0.849,0.2263,0.0684,52033.9,32827.55,27.35,1789713147467,885,False,,FATIGUE_RESTED_1M,,
2,v2,v1.2,REALF_PY_V4_2_DERIVED,ZPTDIFAT_PY_V1_4_DERIVED,fc-v1,native,,058e38aec59f4c35,20260918_062941,52,SKR_20260918_063231_173,SKRUSDT,BINANCE,FUTURES,OUTSIDE100,227,500,1789713151173,2026-09-18T06:32:31.173+00:00,89,True,1789713150957,1789713151173,60.9,1789713120000,1789713179999,False,31.0,0.019111,0.1415,51.3,FAIR (DENGE),True,500,53.4,45.4,54.5,50.6,0.00212,0.7,0.45,0.00174,0.425,0.61,51.3,55.0,14.0,YOK,9.0,0.361,0.019151478280862683,0.212,CLV_PROXY_1M,0,0.0,100.0,51.3,47.9,40.8,46.6,3.4,10.5,4.7,0.00212,-0.00111,-0.00255,-0.00124,71.4,63.61,59.92,54.19,7.79,11.48,17.21,86.53,96.67,500,native,71.4,NORMAL,86.53,96.67,True,300,88.3,BULL,BOS UP,HH/HL,MIX/HL,TR UP,90.8,True,True,499,10,66.0,1789712520000,LOW,0.018988,3.88,0.019363,7.95,2,,,,1,0,0.019363,0.019013,EQH_SWEEP,41,0.0189665,False,False,0.1661,499,native,64.07,NORMAL,67.71,67.67,True,300,69.7,BULL,BOS UP,HH/MIX,MIX/HL,TR UP,70.0,True,True,498,11,36.3,1789711020000,LOW,0.018839,4.82,0.020296500000000002,21.09,2,0.0188425,4.75,2,1,1,0.020296500000000002,0.0188425,LOW_SWEEP,21,0.018846,False,False,0.2951,499,native,76.53,YORGUN,77.85,83.67,True,300,91.5,BULL,BOS UP,HH/HL,HH/MIX,RANGE,88.8,True,True,498,6,88.7,1789711200000,LOW,0.018839,3.73,0.020296500000000002,16.2,2,,,,1,0,0.020296500000000002,0.018839,LOW_SWEEP,24,0.018732,False,False,0.3834,499,native,78.51,YORGUN,90.03,92.0,True,300,74.6,BULL,BOS UP,MIX/HL,MIX/HL,SQZ,69.3,True,True,498,1,49.0,1789712100000,LOW,0.018719,2.67,,,,0.017547,10.69,2,0,2,0.019011,0.017547,HIGH_SWEEP,35,0.019329,False,False,0.7671,499,native,43.68,NORMAL,52.37,60.67,True,300,39.3,BULL,BOS UP,LH/LL,HH/MIX,RANGE,84.4,True,True,498,21,72.8,1789635600000,LOW,0.017378,4.57,0.025375500000000002,16.49,2,,,,1,0,0.025375500000000002,0.018321,LOW_SWEEP,6,0.018554,False,False,2.0012,499,native,73.37,YORGUN,68.95,78.0,True,300,72.9,BULL,BOS UP,HH/HL,HH/HL,TR UP,83.6,True,True,498,114,36.2,1788062400000,LOW,0.008858,11.56,,,,0.017043000000000003,2.33,2,0,1,0.020299,0.017043000000000003,HIGH_SWEEP,4,0.019684,False,False,4.7097,386,531,10806.82,1898.27,8908.55,70.12,85.06,94.8,UP,175,123,12705.09,30.9,60.0,1.0,True,3,7085.8,0,0.0,7085.8,56.1,0.382,0.526,1.0,0.994,12675.12,5319.41,7355.7,40.88,70.44,92.9,UP,302,213,17994.53,54.2,300.0,1.0,True,3,7085.8,1,630.22,6455.59,64.8,0.52,0.564,1.0,0.999,25678.77,11538.06,14140.72,38.0,69.0,92.2,UP,638,449,37216.83,111.3,900.0,1.0,True,8,12324.77,3,2433.99,9890.79,75.5,0.69,0.643,1.0,1.0,9138.39,8152.63,6803.68,55.4,26.49,1.0,2519.98,0.5561,932.3,0.259,-0.0701,UP,1789713102128,BUY,605.84,0.019118963771774803,1789713060000,ok,1.0,1.0,1.0,continuous,1,123,0,,0,0,0,0,False,414,0.019112,0.019119,3.662,1.704,0.3036,0.5406,3860.69,2062.49,15.43,1789713150353,820,False,,AGGRESSIVE_BUYER,,
2,v2,v1.2,REALF_PY_V4_2_DERIVED,ZPTDIFAT_PY_V1_4_DERIVED,fc-v1,native,,058e38aec59f4c35,20260918_062941,53,PROM_20260918_063233_977,PROMUSDT,BINANCE,FUTURES,OUTSIDE100,266,1000,1789713153977,2026-09-18T06:32:33.977+00:00,89,True,1789713153977,1789713153977,61.0,1789713120000,1789713179999,False,34.0,5.423,0.0184,53.4,FAIR (DENGE),True,500,55.4,51.5,52.5,50.9,-0.00081,0.0,0.04,0.0025,0.569,0.36,32.7,65.0,-15.3,YOK,3.9,1.0,5.41863345814166,-0.081,CLV_PROXY_1M,0,0.0,100.0,53.4,57.7,50.8,52.6,-4.3,2.6,0.8,-0.00081,0.00068,-0.00057,0.00013,39.5,33.79,28.82,37.41,5.71,10.68,2.09,51.3,56.33,500,native,39.5,NORMAL,51.3,56.33,True,300,14.0,BEAR,BOS DN,LH/LL,LH/LL,TR DN,95.8,True,True,499,19,81.2,1789711980000,HIGH,5.541,11.57,,,,,,,0,0,5.439,5.41,LOW_SWEEP,17,5.427,False,False,0.1881,499,native,22.75,DINLENMIS,31.54,25.33,True,300,14.4,TR-DN,CHOCH DN,LH/LL,LH/LL,TR-DN,91.5,True,True,498,6,59.2,1789711920000,HIGH,5.541,5.95,,,,5.3934999999999995,1.43,2,0,1,5.541,5.3934999999999995,HIGH_SWEEP,44,5.589,False,False,0.3693,499,native,14.75,DINLENMIS,22.08,16.0,True,300,44.1,TR-DN,CHOCH DN,MIX/HL,LH/LL,TR-DN,75.6,True,True,498,4,58.5,1789711800000,HIGH,5.541,4.6,,,,5.3919999999999995,1.16,2,0,2,5.541,5.3919999999999995,HIGH_SWEEP,27,5.589,False,False,0.478,499,native,29.26,DINLENMIS,19.83,12.67,True,300,59.7,TR-DN,CHOCH DN,HH/HL,MIX/HL,TR-DN,88.0,True,True,498,2,54.5,1789711200000,HIGH,5.594,3.97,5.7285,7.09,2,5.4015,0.5,2,2,1,5.7285,5.4015,LOW_SWEEP,171,5.332,False,False,0.7958,499,native,54.46,NORMAL,32.81,27.67,True,300,59.0,BEAR,BOS DN,MIX/HL,MIX/HL,SQZ,69.1,True,True,498,46,75.0,1789545600000,HIGH,5.729,3.65,5.8375,4.94,3,4.906499999999999,6.13,2,2,1,5.8375,4.906499999999999,EQL_SWEEP,94,5.5815,False,False,1.5355,499,native,48.01,NORMAL,48.68,38.33,True,300,26.5,BULL,BOS UP,LH/LL,MIX/HL,SQZ,85.6,True,True,498,58,11.5,1788868800000,LOW,4.913,2.77,,,,4.4025,5.54,2,0,2,5.659,4.4025,HIGH_SWEEP,57,5.986,False,False,3.3065,463,708,2196.78,3023.97,-827.19,-15.84,42.08,22.2,DOWN,104,56,5220.75,7.7,60.0,1.0,True,1,1437.65,1,1022.4,415.25,34.7,0.134,0.429,1.0,0.992,11367.08,8747.66,2619.42,13.02,56.51,73.9,UP,474,211,20114.73,32.5,300.0,1.0,True,3,4781.79,2,2023.01,2758.78,58.4,0.394,0.576,1.0,0.998,28018.95,27062.65,956.3,1.74,50.87,53.5,FLAT,1310,610,55081.59,116.5,900.0,1.0,True,5,7059.74,4,4289.37,2770.37,77.4,0.7,0.685,1.0,0.999,-886.27,-2085.9,-107.34,-11.01,-4.6,1.0,1018.63,0.226,811.57,0.2017,0.0287,NONE,1789713128582,SELL,1022.4,5.421,1789713060000,ok,1.0,1.0,1.0,continuous,1,56,0,,0,0,0,0,False,448,5.422,5.423,1.844,0.847,0.0652,0.6315,32674.25,28673.12,35.96,1789713153519,458,False,,,,
2,v2,v1.2,REALF_PY_V4_2_DERIVED,ZPTDIFAT_PY_V1_4_DERIVED,fc-v1,native,,058e38aec59f4c35,20260918_062941,54,UAI_20260918_063236_791,UAIUSDT,BINANCE,FUTURES,OUTSIDE100,296,2000,1789713156791,2026-09-18T06:32:36.791+00:00,89,True,1789713156791,1789713156791,60.9,1789713120000,1789713179999,False,36.8,0.414,-0.0483,54.1,FAIR (DENGE),True,500,55.8,52.4,53.9,51.0,-0.00251,-0.61,-0.84,0.00461,0.648,0.6,15.7,45.0,-17.9,YOK,3.4,1.0,0.41296370042905217,-0.25,CLV_PROXY_1M,0,0.0,100.0,54.1,53.4,52.9,53.1,0.7,1.2,1.0,-0.00251,-0.0001,-0.00056,-0.00043,17.56,17.4,16.74,18.6,0.16,0.82,-1.04,20.04,13.0,500,native,17.56,DINLENMIS,20.04,13.0,True,300,6.3,BEAR,BOS DN,LH/LL,LH/LL,TR DN,96.7,True,True,499,7,90.8,1789712700000,HIGH,0.4198,4.91,0.42315,7.74,2,0.40785,5.2,3,1,2,0.42315,0.40785,HIGH_SWEEP,85,0.4247,False,False,0.2855,499,native,14.51,DINLENMIS,10.46,2.67,True,300,58.2,BULL,BOS UP,MIX/HL,LH/LL,RANGE,66.6,True,True,498,63,61.1,1789701660000,LOW,0.4075,2.46,0.43455,8.27,2,,,,1,0,0.43455,0.4166,HIGH_SWEEP,123,0.4238,False,False,0.6083,499,native,24.6,DINLENMIS,15.41,4.33,True,300,56.0,TR-DN,CHOCH DN,MIX/HL,LH/MIX,TR-DN,72.0,True,True,498,47,58.0,1789698900000,HIGH,0.4354,5.7,,,,0.3559,15.49,3,0,1,0.4232,0.3559,HIGH_SWEEP,100,0.4106,False,False,0.9054,499,native,32.7,NORMAL,25.97,15.0,True,300,69.0,BULL,BOS UP,MIX/HL,MIX/HL,RANGE,79.5,True,True,498,20,30.6,1789695000000,LOW,0.3901,3.15,0.43505,2.85,2,0.3838,3.99,2,2,2,0.43505,0.3838,LOW_SWEEP,173,0.3294,False,False,1.8091,499,native,63.96,NORMAL,52.04,50.33,True,300,86.6,BULL,BOS UP,HH/HL,HH/HL,SQZ,87.3,True,True,498,6,38.6,1789689600000,LOW,0.3838,1.87,,,,,,,0,0,0.4354,0.3838,HIGH_SWEEP,4,0.418,False,False,3.8614,499,native,64.37,NORMAL,70.91,73.33,True,300,18.4,BEAR,BOS DN,LH/LL,HH/HL,RANGE,87.8,True,True,498,19,42.0,1789430400000,HIGH,0.5943,4.12,,,,,,,0,0,0.5943,0.322,LOW_SWEEP,20,0.4503,False,False,10.3453,433,912,5272.53,11174.82,-5902.29,-35.89,32.06,8.3,DOWN,176,75,16447.35,8.2,60.0,1.0,True,0,0.0,2,7167.19,-7167.19,38.2,0.14,0.554,1.0,0.993,11122.34,21233.23,-10110.9,-31.25,34.38,10.0,DOWN,526,235,32355.57,27.2,300.0,1.0,True,0,0.0,2,7167.19,-7167.19,57.3,0.353,0.627,1.0,0.999,31119.36,84340.33,-53220.97,-46.09,26.95,6.3,DOWN,2240,780,115459.7,156.7,900.0,1.0,True,1,2019.72,10,33650.48,-31630.75,82.6,0.758,0.766,1.0,1.0,-4446.74,-4299.06,-8149.25,6.42,-0.52,1.0,-2640.78,-0.3555,-1711.73,-0.2645,-0.2597,NONE,1789713150013,SELL,2241.94,0.4141,1789713060000,ok,1.0,1.0,1.0,continuous,1,75,0,,0,0,0,0,False,482,0.4137,0.414,7.249,2.118,0.0386,0.3177,16475.03,15249.35,49.53,1789713156350,441,False,,FATIGUE_RESTED_1M,,
2,v2,v1.2,REALF_PY_V4_2_DERIVED,ZPTDIFAT_PY_V1_4_DERIVED,fc-v1,native,,058e38aec59f4c35,20260918_062941,55,BULLA_20260918_063239_614,BULLAUSDT,BINANCE,FUTURES,OUTSIDE100,339,5000,1789713159614,2026-09-18T06:32:39.614+00:00,89,True,1789713159382,1789713159614,60.6,1789713120000,1789713179999,False,39.4,0.10113,-0.2171,45.8,FAIR (DENGE),True,500,44.8,47.2,45.2,47.7,0.00295,-0.67,-0.46,0.00555,0.443,1.11,47.7,55.0,4.3,YOK,2.3,1.0,0.10142893123779398,0.296,CLV_PROXY_1M,0,0.0,100.0,45.8,51.2,52.3,43.6,-5.4,-6.5,2.2,0.00295,0.00222,0.00223,-0.00637,39.8,47.0,48.56,55.26,-7.2,-8.76,-15.46,27.4,12.67,500,native,39.8,NORMAL,27.4,12.67,True,300,67.4,BULL,BOS UP,MIX/HL,LH/LL,SQZ,71.7,True,True,499,18,36.2,1789712040000,LOW,0.10068,1.33,0.10206,2.76,3,0.100455,2.0,2,1,2,0.10206,0.100455,EQL_SWEEP,35,0.100455,False,False,0.3328,499,native,57.77,NORMAL,51.92,50.0,True,300,32.0,BULL,BOS UP,LH/LL,HH/HL,TR UP,86.6,True,True,498,35,89.1,1789706700000,LOW,0.096433,5.59,,,,0.0964015,5.63,2,0,2,0.10203,0.0964015,HIGH_SWEEP,21,0.10206,False,False,0.8321,499,native,47.28,NORMAL,42.92,37.67,True,300,50.3,BULL,BOS UP,LH/MIX,LH/LL,TR UP,64.5,True,True,498,21,22.3,1789706700000,LOW,0.09539,4.74,,,,0.10001,0.92,2,0,1,0.10233,0.10001,HIGH_SWEEP,19,0.10114,False,False,1.1969,499,native,73.89,YORGUN,66.46,72.0,True,300,74.6,BEAR,BOS DN,HH/HL,HH/HL,TR DN,88.7,True,True,498,64,27.4,1789655400000,HIGH,0.10999,3.78,0.109785,3.69,2,,,,1,0,0.109785,0.094,LOW_SWEEP,66,0.1007,False,False,2.3168,499,native,65.55,NORMAL,72.16,87.67,True,300,26.8,BULL,BOS UP,LH/LL,MIX/HL,RANGE,84.5,True,True,498,44,42.2,1789552800000,LOW,0.060024,6.32,,,,0.060025499999999996,6.32,2,0,1,0.121362,0.060025499999999996,HIGH_SWEEP,45,0.076341,False,False,6.4384,499,native,57.76,NORMAL,57.64,58.67,True,300,75.0,BULL,BOS UP,HH/MIX,HH/HL,EXP UP,78.0,True,True,498,11,96.7,1789545600000,LOW,0.0675,2.25,,,,0.0154205,5.74,2,0,1,0.139078,0.0154205,HIGH_SWEEP,52,0.085989,False,False,15.2143,1830,1371,2602.12,10889.75,-8287.63,-61.43,19.29,5.3,DOWN,355,190,13491.87,33.6,60.0,1.0,True,0,0.0,0,0.0,0.0,57.3,0.402,0.533,1.0,0.97,12001.14,19706.29,-7705.15,-24.3,37.85,13.9,DOWN,911,474,31707.43,67.2,300.0,1.0,True,0,0.0,0,0.0,0.0,69.5,0.573,0.625,1.0,0.994,38569.22,43427.47,-4858.25,-5.92,47.04,38.2,DOWN,2527,1298,81996.69,172.8,900.0,1.0,True,1,5918.97,0,0.0,5918.97,82.1,0.776,0.728,1.0,0.998,-8417.6,-7890.84,-8401.5,-32.72,-12.62,0.9623,-1355.97,-0.1558,-931.55,-0.1469,-0.448,NONE,1789712338186,BUY,5918.97,0.10147031944730167,1789713060000,ok,1.0,1.0,1.0,continuous,1,190,0,,0,0,0,0,False,516,0.10103,0.10108,4.948,1.597,0.342,0.6217,4416.6,2165.59,22.27,1789713159167,447,False,,AGGRESSIVE_SELLER,,
2,v2,v1.2,REALF_PY_V4_2_DERIVED,ZPTDIFAT_PY_V1_4_DERIVED,fc-v1,native,,058e38aec59f4c35,20260918_062941,56,OG_20260918_063242_206,OGUSDT,BINANCE,FUTURES,OUTSIDE100,523,500,1789713162206,2026-09-18T06:32:42.206+00:00,89,True,1789713162206,1789713162206,59.6,1789713120000,1789713179999,False,42.2,2.751,0.0364,47.1,FAIR (DENGE),True,500,47.9,43.3,49.2,49.5,0.00266,-0.17,-0.14,0.00086,0.208,0.22,25.0,50.0,11.7,YOK,5.9,1.0,2.7583172832340166,0.266,CLV_PROXY_1M,0,0.0,100.0,47.1,44.9,41.9,45.2,2.2,5.2,1.9,0.00266,-0.00043,-0.0005,-9e-05,39.29,39.75,49.17,57.46,-0.46,-9.88,-18.17,43.88,25.0,500,native,39.29,NORMAL,43.88,25.0,True,300,58.5,BULL,BOS UP,EQ/RANGE,EQ/RANGE,SQZ,68.2,True,True,499,22,66.1,1789711800000,LOW,2.747,1.83,2.754,1.38,2,2.748,1.38,2,1,3,2.754,2.748,HIGH_SWEEP,57,2.76,False,False,0.0793,499,native,39.88,NORMAL,46.64,30.33,True,300,44.4,BULL,BOS UP,LH/MIX,MIX/HL,RANGE,75.1,True,True,498,31,46.9,1789707420000,LOW,2.739,2.37,,,,2.746,0.99,2,0,3,2.756,2.746,HIGH_SWEEP,50,2.746,False,False,0.1839,499,native,38.8,NORMAL,38.67,21.33,True,300,69.3,BULL,BOS UP,MIX/HL,LH/MIX,TR UP,74.6,True,True,498,16,39.4,1789708200000,LOW,2.732,2.83,,,,2.679,10.73,2,0,2,2.763,2.679,HIGH_SWEEP,18,2.759,False,False,0.244,499,native,60.99,NORMAL,55.31,52.33,True,300,86.3,BULL,BOS UP,HH/HL,HH/HL,TR UP,87.3,True,True,498,6,35.2,1789707600000,LOW,2.679,7.07,,,,2.6635,8.6,2,0,1,2.769,2.6635,HIGH_SWEEP,5,2.759,False,False,0.3699,499,native,90.51,ASIRI,88.19,94.0,True,300,74.4,BULL,BOS UP,MIX/HL,MIX/HL,RANGE,73.4,True,True,498,7,58.0,1789686000000,LOW,2.662,4.5,,,,2.6,7.64,2,0,1,2.7,2.6,HIGH_SWEEP,30,2.712,False,False,0.7193,499,native,78.77,YORGUN,87.74,92.67,True,300,75.1,BULL,BOS UP,MIX/HL,HH/HL,SQZ,73.2,True,True,498,1,52.4,1789689600000,LOW,2.61,3.18,2.9825,5.22,3,2.5975,3.46,2,2,2,2.9825,2.5975,EQH_SWEEP,87,2.9425,False,False,1.6159,9144,70,32.19,6.05,26.14,68.36,84.18,94.8,UP,6,5,38.24,4.0,60.0,1.0,True,0,0.0,0,0.0,0.0,0.0,0.074,0.0,1.0,0.848,113.35,701.78,-588.44,-72.19,13.91,5.1,DOWN,22,14,815.13,4.0,300.0,1.0,True,0,0.0,0,0.0,0.0,22.5,0.074,0.228,1.0,0.97,732.4,776.85,-44.45,-2.95,48.53,44.0,FLAT,71,54,1509.25,9.1,900.0,1.0,True,0,0.0,0,0.0,0.0,32.8,0.154,0.295,1.0,0.99,32.19,-41.89,-994.5,84.18,-4.21,1.0,25.31,0.5413,-77.52,-0.4755,-0.9891,UP,1789712258894,BUY,1000.81,2.7532643741403025,1789713060000,ok,1.0,1.0,,continuous,1,5,0,,0,0,0,0,False,550,2.75,2.751,3.636,0.387,0.297,-0.1449,22151.06,12007.37,70.9,1789713155409,6797,True,,,,
2,v2,v1.2,REALF_PY_V4_2_DERIVED,ZPTDIFAT_PY_V1_4_DERIVED,fc-v1,native,,058e38aec59f4c35,20260918_062941,57,ZORA_20260918_063245_240,ZORAUSDT,BINANCE,FUTURES,OUTSIDE100,612,500,1789713165240,2026-09-18T06:32:45.240+00:00,89,True,1789713165025,1789713165240,59.6,1789713120000,1789713179999,False,45.0,0.007858,-0.0254,49.4,FAIR (DENGE),True,500,49.3,47.1,52.3,49.7,0.0014,-0.51,-0.67,0.00161,0.515,0.81,49.7,55.0,-19.4,YOK,5.3,0.392,0.00786897797054198,0.14,CLV_PROXY_1M,0,0.0,100.0,49.4,51.3,45.9,44.4,-1.9,3.5,5.0,0.0014,0.00041,-0.00045,-0.00073,36.93,36.5,36.14,46.31,0.43,0.79,-9.38,40.17,32.67,500,native,36.93,NORMAL,40.17,32.67,True,300,14.7,BEAR,BOS DN,LH/LL,MIX/HL,RANGE,87.4,True,True,499,15,79.6,1789712220000,HIGH,0.007897,3.78,,,,0.007775499999999999,8.0,2,0,1,0.007876,0.007775499999999999,HIGH_SWEEP,22,0.007876,False,False,0.1312,499,native,47.82,NORMAL,44.97,36.0,True,300,82.9,TR-UP,CHOCH UP,HH/HL,HH/HL,TR-UP,85.2,True,True,498,9,65.3,1789711380000,LOW,0.007827,1.61,,,,,,,0,0,0.007897,0.007827,HIGH_SWEEP,5,0.007876,False,False,0.2608,499,native,51.65,NORMAL,49.61,42.0,True,300,74.3,BULL,BOS UP,HH/MIX,HH/HL,RANGE,74.0,True,True,498,6,63.8,1789711200000,LOW,0.007813,1.72,,,,,,,0,0,0.007897,0.007813,HIGH_SWEEP,3,0.007876,False,False,0.348,499,native,40.71,NORMAL,38.15,31.33,True,300,82.4,BULL,BOS UP,HH/HL,MIX/HL,TR UP,87.5,True,True,498,20,74.9,1789695000000,LOW,0.007527,6.27,,,,,,,0,0,0.00802,0.007813,LOW_SWEEP,24,0.007571,False,False,0.6729,499,native,78.33,YORGUN,70.2,81.67,True,300,73.8,BEAR,BOS DN,HH/HL,HH/MIX,TR DN,86.4,True,True,498,69,59.5,1789462800000,HIGH,0.007987,1.04,0.009008,9.39,2,0.007187,5.51,2,1,1,0.009008,0.007187,LOW_SWEEP,126,0.008102,False,False,1.5567,499,native,71.3,NORMAL,76.13,86.0,True,300,18.0,TR-DN,CHOCH DN,LH/LL,LH/LL,TR-DN,90.3,True,True,498,16,65.9,1789473600000,HIGH,0.008968,4.19,,,,0.0058755000000000005,7.5,2,0,2,0.008336,0.0058755000000000005,HIGH_SWEEP,29,0.008437,False,False,3.3227,3171,339,1427.04,106.11,1320.93,86.16,93.08,95.0,UP,51,29,1533.15,4.2,60.0,1.0,True,1,647.44,0,0.0,647.44,24.9,0.078,0.296,1.0,0.947,1853.36,5340.74,-3487.38,-48.48,25.76,6.1,DOWN,178,101,7194.1,11.8,300.0,1.0,True,1,647.44,3,2864.08,-2216.64,40.9,0.191,0.464,1.0,0.989,10650.95,15858.67,-5207.72,-19.64,40.18,17.9,DOWN,600,286,26509.62,59.1,900.0,1.0,True,4,3824.94,11,11475.5,-7650.56,67.3,0.542,0.606,1.0,0.996,1737.8,1422.74,4108.5,90.03,18.28,1.0,129.35,0.155,-915.62,-0.6364,-0.7822,UP,1789713161005,BUY,647.44,0.007856,1789713060000,ok,1.0,1.0,1.0,continuous,1,29,0,,0,0,0,0,False,584,0.00786,0.007861,1.272,-0.631,-0.3053,-0.0629,11891.15,22344.22,26.08,1789713164484,756,False,,,,
2,v2,v1.2,REALF_PY_V4_2_DERIVED,ZPTDIFAT_PY_V1_4_DERIVED,fc-v1,native,,058e38aec59f4c35,20260918_062941,58,TNSR_20260918_063248_127,TNSRUSDT,BINANCE,FUTURES,OUTSIDE100,738,200,1789713168127,2026-09-18T06:32:48.127+00:00,89,True,1789713167913,1789713168127,59.7,1789713120000,1789713179999,False,47.9,0.03515,0.0285,59.9,PRICE AHEAD,True,500,64.9,51.1,64.3,50.3,-0.00044,-0.48,-1.44,0.00156,0.579,0.05,2.3,55.0,-23.9,YOK,13.8,1.0,0.035134435991085136,-0.044,CLV_PROXY_1M,0,0.0033,99.7,59.9,58.5,55.9,46.1,1.4,4.0,13.8,-0.00044,-0.00038,-0.0009,-0.00238,54.22,56.44,63.72,76.21,-2.22,-9.5,-21.99,49.47,48.0,500,native,54.22,NORMAL,49.47,48.0,True,300,75.9,BULL,BOS UP,HH/MIX,HH/HL,RANGE,75.3,True,True,499,2,45.0,1789713000000,LOW,0.03507,2.3,,,,0.03507,2.3,2,0,1,0.03521,0.03507,HIGH_SWEEP,4,0.03515,False,False,0.0989,499,native,50.62,NORMAL,56.81,53.33,True,300,60.1,BULL,BOS UP,LH/MIX,LH/MIX,RANGE,67.3,True,True,498,3,70.7,1789712460000,LOW,0.03507,1.09,,,,0.03507,1.09,3,0,1,0.03517,0.03507,HIGH_SWEEP,1,0.03517,True,False,0.2091,499,native,43.39,NORMAL,53.16,49.0,True,300,58.7,BULL,BOS UP,MIX/HL,LH/MIX,TR UP,68.0,True,True,498,41,51.5,1789700700000,LOW,0.03481,3.38,,,,0.03454,6.07,2,0,2,0.03536,0.03454,HIGH_SWEEP,46,0.03498,False,False,0.2858,499,native,39.26,NORMAL,38.13,35.0,True,300,84.3,BULL,BOS UP,HH/HL,MIX/HL,RANGE,93.4,True,True,498,19,59.8,1789695900000,LOW,0.03454,3.38,,,,0.034375,4.29,2,0,1,0.03583,0.034375,HIGH_SWEEP,16,0.03497,False,False,0.5142,499,native,74.53,YORGUN,59.93,68.33,True,300,74.8,BULL,BOS UP,MIX/HL,MIX/HL,TR UP,73.8,True,True,498,5,52.8,1789693200000,LOW,0.03405,2.81,,,,,,,0,0,0.03497,0.03438,LOW_SWEEP,36,0.03304,False,False,1.1171,499,native,78.2,YORGUN,77.71,87.33,True,300,76.4,BULL,BOS UP,HH/MIX,HH/HL,RANGE,71.9,True,True,498,1,56.6,1789689600000,LOW,0.03258,3.31,0.037065,2.46,2,0.029225,7.62,2,1,1,0.037065,0.029225,EQH_SWEEP,59,0.037065,False,False,2.178,24273,139,31.01,6.96,24.05,63.35,81.67,94.7,UP,6,6,37.97,5.7,60.0,1.0,True,0,0.0,0,0.0,0.0,0.0,0.103,0.0,1.0,0.595,606.93,2046.15,-1439.22,-54.25,22.88,5.6,DOWN,75,41,2653.07,6.7,300.0,1.0,True,0,0.0,3,1686.25,-1686.25,31.0,0.118,0.356,1.0,0.919,3011.04,2792.71,218.33,3.76,51.88,57.6,UP,194,109,5803.75,20.2,900.0,1.0,True,4,1824.85,3,1686.25,138.6,47.4,0.287,0.441,1.0,0.973,-164.17,-107.12,381.3,-5.74,-3.55,1.0,111.94,0.5449,-166.78,-0.3143,-0.8996,UP,1789712927389,SELL,302.01,0.03515,1789713060000,ok,1.0,1.0,1.0,continuous,1,6,0,,0,0,0,0,False,618,0.03514,0.03515,2.845,-0.025,-0.0863,0.0744,15616.82,18566.55,55.48,1789713167423,704,False,,,,
2,v2,v1.2,REALF_PY_V4_2_DERIVED,ZPTDIFAT_PY_V1_4_DERIVED,fc-v1,native,,058e38aec59f4c35,20260918_062941,59,VELVET_20260918_063250_933,VELVETUSDT,BINANCE,FUTURES,OUTSIDE100,761,200,1789713170933,2026-09-18T06:32:50.933+00:00,89,True,1789713170933,1789713170933,59.9,1789713120000,1789713179999,False,50.9,0.05562,-0.0719,64.0,PRICE AHEAD,True,500,65.4,63.5,64.6,57.4,-0.00691,0.05,-0.55,0.00221,0.413,0.78,64.7,80.0,-34.3,YOK,1.9,1.0,0.05523687494079694,-0.689,CLV_PROXY_1M,0,0.0,100.0,64.0,61.5,50.5,56.4,2.5,13.5,7.6,-0.00691,-0.00049,-0.00196,-0.00102,25.14,25.57,26.9,34.7,-0.43,-1.76,-9.56,25.47,21.0,500,native,25.14,DINLENMIS,25.47,21.0,True,300,60.5,TR-DN,CHOCH DN,HH/HL,HH/MIX,TR-DN,89.2,True,True,499,6,60.6,1789712760000,HIGH,0.05615,4.07,0.056855,9.49,2,0.055404999999999996,1.65,2,1,1,0.056855,0.055404999999999996,EQL_SWEEP,60,0.055625,False,False,0.2337,499,native,46.55,NORMAL,34.45,31.67,True,300,49.3,BEAR,BOS DN,MIX/HL,HH/HL,RANGE,72.6,True,True,498,21,40.9,1789709220000,HIGH,0.05649,3.51,,,,,,,0,0,0.05607,0.05556,LOW_SWEEP,1,0.05556,True,False,0.4451,499,native,40.36,NORMAL,37.59,28.67,True,300,16.9,BEAR,BOS DN,LH/LL,MIX/HL,RANGE,83.3,True,True,498,13,49.3,1789709100000,HIGH,0.05671,3.45,,,,0.0515,13.05,2,0,1,0.05649,0.0515,HIGH_SWEEP,25,0.05618,False,False,0.5674,499,native,32.34,NORMAL,31.85,22.0,True,300,85.4,BULL,BOS UP,HH/HL,HH/MIX,RANGE,84.2,True,True,498,8,44.5,1789705800000,LOW,0.05548,0.25,,,,0.0515,7.25,3,0,1,0.05671,0.0515,HIGH_SWEEP,7,0.05649,False,False,1.0214,499,native,33.89,NORMAL,28.27,26.33,True,300,70.4,BULL,BOS UP,HH/MIX,LH/LL,TR UP,75.1,True,True,498,14,40.8,1789660800000,LOW,0.0494,4.67,,,,,,,0,0,0.06014,0.0494,HIGH_SWEEP,13,0.05886,False,False,2.3885,499,native,78.82,YORGUN,66.41,85.0,True,300,48.0,BEAR,BOS DN,MIX/HL,HH/HL,TR DN,65.7,True,True,498,16,34.6,1789473600000,HIGH,0.0633,3.0,,,,,,,0,0,0.0536,0.0494,HIGH_SWEEP,6,0.0536,False,False,4.6002,359,850,3820.43,557.05,3263.38,74.55,87.27,94.9,UP,94,58,4377.48,3.0,60.0,1.0,True,3,3491.16,0,0.0,3491.16,24.2,0.057,0.41,1.0,0.994,10705.24,10918.65,-213.41,-0.99,49.51,48.0,FLAT,638,375,21623.88,29.0,300.0,1.0,True,11,8778.58,9,9073.71,-295.13,57.0,0.367,0.584,1.0,0.999,51483.96,28182.06,23301.9,29.25,64.62,89.1,UP,1618,815,79666.02,46.0,900.0,1.0,True,31,46296.62,24,20320.62,25976.0,67.7,0.479,0.725,1.0,1.0,496.58,3377.24,3997.14,8.71,9.43,1.0,2248.98,0.6423,231.19,0.0535,-0.6784,UP,1789713170572,BUY,665.95,0.05563,1789713060000,ok,1.0,1.0,1.0,continuous,1,59,0,,0,0,0,0,False,652,0.05562,0.05563,1.798,-0.592,0.4201,0.0113,21604.43,8822.96,35.06,1789713169832,1101,False,,FATIGUE_RESTED_1M|AGGRESSIVE_BUYER,,
2,v2,v1.2,REALF_PY_V4_2_DERIVED,ZPTDIFAT_PY_V1_4_DERIVED,fc-v1,native,,058e38aec59f4c35,20260918_062941,60,ZKC_20260918_063253_528,ZKCUSDT,BINANCE,FUTURES,OUTSIDE100,1142,200,1789713173528,2026-09-18T06:32:53.528+00:00,89,True,1789713173513,1789713173528,59.9,1789713120000,1789713179999,False,53.5,0.03834,-0.0261,47.8,FAIR (DENGE),True,500,46.4,47.3,50.6,49.5,0.00145,-0.82,-1.03,0.00155,0.438,0.36,19.7,35.0,10.0,YOK,4.2,0.901,0.03839578614458734,0.146,CLV_PROXY_1M,0,0.0,100.0,47.8,48.1,48.3,48.7,-0.3,-0.5,-0.9,0.00145,-0.00037,-0.00053,-0.00078,24.57,24.59,27.49,48.52,-0.02,-2.92,-23.95,26.32,20.33,500,native,24.57,DINLENMIS,26.32,20.33,True,300,56.6,BULL,BOS UP,MIX/HL,HH/MIX,SQZ,75.3,True,True,499,39,38.3,1789710780000,LOW,0.03831,0.59,,,,,,,0,0,0.03846,0.03835,LOW_SWEEP,40,0.03836,False,False,0.1321,499,native,29.7,DINLENMIS,23.07,14.0,True,300,33.0,BULL,BOS UP,LH/LL,LH/LL,RANGE,84.8,True,True,498,31,58.8,1789707420000,LOW,0.03801,3.44,,,,0.03749,8.86,2,0,1,0.03855,0.03749,HIGH_SWEEP,29,0.03865,False,False,0.2504,499,native,31.85,NORMAL,29.18,19.67,True,300,68.5,BULL,BOS UP,MIX/HL,LH/LL,RANGE,74.3,True,True,498,19,50.4,1789707300000,LOW,0.03801,2.41,,,,,,,0,0,0.03855,0.03831,HIGH_SWEEP,18,0.03869,False,False,0.357,499,native,46.01,NORMAL,37.93,35.67,True,300,88.3,BULL,BOS UP,HH/HL,HH/HL,RANGE,90.3,True,True,498,7,52.3,1789706700000,LOW,0.03789,1.67,0.049025,39.6,2,0.037065,4.73,2,1,1,0.049025,0.037065,LOW_SWEEP,152,0.03752,False,False,0.7041,499,native,73.26,YORGUN,62.82,72.0,True,300,58.0,BEAR,BOS DN,MIX/HL,HH/HL,TR DN,64.1,True,True,498,53,61.2,1789520400000,HIGH,0.04772,16.74,0.05792,34.95,2,,,,1,0,0.05792,0.03718,EQH_SWEEP,6,0.03827,False,False,1.4589,499,native,43.65,NORMAL,50.77,57.67,True,300,15.6,BEAR,BOS DN,LH/LL,LH/MIX,TR DN,90.7,True,True,498,18,73.5,1789444800000,HIGH,0.04904,8.5,,,,0.036074999999999996,1.8,2,0,1,0.03878,0.036074999999999996,HIGH_SWEEP,1,0.03878,True,False,3.2744,1428,341,299.71,530.51,-230.81,-27.8,36.1,11.7,DOWN,35,22,830.22,11.1,60.0,1.0,True,0,0.0,0,0.0,0.0,32.4,0.181,0.23,1.0,0.976,3800.9,6108.93,-2308.03,-23.29,38.35,14.7,DOWN,242,105,9909.82,28.4,300.0,1.0,True,6,2652.32,6,4436.1,-1783.78,54.1,0.362,0.499,1.0,0.995,12367.53,17256.58,-4889.05,-16.5,41.75,21.4,DOWN,596,296,29624.11,14.1,900.0,1.0,True,11,8470.47,10,13231.97,-4761.5,47.3,0.22,0.618,1.0,0.998,-31.86,-4274.26,674.27,27.14,-18.88,1.0,-22.55,-0.0265,-302.06,-0.1524,0.0752,DOWN,1789713040073,BUY,518.76,0.03833,1789713060000,ok,1.0,1.0,1.0,continuous,1,22,0,,0,0,0,0,False,686,0.03834,0.03835,2.608,-1.232,-0.0912,-0.1488,18685.5,22435.72,50.85,1789713173212,316,False,,FATIGUE_RESTED_1M,,
2,v2,v1.2,REALF_PY_V4_2_DERIVED,ZPTDIFAT_PY_V1_4_DERIVED,fc-v1,native,,058e38aec59f4c35,20260918_062941,61,ETH_20260918_063259_348,ETHUSDT,BINANCE,FUTURES,TOP100,2,75000,1789713179348,2026-09-18T06:32:59.348+00:00,89,True,1789713179348,1789713179348,59.9,1789713120000,1789713179999,False,59.3,2482.99,-0.0004,55.2,FAIR (DENGE),True,500,57.0,52.3,57.3,50.4,-0.00065,-0.59,-1.04,0.00132,0.701,0.32,3.0,60.0,-9.3,YOK,5.0,1.0,2481.377897670251,-0.065,CLV_PROXY_1M,0,0.0,100.0,55.2,57.3,59.0,55.6,-2.1,-3.8,-0.4,-0.00065,-4e-05,-1e-05,-0.00078,36.98,38.61,43.23,63.49,-1.63,-6.25,-26.51,36.69,25.0,500,native,36.98,NORMAL,36.69,25.0,True,300,85.8,BULL,BOS UP,HH/HL,HH/MIX,RANGE,84.0,True,True,499,10,63.9,1789712520000,LOW,2481.26,0.97,,,,2469.0299999999997,7.83,2,0,2,2486.88,2469.0299999999997,HIGH_SWEEP,9,2486.11,False,False,0.0718,499,native,53.53,NORMAL,50.19,46.33,True,300,31.7,BULL,BOS UP,LH/LL,MIX/HL,RANGE,90.5,True,True,498,32,76.1,1789707240000,LOW,2469.0,3.74,,,,,,,0,0,2486.49,2477.52,HIGH_SWEEP,3,2486.49,False,False,0.1507,499,native,49.01,NORMAL,47.07,42.0,True,300,85.2,BULL,BOS UP,HH/HL,LH/LL,TR UP,91.8,True,True,498,16,61.2,1789708200000,LOW,2469.0,2.77,,,,2365.835,23.18,2,0,1,2492.55,2365.835,HIGH_SWEEP,17,2482.2,False,False,0.2036,499,native,65.09,NORMAL,59.06,59.67,True,300,73.3,BULL,BOS UP,HH/MIX,HH/HL,TR UP,74.1,True,True,498,6,39.9,1789707600000,LOW,2435.39,5.83,,,,2435.74,5.78,2,0,1,2492.55,2435.74,HIGH_SWEEP,5,2484.99,False,False,0.3292,499,native,79.38,YORGUN,86.1,95.67,True,300,73.3,BEAR,BOS DN,HH/HL,HH/MIX,TR DN,84.8,True,True,498,65,44.7,1789477200000,HIGH,2614.99,7.73,,,,,,,0,0,2484.0,2435.39,HIGH_SWEEP,1,2484.0,True,True,0.6888,499,native,65.48,NORMAL,76.53,87.67,True,300,51.7,TR-DN,CHOCH DN,MIX/HL,MIX/HL,TR-DN,70.6,True,True,498,14,32.7,1789502400000,HIGH,2614.99,3.31,,,,1862.655,15.57,2,0,2,2614.99,1862.655,HIGH_SWEEP,38,2522.75,False,False,1.6086,721,2833,514860.34,687678.36,-172818.03,-14.37,42.81,24.2,DOWN,1785,462,1202538.7,33.2,60.0,1.0,True,1,134730.59,0,0.0,134730.59,69.2,0.399,1.0,1.0,0.988,4985665.28,13131160.0,-8145494.73,-44.96,27.52,6.5,DOWN,12194,2833,18116825.28,128.4,260.9,0.8695,False,13,2335099.97,35,9557416.11,-7222316.14,85.2,0.72,1.0,0.87,0.998,4985665.28,13131160.0,-8145494.73,-44.96,27.52,6.5,DOWN,12194,2833,18116825.28,128.4,260.9,0.2898,False,13,2335099.97,35,9557416.11,-7222316.14,68.4,0.72,1.0,0.29,0.999,694051.36,,,14.26,,0.2232,-894372.52,-0.3571,,,,,1789713156890,BUY,134730.59,2483.33,1789713060000,ok,0.9958,0.9995,0.9829,continuous,1,462,0,,0,0,0,0,False,720,2482.98,2482.99,0.04,-0.001,-0.231,-0.079,222329.09,355905.69,0.83,1789713178907,441,False,,,,
2,v2,v1.2,REALF_PY_V4_2_DERIVED,ZPTDIFAT_PY_V1_4_DERIVED,fc-v1,native,,058e38aec59f4c35,20260918_062941,62,BNB_20260918_063302_375,BNBUSDT,BINANCE,FUTURES,TOP100,4,25000,1789713182375,2026-09-18T06:33:02.375+00:00,89,True,1789713181938,1789713182375,59.9,1789713120000,1789713179999,True,61.9,752.98,-0.008,53.1,FAIR (DENGE),True,500,55.8,45.9,57.6,50.3,0.00098,-0.89,-1.51,0.00102,0.752,0.41,4.0,55.0,-14.0,YOK,11.7,0.603,753.7169394022554,0.098,CLV_PROXY_1M,0,0.0,100.0,53.1,50.2,47.8,43.2,2.9,5.3,9.9,0.00098,-0.00025,-0.00091,-0.00112,18.76,20.19,24.23,36.04,-1.43,-5.47,-17.28,19.01,7.0,500,native,18.76,DINLENMIS,19.01,7.0,True,300,41.4,BEAR,BOS DN,HH/MIX,HH/MIX,SQZ,72.1,True,True,499,3,52.5,1789712940000,HIGH,754.74,3.81,,,,735.76,37.24,2,0,1,754.74,735.76,HIGH_SWEEP,10,754.62,False,False,0.0614,499,native,36.59,NORMAL,29.24,9.33,True,300,73.2,BULL,BOS UP,HH/MIX,LH/LL,RANGE,74.2,True,True,498,9,53.9,1789711380000,LOW,751.67,1.27,,,,733.985,18.44,2,0,2,755.98,733.985,HIGH_SWEEP,24,753.4,False,False,0.1368,499,native,47.21,NORMAL,42.03,28.33,True,300,71.9,BULL,BOS UP,HH/MIX,HH/MIX,TR UP,80.5,True,True,498,16,50.9,1789708200000,LOW,749.39,2.38,,,,751.405,1.04,2,0,2,755.98,751.405,HIGH_SWEEP,5,755.08,False,False,0.2005,499,native,55.56,NORMAL,54.14,40.67,True,300,78.6,BULL,BOS UP,HH/HL,HH/HL,TR UP,91.5,True,True,498,29,31.8,1789686900000,LOW,733.95,7.42,,,,,,,0,0,754.71,733.95,HIGH_SWEEP,5,754.71,False,False,0.3404,499,native,93.86,ASIRI,89.89,94.67,True,300,72.9,BULL,BOS UP,HH/MIX,HH/MIX,TR UP,76.1,True,True,498,10,47.2,1789675200000,LOW,721.24,6.91,,,,,,,0,0,732.95,721.24,HIGH_SWEEP,18,729.58,False,False,0.6104,499,native,88.83,ASIRI,95.7,95.33,True,300,40.4,BULL,BOS UP,LH/LL,HH/HL,RANGE,86.1,True,True,498,4,31.3,1789646400000,LOW,704.34,5.17,,,,,,,0,0,725.94,704.34,HIGH_SWEEP,6,725.94,False,False,1.2519,1720,1449,21039.64,69280.5,-48240.86,-53.41,23.29,5.7,DOWN,471,121,90320.14,12.6,60.0,1.0,True,0,0.0,0,0.0,0.0,48.0,0.202,0.739,1.0,0.971,307149.44,825968.89,-518819.45,-45.79,27.11,6.4,DOWN,4161,734,1133118.34,88.9,300.0,1.0,True,2,104495.17,6,245561.88,-141066.71,83.6,0.64,1.0,1.0,0.994,472821.01,1481094.72,-1008273.71,-51.6,24.2,5.8,DOWN,7504,1449,1953915.73,163.1,592.1,0.6579,False,2,104495.17,12,426070.9,-321575.73,82.6,0.765,1.0,0.658,0.998,3266.99,29200.46,,-17.43,0.85,0.5913,-44893.28,-0.2415,-89551.87,-0.3952,-0.7394,NONE,1789713115693,BUY,75304.98,753.049764,1789713060000,ok,1.0,1.0,1.0,continuous,1,121,0,,0,0,0,0,False,34,752.97,752.98,0.133,0.028,0.0549,0.4434,88692.03,79457.63,2.59,1789713181744,631,False,,FATIGUE_RESTED_1M|AGGRESSIVE_SELLER,,
2,v2,v1.2,REALF_PY_V4_2_DERIVED,ZPTDIFAT_PY_V1_4_DERIVED,fc-v1,native,,058e38aec59f4c35,20260918_062941,63,XRP_20260918_063305_419,XRPUSDT,BINANCE,FUTURES,TOP100,5,25000,1789713185419,2026-09-18T06:33:05.419+00:00,89,True,1789713184990,1789713185419,60.4,1789713180000,1789713239999,False,5.0,1.3217,0.0,54.9,FAIR (DENGE),True,500,55.6,56.2,54.2,50.0,-0.00197,0.5,0.24,0.00161,0.727,0.02,0.3,70.0,2.5,YOK,2.0,1.0,1.319104467069373,-0.196,CLV_PROXY_1M,0,0.0,100.0,54.9,54.6,53.5,54.6,0.3,1.4,0.3,-0.00197,3e-05,-0.00022,-0.00035,58.49,58.26,60.95,68.45,0.23,-2.46,-9.96,59.16,58.67,500,native,58.49,NORMAL,59.16,58.67,True,300,72.7,BEAR,BOS DN,HH/HL,HH/HL,SQZ,83.2,True,True,499,48,52.6,1789710300000,HIGH,1.3237,1.51,,,,1.3032,13.95,2,0,2,1.3232,1.3032,HIGH_SWEEP,10,1.322,False,False,0.1003,499,native,65.89,NORMAL,67.59,71.33,True,300,30.1,BULL,BOS UP,LH/LL,MIX/HL,RANGE,90.5,True,True,498,33,58.0,1789707240000,LOW,1.3133,3.17,,,,,,,0,0,1.3228,1.3164,HIGH_SWEEP,2,1.3228,False,False,0.1983,499,native,52.91,NORMAL,62.14,65.67,True,300,62.0,BULL,BOS UP,MIX/HL,LH/LL,RANGE,74.0,True,True,498,33,67.7,1789703100000,LOW,1.3045,4.8,,,,,,,0,0,1.3228,1.3164,HIGH_SWEEP,1,1.3228,True,False,0.2699,499,native,57.2,NORMAL,55.35,60.0,True,300,76.7,TR-UP,CHOCH UP,HH/HL,MIX/HL,TR-UP,84.3,True,True,498,22,25.8,1789693200000,LOW,1.2867,6.2,,,,,,,0,0,1.3286,1.3133,HIGH_SWEEP,23,1.3002,False,False,0.4261,499,native,80.57,YORGUN,79.74,92.0,True,300,74.1,TR-UP,CHOCH UP,HH/MIX,HH/MIX,TR-UP,74.3,True,True,498,3,82.2,1789700400000,LOW,1.2867,2.89,,,,,,,0,0,1.3201,1.2867,HIGH_SWEEP,1,1.3201,True,False,0.9194,499,native,49.54,NORMAL,58.48,74.67,True,300,47.1,TR-DN,CHOCH DN,HH/MIX,MIX/LL,TR-DN,75.8,True,True,498,15,73.1,1789488000000,HIGH,1.4916,5.34,1.5507,7.2,2,0.98775,10.5,2,1,1,1.5507,0.98775,EQH_SWEEP,57,1.43175,False,False,2.3989,147,1426,74346.99,50995.87,23351.12,18.63,59.31,81.0,UP,783,127,125342.87,22.8,60.0,1.0,True,0,0.0,0,0.0,0.0,58.2,0.314,0.775,1.0,0.998,1101656.84,1661426.99,-559770.15,-20.26,39.87,17.3,DOWN,6215,710,2763083.84,88.3,300.0,1.0,True,12,605794.91,16,1059040.12,-453245.21,83.6,0.638,1.0,1.0,1.0,2667238.17,2795949.33,-128711.16,-2.36,48.82,45.2,FLAT,11911,1426,5463187.5,175.7,576.7,0.6408,False,28,1517102.26,27,1570322.36,-53220.1,82.8,0.778,1.0,0.641,1.0,39158.72,-90015.64,,14.63,-2.47,0.5741,-3939.67,-0.0244,-73543.45,-0.1331,-0.2194,NONE,1789713033631,BUY,30770.85,1.321,1789713060000,ok,1.0,1.0,1.0,continuous,1,128,0,,0,0,0,0,False,68,1.3216,1.3217,0.757,-0.004,0.052,-0.0844,1124499.08,1013298.02,14.75,1789713184768,651,False,,,,
2,v2,v1.2,REALF_PY_V4_2_DERIVED,ZPTDIFAT_PY_V1_4_DERIVED,fc-v1,native,,058e38aec59f4c35,20260918_062941,64,DOGE_20260918_063308_014,DOGEUSDT,BINANCE,FUTURES,TOP100,12,15000,1789713188014,2026-09-18T06:33:08.014+00:00,89,True,1789713188014,1789713188014,60.4,1789713180000,1789713239999,False,8.0,0.08426,-0.0119,52.3,FAIR (DENGE),True,500,53.1,51.1,53.3,50.0,-0.00041,0.18,0.01,0.00145,0.647,0.0,0.3,50.0,-13.1,YOK,2.2,1.0,0.08422582023422583,-0.041,CLV_PROXY_1M,0,0.0,100.0,52.3,54.3,53.9,55.3,-2.0,-1.6,-3.0,-0.00041,9e-05,-0.0003,-0.00023,37.06,36.77,38.58,50.79,0.29,-1.52,-13.73,42.78,26.0,500,native,37.06,NORMAL,42.78,26.0,True,300,48.0,BEAR,BOS DN,HH/MIX,HH/HL,SQZ,70.2,True,True,499,15,38.7,1789712280000,HIGH,0.08443,2.2,0.084395,1.75,2,0.08135,37.68,2,1,1,0.084395,0.08135,EQL_SWEEP,49,0.08419499999999999,False,False,0.0916,499,native,48.23,NORMAL,48.87,41.0,True,300,44.6,BULL,BOS UP,MIX/LL,MIX/HL,RANGE,73.8,True,True,498,32,48.5,1789707420000,LOW,0.08373,3.42,0.08449000000000001,1.39,2,,,,1,0,0.08449000000000001,0.08404,LOW_SWEEP,11,0.08419,False,False,0.1872,499,native,41.14,NORMAL,42.28,33.0,True,300,63.8,BULL,BOS UP,MIX/HL,MIX/LL,TR UP,80.0,True,True,498,33,93.1,1789703100000,LOW,0.08223,8.85,,,,0.07986,19.18,2,0,1,0.08448,0.07986,HIGH_SWEEP,17,0.08459,False,False,0.2724,499,native,60.43,NORMAL,54.9,56.33,True,300,79.8,BULL,BOS UP,HH/HL,HH/HL,TR UP,84.7,True,True,498,21,43.6,1789694100000,LOW,0.08114,8.65,,,,0.080555,10.27,2,0,1,0.08469,0.080555,HIGH_SWEEP,64,0.08179,False,False,0.4296,499,native,88.93,ASIRI,85.15,96.67,True,300,89.8,BULL,BOS UP,HH/HL,LH/LL,TR UP,90.7,True,True,498,4,51.5,1789696800000,LOW,0.08114,4.31,,,,,,,0,0,0.08253,0.08114,HIGH_SWEEP,21,0.08134,False,False,0.8609,499,native,72.92,YORGUN,85.98,92.33,True,300,47.5,BEAR,BOS DN,HH/MIX,LH/MIX,TR DN,73.2,True,True,498,16,26.7,1789473600000,HIGH,0.08616,1.24,,,,0.07835,3.87,2,0,1,0.08616,0.07835,HIGH_SWEEP,20,0.08534,False,False,1.8093,1260,1256,33888.61,56713.17,-22824.56,-25.19,37.4,13.3,DOWN,391,79,90601.79,6.7,60.0,1.0,True,0,0.0,1,27052.95,-27052.95,38.8,0.118,0.739,1.0,0.979,543836.4,967465.67,-423629.26,-28.03,35.98,11.5,DOWN,3722,426,1511302.07,55.8,300.0,1.0,True,11,291465.14,16,675828.97,-384363.82,77.4,0.527,1.0,1.0,0.996,990823.48,1431991.05,-441167.57,-18.21,40.9,19.4,DOWN,7508,1256,2422814.52,106.1,620.8,0.6898,False,16,469399.9,28,934620.38,-465220.48,79.5,0.68,1.0,0.69,0.999,-68789.83,-103733.53,,-35.17,-3.92,0.6232,-5414.43,-0.0396,-62911.66,-0.2081,-0.3133,NONE,1789713171697,SELL,27052.95,0.08427,1789713060000,ok,1.0,1.0,1.0,continuous,1,80,0,,0,0,0,0,False,102,0.08426,0.08427,1.187,0.15,0.1671,0.2254,1041512.81,743319.89,23.14,1789713187802,212,False,,,,
2,v2,v1.2,REALF_PY_V4_2_DERIVED,ZPTDIFAT_PY_V1_4_DERIVED,fc-v1,native,,058e38aec59f4c35,20260918_062941,65,LINK_20260918_063310_825,LINKUSDT,BINANCE,FUTURES,TOP100,17,10000,1789713190825,2026-09-18T06:33:10.825+00:00,89,True,1789713190606,1789713190825,60.1,1789713180000,1789713239999,False,10.6,11.801,0.0254,52.3,FAIR (DENGE),True,500,53.2,49.8,54.3,50.0,7e-05,0.57,0.1,0.00193,0.683,0.1,0.3,60.0,7.2,YOK,4.5,0.965,11.80180336812262,0.007,CLV_PROXY_1M,0,0.0,100.0,52.3,50.8,49.2,46.6,1.5,3.1,5.7,7e-05,-8e-05,-0.00065,-0.00105,64.29,63.0,63.55,74.34,1.29,0.74,-10.05,67.88,66.0,500,native,64.29,NORMAL,67.88,66.0,True,300,87.8,BULL,BOS UP,HH/HL,HH/HL,RANGE,92.2,True,True,499,11,60.8,1789712520000,LOW,11.74,4.06,,,,11.377500000000001,28.18,2,0,1,11.811,11.377500000000001,HIGH_SWEEP,16,11.779,False,False,0.1274,499,native,75.38,YORGUN,77.43,82.33,True,300,46.2,BULL,BOS UP,LH/LL,HH/MIX,RANGE,88.3,True,True,498,4,67.9,1789712460000,LOW,11.705,3.21,,,,,,,0,0,11.776,11.705,HIGH_SWEEP,9,11.776,False,False,0.2536,499,native,64.61,NORMAL,79.78,83.33,True,300,63.0,BULL,BOS UP,HH/MIX,LH/LL,TR UP,76.9,True,True,498,33,57.9,1789703100000,LOW,11.337,11.36,,,,,,,0,0,11.817,11.705,HIGH_SWEEP,19,11.802,False,False,0.3468,499,native,63.64,NORMAL,65.26,68.0,True,300,77.6,BULL,BOS UP,HH/HL,HH/HL,TR UP,87.9,True,True,498,29,54.8,1789686900000,LOW,11.25,8.6,,,,11.0905,11.09,2,0,1,11.817,11.0905,HIGH_SWEEP,64,11.34,False,False,0.544,499,native,90.32,ASIRI,87.55,94.33,True,300,83.3,TR-UP,CHOCH UP,HH/HL,MIX/LL,TR-UP,86.0,True,True,498,5,51.0,1789693200000,LOW,11.089,5.91,12.7855,8.17,2,,,,1,0,12.7855,11.25,LOW_SWEEP,37,10.67,False,False,1.0287,499,native,75.74,YORGUN,88.32,92.0,True,300,17.7,BEAR,BOS DN,LH/LL,HH/MIX,RANGE,86.2,True,True,498,15,24.8,1789488000000,HIGH,11.961,0.64,,,,8.062,14.91,2,0,1,11.961,8.062,EQH_SWEEP,83,12.035499999999999,False,False,2.133,488,1211,40313.45,26758.74,13554.7,20.21,60.1,82.6,UP,311,74,67072.19,19.6,60.0,1.0,True,0,0.0,0,0.0,0.0,54.2,0.281,0.707,1.0,0.992,192292.73,261759.97,-69467.24,-15.3,42.35,22.9,DOWN,1937,363,454052.7,81.8,300.0,1.0,True,1,21099.78,5,103102.99,-82003.21,80.4,0.621,0.914,1.0,0.998,928138.03,789198.29,138939.74,8.09,54.05,65.8,UP,5932,1103,1717336.32,241.1,900.0,1.0,True,16,388279.52,14,284367.17,103912.34,92.7,0.828,1.0,1.0,0.999,8436.97,18278.41,-71413.35,2.72,1.86,0.9903,9244.82,0.1868,-9437.36,-0.1039,-0.3118,UP,1789712942346,BUY,21099.78,11.78607185110293,1789713120000,ok,1.0,1.0,1.0,continuous,1,74,0,,0,0,0,0,False,136,11.801,11.802,0.847,-0.399,-0.1233,-0.2257,169027.63,216563.35,16.52,1789713190396,429,False,,,,
2,v2,v1.2,REALF_PY_V4_2_DERIVED,ZPTDIFAT_PY_V1_4_DERIVED,fc-v1,native,,058e38aec59f4c35,20260918_062941,66,ADA_20260918_063313_634,ADAUSDT,BINANCE,FUTURES,TOP100,19,10000,1789713193634,2026-09-18T06:33:13.634+00:00,89,True,1789713193415,1789713193634,59.9,1789713180000,1789713239999,False,13.4,0.2136,-0.0468,56.3,FAIR (DENGE),True,500,61.0,44.8,63.4,50.4,0.00222,0.2,-0.62,0.00176,0.633,0.29,2.3,50.0,-14.7,YOK,18.6,0.707,0.21407429303830572,0.222,CLV_PROXY_1M,0,0.0,100.0,56.3,56.6,53.2,49.5,-0.3,3.1,6.8,0.00222,-0.00016,-0.00107,-0.0025,61.11,61.34,60.1,62.09,-0.23,1.01,-0.98,62.83,55.33,500,native,61.11,NORMAL,62.83,55.33,True,300,79.1,TR-UP,CHOCH UP,HH/HL,MIX/HL,SQZ,86.1,True,True,499,18,50.5,1789712100000,LOW,0.2126,3.49,0.2151,5.24,2,,,,1,0,0.2151,0.213,LOW_SWEEP,74,0.2138,False,False,0.134,499,native,73.19,YORGUN,75.19,75.0,True,300,20.7,BEAR,BOS DN,LH/LL,HH/HL,RANGE,86.5,True,True,498,25,70.8,1789708680000,HIGH,0.2173,6.67,,,,,,,0,0,0.2151,0.2121,LOW_SWEEP,45,0.2143,False,False,0.2595,499,native,49.68,NORMAL,62.26,62.0,True,300,19.5,TR-DN,CHOCH DN,LH/LL,LH/LL,TR-DN,85.4,True,True,498,8,28.1,1789710600000,HIGH,0.2151,1.92,,,,0.1903,29.78,3,0,1,0.2151,0.1903,HIGH_SWEEP,32,0.2159,False,False,0.3664,499,native,45.67,NORMAL,44.94,40.67,True,300,66.8,BULL,BOS UP,MIX/HL,LH/LL,TR UP,78.2,True,True,498,26,55.4,1789689600000,LOW,0.1997,9.12,0.21739999999999998,2.41,2,0.1972,10.75,2,1,2,0.21739999999999998,0.1972,HIGH_SWEEP,27,0.2027,False,False,0.7191,499,native,86.09,ASIRI,76.3,88.67,True,300,87.0,BULL,BOS UP,HH/HL,HH/HL,EXP UP,84.6,True,True,498,6,53.5,1789689600000,LOW,0.1901,7.58,,,,,,,0,0,0.2042,0.1997,EQH_SWEEP,29,0.19690000000000002,False,False,1.4575,499,native,75.76,YORGUN,88.18,90.0,True,300,41.5,TR-UP,CHOCH UP,LH/LL,LH/LL,TR-UP,84.5,True,True,498,1,52.5,1789689600000,LOW,0.1901,4.32,,,,,,,0,0,0.2159,0.1901,LOW_SWEEP,52,0.2148,False,True,2.5151,158,1035,41291.89,2817.17,38474.72,87.23,93.61,95.0,UP,179,76,44109.05,2.6,60.0,1.0,True,1,26803.54,0,0.0,26803.54,26.4,0.049,0.661,1.0,0.997,227638.41,223771.6,3866.81,0.86,50.43,51.8,FLAT,1332,300,451410.02,17.9,300.0,1.0,True,7,169025.97,5,156380.3,12645.67,57.1,0.263,0.914,1.0,0.999,839952.89,721125.55,118827.34,7.61,53.81,65.0,UP,3865,894,1561078.44,47.5,900.0,1.0,True,21,585775.08,15,520695.04,65080.04,75.0,0.487,1.0,1.0,1.0,27754.65,43574.19,131107.74,29.95,4.18,1.0,19856.56,0.5212,4504.3,0.0499,-0.175,UP,1789713180651,BUY,26803.54,0.2137,1789713120000,ok,1.0,1.0,1.0,continuous,1,76,0,,0,0,0,0,False,170,0.2136,0.2137,4.681,-0.244,0.0633,-0.0492,2304260.78,2030095.45,91.27,1789713193212,422,False,,AGGRESSIVE_BUYER,,
2,v2,v1.2,REALF_PY_V4_2_DERIVED,ZPTDIFAT_PY_V1_4_DERIVED,fc-v1,native,,058e38aec59f4c35,20260918_062941,67,LTC_20260918_063316_249,LTCUSDT,BINANCE,FUTURES,TOP100,25,10000,1789713196249,2026-09-18T06:33:16.249+00:00,89,True,1789713196233,1789713196249,59.7,1789713180000,1789713239999,False,16.2,54.9,0.0,54.6,FAIR (DENGE),True,500,55.8,54.9,54.1,50.0,-0.00189,-0.17,-0.2,0.00141,0.622,0.01,0.3,50.0,-19.6,YOK,1.7,1.0,54.79643491193161,-0.189,CLV_PROXY_1M,0,0.0,100.0,54.6,59.2,60.2,64.3,-4.6,-5.6,-9.7,-0.00189,4e-05,-0.00024,0.00022,68.36,72.01,73.04,71.96,-3.65,-4.68,-3.6,58.37,63.33,500,native,68.36,NORMAL,58.37,63.33,True,300,75.4,BULL,BOS UP,HH/MIX,HH/MIX,TR UP,73.8,True,True,499,6,64.2,1789712820000,LOW,54.78,2.14,,,,54.76,2.5,2,0,2,55.02,54.76,HIGH_SWEEP,30,54.92,False,False,0.1022,499,native,60.4,NORMAL,64.93,64.67,True,300,63.9,BULL,BOS UP,MIX/HL,MIX/HL,RANGE,79.5,True,True,498,33,50.6,1789707240000,LOW,54.29,5.59,54.974999999999994,0.69,2,,,,2,0,54.974999999999994,54.76,EQH_SWEEP,2,55.0,False,False,0.1988,499,native,54.19,NORMAL,63.22,53.0,True,300,77.2,BULL,BOS UP,HH/HL,MIX/HL,RANGE,86.1,True,True,498,33,51.2,1789703100000,LOW,54.32,4.02,,,,53.86,7.21,2,0,3,55.0,53.86,HIGH_SWEEP,1,55.0,True,False,0.2628,499,native,72.87,YORGUN,71.4,77.67,True,300,71.1,BULL,BOS UP,MIX/HL,HH/MIX,TR UP,85.7,True,True,498,24,95.3,1789691400000,LOW,53.59,5.8,,,,,,,0,0,53.98,54.29,EQH_SWEEP,26,53.989999999999995,False,False,0.4112,499,native,87.5,ASIRI,87.21,95.0,True,300,88.0,BULL,BOS UP,HH/HL,HH/HL,TR UP,83.5,True,True,498,6,68.8,1789689600000,LOW,52.46,5.59,,,,,,,0,0,54.0,52.46,HIGH_SWEEP,21,52.81,False,False,0.7963,499,native,81.25,YORGUN,88.94,93.0,True,300,51.6,TR-DN,CHOCH DN,HH/MIX,LH/LL,TR-DN,72.3,True,True,498,14,38.2,1789502400000,HIGH,55.24,0.4,,,,,,,0,0,55.24,50.13,HIGH_SWEEP,30,54.28,False,False,1.559,413,628,23904.89,113821.79,-89916.9,-65.29,17.36,5.2,DOWN,449,54,137726.69,17.9,60.0,1.0,True,0,0.0,5,66401.86,-66401.86,54.5,0.264,0.785,1.0,0.993,127388.1,217730.92,-90342.82,-26.18,36.91,12.6,DOWN,1257,215,345119.02,45.3,300.0,1.0,True,1,25398.15,8,107287.04,-81888.89,71.6,0.475,0.884,1.0,0.999,409271.89,439957.75,-30685.85,-3.61,48.19,42.7,DOWN,3047,570,849229.64,76.3,900.0,1.0,True,7,156412.47,12,193710.22,-37297.75,81.3,0.604,0.982,1.0,1.0,-98001.02,-39172.45,-30569.85,-58.61,-4.43,1.0,-25240.98,-0.4043,-12960.78,-0.1878,-0.2003,NONE,1789713154166,SELL,11122.2,54.89,1789713120000,ok,1.0,1.0,1.0,continuous,1,54,0,,0,0,0,0,False,204,54.88,54.89,1.822,-0.114,-0.0025,0.129,742803.9,746513.0,35.53,1789713196020,229,False,,AGGRESSIVE_SELLER,,
2,v2,v1.2,REALF_PY_V4_2_DERIVED,ZPTDIFAT_PY_V1_4_DERIVED,fc-v1,native,,058e38aec59f4c35,20260918_062941,68,AVAX_20260918_063318_851,AVAXUSDT,BINANCE,FUTURES,TOP100,31,5000,1789713198851,2026-09-18T06:33:18.851+00:00,89,True,1789713198851,1789713198851,59.5,1789713180000,1789713239999,False,18.9,7.891,0.0127,43.7,FAIR (DENGE),True,500,43.7,34.8,51.8,49.8,0.00505,0.56,-0.07,0.00137,0.635,0.15,1.0,55.0,25.9,YOK,17.0,0.896,7.930951728047652,0.506,CLV_PROXY_1M,0,0.0,100.0,43.7,42.2,37.0,33.5,1.5,6.7,10.2,0.00505,-0.00024,-0.00111,-0.00183,56.87,56.17,54.75,65.53,0.7,2.12,-8.66,60.0,55.0,500,native,56.87,NORMAL,60.0,55.0,True,300,57.2,BEAR,BOS DN,HH/MIX,HH/HL,SQZ,68.4,True,True,499,53,64.9,1789710000000,HIGH,7.93,5.41,7.9415,7.01,2,,,,1,0,7.9415,7.871,LOW_SWEEP,12,7.873,False,False,0.0913,499,native,52.41,NORMAL,59.29,54.0,True,300,57.4,BULL,BOS UP,MIX/HL,LH/MIX,RANGE,67.8,True,True,498,69,79.7,1789700760000,LOW,7.677,13.2,,,,7.6285,16.2,2,0,1,7.903,7.6285,HIGH_SWEEP,78,7.723,False,False,0.2045,499,native,34.48,NORMAL,44.21,32.33,True,300,60.7,BULL,BOS UP,MIX/HL,MIX/HL,RANGE,74.1,True,True,498,41,66.0,1789700700000,LOW,7.677,8.75,,,,,,,0,0,7.942,7.857,HIGH_SWEEP,46,7.723,False,False,0.3104,499,native,55.32,NORMAL,52.48,48.0,True,300,79.5,BULL,BOS UP,HH/HL,MIX/HL,TR UP,85.4,True,True,498,23,54.9,1789692300000,LOW,7.545,8.22,,,,,,,0,0,7.968,7.584,EQH_SWEEP,23,7.648,False,False,0.534,499,native,87.46,ASIRI,81.55,89.0,True,300,91.4,TR-UP,CHOCH UP,HH/HL,LH/LL,TR-UP,94.6,True,True,498,3,96.7,1789700400000,LOW,7.545,4.3,8.192,3.74,3,7.186,8.75,2,1,1,8.192,7.186,EQL_SWEEP,37,7.186,False,False,1.023,499,native,84.63,ASIRI,90.13,93.0,True,300,78.7,BULL,BOS UP,HH/MIX,HH/MIX,RANGE,76.8,True,True,498,1,80.2,1789689600000,LOW,7.171,4.74,,,,7.173500000000001,4.72,2,0,1,7.8,7.173500000000001,LOW_SWEEP,15,7.243,False,False,1.9116,1225,799,20494.53,15665.95,4828.59,13.35,56.68,74.4,UP,264,43,36160.48,10.8,60.0,1.0,True,1,6115.56,1,5131.1,984.46,43.7,0.178,0.64,1.0,0.98,124008.8,114117.09,9891.71,4.15,52.08,58.4,UP,1292,220,238125.89,49.8,300.0,1.0,True,5,29086.31,7,63863.47,-34777.16,71.9,0.499,0.844,1.0,0.996,453122.65,410756.32,42366.33,4.9,52.45,59.9,UP,3828,695,863878.97,114.5,900.0,1.0,True,19,187663.79,20,250255.41,-62591.61,86.1,0.696,0.984,1.0,0.999,6209.54,407.18,56790.2,12.71,-0.1,1.0,11281.04,0.3567,6267.92,0.1316,-0.2097,UP,1789713197626,BUY,6115.56,7.891046451612903,1789713120000,ok,1.0,1.0,1.0,continuous,1,42,0,,0,0,0,0,False,238,7.891,7.892,1.267,-0.141,-0.0167,-0.2258,385163.22,398224.37,24.71,1789713198640,211,False,,,,
2,v2,v1.2,REALF_PY_V4_2_DERIVED,ZPTDIFAT_PY_V1_4_DERIVED,fc-v1,native,,058e38aec59f4c35,20260918_062941,69,SUI_20260918_063321_467,SUIUSDT,BINANCE,FUTURES,TOP100,35,5000,1789713201467,2026-09-18T06:33:21.467+00:00,89,True,1789713201467,1789713201467,59.5,1789713180000,1789713239999,False,21.5,0.7766,-0.0386,50.7,FAIR (DENGE),True,500,51.8,45.0,55.6,50.0,0.00228,0.72,0.16,0.00212,0.61,0.29,3.0,55.0,3.3,YOK,10.5,0.216,0.7783711473851164,0.228,CLV_PROXY_1M,0,0.0,100.0,50.7,48.7,48.2,44.5,2.0,2.5,6.2,0.00228,-0.00029,-0.00116,-0.00189,58.73,58.38,55.15,65.18,0.35,3.58,-6.45,59.49,59.67,500,native,58.73,NORMAL,59.49,59.67,True,300,73.0,BEAR,BOS DN,HH/HL,HH/HL,SQZ,83.9,True,True,499,46,17.2,1789710420000,HIGH,0.7775,0.87,,,,,,,0,0,0.7779,0.775,HIGH_SWEEP,11,0.777,False,False,0.1335,499,native,58.24,NORMAL,65.03,57.67,True,300,57.5,BULL,BOS UP,MIX/HL,MIX/HL,RANGE,66.6,True,True,498,55,52.4,1789703280000,LOW,0.7643,5.58,,,,0.7292,21.39,2,0,3,0.7778,0.7292,HIGH_SWEEP,50,0.7849,False,False,0.2858,499,native,38.58,NORMAL,52.77,46.33,True,300,60.8,BULL,BOS UP,MIX/HL,MIX/HL,RANGE,79.1,True,True,498,40,48.0,1789701000000,LOW,0.7643,3.85,,,,0.71575,19.06,2,0,2,0.7849,0.71575,HIGH_SWEEP,90,0.7365,False,False,0.4117,499,native,46.45,NORMAL,47.0,37.0,True,300,78.5,BULL,BOS UP,HH/HL,MIX/HL,TR UP,90.8,True,True,498,29,53.6,1789686900000,LOW,0.7287,8.18,,,,0.7289,8.15,2,0,1,0.7899,0.7289,HIGH_SWEEP,58,0.7351,False,False,0.7551,499,native,87.65,ASIRI,75.22,84.67,True,300,83.0,TR-UP,CHOCH UP,HH/HL,HH/MIX,TR-UP,88.9,True,True,498,6,40.0,1789689600000,LOW,0.7157,5.53,0.8336,5.18,2,,,,2,0,0.8336,0.7157,LOW_SWEEP,37,0.6814,False,False,1.4211,499,native,86.21,ASIRI,90.34,95.33,True,300,89.3,TR-UP,CHOCH UP,HH/HL,MIX/HL,TR-UP,85.4,True,True,498,1,97.1,1789689600000,LOW,0.6773,5.26,,,,,,,0,0,0.7479,0.6773,LOW_SWEEP,16,0.692,False,False,2.3923,377,1340,29652.48,58552.08,-28899.6,-32.76,33.62,9.4,DOWN,381,84,88204.55,14.5,60.0,1.0,True,2,11149.08,3,38048.13,-26899.05,50.2,0.225,0.736,1.0,0.994,428097.04,456592.95,-28495.91,-3.22,48.39,43.5,DOWN,3261,549,884689.99,94.1,300.0,1.0,True,26,269767.64,21,328744.25,-58976.61,84.0,0.653,0.987,1.0,0.999,1251582.07,1081289.02,170293.05,7.3,53.65,64.4,UP,8215,1340,2332871.09,110.7,793.1,0.8812,False,58,899856.48,54,725369.47,174487.01,84.0,0.689,1.0,0.881,1.0,-88389.6,-38079.88,,-46.56,-2.09,0.8145,24640.21,0.2869,7948.55,0.0449,-0.1339,UP,1789713194716,BUY,5566.61,0.7767,1789713120000,ok,1.0,1.0,1.0,continuous,1,81,0,,0,0,0,0,False,272,0.7765,0.7766,1.288,0.414,-0.097,0.252,324566.56,394311.51,25.11,1789713201244,223,False,,,,
2,v2,v1.2,REALF_PY_V4_2_DERIVED,ZPTDIFAT_PY_V1_4_DERIVED,fc-v1,native,,058e38aec59f4c35,20260918_062941,70,AKE_20260918_063324_566,AKEUSDT,BINANCE,FUTURES,TOP100,94,2000,1789713204566,2026-09-18T06:33:24.566+00:00,89,True,1789713204056,1789713204566,59.5,1789713180000,1789713239999,False,24.1,0.023182,-0.5192,65.7,PRICE AHEAD,True,500,69.1,68.7,58.0,58.1,-0.04508,-0.47,-0.42,0.00706,0.586,0.53,92.0,40.0,16.1,YOK,11.0,1.0,0.022160134961147396,-4.408,CLV_PROXY_1M,0,0.0,100.0,65.7,71.6,81.0,82.8,-5.9,-15.3,-17.1,-0.04508,0.00435,0.00335,0.00714,84.27,87.77,92.18,92.54,-3.5,-7.91,-8.27,73.84,81.33,500,native,84.27,ASIRI,73.84,81.33,True,300,90.4,BULL,BOS UP,HH/HL,HH/MIX,EXP UP,92.2,True,True,499,10,90.2,1789712580000,LOW,0.021423,6.97,,,,0.021402499999999998,7.05,2,0,1,0.021898,0.021402499999999998,HIGH_SWEEP,31,0.021605,False,False,1.0834,499,native,92.02,ASIRI,87.76,95.33,True,300,92.0,BULL,BOS UP,HH/HL,HH/HL,EXP UP,91.6,True,True,498,4,71.4,1789712460000,LOW,0.021423,5.69,,,,,,,0,0,0.021898,0.021423,LOW_SWEEP,33,0.021228,False,False,1.3194,499,native,91.92,ASIRI,96.59,97.67,True,300,78.3,BULL,BOS UP,MIX/HL,HH/HL,EXP UP,79.7,True,True,498,5,67.7,1789711500000,LOW,0.0214,5.99,,,,,,,0,0,0.02168,0.021423,EQH_SWEEP,33,0.021653,False,False,1.2682,499,native,82.49,YORGUN,96.91,98.0,True,300,42.0,BEAR,BOS DN,LH/MIX,MIX/HL,RANGE,66.1,True,True,498,153,97.0,1789575300000,HIGH,0.028247,11.85,0.029421000000000003,14.6,2,0.0209945,5.12,2,1,3,0.029421000000000003,0.0209945,EQL_SWEEP,56,0.020765,False,False,1.8233,499,native,75.95,YORGUN,95.77,98.0,True,300,70.7,BULL,BOS UP,HH/HL,HH/MIX,RANGE,69.6,True,True,498,74,56.3,1789444800000,LOW,0.014658,9.99,0.029844000000000002,7.64,2,0.012500500000000001,12.5,3,1,2,0.029844000000000002,0.012500500000000001,HIGH_SWEEP,75,0.0165,False,False,3.9837,499,native,41.7,NORMAL,45.85,47.33,True,300,84.7,BULL,BOS UP,HH/HL,MIX/HL,TR UP,90.5,True,True,498,18,80.8,1789444800000,LOW,0.013069,3.97,,,,0.0128725,4.04,2,0,3,0.029888,0.0128725,EQL_SWEEP,67,0.0128725,False,False,11.7969,118,12927,79315.93,117786.25,-38470.32,-19.52,40.24,18.1,DOWN,4352,2319,197102.19,62.2,60.0,1.0,True,10,38795.5,11,68343.53,-29548.04,74.5,0.554,0.824,1.0,0.998,400030.58,460813.64,-60783.05,-7.06,46.47,36.0,DOWN,23836,12927,860844.22,669.8,240.2,0.8008,False,38,136751.4,42,171306.57,-34555.17,92.5,0.931,0.984,0.801,1.0,400030.58,460813.64,-60783.05,-7.06,46.47,36.0,DOWN,23836,12927,860844.22,669.8,240.2,0.2669,False,38,136751.4,42,171306.57,-34555.17,74.2,0.931,0.984,0.267,1.0,-10149.02,,,0.73,,0.2003,-29725.31,-0.1889,,,,,1789713199926,SELL,5319.74,0.023189893622029743,1789713120000,ok,1.0,1.0,1.0,continuous,3,2305,0,,0,0,0,0,False,346,0.023182,0.023185,1.294,0.121,0.2666,0.2882,2741.78,1587.57,8.84,1789713203836,730,False,,FATIGUE_EXTREME,,
2,v2,v1.2,REALF_PY_V4_2_DERIVED,ZPTDIFAT_PY_V1_4_DERIVED,fc-v1,native,,058e38aec59f4c35,20260918_062941,71,PONS_20260918_063327_177,PONSUSDT,BINANCE,FUTURES,OUTSIDE100,112,2000,1789713207177,2026-09-18T06:33:27.177+00:00,89,True,1789713207161,1789713207177,58.8,1789713180000,1789713239999,False,27.2,0.7303,-0.0137,54.9,FAIR (DENGE),True,500,55.9,54.8,55.1,50.6,-0.00571,-0.72,-0.97,0.00528,0.561,0.68,3.7,50.0,-16.6,YOK,1.1,1.0,0.7261439625072156,-0.569,CLV_PROXY_1M,0,0.0,100.0,54.9,60.3,55.7,57.1,-5.4,-0.8,-2.2,-0.00571,0.00121,-0.00074,-0.00048,15.4,18.14,30.25,39.96,-2.74,-14.85,-24.56,11.43,3.33,500,native,15.4,DINLENMIS,11.43,3.33,True,300,23.6,BEAR,BOS DN,LH/MIX,LH/MIX,SQZ,67.6,True,True,499,2,58.1,1789713060000,HIGH,0.7377,3.12,,,,0.7134,7.11,2,0,1,0.7364,0.7134,EQL_SWEEP,3,0.73295,False,False,0.3252,499,native,44.32,NORMAL,35.09,31.0,True,300,26.2,BULL,BOS UP,LH/LL,MIX/HL,RANGE,86.5,True,True,498,74,26.3,1789699860000,LOW,0.6834,8.82,0.7777000000000001,9.03,3,0.63845,17.32,2,1,1,0.7777000000000001,0.63845,HIGH_SWEEP,89,0.6964,False,False,0.7235,499,native,41.83,NORMAL,37.0,31.0,True,300,12.9,BEAR,BOS DN,LH/LL,LH/LL,RANGE,88.2,True,True,498,9,56.1,1789710300000,HIGH,0.7473,2.2,0.7778,6.15,2,,,,1,0,0.7778,0.7235,LOW_SWEEP,7,0.729,False,False,1.0535,499,native,44.54,NORMAL,38.55,35.0,True,300,86.2,BULL,BOS UP,HH/HL,MIX/LL,TR UP,93.8,True,True,498,17,77.8,1789697700000,LOW,0.6551,5.24,,,,,,,0,0,0.7781,0.6551,HIGH_SWEEP,18,0.6959,False,False,1.948,289,native,81.06,YORGUN,69.41,77.7,False,269,88.1,BULL,BOS UP,HH/HL,HH/HL,TR UP,88.8,True,True,288,7,54.7,1789686000000,LOW,0.6099,3.97,,,,,,,0,0,0.6721,0.6099,HIGH_SWEEP,6,0.6721,False,False,4.1259,73,native,83.85,ASIRI,83.32,98.11,False,53,74.7,TR-UP,CHOCH UP,HH/MIX,HH/HL,TR-UP,76.3,True,False,72,1,84.3,1789689600000,LOW,0.5483,3.4,,,,,,,0,0,0.6992,0.5483,LOW_SWEEP,12,0.5821,False,False,6.9476,1315,1612,18729.55,51731.75,-33002.2,-46.84,26.58,6.3,DOWN,625,172,70461.3,14.4,60.0,1.0,True,0,0.0,4,37296.57,-37296.57,49.5,0.224,0.712,1.0,0.978,110223.34,171889.1,-61665.76,-21.86,39.07,15.9,DOWN,2905,818,282112.45,125.5,300.0,1.0,True,15,46103.52,18,109598.94,-63495.42,83.6,0.715,0.863,1.0,0.996,221784.15,261259.08,-39474.93,-8.17,45.91,34.0,DOWN,5287,1612,483043.24,251.0,654.6,0.7274,False,24,94542.1,29,148501.89,-53959.79,85.1,0.834,0.921,0.727,0.999,-22944.97,-39867.66,,-18.17,-6.52,0.6607,-12165.09,-0.182,-9827.12,-0.1742,-0.1731,NONE,1789713198779,SELL,16487.78,0.73,1789713120000,ok,1.0,1.0,1.0,continuous,1,170,0,,0,0,0,0,False,380,0.7299,0.73,1.37,0.17,0.1152,-0.1497,41729.38,33108.7,26.71,1789713206944,233,False,,FATIGUE_RESTED_1M|AGGRESSIVE_SELLER,,
2,v2,v1.2,REALF_PY_V4_2_DERIVED,ZPTDIFAT_PY_V1_4_DERIVED,fc-v1,native,,058e38aec59f4c35,20260918_062941,72,SKR_20260918_063329_784,SKRUSDT,BINANCE,FUTURES,OUTSIDE100,227,500,1789713209784,2026-09-18T06:33:29.784+00:00,89,True,1789713209766,1789713209784,58.6,1789713180000,1789713239999,False,29.8,0.019094,-0.1621,51.8,FAIR (DENGE),True,500,54.7,42.8,57.1,50.5,0.00343,0.72,0.17,0.00182,0.448,0.39,37.0,55.0,16.3,YOK,14.3,0.325,0.019159656311932696,0.344,CLV_PROXY_1M,0,0.0,100.0,51.8,50.0,40.5,38.5,1.8,11.3,13.3,0.00343,0.001,-0.00177,-0.00186,74.14,72.48,57.42,55.16,1.66,16.72,18.98,74.72,85.67,500,native,74.14,YORGUN,74.72,85.67,True,300,96.0,BULL,BOS UP,HH/HL,MIX/HL,TR UP,94.7,True,True,499,1,85.4,1789713120000,LOW,0.019028,2.01,0.019363,8.18,2,,,,1,0,0.019363,0.019028,EQH_SWEEP,42,0.0189665,False,False,0.1719,499,native,64.54,NORMAL,62.98,64.0,True,300,69.3,BULL,BOS UP,HH/MIX,MIX/HL,TR UP,70.0,True,True,498,12,36.3,1789711020000,LOW,0.018839,4.31,0.020296500000000002,20.32,2,0.0188425,4.25,2,1,1,0.020296500000000002,0.0188425,LOW_SWEEP,22,0.018846,False,False,0.3094,499,native,75.63,YORGUN,74.69,81.0,True,300,91.5,BULL,BOS UP,HH/HL,HH/MIX,RANGE,88.8,True,True,498,6,88.7,1789711200000,LOW,0.018839,3.49,0.020296500000000002,16.45,2,,,,1,0,0.020296500000000002,0.018839,LOW_SWEEP,24,0.018732,False,False,0.3834,499,native,77.99,YORGUN,88.25,90.33,True,300,74.6,BULL,BOS UP,MIX/HL,MIX/HL,SQZ,69.3,True,True,498,1,49.0,1789712100000,LOW,0.018719,2.56,,,,0.017547,10.58,2,0,2,0.019011,0.017547,HIGH_SWEEP,35,0.019329,False,False,0.7671,499,native,43.3,NORMAL,51.26,59.0,True,300,39.3,BULL,BOS UP,LH/LL,HH/MIX,RANGE,84.4,True,True,498,21,72.8,1789635600000,LOW,0.017378,4.52,0.025375500000000002,16.54,2,,,,1,0,0.025375500000000002,0.018321,LOW_SWEEP,6,0.018554,False,False,2.0012,499,native,73.2,YORGUN,68.56,77.0,True,300,72.9,BULL,BOS UP,HH/HL,HH/HL,TR UP,83.6,True,True,498,114,36.2,1788062400000,LOW,0.008858,11.54,,,,0.017043000000000003,2.31,2,0,1,0.020299,0.017043000000000003,HIGH_SWEEP,4,0.019684,False,False,4.7097,10697,528,684.27,1961.51,-1277.24,-48.27,25.86,6.1,DOWN,49,32,2645.78,10.1,60.0,1.0,True,0,0.0,1,518.77,-518.77,35.2,0.168,0.356,1.0,0.822,13063.44,6718.32,6345.12,32.08,66.04,90.4,UP,328,228,19781.76,59.5,300.0,1.0,True,3,7085.8,2,1148.99,5936.82,66.1,0.543,0.574,1.0,0.964,25937.92,13203.78,12734.14,32.53,66.27,90.6,UP,668,467,39141.7,117.3,900.0,1.0,True,8,12324.77,4,2952.76,9372.02,76.1,0.701,0.648,1.0,0.988,-10214.92,-1039.72,-1435.7,-59.39,-4.52,1.0,3122.95,0.5897,1628.94,0.4117,-0.3081,UP,1789713163004,SELL,518.77,0.019121,1789713120000,ok,1.0,1.0,1.0,continuous,1,31,0,,0,0,0,0,False,414,0.019091,0.019095,2.095,-0.562,0.1466,-0.3378,3349.19,2492.92,14.14,1789713209295,489,False,,AGGRESSIVE_SELLER,,
2,v2,v1.2,REALF_PY_V4_2_DERIVED,ZPTDIFAT_PY_V1_4_DERIVED,fc-v1,native,,058e38aec59f4c35,20260918_062941,73,PROM_20260918_063332_387,PROMUSDT,BINANCE,FUTURES,OUTSIDE100,266,1000,1789713212387,2026-09-18T06:33:32.387+00:00,89,True,1789713212372,1789713212387,58.4,1789713180000,1789713239999,False,32.4,5.422,-0.0184,57.4,FAIR (DENGE),True,500,61.3,52.1,58.8,50.0,-0.00109,0.55,0.08,0.00251,0.571,0.02,0.3,65.0,-1.1,YOK,9.2,1.0,5.416095298047603,-0.109,CLV_PROXY_1M,0,0.0,100.0,57.4,55.2,54.5,48.4,2.2,2.9,9.0,-0.00109,0.00021,0.0001,-0.00145,43.64,39.5,29.09,31.77,4.14,14.55,11.87,51.59,57.33,500,native,43.64,NORMAL,51.59,57.33,True,300,27.9,BEAR,BOS DN,LH/MIX,LH/LL,TR DN,83.0,True,True,499,20,81.2,1789711980000,HIGH,5.541,12.29,,,,5.41,1.24,2,0,1,5.439,5.41,LOW_SWEEP,18,5.427,False,False,0.1786,499,native,26.7,DINLENMIS,35.73,34.33,True,300,14.8,TR-DN,CHOCH DN,LH/LL,LH/LL,TR-DN,91.5,True,True,498,7,59.2,1789711920000,HIGH,5.541,6.15,,,,5.3934999999999995,1.47,2,0,1,5.541,5.3934999999999995,HIGH_SWEEP,45,5.589,False,False,0.3568,499,native,14.75,DINLENMIS,22.08,16.0,True,300,44.1,TR-DN,CHOCH DN,MIX/HL,LH/LL,TR-DN,75.6,True,True,498,4,58.5,1789711800000,HIGH,5.541,4.6,,,,5.3919999999999995,1.16,2,0,2,5.541,5.3919999999999995,HIGH_SWEEP,27,5.589,False,False,0.478,499,native,29.14,DINLENMIS,19.52,12.0,True,300,59.7,TR-DN,CHOCH DN,HH/HL,MIX/HL,TR-DN,88.0,True,True,498,2,54.5,1789711200000,HIGH,5.594,3.99,5.7285,7.12,2,5.4015,0.48,2,2,1,5.7285,5.4015,LOW_SWEEP,171,5.332,False,False,0.7958,499,native,54.46,NORMAL,32.81,27.67,True,300,59.0,BEAR,BOS DN,MIX/HL,MIX/HL,SQZ,69.1,True,True,498,46,75.0,1789545600000,HIGH,5.729,3.65,5.8375,4.94,3,4.906499999999999,6.13,2,2,1,5.8375,4.906499999999999,EQL_SWEEP,94,5.5815,False,False,1.5355,499,native,48.01,NORMAL,48.68,38.33,True,300,26.5,BULL,BOS UP,LH/LL,MIX/HL,SQZ,85.6,True,True,498,58,11.5,1788868800000,LOW,4.913,2.77,,,,4.4025,5.54,2,0,2,5.659,4.4025,HIGH_SWEEP,57,5.986,False,False,3.3065,1009,690,960.98,366.55,594.43,44.78,72.39,93.5,UP,63,29,1327.53,6.8,60.0,1.0,True,0,0.0,0,0.0,0.0,29.1,0.119,0.281,1.0,0.983,11053.63,7529.82,3523.81,18.96,59.48,81.4,UP,437,196,18583.45,28.3,300.0,1.0,True,3,4781.79,2,2023.01,2758.78,56.1,0.361,0.567,1.0,0.997,27197.34,24858.83,2338.51,4.49,52.25,59.1,UP,1282,597,52056.17,111.6,900.0,1.0,True,5,7059.74,3,3253.59,3806.15,76.8,0.691,0.679,1.0,0.999,1386.39,880.53,1360.02,30.17,2.9,1.0,-120.73,-0.0491,797.46,0.2146,0.2063,DOWN,1789713128582,SELL,1022.4,5.421,1789713120000,ok,1.0,1.0,1.0,continuous,1,26,0,,0,0,0,0,False,448,5.423,5.424,1.844,0.79,0.1118,0.6219,29333.49,23433.31,35.95,1789713212138,249,False,,,,
2,v2,v1.2,REALF_PY_V4_2_DERIVED,ZPTDIFAT_PY_V1_4_DERIVED,fc-v1,native,,058e38aec59f4c35,20260918_062941,74,UAI_20260918_063334_972,UAIUSDT,BINANCE,FUTURES,OUTSIDE100,296,2000,1789713214972,2026-09-18T06:33:34.972+00:00,89,True,1789713214972,1789713214972,58.2,1789713180000,1789713239999,False,35.0,0.4163,0.2649,56.9,FAIR (DENGE),True,500,60.2,52.7,57.2,52.2,-0.00299,0.65,0.14,0.00463,0.653,0.71,24.0,40.0,-10.5,YOK,7.4,1.0,0.41505706072109194,-0.299,CLV_PROXY_1M,0,0.0,100.0,56.9,55.4,51.3,51.9,1.5,5.6,5.0,-0.00299,5e-05,0.00013,-0.00238,30.93,22.21,17.33,17.37,8.72,13.6,13.56,48.8,57.0,500,native,30.93,NORMAL,48.8,57.0,True,300,6.9,BEAR,BOS DN,LH/LL,LH/LL,TR DN,96.7,True,True,499,8,90.8,1789712700000,HIGH,0.4198,2.74,0.42315,5.37,2,0.40785,6.62,3,1,2,0.42315,0.40785,HIGH_SWEEP,86,0.4247,False,False,0.3074,499,native,19.3,DINLENMIS,29.95,13.33,True,300,58.2,BULL,BOS UP,MIX/HL,LH/LL,RANGE,66.6,True,True,498,64,61.1,1789701660000,LOW,0.4075,3.41,0.43455,7.32,2,,,,1,0,0.43455,0.4166,HIGH_SWEEP,124,0.4238,False,False,0.6068,499,native,27.36,DINLENMIS,26.41,9.33,True,300,56.0,TR-DN,CHOCH DN,MIX/HL,LH/MIX,TR-DN,72.0,True,True,498,47,58.0,1789698900000,HIGH,0.4354,5.14,,,,0.3559,16.05,3,0,1,0.4232,0.3559,HIGH_SWEEP,100,0.4106,False,False,0.9054,499,native,34.74,NORMAL,32.08,23.33,True,300,69.0,BULL,BOS UP,MIX/HL,MIX/HL,RANGE,79.5,True,True,498,20,30.6,1789695000000,LOW,0.3901,3.47,0.43505,2.53,2,0.3838,4.31,2,2,2,0.43505,0.3838,LOW_SWEEP,173,0.3294,False,False,1.8091,499,native,65.06,NORMAL,54.96,55.67,True,300,86.6,BULL,BOS UP,HH/HL,HH/HL,SQZ,87.3,True,True,498,6,38.6,1789689600000,LOW,0.3838,2.0,,,,,,,0,0,0.4354,0.3838,HIGH_SWEEP,4,0.418,False,False,3.8614,499,native,64.85,NORMAL,72.35,75.33,True,300,18.4,BEAR,BOS DN,LH/LL,HH/HL,RANGE,87.8,True,True,498,19,42.0,1789430400000,HIGH,0.5943,4.06,,,,,,,0,0,0.5943,0.322,LOW_SWEEP,20,0.4503,False,False,10.3453,560,983,22052.59,2800.16,19252.43,77.47,88.73,94.9,UP,410,126,24852.75,33.3,60.0,1.0,True,2,17074.0,0,0.0,17074.0,59.4,0.4,0.599,1.0,0.991,30281.22,19960.99,10320.23,20.54,60.27,83.0,UP,814,313,50242.2,46.2,300.0,1.0,True,2,17074.0,2,7167.19,9906.81,66.3,0.48,0.675,1.0,0.998,52587.6,86948.7,-34361.1,-24.63,37.69,13.7,DOWN,2617,888,139536.31,188.1,900.0,1.0,True,3,19093.72,10,33650.48,-14556.75,84.7,0.79,0.786,1.0,0.999,25330.7,20607.1,19434.23,57.43,26.26,1.0,2907.76,0.1978,638.01,0.0635,-0.1839,UP,1789713193896,BUY,2056.18,0.41555681083265966,1789713120000,ok,1.0,1.0,1.0,continuous,1,122,0,,0,0,0,0,False,482,0.4161,0.4163,4.805,0.984,0.0461,0.1891,14465.09,13190.54,48.05,1789713214780,192,False,,AGGRESSIVE_BUYER,,
2,v2,v1.2,REALF_PY_V4_2_DERIVED,ZPTDIFAT_PY_V1_4_DERIVED,fc-v1,native,,058e38aec59f4c35,20260918_062941,75,BULLA_20260918_063337_793,BULLAUSDT,BINANCE,FUTURES,OUTSIDE100,339,5000,1789713217793,2026-09-18T06:33:37.793+00:00,89,True,1789713217584,1789713217793,58.2,1789713180000,1789713239999,False,37.6,0.10141,0.5952,55.1,FAIR (DENGE),True,500,57.4,51.6,55.9,51.9,-0.00184,-0.22,-0.73,0.0057,0.483,0.77,30.3,50.0,-2.2,YOK,5.7,1.0,0.10122383662429123,-0.184,CLV_PROXY_1M,0,0.0,100.0,55.1,51.1,53.5,45.4,4.0,1.6,9.7,-0.00184,-0.0022,-0.00205,-0.00977,38.37,35.84,51.54,56.85,2.53,-13.17,-18.48,46.23,39.67,500,native,38.37,NORMAL,46.23,39.67,True,300,67.0,BULL,BOS UP,MIX/HL,LH/LL,SQZ,71.7,True,True,499,19,36.2,1789712040000,LOW,0.10068,2.05,0.10206,1.82,3,0.100455,2.68,2,1,2,0.10206,0.100455,EQL_SWEEP,36,0.100455,False,False,0.3539,499,native,53.69,NORMAL,55.38,55.33,True,300,31.4,BULL,BOS UP,LH/LL,HH/HL,TR UP,86.6,True,True,498,36,89.1,1789706700000,LOW,0.096433,5.8,,,,0.0964015,5.84,2,0,2,0.10203,0.0964015,HIGH_SWEEP,22,0.10206,False,False,0.8408,499,native,50.88,NORMAL,53.21,53.67,True,300,50.3,BULL,BOS UP,LH/MIX,LH/LL,TR UP,64.5,True,True,498,21,22.3,1789706700000,LOW,0.09539,4.97,,,,0.10001,1.16,2,0,1,0.10233,0.10001,HIGH_SWEEP,19,0.10114,False,False,1.1969,499,native,74.38,YORGUN,68.08,73.67,True,300,74.6,BEAR,BOS DN,HH/HL,HH/HL,TR DN,88.7,True,True,498,64,27.4,1789655400000,HIGH,0.10999,3.69,0.109785,3.6,2,,,,1,0,0.109785,0.094,LOW_SWEEP,66,0.1007,False,False,2.3168,499,native,65.7,NORMAL,72.74,88.0,True,300,26.8,BULL,BOS UP,LH/LL,MIX/HL,RANGE,84.5,True,True,498,44,42.2,1789552800000,LOW,0.060024,6.35,,,,0.060025499999999996,6.35,2,0,1,0.121362,0.060025499999999996,HIGH_SWEEP,45,0.076341,False,False,6.4384,499,native,57.85,NORMAL,57.88,59.0,True,300,75.0,BULL,BOS UP,HH/MIX,HH/HL,EXP UP,78.0,True,True,498,11,96.7,1789545600000,LOW,0.0675,2.27,,,,0.0154205,5.76,2,0,1,0.139078,0.0154205,HIGH_SWEEP,52,0.085989,False,False,15.2143,3203,1574,6595.08,6422.92,172.16,1.32,50.66,52.7,FLAT,365,203,13018.0,40.5,60.0,1.0,True,0,0.0,0,0.0,0.0,59.6,0.448,0.529,1.0,0.947,18217.43,25557.23,-7339.8,-16.77,41.62,21.1,DOWN,1219,645,43774.67,100.4,300.0,1.0,True,0,0.0,0,0.0,0.0,75.0,0.668,0.66,1.0,0.989,43532.23,46855.28,-3323.04,-3.68,48.16,42.5,DOWN,2746,1428,90387.51,193.2,900.0,1.0,True,1,5918.97,0,0.0,5918.97,83.3,0.794,0.739,1.0,0.996,9282.54,365.35,1530.31,32.48,3.77,1.0,-3313.18,-0.334,-1411.47,-0.1612,-0.031,NONE,1789712338186,BUY,5918.97,0.10147031944730167,1789713120000,ok,1.0,1.0,1.0,continuous,1,203,0,,0,0,0,0,False,516,0.10136,0.10141,4.932,1.784,0.0685,-0.1455,2739.92,2388.8,22.19,1789713217292,501,False,,,,
2,v2,v1.2,REALF_PY_V4_2_DERIVED,ZPTDIFAT_PY_V1_4_DERIVED,fc-v1,native,,058e38aec59f4c35,20260918_062941,76,OG_20260918_063340_383,OGUSDT,BINANCE,FUTURES,OUTSIDE100,523,500,1789713220383,2026-09-18T06:33:40.383+00:00,89,True,1789713220383,1789713220383,58.2,1789713180000,1789713239999,False,40.4,2.749,-0.0727,54.7,FAIR (DENGE),True,500,58.2,47.3,56.3,54.4,0.0013,-0.33,-1.03,0.00084,0.212,3.14,83.3,30.0,-8.8,YOK,10.9,0.763,2.7525740378891723,0.13,CLV_PROXY_1M,0,0.0,100.0,54.7,47.1,41.2,43.2,7.6,13.5,11.5,0.0013,-0.00136,-0.00186,-0.00177,34.22,39.29,43.67,53.45,-5.07,-9.45,-19.23,28.29,8.67,500,native,34.22,NORMAL,28.29,8.67,True,300,58.0,BULL,BOS UP,EQ/RANGE,EQ/RANGE,SQZ,68.2,True,True,499,23,66.1,1789711800000,LOW,2.747,0.92,2.754,2.31,2,2.748,0.46,2,1,3,2.754,2.748,HIGH_SWEEP,58,2.76,False,False,0.0788,499,native,35.47,NORMAL,31.27,11.0,True,300,44.0,BULL,BOS UP,LH/MIX,MIX/HL,RANGE,75.1,True,True,498,32,46.9,1789707420000,LOW,2.739,2.07,,,,2.746,0.62,2,0,3,2.756,2.746,HIGH_SWEEP,51,2.746,False,False,0.176,499,native,36.34,NORMAL,30.53,13.0,True,300,69.3,BULL,BOS UP,MIX/HL,LH/MIX,TR UP,74.6,True,True,498,16,39.4,1789708200000,LOW,2.732,2.53,,,,2.679,10.43,2,0,2,2.763,2.679,HIGH_SWEEP,18,2.759,False,False,0.244,499,native,59.67,NORMAL,52.34,44.67,True,300,86.3,BULL,BOS UP,HH/HL,HH/HL,TR UP,87.3,True,True,498,6,35.2,1789707600000,LOW,2.679,6.88,,,,2.6635,8.4,2,0,1,2.769,2.6635,HIGH_SWEEP,5,2.759,False,False,0.3699,499,native,90.26,ASIRI,87.17,93.67,True,300,74.4,BULL,BOS UP,MIX/HL,MIX/HL,RANGE,73.4,True,True,498,7,58.0,1789686000000,LOW,2.662,4.4,,,,2.6,7.54,2,0,1,2.7,2.6,HIGH_SWEEP,30,2.712,False,False,0.7193,499,native,78.61,YORGUN,87.12,92.33,True,300,75.1,BULL,BOS UP,MIX/HL,HH/HL,SQZ,73.2,True,True,498,1,52.4,1789689600000,LOW,2.61,3.13,2.9825,5.27,3,2.5975,3.42,2,2,2,2.9825,2.5975,EQH_SWEEP,87,2.9425,False,False,1.6159,21744,66,0.0,582.12,-582.12,-100.0,0.0,5.0,DOWN,12,3,582.12,1.6,60.0,1.0,True,0,0.0,0,0.0,0.0,14.6,0.032,0.191,1.0,0.638,113.35,615.13,-501.78,-68.88,15.56,5.2,DOWN,24,13,728.47,2.5,300.0,1.0,True,0,0.0,0,0.0,0.0,18.4,0.047,0.216,1.0,0.928,726.62,1352.92,-626.3,-30.12,34.94,10.5,DOWN,81,55,2079.54,9.5,900.0,1.0,True,0,0.0,0,0.0,0.0,34.3,0.159,0.329,1.0,0.976,-608.26,86.66,-600.29,-84.18,1.65,1.0,-165.99,-0.795,-64.45,-0.4424,-0.7128,NONE,1789712258894,BUY,1000.81,2.7532643741403025,1789713120000,ok,1.0,1.0,1.0,continuous,1,3,0,,0,0,0,0,False,550,2.749,2.751,7.273,-3.482,0.2103,-0.2876,22113.35,14428.38,72.73,1789713216198,4185,False,,,,
2,v2,v1.2,REALF_PY_V4_2_DERIVED,ZPTDIFAT_PY_V1_4_DERIVED,fc-v1,native,,058e38aec59f4c35,20260918_062941,77,ZORA_20260918_063342_984,ZORAUSDT,BINANCE,FUTURES,OUTSIDE100,612,500,1789713222984,2026-09-18T06:33:42.984+00:00,89,True,1789713222968,1789713222984,57.7,1789713180000,1789713239999,False,43.0,0.007858,-0.0382,43.5,FAIR (DENGE),True,500,40.4,45.6,44.7,49.6,0.0021,0.05,0.33,0.0016,0.512,0.11,6.7,55.0,-8.7,YOK,5.1,1.0,0.007874531676237315,0.21,CLV_PROXY_1M,0,0.0,100.0,43.5,47.2,53.4,50.1,-3.7,-9.9,-6.6,0.0021,0.00022,0.00146,0.00052,38.76,38.67,36.17,42.21,0.09,2.59,-3.45,40.79,34.67,500,native,38.76,NORMAL,40.79,34.67,True,300,15.3,BEAR,BOS DN,LH/LL,MIX/HL,RANGE,87.4,True,True,499,16,79.6,1789712220000,HIGH,0.007897,3.9,,,,0.007775499999999999,8.25,2,0,1,0.007876,0.007775499999999999,HIGH_SWEEP,23,0.007876,False,False,0.1273,499,native,45.02,NORMAL,40.95,31.33,True,300,82.5,TR-UP,CHOCH UP,HH/HL,MIX/HL,TR-UP,85.2,True,True,498,10,65.3,1789711380000,LOW,0.007827,1.57,,,,,,,0,0,0.007897,0.007827,HIGH_SWEEP,6,0.007876,False,False,0.2519,499,native,52.16,NORMAL,51.47,43.33,True,300,74.3,BULL,BOS UP,HH/MIX,HH/HL,RANGE,74.0,True,True,498,6,63.8,1789711200000,LOW,0.007813,1.79,,,,,,,0,0,0.007897,0.007813,HIGH_SWEEP,3,0.007876,False,False,0.348,499,native,41.04,NORMAL,39.29,32.33,True,300,82.4,BULL,BOS UP,HH/HL,MIX/HL,TR UP,87.5,True,True,498,20,74.9,1789695000000,LOW,0.007527,6.34,,,,,,,0,0,0.00802,0.007813,LOW_SWEEP,24,0.007571,False,False,0.6729,499,native,78.38,YORGUN,70.45,81.67,True,300,73.8,BEAR,BOS DN,HH/HL,HH/MIX,TR DN,86.4,True,True,498,69,59.5,1789462800000,HIGH,0.007987,1.02,0.009008,9.38,2,0.007187,5.52,2,1,1,0.009008,0.007187,LOW_SWEEP,126,0.008102,False,False,1.5567,499,native,71.33,NORMAL,76.26,86.0,True,300,18.0,TR-DN,CHOCH DN,LH/LL,LH/LL,TR-DN,90.3,True,True,498,16,65.9,1789473600000,HIGH,0.008968,4.18,,,,0.0058755000000000005,7.5,2,0,2,0.008336,0.0058755000000000005,HIGH_SWEEP,29,0.008437,False,False,3.3227,2145,324,180.82,55.95,124.86,52.74,76.37,94.3,UP,17,15,236.77,7.6,60.0,1.0,True,0,0.0,0,0.0,0.0,21.8,0.133,0.094,1.0,0.964,2011.66,5324.52,-3312.86,-45.16,27.42,6.5,DOWN,183,107,7336.18,12.3,300.0,1.0,True,1,647.44,3,2864.08,-2216.64,41.5,0.197,0.466,1.0,0.993,10825.78,12431.94,-1606.16,-6.91,46.55,36.3,DOWN,562,281,23257.72,51.7,900.0,1.0,True,4,3824.94,9,8142.91,-4317.97,65.2,0.509,0.592,1.0,0.998,-1196.07,174.53,3601.56,-16.71,1.66,1.0,440.77,0.5973,-436.83,-0.2977,-0.9877,UP,1789713161005,BUY,647.44,0.007856,1789713120000,ok,1.0,1.0,1.0,continuous,1,15,0,,0,0,0,0,False,584,0.007858,0.00786,2.545,-1.162,-0.3157,-0.3997,11938.89,22954.56,25.45,1789713222578,406,False,,,,
2,v2,v1.2,REALF_PY_V4_2_DERIVED,ZPTDIFAT_PY_V1_4_DERIVED,fc-v1,native,,058e38aec59f4c35,20260918_062941,78,TNSR_20260918_063345_585,TNSRUSDT,BINANCE,FUTURES,OUTSIDE100,738,200,1789713225585,2026-09-18T06:33:45.585+00:00,89,True,1789713225585,1789713225585,57.5,1789713180000,1789713239999,False,45.6,0.03514,-0.0284,56.3,FAIR (DENGE),True,500,59.7,50.3,59.0,50.1,-0.00012,0.0,-0.37,0.00156,0.579,0.01,1.0,55.0,-25.5,YOK,9.4,1.0,0.03513564906547896,-0.012,CLV_PROXY_1M,0,0.0033,99.7,56.3,59.9,56.8,54.1,-3.6,-0.5,2.2,-0.00012,0.00032,-0.00027,-0.00083,50.63,54.22,61.0,69.43,-3.59,-10.37,-18.8,43.66,39.0,500,native,50.63,NORMAL,43.66,39.0,True,300,75.5,BULL,BOS UP,HH/MIX,HH/HL,RANGE,75.3,True,True,499,3,45.0,1789713000000,LOW,0.03507,2.08,,,,0.03507,2.08,2,0,1,0.03521,0.03507,HIGH_SWEEP,5,0.03515,False,False,0.0958,499,native,50.65,NORMAL,52.59,46.33,True,300,59.6,BULL,BOS UP,LH/MIX,LH/MIX,RANGE,67.3,True,True,498,4,70.7,1789712460000,LOW,0.03507,0.99,,,,0.03507,0.99,3,0,1,0.03517,0.03507,HIGH_SWEEP,2,0.03517,False,False,0.2002,499,native,42.35,NORMAL,49.94,45.0,True,300,58.7,BULL,BOS UP,MIX/HL,LH/MIX,TR UP,68.0,True,True,498,41,51.5,1789700700000,LOW,0.03481,3.29,,,,0.03454,5.97,2,0,2,0.03536,0.03454,HIGH_SWEEP,46,0.03498,False,False,0.2858,499,native,39.04,NORMAL,37.35,34.33,True,300,84.3,BULL,BOS UP,HH/HL,MIX/HL,RANGE,93.4,True,True,498,19,59.8,1789695900000,LOW,0.03454,3.32,,,,0.034375,4.23,2,0,1,0.03583,0.034375,HIGH_SWEEP,16,0.03497,False,False,0.5142,499,native,74.41,YORGUN,59.52,68.0,True,300,74.8,BULL,BOS UP,MIX/HL,MIX/HL,TR UP,73.8,True,True,498,5,52.8,1789693200000,LOW,0.03405,2.78,,,,,,,0,0,0.03497,0.03438,LOW_SWEEP,36,0.03304,False,False,1.1171,499,native,78.13,YORGUN,77.5,87.0,True,300,76.4,BULL,BOS UP,HH/MIX,HH/HL,RANGE,71.9,True,True,498,1,56.6,1789689600000,LOW,0.03258,3.29,0.037065,2.48,2,0.029225,7.61,2,1,1,0.037065,0.029225,EQH_SWEEP,59,0.037065,False,False,2.178,10877,135,0.0,5.18,-5.18,-100.0,0.0,5.0,DOWN,1,1,5.18,1.0,60.0,1.0,True,0,0.0,0,0.0,0.0,0.0,0.02,0.0,1.0,0.819,597.21,970.98,-373.77,-23.83,38.08,14.2,DOWN,68,35,1568.19,10.5,300.0,1.0,True,0,0.0,2,794.16,-794.16,34.4,0.173,0.299,1.0,0.964,2451.4,2797.89,-346.49,-6.6,46.7,36.9,DOWN,186,106,5249.29,17.8,900.0,1.0,True,3,1275.27,3,1686.25,-410.98,45.4,0.262,0.43,1.0,0.988,-29.23,1065.44,-536.76,-81.67,15.21,1.0,64.53,0.6569,-21.41,-0.0683,-0.715,UP,1789712927389,SELL,302.01,0.03515,1789713120000,ok,1.0,1.0,1.0,continuous,1,1,0,,0,0,0,0,False,618,0.03514,0.03515,2.845,-0.071,0.0071,0.0304,19210.07,18938.72,55.48,1789713224759,826,False,,,,
2,v2,v1.2,REALF_PY_V4_2_DERIVED,ZPTDIFAT_PY_V1_4_DERIVED,fc-v1,native,,058e38aec59f4c35,20260918_062941,79,VELVET_20260918_063348_252,VELVETUSDT,BINANCE,FUTURES,OUTSIDE100,761,200,1789713228252,2026-09-18T06:33:48.252+00:00,89,True,1789713228252,1789713228252,57.3,1789713180000,1789713239999,False,48.3,0.05559,-0.0539,65.7,PRICE AHEAD,True,500,68.7,63.7,68.4,52.4,-0.00701,-0.25,-1.11,0.0022,0.411,0.2,19.0,80.0,-35.5,YOK,5.0,1.0,0.05520170880859869,-0.698,CLV_PROXY_1M,0,0.0,100.0,65.7,65.4,53.6,54.6,0.3,12.1,11.1,-0.00701,0.00024,-0.00148,-0.00186,24.34,25.14,24.79,29.85,-0.8,-0.45,-5.51,23.56,20.0,500,native,24.34,DINLENMIS,23.56,20.0,True,300,46.5,TR-DN,CHOCH DN,HH/MIX,HH/MIX,TR-DN,73.3,True,True,499,7,60.6,1789712760000,HIGH,0.05615,4.5,0.056855,10.17,2,0.055404999999999996,1.49,2,1,1,0.056855,0.055404999999999996,EQL_SWEEP,61,0.055625,False,False,0.2236,499,native,42.84,NORMAL,35.14,32.0,True,300,49.7,BEAR,BOS DN,MIX/HL,HH/HL,RANGE,72.6,True,True,498,22,40.9,1789709220000,HIGH,0.05649,3.54,,,,,,,0,0,0.05607,0.05556,LOW_SWEEP,2,0.05556,False,False,0.4314,499,native,39.53,NORMAL,35.47,24.33,True,300,16.9,BEAR,BOS DN,LH/LL,MIX/HL,RANGE,83.3,True,True,498,13,49.3,1789709100000,HIGH,0.05671,3.55,,,,0.0515,12.96,2,0,1,0.05649,0.0515,HIGH_SWEEP,25,0.05618,False,False,0.5674,499,native,32.66,NORMAL,32.78,23.33,True,300,85.4,BULL,BOS UP,HH/HL,HH/MIX,RANGE,84.2,True,True,498,8,44.5,1789705800000,LOW,0.05548,0.28,,,,0.0515,7.29,3,0,1,0.05671,0.0515,HIGH_SWEEP,7,0.05649,False,False,1.0214,499,native,34.03,NORMAL,28.51,27.33,True,300,70.4,BULL,BOS UP,HH/MIX,LH/LL,TR UP,75.1,True,True,498,14,40.8,1789660800000,LOW,0.0494,4.69,,,,,,,0,0,0.06014,0.0494,HIGH_SWEEP,13,0.05886,False,False,2.3885,499,native,78.85,YORGUN,66.53,85.0,True,300,48.0,BEAR,BOS DN,MIX/HL,HH/HL,TR DN,65.7,True,True,498,16,34.6,1789473600000,HIGH,0.0633,2.99,,,,,,,0,0,0.0536,0.0494,HIGH_SWEEP,6,0.0536,False,False,4.6002,2074,847,1022.3,1074.16,-51.86,-2.47,48.76,45.0,FLAT,41,21,2096.46,5.5,60.0,1.0,True,1,665.95,2,929.36,-263.42,28.3,0.099,0.33,1.0,0.965,8848.7,3605.62,5243.09,42.1,71.05,93.1,UP,444,290,12454.32,14.2,300.0,1.0,True,9,7671.48,5,1954.01,5717.47,45.0,0.221,0.524,1.0,0.993,51353.86,29210.01,22143.85,27.49,63.74,88.2,UP,1634,826,80563.87,46.9,900.0,1.0,True,30,46023.83,26,21249.99,24773.84,68.0,0.484,0.727,1.0,0.998,-2468.24,6303.72,-310.84,-35.46,23.6,1.0,1781.07,0.5104,1299.92,0.5219,-0.4581,UP,1789713226178,SELL,660.72,0.05560189093663216,1789713120000,ok,1.0,1.0,1.0,continuous,1,18,0,,0,0,0,0,False,652,0.05559,0.05561,3.597,1.031,0.4961,0.1907,22542.4,7592.38,37.77,1789713227918,334,False,,FATIGUE_RESTED_1M,,
2,v2,v1.2,REALF_PY_V4_2_DERIVED,ZPTDIFAT_PY_V1_4_DERIVED,fc-v1,native,,058e38aec59f4c35,20260918_062941,80,ZKC_20260918_063350_843,ZKCUSDT,BINANCE,FUTURES,OUTSIDE100,1142,200,1789713230843,2026-09-18T06:33:50.843+00:00,89,True,1789713230843,1789713230843,57.3,1789713180000,1789713239999,False,50.8,0.03832,-0.0782,42.4,FAIR (DENGE),True,500,38.8,44.2,44.9,49.0,0.00296,-0.1,0.15,0.00154,0.431,0.26,11.0,40.0,16.2,YOK,6.1,1.0,0.03843360060185313,0.296,CLV_PROXY_1M,0,0.0,100.0,42.4,43.1,48.9,47.1,-0.7,-6.5,-4.7,0.00296,0.00047,0.00108,0.00038,23.73,25.77,24.37,35.7,-2.04,-0.64,-11.97,20.94,14.33,500,native,23.73,DINLENMIS,20.94,14.33,True,300,56.2,BULL,BOS UP,MIX/HL,HH/MIX,SQZ,75.3,True,True,499,40,38.3,1789710780000,LOW,0.03831,0.21,,,,,,,0,0,0.03846,0.03835,LOW_SWEEP,41,0.03836,False,False,0.1246,499,native,26.09,DINLENMIS,18.15,8.0,True,300,32.5,BULL,BOS UP,LH/LL,LH/LL,RANGE,84.8,True,True,498,32,58.8,1789707420000,LOW,0.03801,3.37,,,,0.03749,9.02,2,0,1,0.03855,0.03749,HIGH_SWEEP,30,0.03865,False,False,0.2398,499,native,30.59,NORMAL,25.72,13.67,True,300,68.5,BULL,BOS UP,MIX/HL,LH/LL,RANGE,74.3,True,True,498,19,50.4,1789707300000,LOW,0.03801,2.27,,,,,,,0,0,0.03855,0.03831,HIGH_SWEEP,18,0.03869,False,False,0.357,499,native,45.32,NORMAL,36.08,32.33,True,300,88.3,BULL,BOS UP,HH/HL,HH/HL,RANGE,90.3,True,True,498,7,52.3,1789706700000,LOW,0.03789,1.59,0.049025,39.67,2,0.037065,4.65,2,1,1,0.049025,0.037065,LOW_SWEEP,152,0.03752,False,False,0.7041,499,native,72.98,YORGUN,62.05,70.67,True,300,58.0,BEAR,BOS DN,MIX/HL,HH/HL,TR DN,64.1,True,True,498,53,61.2,1789520400000,HIGH,0.04772,16.78,0.05792,34.99,2,,,,1,0,0.05792,0.03718,EQH_SWEEP,6,0.03827,False,False,1.4589,499,native,43.58,NORMAL,50.61,57.33,True,300,15.6,BEAR,BOS DN,LH/LL,LH/MIX,TR DN,90.7,True,True,498,18,73.5,1789444800000,HIGH,0.04904,8.51,,,,0.036074999999999996,1.78,2,0,1,0.03878,0.036074999999999996,HIGH_SWEEP,1,0.03878,True,False,3.2744,744,349,497.23,288.63,208.6,26.54,63.27,87.6,UP,50,30,785.86,10.8,60.0,1.0,True,0,0.0,0,0.0,0.0,31.9,0.177,0.224,1.0,0.988,4053.06,4068.1,-15.04,-0.19,49.91,49.6,FLAT,236,117,8121.16,31.8,300.0,1.0,True,6,2652.32,3,2582.78,69.54,54.9,0.389,0.477,1.0,0.998,11976.53,17402.4,-5425.87,-18.47,40.77,19.2,DOWN,613,306,29378.92,13.9,900.0,1.0,True,10,7867.19,10,13231.97,-5364.79,47.0,0.218,0.617,1.0,0.999,506.26,-1644.74,-188.59,35.78,-6.02,1.0,-116.17,-0.2063,-14.32,-0.0088,0.1456,DOWN,1789713040073,BUY,518.76,0.03833,1789713120000,ok,1.0,1.0,1.0,continuous,1,27,0,,0,0,0,0,False,686,0.03831,0.03832,2.61,-0.149,-0.0227,0.484,19879.32,20800.99,50.89,1789713230573,270,False,,FATIGUE_RESTED_1M,,
2,v2,v1.2,REALF_PY_V4_2_DERIVED,ZPTDIFAT_PY_V1_4_DERIVED,fc-v1,native,,058e38aec59f4c35,20260918_062941,81,ETH_20260918_063356_437,ETHUSDT,BINANCE,FUTURES,TOP100,2,75000,1789713236437,2026-09-18T06:33:56.437+00:00,89,True,1789713236437,1789713236437,57.1,1789713180000,1789713239999,False,56.4,2482.79,-0.0077,53.6,FAIR (DENGE),True,500,54.6,52.3,54.6,50.3,-0.00064,0.03,-0.19,0.00132,0.701,0.34,4.0,60.0,-6.2,YOK,2.3,1.0,2481.1941080323454,-0.064,CLV_PROXY_1M,0,0.0,100.0,53.6,55.2,56.8,59.5,-1.6,-3.2,-5.9,-0.00064,1e-05,-0.00018,-0.00034,34.68,36.96,41.89,53.18,-2.28,-7.21,-18.5,33.06,20.67,500,native,34.68,NORMAL,33.06,20.67,True,300,85.3,BULL,BOS UP,HH/HL,HH/MIX,SQZ,84.0,True,True,499,11,63.9,1789712520000,LOW,2481.26,0.88,,,,2469.0299999999997,7.92,2,0,2,2486.88,2469.0299999999997,HIGH_SWEEP,10,2486.11,False,False,0.07,499,native,51.01,NORMAL,46.62,41.67,True,300,31.2,BULL,BOS UP,LH/LL,MIX/HL,RANGE,90.5,True,True,498,33,76.1,1789707240000,LOW,2469.0,3.8,,,,,,,0,0,2486.49,2477.52,HIGH_SWEEP,4,2486.49,False,False,0.1462,499,native,48.52,NORMAL,46.04,39.0,True,300,85.2,BULL,BOS UP,HH/HL,LH/LL,TR UP,91.8,True,True,498,16,61.2,1789708200000,LOW,2469.0,2.73,,,,2365.835,23.14,2,0,1,2492.55,2365.835,HIGH_SWEEP,17,2482.2,False,False,0.2036,499,native,64.93,NORMAL,58.71,58.67,True,300,73.3,BULL,BOS UP,HH/MIX,HH/HL,TR UP,74.1,True,True,498,6,39.9,1789707600000,LOW,2435.39,5.8,,,,2435.74,5.76,2,0,1,2492.55,2435.74,HIGH_SWEEP,5,2484.99,False,False,0.3292,499,native,79.34,YORGUN,85.91,95.67,True,300,73.3,BEAR,BOS DN,HH/HL,HH/MIX,TR DN,84.8,True,True,498,65,44.7,1789477200000,HIGH,2614.99,7.74,,,,,,,0,0,2484.0,2435.39,HIGH_SWEEP,1,2484.0,True,True,0.6888,499,native,65.45,NORMAL,76.39,87.67,True,300,51.7,TR-DN,CHOCH DN,MIX/HL,MIX/HL,TR-DN,70.6,True,True,498,14,32.7,1789502400000,HIGH,2614.99,3.32,,,,1862.655,15.56,2,0,2,2614.99,1862.655,HIGH_SWEEP,38,2522.75,False,False,1.6086,167,3190,739970.08,581499.4,158470.68,11.99,56.0,72.4,UP,1242,364,1321469.47,19.4,60.0,1.0,True,2,501647.31,1,100452.87,401194.43,60.0,0.279,1.0,1.0,0.997,4671393.28,9725397.29,-5054004.0,-35.11,32.45,8.6,DOWN,10967,2642,14396790.57,102.6,300.0,1.0,True,10,2051696.28,23,6554517.27,-4502820.99,85.3,0.672,1.0,1.0,0.999,5723492.53,13707090.08,-7983597.54,-41.09,29.46,7.1,DOWN,13418,3190,19430582.61,142.6,317.9,0.3533,False,15,2836747.28,36,9657868.98,-6821121.7,72.0,0.74,1.0,0.353,1.0,402798.05,,,15.62,,0.2866,-297124.32,-0.195,-1104968.97,-0.3838,,,1789713230619,BUY,272421.34,2482.719296344564,1789713120000,ok,1.0,1.0,1.0,continuous,1,357,0,,0,0,0,0,False,720,2482.79,2482.8,0.04,0.02,0.9148,0.9957,1155673.07,51409.59,0.83,1789713236213,224,False,,,,
2,v2,v1.2,REALF_PY_V4_2_DERIVED,ZPTDIFAT_PY_V1_4_DERIVED,fc-v1,native,,058e38aec59f4c35,20260918_062941,82,BNB_20260918_063359_046,BNBUSDT,BINANCE,FUTURES,TOP100,4,25000,1789713239046,2026-09-18T06:33:59.046+00:00,89,True,1789713239046,1789713239046,56.7,1789713180000,1789713239999,False,59.0,752.94,-0.0053,53.9,FAIR (DENGE),True,500,57.0,46.0,58.8,50.1,0.00095,-0.23,-0.93,0.00103,0.753,0.2,0.3,55.0,-13.7,YOK,12.8,0.664,753.6559227667019,0.095,CLV_PROXY_1M,0,0.0,100.0,53.9,53.2,48.7,44.8,0.7,5.2,9.1,0.00095,-3e-05,-0.00069,-0.00119,17.72,18.76,22.74,29.38,-1.04,-5.02,-11.66,18.88,7.0,500,native,17.72,DINLENMIS,18.88,7.0,True,300,41.9,BEAR,BOS DN,HH/MIX,HH/MIX,SQZ,72.1,True,True,499,4,52.5,1789712940000,HIGH,754.74,4.07,,,,735.76,38.85,2,0,1,754.74,735.76,HIGH_SWEEP,11,754.62,False,False,0.0587,499,native,32.23,NORMAL,27.66,9.0,True,300,72.7,BULL,BOS UP,HH/MIX,LH/LL,RANGE,74.2,True,True,498,10,53.9,1789711380000,LOW,751.67,1.28,,,,733.985,19.13,2,0,2,755.98,733.985,HIGH_SWEEP,25,753.4,False,False,0.1316,499,native,47.15,NORMAL,41.87,28.0,True,300,71.9,BULL,BOS UP,HH/MIX,HH/MIX,TR UP,80.5,True,True,498,16,50.9,1789708200000,LOW,749.39,2.37,,,,751.405,1.04,2,0,2,755.98,751.405,HIGH_SWEEP,5,755.08,False,False,0.2005,499,native,55.48,NORMAL,53.91,40.33,True,300,78.6,BULL,BOS UP,HH/HL,HH/HL,TR UP,91.5,True,True,498,29,31.8,1789686900000,LOW,733.95,7.41,,,,,,,0,0,754.71,733.95,HIGH_SWEEP,5,754.71,False,False,0.3404,499,native,93.83,ASIRI,89.77,94.67,True,300,72.9,BULL,BOS UP,HH/MIX,HH/MIX,TR UP,76.1,True,True,498,10,47.2,1789675200000,LOW,721.24,6.9,,,,,,,0,0,732.95,721.24,HIGH_SWEEP,18,729.58,False,False,0.6104,499,native,88.83,ASIRI,95.67,95.33,True,300,40.4,BULL,BOS UP,LH/LL,HH/HL,RANGE,86.1,True,True,498,4,31.3,1789646400000,LOW,704.34,5.16,,,,,,,0,0,725.94,704.34,HIGH_SWEEP,6,725.94,False,False,1.2519,717,1538,26835.04,22882.49,3952.54,7.95,53.97,65.6,UP,387,91,49717.53,7.5,60.0,1.0,True,0,0.0,0,0.0,0.0,39.2,0.13,0.674,1.0,0.988,262774.35,474471.65,-211697.3,-28.71,35.64,11.2,DOWN,3177,587,737246.0,55.8,300.0,1.0,True,2,104495.17,2,60802.76,43692.41,76.6,0.528,0.967,1.0,0.998,499640.99,1503977.22,-1004336.23,-50.13,24.94,5.9,DOWN,7889,1538,2003618.2,169.2,648.8,0.7209,False,2,104495.17,12,426070.9,-321575.73,84.4,0.772,1.0,0.721,0.999,62012.62,342382.43,,32.45,9.35,0.6542,-32737.0,-0.2317,-42463.43,-0.288,-0.5538,NONE,1789713115693,BUY,75304.98,753.049764,1789713120000,ok,1.0,1.0,1.0,continuous,1,89,0,,0,0,0,0,False,754,752.97,752.98,0.133,0.066,-0.0686,0.4791,116360.42,133489.68,2.59,1789713238805,241,False,,FATIGUE_RESTED_1M,,
2,v2,v1.2,REALF_PY_V4_2_DERIVED,ZPTDIFAT_PY_V1_4_DERIVED,fc-v1,native,,058e38aec59f4c35,20260918_062941,83,XRP_20260918_063402_082,XRPUSDT,BINANCE,FUTURES,TOP100,5,25000,1789713242082,2026-09-18T06:34:02.082+00:00,89,True,1789713242082,1789713242082,56.7,1789713180000,1789713239999,True,62.1,1.3214,-0.0227,55.0,FAIR (DENGE),True,500,55.8,56.0,54.2,50.7,-0.00199,0.39,0.12,0.00161,0.727,0.32,10.0,65.0,1.6,YOK,1.8,1.0,1.3187704429855742,-0.199,CLV_PROXY_1M,0,0.0,100.0,55.0,54.6,53.5,54.6,0.4,1.5,0.4,-0.00199,1e-05,-0.00024,-0.00037,57.01,58.26,60.95,68.45,-1.25,-3.94,-11.44,54.97,52.0,500,native,57.01,NORMAL,54.97,52.0,True,300,72.7,BEAR,BOS DN,HH/HL,HH/HL,SQZ,83.2,True,True,499,48,52.6,1789710300000,HIGH,1.3237,1.73,,,,1.3032,13.72,2,0,2,1.3232,1.3032,HIGH_SWEEP,10,1.322,False,False,0.1003,499,native,65.47,NORMAL,65.89,70.67,True,300,30.1,BULL,BOS UP,LH/LL,MIX/HL,RANGE,90.5,True,True,498,33,58.0,1789707240000,LOW,1.3133,3.09,,,,,,,0,0,1.3228,1.3164,HIGH_SWEEP,2,1.3228,False,False,0.1983,499,native,52.91,NORMAL,62.14,65.67,True,300,62.0,BULL,BOS UP,MIX/HL,LH/LL,RANGE,74.0,True,True,498,33,67.7,1789703100000,LOW,1.3045,4.8,,,,,,,0,0,1.3228,1.3164,HIGH_SWEEP,1,1.3228,True,False,0.2699,499,native,57.2,NORMAL,55.35,60.0,True,300,76.7,TR-UP,CHOCH UP,HH/HL,MIX/HL,TR-UP,84.3,True,True,498,22,25.8,1789693200000,LOW,1.2867,6.2,,,,,,,0,0,1.3286,1.3133,HIGH_SWEEP,23,1.3002,False,False,0.4261,499,native,80.5,YORGUN,79.37,92.0,True,300,74.1,TR-UP,CHOCH UP,HH/MIX,HH/MIX,TR-UP,74.3,True,True,498,3,82.2,1789700400000,LOW,1.2867,2.86,,,,,,,0,0,1.3201,1.2867,HIGH_SWEEP,1,1.3201,True,False,0.9194,499,native,49.51,NORMAL,58.35,74.67,True,300,47.1,TR-DN,CHOCH DN,HH/MIX,MIX/LL,TR-DN,75.8,True,True,498,15,73.1,1789488000000,HIGH,1.4916,5.35,1.5507,7.21,2,0.98775,10.49,2,1,1,1.5507,0.98775,EQH_SWEEP,57,1.43175,False,False,2.3989,345,1578,97662.85,132613.69,-34950.85,-15.18,42.41,23.1,DOWN,790,160,230276.54,22.5,60.0,1.0,True,0,0.0,0,0.0,0.0,59.4,0.31,0.841,1.0,0.994,620971.74,534642.65,86329.1,7.47,53.74,64.7,UP,4677,639,1155614.39,73.7,300.0,1.0,True,3,190930.41,3,105440.25,85490.16,81.3,0.596,1.0,1.0,0.999,2763430.89,2919356.1,-155925.2,-2.74,48.63,44.4,FLAT,12670,1578,5682786.99,187.6,633.4,0.7037,False,28,1517102.26,27,1570322.36,-53220.1,84.8,0.79,1.0,0.704,1.0,-58683.42,652235.88,,-17.31,13.95,0.6371,-5066.54,-0.0304,23603.87,0.1021,-0.2091,NONE,1789713033631,BUY,30770.85,1.321,1789713120000,ok,1.0,1.0013,1.0,continuous,1,152,0,,0,0,0,0,False,34,1.3215,1.3216,0.757,-0.301,-0.0106,-0.2993,992015.58,1013347.51,14.76,1789713241429,653,False,,,,
2,v2,v1.2,REALF_PY_V4_2_DERIVED,ZPTDIFAT_PY_V1_4_DERIVED,fc-v1,native,,058e38aec59f4c35,20260918_062941,84,DOGE_20260918_063405_105,DOGEUSDT,BINANCE,FUTURES,TOP100,12,15000,1789713245105,2026-09-18T06:34:05.105+00:00,89,True,1789713244669,1789713245105,57.1,1789713240000,1789713299999,False,4.7,0.08424,0.0119,51.8,FAIR (DENGE),True,500,52.3,51.4,52.0,50.0,-0.00051,0.24,0.25,0.00145,0.647,0.0,0.3,50.0,-16.1,YOK,0.9,1.0,0.08419688264469867,-0.051,CLV_PROXY_1M,0,0.0,100.0,51.8,52.3,53.6,57.1,-0.5,-1.8,-5.3,-0.00051,-0.00014,-0.00017,8e-05,34.81,35.07,35.87,42.4,-0.26,-1.06,-7.59,39.02,23.0,500,native,34.81,NORMAL,39.02,23.0,True,300,48.4,BEAR,BOS DN,HH/MIX,HH/HL,SQZ,70.2,True,True,499,16,38.7,1789712280000,HIGH,0.08443,2.5,0.084395,2.04,2,0.08135,38.03,2,1,1,0.084395,0.08135,EQL_SWEEP,50,0.08419499999999999,False,False,0.0902,499,native,46.86,NORMAL,44.34,36.33,True,300,44.6,BULL,BOS UP,MIX/LL,MIX/HL,RANGE,73.8,True,True,498,32,48.5,1789707420000,LOW,0.08373,3.23,0.08449000000000001,1.59,2,,,,1,0,0.08449000000000001,0.08404,LOW_SWEEP,11,0.08419,False,False,0.1872,499,native,40.35,NORMAL,39.76,30.0,True,300,63.8,BULL,BOS UP,MIX/HL,MIX/LL,TR UP,80.0,True,True,498,33,93.1,1789703100000,LOW,0.08223,8.76,,,,0.07986,19.09,2,0,1,0.08448,0.07986,HIGH_SWEEP,17,0.08459,False,False,0.2724,499,native,60.22,NORMAL,54.19,55.67,True,300,79.8,BULL,BOS UP,HH/HL,HH/HL,TR UP,84.7,True,True,498,21,43.6,1789694100000,LOW,0.08114,8.57,,,,0.080555,10.19,2,0,1,0.08469,0.080555,HIGH_SWEEP,64,0.08179,False,False,0.4296,499,native,88.88,ASIRI,84.93,96.67,True,300,89.8,BULL,BOS UP,HH/HL,LH/LL,TR UP,90.7,True,True,498,4,51.5,1789696800000,LOW,0.08114,4.28,,,,,,,0,0,0.08253,0.08114,HIGH_SWEEP,21,0.08134,False,False,0.8609,499,native,72.84,YORGUN,85.6,92.33,True,300,47.5,BEAR,BOS DN,HH/MIX,LH/MIX,TR DN,73.2,True,True,498,16,26.7,1789473600000,HIGH,0.08616,1.26,,,,0.07835,3.85,2,0,1,0.08616,0.07835,HIGH_SWEEP,20,0.08534,False,False,1.8093,456,1328,56146.63,159447.78,-103301.15,-47.91,26.04,6.1,DOWN,487,78,215594.41,10.7,60.0,1.0,True,1,21811.89,2,68083.66,-46271.77,47.2,0.176,0.833,1.0,0.992,342613.85,480938.63,-138324.78,-16.8,41.6,21.1,DOWN,2709,356,823552.48,31.9,300.0,1.0,True,6,149069.77,7,253715.01,-104645.24,68.1,0.389,0.979,1.0,0.998,1045399.82,1591330.55,-545930.74,-20.7,39.65,16.9,DOWN,7989,1328,2636730.37,116.5,677.9,0.7533,False,17,491211.78,30,1002704.04,-511492.26,81.9,0.7,1.0,0.753,0.999,-79020.14,284963.01,,-10.31,5.6,0.6866,-26902.03,-0.1986,-21433.65,-0.1301,-0.3033,NONE,1789713230021,BUY,21811.89,0.08422,1789713120000,ok,1.0,1.0,1.0,continuous,1,72,0,,0,0,0,0,False,68,0.08423,0.08424,1.187,-0.137,0.3649,-0.0041,1610462.18,749389.35,23.15,1789713244457,648,False,,AGGRESSIVE_SELLER,,
2,v2,v1.2,REALF_PY_V4_2_DERIVED,ZPTDIFAT_PY_V1_4_DERIVED,fc-v1,native,,058e38aec59f4c35,20260918_062941,85,LINK_20260918_063408_145,LINKUSDT,BINANCE,FUTURES,TOP100,17,10000,1789713248145,2026-09-18T06:34:08.145+00:00,89,True,1789713247924,1789713248145,57.3,1789713240000,1789713299999,False,7.9,11.797,0.0,55.8,FAIR (DENGE),True,500,58.9,50.8,58.0,50.0,-0.00036,0.74,0.03,0.00194,0.69,0.01,0.3,50.0,3.0,YOK,8.1,1.0,11.792710654048989,-0.036,CLV_PROXY_1M,0,0.0,100.0,55.8,54.2,50.9,48.7,1.6,4.9,7.1,-0.00036,1e-05,-0.00071,-0.00164,63.16,63.2,62.26,67.0,-0.04,0.9,-3.84,64.25,60.33,500,native,63.16,NORMAL,64.25,60.33,True,300,87.7,BULL,BOS UP,HH/HL,HH/HL,RANGE,93.4,True,True,499,12,60.8,1789712520000,LOW,11.74,3.98,,,,11.377500000000001,29.31,2,0,1,11.811,11.377500000000001,HIGH_SWEEP,17,11.779,False,False,0.1213,499,native,74.66,YORGUN,75.42,79.0,True,300,46.2,BULL,BOS UP,LH/LL,HH/MIX,RANGE,88.3,True,True,498,4,67.9,1789712460000,LOW,11.705,3.07,,,,,,,0,0,11.776,11.705,HIGH_SWEEP,9,11.776,False,False,0.2536,499,native,63.86,NORMAL,77.78,79.67,True,300,63.0,BULL,BOS UP,HH/MIX,LH/LL,TR UP,76.9,True,True,498,33,57.9,1789703100000,LOW,11.337,11.26,,,,,,,0,0,11.817,11.705,HIGH_SWEEP,19,11.802,False,False,0.3468,499,native,63.39,NORMAL,64.62,66.67,True,300,77.6,BULL,BOS UP,HH/HL,HH/HL,TR UP,87.9,True,True,498,29,54.8,1789686900000,LOW,11.25,8.54,,,,11.0905,11.03,2,0,1,11.817,11.0905,HIGH_SWEEP,64,11.34,False,False,0.544,499,native,90.26,ASIRI,87.29,94.33,True,300,83.3,TR-UP,CHOCH UP,HH/HL,MIX/LL,TR-UP,86.0,True,True,498,5,51.0,1789693200000,LOW,11.089,5.87,12.7855,8.2,2,,,,1,0,12.7855,11.25,LOW_SWEEP,37,10.67,False,False,1.0287,499,native,75.65,YORGUN,88.18,91.33,True,300,17.7,BEAR,BOS DN,LH/LL,HH/MIX,RANGE,86.2,True,True,498,15,24.8,1789488000000,HIGH,11.961,0.65,,,,8.062,14.89,2,0,1,11.961,8.062,EQH_SWEEP,83,12.035499999999999,False,False,2.133,4687,1247,10016.85,21888.77,-11871.92,-37.21,31.4,8.0,DOWN,160,39,31905.62,16.5,60.0,1.0,True,0,0.0,0,0.0,0.0,49.4,0.249,0.626,1.0,0.922,118810.8,110501.83,8308.98,3.62,51.81,57.3,UP,1323,291,229312.63,80.3,300.0,1.0,True,0,0.0,0,0.0,0.0,78.1,0.616,0.84,1.0,0.984,903511.86,767675.86,135836.0,8.13,54.06,65.9,UP,5784,1084,1671187.72,231.9,900.0,1.0,True,16,388279.52,14,284367.17,103912.34,92.4,0.823,1.0,1.0,0.995,-23596.82,80474.38,-3384.47,-26.94,9.64,1.0,3296.97,0.0754,3912.75,0.0853,-0.2343,UP,1789712942346,BUY,21099.78,11.78607185110293,1789713120000,ok,1.0,1.0,1.0,continuous,1,36,0,,0,0,0,0,False,102,11.797,11.798,0.848,-0.085,0.037,0.123,213348.9,198124.35,16.53,1789713247491,654,False,,,,
2,v2,v1.2,REALF_PY_V4_2_DERIVED,ZPTDIFAT_PY_V1_4_DERIVED,fc-v1,native,,058e38aec59f4c35,20260918_062941,86,ADA_20260918_063410_736,ADAUSDT,BINANCE,FUTURES,TOP100,19,10000,1789713250736,2026-09-18T06:34:10.736+00:00,89,True,1789713250736,1789713250736,57.1,1789713240000,1789713299999,False,10.7,0.2136,-0.0468,47.8,FAIR (DENGE),True,500,48.3,42.7,51.8,50.0,0.00328,0.2,0.37,0.00175,0.628,0.0,0.3,45.0,-5.5,YOK,9.1,0.754,0.21430075255044367,0.328,CLV_PROXY_1M,0,0.0,100.0,47.8,53.1,54.7,53.3,-5.3,-6.9,-5.5,0.00328,0.00033,0.00014,-0.00013,62.78,63.38,58.46,60.07,-0.6,4.32,2.71,63.84,55.67,500,native,62.78,NORMAL,63.84,55.67,True,300,66.2,TR-UP,CHOCH UP,MIX/HL,MIX/HL,SQZ,75.3,True,True,499,19,50.5,1789712100000,LOW,0.2126,3.66,0.2138,0.73,2,,,,2,0,0.2138,0.213,LOW_SWEEP,75,0.2138,False,False,0.1278,499,native,74.35,YORGUN,78.75,79.67,True,300,20.7,BEAR,BOS DN,LH/LL,HH/HL,RANGE,86.5,True,True,498,25,70.8,1789708680000,HIGH,0.2173,6.49,,,,,,,0,0,0.2151,0.2121,LOW_SWEEP,45,0.2143,False,False,0.2595,499,native,49.68,NORMAL,62.26,62.0,True,300,19.5,TR-DN,CHOCH DN,LH/LL,LH/LL,TR-DN,85.4,True,True,498,8,28.1,1789710600000,HIGH,0.2151,1.92,,,,0.1903,29.78,3,0,1,0.2151,0.1903,HIGH_SWEEP,32,0.2159,False,False,0.3664,499,native,45.67,NORMAL,44.94,40.67,True,300,66.8,BULL,BOS UP,MIX/HL,LH/LL,TR UP,78.2,True,True,498,26,55.4,1789689600000,LOW,0.1997,9.12,0.21739999999999998,2.41,2,0.1972,10.75,2,1,2,0.21739999999999998,0.1972,HIGH_SWEEP,27,0.2027,False,False,0.7191,499,native,86.09,ASIRI,76.3,88.67,True,300,87.0,BULL,BOS UP,HH/HL,HH/HL,EXP UP,84.6,True,True,498,6,53.5,1789689600000,LOW,0.1901,7.58,,,,,,,0,0,0.2042,0.1997,EQH_SWEEP,29,0.19690000000000002,False,False,1.4575,499,native,75.76,YORGUN,88.18,90.0,True,300,41.5,TR-UP,CHOCH UP,LH/LL,LH/LL,TR-UP,84.5,True,True,498,1,52.5,1789689600000,LOW,0.1901,4.32,,,,,,,0,0,0.2159,0.1901,LOW_SWEEP,52,0.2148,False,True,2.5151,1965,1030,17216.31,4866.02,12350.29,55.93,77.96,94.4,UP,59,54,22082.33,4.2,60.0,1.0,True,0,0.0,0,0.0,0.0,30.6,0.078,0.586,1.0,0.967,133933.19,39764.0,94169.19,54.21,77.11,94.4,UP,810,286,173697.19,14.6,300.0,1.0,True,4,81776.85,0,0.0,81776.85,51.8,0.227,0.81,1.0,0.993,825932.22,711040.58,114891.64,7.48,53.74,64.7,UP,3734,890,1536972.8,46.2,900.0,1.0,True,20,571786.98,15,520695.04,51091.94,74.6,0.48,1.0,1.0,0.998,-26030.27,88578.24,1430.36,-15.28,26.49,1.0,22855.03,0.6615,19243.26,0.5539,-0.0961,UP,1789713180651,BUY,26803.54,0.2137,1789713180000,ok,1.0,1.0,1.0,continuous,1,51,0,,0,0,0,0,False,136,0.2136,0.2137,4.681,0.663,0.0765,-0.1269,2347079.92,2013594.59,91.27,1789713250462,274,False,,AGGRESSIVE_BUYER,,
2,v2,v1.2,REALF_PY_V4_2_DERIVED,ZPTDIFAT_PY_V1_4_DERIVED,fc-v1,native,,058e38aec59f4c35,20260918_062941,87,LTC_20260918_063413_330,LTCUSDT,BINANCE,FUTURES,TOP100,25,10000,1789713253330,2026-09-18T06:34:13.330+00:00,89,True,1789713253330,1789713253330,57.1,1789713240000,1789713299999,False,13.3,54.9,0.0,53.5,FAIR (DENGE),True,500,54.2,54.6,52.4,50.0,-0.00176,-0.17,0.01,0.00141,0.622,0.04,0.3,50.0,-20.2,YOK,2.1,1.0,54.80332576828263,-0.176,CLV_PROXY_1M,0,0.0,100.0,53.5,53.8,55.5,64.0,-0.3,-2.0,-10.5,-0.00176,-2e-05,0.00019,0.00066,64.47,68.36,76.22,72.56,-3.89,-11.75,-8.09,53.96,58.67,500,native,64.47,NORMAL,53.96,58.67,True,300,74.9,BULL,BOS UP,HH/MIX,HH/MIX,TR UP,73.8,True,True,499,7,64.2,1789712820000,LOW,54.78,2.21,,,,54.76,2.58,2,0,2,55.02,54.76,HIGH_SWEEP,31,54.92,False,False,0.0988,499,native,60.4,NORMAL,64.93,64.67,True,300,63.9,BULL,BOS UP,MIX/HL,MIX/HL,RANGE,79.5,True,True,498,33,50.6,1789707240000,LOW,54.29,5.59,54.974999999999994,0.69,2,,,,2,0,54.974999999999994,54.76,EQH_SWEEP,2,55.0,False,False,0.1988,499,native,54.19,NORMAL,63.22,53.0,True,300,77.2,BULL,BOS UP,HH/HL,MIX/HL,RANGE,86.1,True,True,498,33,51.2,1789703100000,LOW,54.32,4.02,,,,53.86,7.21,2,0,3,55.0,53.86,HIGH_SWEEP,1,55.0,True,False,0.2628,499,native,72.87,YORGUN,71.4,77.67,True,300,71.1,BULL,BOS UP,MIX/HL,HH/MIX,TR UP,85.7,True,True,498,24,95.3,1789691400000,LOW,53.59,5.8,,,,,,,0,0,53.98,54.29,EQH_SWEEP,26,53.989999999999995,False,False,0.4112,499,native,87.5,ASIRI,87.21,95.0,True,300,88.0,BULL,BOS UP,HH/HL,HH/HL,TR UP,83.5,True,True,498,6,68.8,1789689600000,LOW,52.46,5.59,,,,,,,0,0,54.0,52.46,HIGH_SWEEP,21,52.81,False,False,0.7963,499,native,81.25,YORGUN,88.94,93.0,True,300,51.6,TR-DN,CHOCH DN,HH/MIX,LH/LL,TR-DN,72.3,True,True,498,14,38.2,1789502400000,HIGH,55.24,0.4,,,,,,,0,0,55.24,50.13,HIGH_SWEEP,30,54.28,False,False,1.559,1613,626,13161.18,3917.52,9243.66,54.12,77.06,94.3,UP,91,25,17078.71,4.8,60.0,1.0,True,0,0.0,0,0.0,0.0,31.7,0.088,0.558,1.0,0.973,67855.43,146678.48,-78823.05,-36.74,31.63,8.1,DOWN,825,158,214533.91,31.9,300.0,1.0,True,0,0.0,6,78486.46,-78486.46,64.9,0.389,0.833,1.0,0.995,413198.4,415774.2,-2575.81,-0.31,49.84,49.4,FLAT,2951,558,828972.6,73.2,900.0,1.0,True,7,156412.47,12,193710.22,-37297.75,80.7,0.594,0.98,1.0,0.998,98338.86,10552.05,27450.01,59.79,-5.37,1.0,-30021.54,-0.5291,-18361.89,-0.4279,-0.0493,NONE,1789713154166,SELL,11122.2,54.89,1789713180000,ok,1.0,1.0,1.0,continuous,1,21,0,,0,0,0,0,False,170,54.9,54.91,1.821,0.025,0.0554,-0.2328,736294.88,659039.79,35.52,1789713253108,222,False,,AGGRESSIVE_BUYER,,
2,v2,v1.2,REALF_PY_V4_2_DERIVED,ZPTDIFAT_PY_V1_4_DERIVED,fc-v1,native,,058e38aec59f4c35,20260918_062941,88,AVAX_20260918_063415_928,AVAXUSDT,BINANCE,FUTURES,TOP100,31,5000,1789713255928,2026-09-18T06:34:15.928+00:00,89,True,1789713255928,1789713255928,57.1,1789713240000,1789713299999,False,15.9,7.892,0.0,41.4,PRICE LAG,True,500,41.0,33.3,49.1,48.0,0.00536,0.7,0.32,0.00137,0.635,0.56,15.7,60.0,27.2,YOK,15.8,1.0,7.9343838978694805,0.537,CLV_PROXY_1M,0,0.0,100.0,41.4,41.1,41.3,35.8,0.3,0.1,5.6,0.00536,-9e-05,-0.0003,-0.00134,58.44,57.71,55.99,56.35,0.73,2.45,2.09,61.47,57.0,500,native,58.44,NORMAL,61.47,57.0,True,300,70.9,BEAR,BOS DN,HH/HL,HH/HL,SQZ,77.8,True,True,499,54,64.9,1789710000000,HIGH,7.93,5.5,7.9415,7.17,2,,,,1,0,7.9415,7.88,LOW_SWEEP,13,7.873,False,False,0.0875,499,native,53.27,NORMAL,62.28,56.67,True,300,57.4,BULL,BOS UP,MIX/HL,LH/MIX,RANGE,67.8,True,True,498,69,79.7,1789700760000,LOW,7.677,13.32,,,,7.6285,16.33,2,0,1,7.903,7.6285,HIGH_SWEEP,78,7.723,False,False,0.2045,499,native,34.94,NORMAL,45.68,34.0,True,300,60.7,BULL,BOS UP,MIX/HL,MIX/HL,RANGE,74.1,True,True,498,41,66.0,1789700700000,LOW,7.677,8.83,,,,,,,0,0,7.942,7.857,HIGH_SWEEP,46,7.723,False,False,0.3104,499,native,55.43,NORMAL,52.88,48.33,True,300,79.5,BULL,BOS UP,HH/HL,MIX/HL,TR UP,85.4,True,True,498,23,54.9,1789692300000,LOW,7.545,8.27,,,,,,,0,0,7.968,7.584,EQH_SWEEP,23,7.648,False,False,0.534,499,native,87.5,ASIRI,81.75,89.0,True,300,91.4,TR-UP,CHOCH UP,HH/HL,LH/LL,TR-UP,94.6,True,True,498,3,96.7,1789700400000,LOW,7.545,4.32,8.192,3.71,3,7.186,8.78,2,1,1,8.192,7.186,EQL_SWEEP,37,7.186,False,False,1.023,499,native,84.66,ASIRI,90.29,93.0,True,300,78.7,BULL,BOS UP,HH/MIX,HH/MIX,RANGE,76.8,True,True,498,1,80.2,1789689600000,LOW,7.171,4.75,,,,7.173500000000001,4.74,2,0,1,7.8,7.173500000000001,LOW_SWEEP,15,7.243,False,False,1.9116,2168,784,40665.06,11459.03,29206.03,56.03,78.02,94.5,UP,201,31,52124.09,7.2,60.0,1.0,True,3,27573.2,0,0.0,27573.2,38.7,0.125,0.679,1.0,0.964,121913.67,48893.82,73019.85,42.75,71.37,93.2,UP,1010,183,170807.5,40.4,300.0,1.0,True,4,33535.01,1,5131.1,28403.92,67.9,0.447,0.808,1.0,0.993,466659.97,395648.02,71011.96,8.24,54.12,66.1,UP,3783,674,862307.99,111.8,900.0,1.0,True,21,209121.43,18,231914.11,-22792.68,85.8,0.691,0.984,1.0,0.998,30493.0,69243.7,34658.7,30.15,20.56,1.0,7633.86,0.2429,13095.89,0.3834,0.0527,NONE,1789713249906,BUY,15855.03,7.892,1789713180000,ok,1.0,1.0,1.0,continuous,1,29,0,,0,0,0,0,False,204,7.891,7.892,1.267,-0.568,0.0665,-0.2684,372072.22,325652.45,24.71,1789713255710,218,False,,AGGRESSIVE_BUYER,,
2,v2,v1.2,REALF_PY_V4_2_DERIVED,ZPTDIFAT_PY_V1_4_DERIVED,fc-v1,native,,058e38aec59f4c35,20260918_062941,89,SUI_20260918_063418_960,SUIUSDT,BINANCE,FUTURES,TOP100,35,5000,1789713258960,2026-09-18T06:34:18.960+00:00,89,True,1789713258515,1789713258960,57.5,1789713240000,1789713299999,False,18.5,0.7765,-0.0386,48.2,FAIR (DENGE),True,500,48.4,44.3,51.8,49.9,0.00261,0.49,0.29,0.00211,0.611,0.23,1.3,55.0,4.0,YOK,7.6,0.71,0.7785331446708388,0.262,CLV_PROXY_1M,0,0.0,100.0,48.2,48.3,49.9,47.9,-0.1,-1.7,0.3,0.00261,-0.00021,-8e-05,-0.00095,58.73,59.67,55.85,58.15,-0.94,2.88,0.58,57.04,55.33,500,native,58.73,NORMAL,57.04,55.33,True,300,73.0,BEAR,BOS DN,HH/HL,HH/HL,SQZ,83.9,True,True,499,47,17.2,1789710420000,HIGH,0.7775,1.0,,,,,,,0,0,0.7779,0.775,HIGH_SWEEP,12,0.777,False,False,0.1286,499,native,57.55,NORMAL,62.56,55.67,True,300,57.5,BULL,BOS UP,MIX/HL,MIX/HL,RANGE,66.6,True,True,498,55,52.4,1789703280000,LOW,0.7643,5.49,,,,0.7292,21.3,2,0,3,0.7778,0.7292,HIGH_SWEEP,50,0.7849,False,False,0.2858,499,native,38.31,NORMAL,52.02,45.0,True,300,60.8,BULL,BOS UP,MIX/HL,MIX/HL,RANGE,79.1,True,True,498,40,48.0,1789701000000,LOW,0.7643,3.82,,,,0.71575,19.03,2,0,2,0.7849,0.71575,HIGH_SWEEP,90,0.7365,False,False,0.4117,499,native,46.37,NORMAL,46.78,36.67,True,300,78.5,BULL,BOS UP,HH/HL,MIX/HL,TR UP,90.8,True,True,498,29,53.6,1789686900000,LOW,0.7287,8.16,,,,0.7289,8.13,2,0,1,0.7899,0.7289,HIGH_SWEEP,58,0.7351,False,False,0.7551,499,native,87.66,ASIRI,75.29,84.67,True,300,83.0,TR-UP,CHOCH UP,HH/HL,HH/MIX,TR-UP,88.9,True,True,498,6,40.0,1789689600000,LOW,0.7157,5.54,0.8336,5.17,2,,,,2,0,0.8336,0.7157,LOW_SWEEP,37,0.6814,False,False,1.4211,499,native,86.22,ASIRI,90.4,95.33,True,300,89.3,TR-UP,CHOCH UP,HH/HL,MIX/HL,TR-UP,85.4,True,True,498,1,97.1,1789689600000,LOW,0.6773,5.27,,,,,,,0,0,0.7479,0.6773,LOW_SWEEP,16,0.692,False,False,2.3923,2405,1423,34928.9,61517.06,-26588.16,-27.57,36.22,11.8,DOWN,359,85,96445.97,21.6,60.0,1.0,True,0,0.0,2,17473.86,-17473.86,56.5,0.301,0.746,1.0,0.96,286331.39,208011.5,78319.89,15.84,57.92,77.8,UP,2362,461,494342.89,78.6,300.0,1.0,True,16,151404.5,9,84503.77,66900.73,80.1,0.611,0.924,1.0,0.992,1286510.97,1139541.41,146969.56,6.06,53.03,62.1,UP,8554,1423,2426052.38,118.7,850.6,0.9451,False,58,899856.48,56,742843.33,157013.15,85.9,0.704,1.0,0.945,0.997,-1989.02,99664.26,,0.51,9.13,0.8784,-175.04,-0.0019,18735.43,0.1895,-0.0557,NONE,1789713255226,SELL,7456.65,0.7765,1789713180000,ok,1.0,1.0,1.0,continuous,1,83,0,,0,0,0,0,False,238,0.7765,0.7766,1.288,0.397,0.0461,0.1855,347371.32,316756.56,25.11,1789713258309,651,False,,,,
2,v2,v1.2,REALF_PY_V4_2_DERIVED,ZPTDIFAT_PY_V1_4_DERIVED,fc-v1,native,,058e38aec59f4c35,20260918_062941,90,AKE_20260918_063422_064,AKEUSDT,BINANCE,FUTURES,TOP100,94,2000,1789713262064,2026-09-18T06:34:22.064+00:00,89,True,1789713261566,1789713262064,57.5,1789713240000,1789713299999,False,21.6,0.023116,0.0649,61.3,PRICE AHEAD,True,500,62.9,68.5,53.0,52.5,-0.04185,-1.33,-0.77,0.00718,0.59,0.13,64.0,45.0,14.4,YOK,15.5,1.0,0.02216863203017554,-4.098,CLV_PROXY_1M,0,0.0,100.0,61.3,64.1,76.3,83.5,-2.8,-15.0,-22.2,-0.04185,0.00101,0.00784,0.01265,79.51,83.27,89.85,94.27,-3.76,-10.34,-14.76,69.03,74.67,500,native,79.51,YORGUN,69.03,74.67,True,300,89.8,BULL,BOS UP,HH/HL,HH/MIX,EXP UP,92.2,True,True,499,11,90.2,1789712580000,LOW,0.021423,6.59,,,,0.021402499999999998,6.67,2,0,1,0.021898,0.021402499999999998,HIGH_SWEEP,32,0.021605,False,False,1.1125,499,native,91.55,ASIRI,85.81,94.67,True,300,92.0,BULL,BOS UP,HH/HL,HH/HL,EXP UP,91.6,True,True,498,4,71.4,1789712460000,LOW,0.021423,5.48,,,,,,,0,0,0.021898,0.021423,LOW_SWEEP,33,0.021228,False,False,1.3194,499,native,91.42,ASIRI,94.2,97.67,True,300,78.3,BULL,BOS UP,MIX/HL,HH/HL,EXP UP,79.7,True,True,498,5,67.7,1789711500000,LOW,0.0214,5.71,,,,,,,0,0,0.02168,0.021423,EQH_SWEEP,33,0.021653,False,False,1.2682,499,native,82.1,YORGUN,95.37,97.33,True,300,42.0,BEAR,BOS DN,LH/MIX,MIX/HL,RANGE,66.1,True,True,498,153,97.0,1789575300000,HIGH,0.028247,12.0,0.029421000000000003,14.75,2,0.0209945,4.96,2,1,3,0.029421000000000003,0.0209945,EQL_SWEEP,56,0.020765,False,False,1.8233,499,native,75.88,YORGUN,95.44,98.0,True,300,70.7,BULL,BOS UP,HH/HL,HH/MIX,RANGE,69.6,True,True,498,74,56.3,1789444800000,LOW,0.014658,9.81,0.029844000000000002,7.82,2,0.012500500000000001,12.31,3,1,2,0.029844000000000002,0.012500500000000001,HIGH_SWEEP,75,0.0165,False,False,3.9837,499,native,41.58,NORMAL,45.57,46.67,True,300,84.7,BULL,BOS UP,HH/HL,MIX/HL,TR UP,90.5,True,True,498,18,80.8,1789444800000,LOW,0.013069,3.94,,,,0.0128725,4.02,2,0,3,0.029888,0.0128725,EQL_SWEEP,67,0.0128725,False,False,11.7969,-37,15015,74552.1,122423.79,-47871.69,-24.3,37.85,13.9,DOWN,4332,2181,196975.88,42.0,60.0,1.0,True,8,27040.97,9,62498.94,-35457.97,68.9,0.456,0.824,1.0,1.0,472356.12,578160.0,-105803.88,-10.07,44.96,30.7,DOWN,27997,15013,1050516.13,543.9,297.7,0.9925,False,46,163792.37,51,233805.51,-70013.14,96.4,0.916,1.0,0.992,1.0,472356.12,578160.0,-105803.88,-10.07,44.96,30.7,DOWN,27997,15013,1050516.13,543.9,297.7,0.3308,False,46,163792.37,51,233805.51,-70013.14,77.4,0.916,1.0,0.331,1.0,-4514.66,,,-1.24,,0.2642,-38552.25,-0.2176,-22626.9,-0.1077,,,1789713237693,SELL,6094.17,0.023088970201899647,1789713180000,ok,1.0,1.0,1.0,continuous,3,2088,0,,0,0,0,0,False,312,0.023096,0.023097,0.433,0.198,0.2927,0.8279,2590.86,1417.69,8.88,1789713261354,710,False,,FATIGUE_EXTREME,,
2,v2,v1.2,REALF_PY_V4_2_DERIVED,ZPTDIFAT_PY_V1_4_DERIVED,fc-v1,native,,058e38aec59f4c35,20260918_062941,91,PONS_20260918_063424_893,PONSUSDT,BINANCE,FUTURES,OUTSIDE100,112,2000,1789713264893,2026-09-18T06:34:24.893+00:00,89,True,1789713264659,1789713264893,57.7,1789713240000,1789713299999,False,24.7,0.7296,-0.1369,47.1,FAIR (DENGE),True,500,44.6,51.8,45.3,49.7,-0.00217,-0.77,-0.27,0.00518,0.551,0.59,3.3,50.0,-11.1,YOK,7.2,0.759,0.728018337403459,-0.217,CLV_PROXY_1M,0,0.0,100.0,47.1,51.2,57.1,59.6,-4.1,-10.0,-12.5,-0.00217,0.00127,0.00253,0.00456,13.87,15.97,23.52,34.18,-2.1,-9.65,-20.31,11.38,3.33,500,native,13.87,DINLENMIS,11.38,3.33,True,300,24.1,BEAR,BOS DN,LH/MIX,LH/MIX,SQZ,67.6,True,True,499,3,58.1,1789713060000,HIGH,0.7377,3.56,,,,0.7134,7.11,2,0,1,0.7364,0.7134,EQL_SWEEP,4,0.73295,False,False,0.3117,499,native,43.71,NORMAL,33.47,28.0,True,300,26.2,BULL,BOS UP,LH/LL,MIX/HL,RANGE,86.5,True,True,498,74,26.3,1789699860000,LOW,0.6834,8.74,0.7777000000000001,9.1,3,0.63845,17.25,2,1,1,0.7777000000000001,0.63845,HIGH_SWEEP,89,0.6964,False,False,0.7235,499,native,41.03,NORMAL,34.76,27.33,True,300,12.9,BEAR,BOS DN,LH/LL,LH/LL,RANGE,88.2,True,True,498,9,56.1,1789710300000,HIGH,0.7473,2.29,0.7778,6.24,2,,,,1,0,0.7778,0.7235,LOW_SWEEP,7,0.729,False,False,1.0535,499,native,44.43,NORMAL,38.33,34.33,True,300,86.2,BULL,BOS UP,HH/HL,MIX/LL,TR UP,93.8,True,True,498,17,77.8,1789697700000,LOW,0.6551,5.22,,,,,,,0,0,0.7781,0.6551,HIGH_SWEEP,18,0.6959,False,False,1.948,289,native,81.03,YORGUN,69.28,77.7,False,269,88.1,BULL,BOS UP,HH/HL,HH/HL,TR UP,88.8,True,True,288,7,54.7,1789686000000,LOW,0.6099,3.96,,,,,,,0,0,0.6721,0.6099,HIGH_SWEEP,6,0.6721,False,False,4.1259,73,native,83.81,ASIRI,83.14,98.11,False,53,74.7,TR-UP,CHOCH UP,HH/MIX,HH/HL,TR-UP,76.3,True,False,72,1,84.3,1789689600000,LOW,0.5483,3.39,,,,,,,0,0,0.6992,0.5483,LOW_SWEEP,12,0.5821,False,False,6.9476,1059,1754,23891.59,24203.49,-311.9,-0.65,49.68,48.7,FLAT,452,144,48095.07,43.3,60.0,1.0,True,4,12212.29,2,6320.91,5891.38,65.1,0.464,0.671,1.0,0.982,116003.2,162618.71,-46615.51,-16.73,41.63,21.1,DOWN,2778,799,278621.91,126.4,300.0,1.0,True,16,49854.95,15,95775.84,-45920.89,83.7,0.717,0.861,1.0,0.996,245675.74,284975.66,-39299.91,-7.41,46.3,35.4,DOWN,5737,1754,530651.4,286.5,712.4,0.7915,False,28,106754.39,31,154822.8,-48068.41,87.6,0.851,0.931,0.792,0.999,32702.73,14647.12,,23.08,2.49,0.7248,-16545.81,-0.2297,-10160.47,-0.1823,-0.1612,NONE,1789713263461,BUY,2096.25,0.7296368256178213,1789713180000,ok,1.0,1.0,1.0,continuous,1,142,0,,0,0,0,0,False,346,0.7295,0.7296,1.371,-0.344,0.0271,-0.3562,35229.27,33372.7,26.73,1789713264462,431,False,,FATIGUE_RESTED_1M,,
2,v2,v1.2,REALF_PY_V4_2_DERIVED,ZPTDIFAT_PY_V1_4_DERIVED,fc-v1,native,,058e38aec59f4c35,20260918_062941,92,SKR_20260918_063427_487,SKRUSDT,BINANCE,FUTURES,OUTSIDE100,227,500,1789713267487,2026-09-18T06:34:27.487+00:00,89,True,1789713267487,1789713267487,57.7,1789713240000,1789713299999,False,27.5,0.019114,0.0628,51.2,FAIR (DENGE),True,500,53.8,43.1,56.0,50.2,0.00327,0.88,0.47,0.00181,0.444,0.27,26.7,55.0,18.2,YOK,12.9,0.256,0.01917662632968421,0.328,CLV_PROXY_1M,0,0.0,100.0,51.2,51.5,47.9,40.8,-0.3,3.3,10.4,0.00327,-0.00022,4e-05,-0.0014,77.97,75.32,63.61,59.92,2.65,14.36,18.05,81.05,91.33,500,native,77.97,YORGUN,81.05,91.33,True,300,95.5,BULL,BOS UP,HH/HL,HH/HL,TR UP,94.7,True,True,499,2,85.4,1789713120000,LOW,0.019028,2.61,0.019363,7.56,2,,,,1,0,0.019363,0.019028,EQH_SWEEP,43,0.0189665,False,False,0.1725,499,native,65.94,NORMAL,67.9,68.0,True,300,69.3,BULL,BOS UP,HH/MIX,MIX/HL,TR UP,70.0,True,True,498,12,36.3,1789711020000,LOW,0.018839,4.65,0.020296500000000002,19.98,2,0.0188425,4.59,2,1,1,0.020296500000000002,0.0188425,LOW_SWEEP,22,0.018846,False,False,0.3094,499,native,76.63,YORGUN,78.18,84.0,True,300,91.5,BULL,BOS UP,HH/HL,HH/MIX,RANGE,88.8,True,True,498,6,88.7,1789711200000,LOW,0.018839,3.76,0.020296500000000002,16.17,2,,,,1,0,0.020296500000000002,0.018839,LOW_SWEEP,24,0.018732,False,False,0.3834,499,native,78.6,YORGUN,90.45,92.0,True,300,74.6,BULL,BOS UP,MIX/HL,MIX/HL,SQZ,69.3,True,True,498,1,49.0,1789712100000,LOW,0.018719,2.7,,,,0.017547,10.71,2,0,2,0.019011,0.017547,HIGH_SWEEP,35,0.019329,False,False,0.7671,499,native,43.71,NORMAL,52.49,60.67,True,300,39.3,BULL,BOS UP,LH/LL,HH/MIX,RANGE,84.4,True,True,498,21,72.8,1789635600000,LOW,0.017378,4.57,0.025375500000000002,16.48,2,,,,1,0,0.025375500000000002,0.018321,LOW_SWEEP,6,0.018554,False,False,2.0012,499,native,73.38,YORGUN,68.99,78.0,True,300,72.9,BULL,BOS UP,HH/HL,HH/HL,TR UP,83.6,True,True,498,114,36.2,1788062400000,LOW,0.008858,11.56,,,,0.017043000000000003,2.33,2,0,1,0.020299,0.017043000000000003,HIGH_SWEEP,4,0.019684,False,False,4.7097,7190,502,1090.38,232.79,857.6,64.81,82.41,94.8,UP,31,22,1323.17,9.9,60.0,1.0,True,0,0.0,0,0.0,0.0,32.8,0.165,0.28,1.0,0.88,12810.7,4724.67,8086.02,46.11,73.06,93.7,UP,287,202,17535.37,50.0,300.0,1.0,True,3,7085.8,1,518.77,6567.03,63.6,0.5,0.561,1.0,0.976,26412.1,13059.53,13352.58,33.83,66.91,91.0,UP,670,471,39471.63,118.6,900.0,1.0,True,8,12324.77,4,2952.76,9372.02,76.3,0.704,0.649,1.0,0.992,2149.67,1740.91,651.88,56.69,7.02,1.0,2433.06,0.4379,2047.78,0.5839,-0.2845,UP,1789713163004,SELL,518.77,0.019121,1789713180000,ok,1.0,1.0,1.0,continuous,1,22,0,,0,0,0,0,False,380,0.019105,0.019114,4.71,0.631,0.3363,-0.2361,6330.74,3144.46,16.48,1789713267022,465,False,,,,
2,v2,v1.2,REALF_PY_V4_2_DERIVED,ZPTDIFAT_PY_V1_4_DERIVED,fc-v1,native,,058e38aec59f4c35,20260918_062941,93,PROM_20260918_063430_157,PROMUSDT,BINANCE,FUTURES,OUTSIDE100,266,1000,1789713270157,2026-09-18T06:34:30.157+00:00,89,True,1789713270111,1789713270157,57.8,1789713240000,1789713299999,False,30.1,5.417,-0.0922,59.1,PRICE AHEAD,True,500,62.8,53.6,59.8,55.5,-0.00187,0.22,-0.31,0.00251,0.572,1.02,65.0,65.0,-1.5,YOK,9.2,1.0,5.40686425171852,-0.187,CLV_PROXY_1M,0,0.0,100.0,59.1,59.1,57.7,50.8,0.0,1.4,8.3,-0.00187,-0.00031,-0.00038,-0.00163,42.97,43.64,33.79,28.82,-0.67,9.18,14.15,41.59,41.0,500,native,42.97,NORMAL,41.59,41.0,True,300,28.4,BEAR,BOS DN,LH/MIX,LH/LL,TR DN,83.0,True,True,499,21,81.2,1789711980000,HIGH,5.541,13.68,,,,5.41,0.77,2,0,1,5.439,5.41,LOW_SWEEP,19,5.427,False,False,0.1672,499,native,25.49,DINLENMIS,32.85,27.67,True,300,14.8,TR-DN,CHOCH DN,LH/LL,LH/LL,TR-DN,91.5,True,True,498,7,59.2,1789711920000,HIGH,5.541,6.46,,,,5.3934999999999995,1.16,2,0,1,5.541,5.3934999999999995,HIGH_SWEEP,45,5.589,False,False,0.3568,499,native,14.08,DINLENMIS,19.44,14.67,True,300,44.1,TR-DN,CHOCH DN,MIX/HL,LH/LL,TR-DN,75.6,True,True,498,4,58.5,1789711800000,HIGH,5.541,4.83,,,,5.3919999999999995,0.93,2,0,2,5.541,5.3919999999999995,HIGH_SWEEP,27,5.589,False,False,0.478,499,native,28.72,DINLENMIS,17.96,11.0,True,300,59.7,TR-DN,CHOCH DN,HH/HL,MIX/HL,TR-DN,88.0,True,True,498,2,54.5,1789711200000,HIGH,5.594,4.11,5.7285,7.23,2,5.4015,0.36,2,2,1,5.7285,5.4015,LOW_SWEEP,171,5.332,False,False,0.7958,499,native,53.86,NORMAL,31.21,24.67,True,300,59.0,BEAR,BOS DN,MIX/HL,MIX/HL,SQZ,69.1,True,True,498,46,75.0,1789545600000,HIGH,5.729,3.72,5.8375,5.01,3,4.906499999999999,6.06,2,2,1,5.8375,4.906499999999999,EQL_SWEEP,94,5.5815,False,False,1.5355,499,native,47.85,NORMAL,48.08,38.0,True,300,26.5,BULL,BOS UP,LH/LL,MIX/HL,SQZ,85.6,True,True,498,58,11.5,1788868800000,LOW,4.913,2.74,,,,4.4025,5.51,2,0,2,5.659,4.4025,HIGH_SWEEP,57,5.986,False,False,3.3065,4481,672,562.81,6214.09,-5651.28,-83.39,8.3,5.0,DOWN,70,33,6776.9,2.7,60.0,1.0,True,0,0.0,2,5209.59,-5209.59,23.9,0.051,0.458,1.0,0.925,9472.78,11558.45,-2085.67,-9.92,45.04,31.0,DOWN,396,186,21031.23,16.1,300.0,1.0,True,3,4781.79,4,7232.61,-2450.81,48.2,0.243,0.581,1.0,0.985,26176.83,30598.35,-4421.51,-7.79,46.11,34.7,DOWN,1281,598,56775.18,79.3,900.0,1.0,True,5,7059.74,5,8463.18,-1403.45,73.5,0.613,0.689,1.0,0.995,-5701.26,-5169.67,-6320.22,-44.25,-13.47,1.0,-1895.08,-0.445,-368.44,-0.0876,0.3822,DOWN,1789713245044,SELL,1206.53,5.420169811320754,1789713180000,ok,1.0,1.0,1.0,continuous,1,30,0,,0,0,0,0,False,414,5.416,5.417,1.846,0.774,0.1297,0.211,30898.9,23805.66,36.0,1789713269805,352,False,,AGGRESSIVE_SELLER,,
2,v2,v1.2,REALF_PY_V4_2_DERIVED,ZPTDIFAT_PY_V1_4_DERIVED,fc-v1,native,,058e38aec59f4c35,20260918_062941,94,UAI_20260918_063432_748,UAIUSDT,BINANCE,FUTURES,OUTSIDE100,296,2000,1789713272748,2026-09-18T06:34:32.748+00:00,89,True,1789713272748,1789713272748,57.8,1789713240000,1789713299999,False,32.7,0.4163,-0.048,54.9,FAIR (DENGE),True,500,57.4,52.6,54.3,50.3,-0.00298,0.83,0.55,0.00464,0.659,0.18,2.7,35.0,-6.9,YOK,4.9,1.0,0.41506277952120785,-0.297,CLV_PROXY_1M,0,0.0,100.0,54.9,59.1,53.4,52.9,-4.2,1.5,2.0,-0.00298,0.00096,-0.00057,-0.00103,39.39,31.47,17.4,16.74,7.92,21.99,22.65,54.26,66.33,500,native,39.39,NORMAL,54.26,66.33,True,300,7.4,BEAR,BOS DN,LH/LL,LH/LL,TR DN,96.7,True,True,499,9,90.8,1789712700000,HIGH,0.4198,2.57,0.42315,5.02,2,0.40785,6.2,3,1,2,0.42315,0.40785,HIGH_SWEEP,87,0.4247,False,False,0.3275,499,native,19.77,DINLENMIS,31.46,15.0,True,300,58.2,BULL,BOS UP,MIX/HL,LH/LL,RANGE,66.6,True,True,498,64,61.1,1789701660000,LOW,0.4075,3.49,0.43455,7.24,2,,,,1,0,0.43455,0.4166,HIGH_SWEEP,124,0.4238,False,False,0.6068,499,native,27.66,DINLENMIS,27.55,10.0,True,300,56.0,TR-DN,CHOCH DN,MIX/HL,LH/MIX,TR-DN,72.0,True,True,498,47,58.0,1789698900000,HIGH,0.4354,5.09,,,,0.3559,16.1,3,0,1,0.4232,0.3559,HIGH_SWEEP,100,0.4106,False,False,0.9054,499,native,34.94,NORMAL,32.62,24.33,True,300,69.0,BULL,BOS UP,MIX/HL,MIX/HL,RANGE,79.5,True,True,498,20,30.6,1789695000000,LOW,0.3901,3.49,0.43505,2.5,2,0.3838,4.34,2,2,2,0.43505,0.3838,LOW_SWEEP,173,0.3294,False,False,1.8091,499,native,65.15,NORMAL,55.24,56.0,True,300,86.6,BULL,BOS UP,HH/HL,HH/HL,SQZ,87.3,True,True,498,6,38.6,1789689600000,LOW,0.3838,2.01,,,,,,,0,0,0.4354,0.3838,HIGH_SWEEP,4,0.418,False,False,3.8614,499,native,64.85,NORMAL,72.35,75.33,True,300,18.4,BEAR,BOS DN,LH/LL,HH/HL,RANGE,87.8,True,True,498,19,42.0,1789430400000,HIGH,0.5943,4.06,,,,,,,0,0,0.5943,0.322,LOW_SWEEP,20,0.4503,False,False,10.3453,2816,975,8908.47,2863.1,6045.37,51.36,75.68,94.2,UP,191,66,11771.57,15.5,60.0,1.0,True,1,7504.43,0,0.0,7504.43,45.9,0.236,0.518,1.0,0.953,37754.38,21736.66,16017.72,26.92,63.46,87.8,UP,941,343,59491.03,56.2,300.0,1.0,True,3,24578.43,2,7167.19,17411.24,69.4,0.529,0.694,1.0,0.991,59453.01,89142.58,-29689.57,-19.98,40.01,17.6,DOWN,2704,907,148595.58,197.4,900.0,1.0,True,4,26598.16,10,33650.48,-7052.32,85.2,0.798,0.793,1.0,0.997,-13309.72,5705.82,4679.86,-13.1,3.2,1.0,7698.87,0.4368,3115.15,0.2618,-0.3384,UP,1789713216536,BUY,7504.43,0.41686653149650044,1789713180000,ok,1.0,1.0,1.0,continuous,1,65,0,,0,0,0,0,False,448,0.416,0.4162,4.807,1.736,0.1872,0.4231,15144.52,10367.9,48.07,1789713272524,224,False,,AGGRESSIVE_BUYER,,
2,v2,v1.2,REALF_PY_V4_2_DERIVED,ZPTDIFAT_PY_V1_4_DERIVED,fc-v1,native,,058e38aec59f4c35,20260918_062941,95,BULLA_20260918_063435_352,BULLAUSDT,BINANCE,FUTURES,OUTSIDE100,339,5000,1789713275352,2026-09-18T06:34:35.352+00:00,89,True,1789713275336,1789713275352,57.6,1789713240000,1789713299999,False,35.3,0.10144,0.1086,54.0,FAIR (DENGE),True,500,55.8,52.1,54.2,50.2,-0.0025,0.38,-0.11,0.00564,0.478,0.22,2.7,45.0,-0.3,YOK,3.6,1.0,0.10118626700805676,-0.25,CLV_PROXY_1M,0,0.0,100.0,54.0,55.4,51.2,52.3,-1.4,2.8,1.7,-0.0025,-0.00053,-0.00323,-0.00322,40.4,36.55,47.0,48.56,3.85,-6.6,-8.16,50.42,47.0,500,native,40.4,NORMAL,50.42,47.0,True,300,66.6,BULL,BOS UP,MIX/HL,LH/LL,SQZ,71.7,True,True,499,20,36.2,1789712040000,LOW,0.10068,2.02,0.10206,1.64,3,0.100455,2.61,2,1,2,0.10206,0.100455,EQL_SWEEP,37,0.100455,False,False,0.372,499,native,55.02,NORMAL,59.15,61.33,True,300,31.4,BULL,BOS UP,LH/LL,HH/HL,TR UP,86.6,True,True,498,36,89.1,1789706700000,LOW,0.096433,5.92,,,,0.0964015,5.96,2,0,2,0.10203,0.0964015,HIGH_SWEEP,22,0.10206,False,False,0.8408,499,native,51.33,NORMAL,54.63,55.33,True,300,50.3,BULL,BOS UP,LH/MIX,LH/LL,TR UP,64.5,True,True,498,21,22.3,1789706700000,LOW,0.09539,5.0,,,,0.10001,1.19,2,0,1,0.10233,0.10001,HIGH_SWEEP,19,0.10114,False,False,1.1969,499,native,74.7,YORGUN,68.74,75.67,True,300,74.6,BEAR,BOS DN,HH/HL,HH/HL,TR DN,88.7,True,True,498,64,27.4,1789655400000,HIGH,0.10999,3.64,0.109785,3.55,2,,,,1,0,0.109785,0.094,LOW_SWEEP,66,0.1007,False,False,2.3168,499,native,65.75,NORMAL,72.98,88.0,True,300,26.8,BULL,BOS UP,LH/LL,MIX/HL,RANGE,84.5,True,True,498,44,42.2,1789552800000,LOW,0.060024,6.37,,,,0.060025499999999996,6.37,2,0,1,0.121362,0.060025499999999996,HIGH_SWEEP,45,0.076341,False,False,6.4384,499,native,57.85,NORMAL,57.92,59.0,True,300,75.0,BULL,BOS UP,HH/MIX,HH/HL,EXP UP,78.0,True,True,498,11,96.7,1789545600000,LOW,0.0675,2.27,,,,0.0154205,5.76,2,0,1,0.139078,0.0154205,HIGH_SWEEP,52,0.085989,False,False,15.2143,686,1611,3619.38,1100.64,2518.74,53.36,76.68,94.3,UP,172,100,4720.02,22.5,60.0,1.0,True,0,0.0,0,0.0,0.0,48.2,0.31,0.418,1.0,0.989,21103.31,22860.18,-1756.86,-4.0,48.0,41.9,DOWN,1262,681,43963.49,112.3,300.0,1.0,True,0,0.0,0,0.0,0.0,76.2,0.692,0.661,1.0,0.998,41014.95,39392.23,1622.72,2.02,51.01,54.1,FLAT,2604,1361,80407.18,177.6,900.0,1.0,True,0,0.0,0,0.0,0.0,82.3,0.78,0.726,1.0,0.999,3459.02,5582.94,4760.98,30.01,6.39,1.0,-2027.34,-0.1895,-1090.11,-0.124,0.1411,DOWN,1789712338186,BUY,5918.97,0.10147031944730167,1789713180000,ok,1.0,1.0,1.0,continuous,1,100,0,,0,0,0,0,False,482,0.10159,0.10161,1.969,-0.111,-0.0945,0.3843,2259.5,2731.26,19.69,1789713275125,227,False,,AGGRESSIVE_BUYER,,
2,v2,v1.2,REALF_PY_V4_2_DERIVED,ZPTDIFAT_PY_V1_4_DERIVED,fc-v1,native,,058e38aec59f4c35,20260918_062941,96,OG_20260918_063438_394,OGUSDT,BINANCE,FUTURES,OUTSIDE100,523,500,1789713278394,2026-09-18T06:34:38.394+00:00,89,True,1789713277952,1789713278394,58.0,1789713240000,1789713299999,False,38.0,2.749,0.0,54.9,FAIR (DENGE),True,500,59.4,47.4,56.7,50.1,0.00124,-0.33,-1.05,0.00086,0.217,0.03,3.3,30.0,-10.7,YOK,11.9,0.794,2.7524084965586906,0.124,CLV_PROXY_1M,0,0.0,100.0,54.9,54.9,44.9,41.9,0.0,10.0,13.0,0.00124,-4e-05,-0.00185,-0.00192,30.81,34.22,39.75,49.17,-3.41,-8.94,-18.36,28.66,9.33,500,native,30.81,NORMAL,28.66,9.33,True,300,57.5,BULL,BOS UP,EQ/RANGE,EQ/RANGE,SQZ,68.2,True,True,499,24,66.1,1789711800000,LOW,2.747,0.93,2.754,2.32,2,2.748,0.46,2,1,3,2.754,2.748,HIGH_SWEEP,59,2.76,False,False,0.0784,499,native,35.47,NORMAL,31.27,11.0,True,300,44.0,BULL,BOS UP,LH/MIX,MIX/HL,RANGE,75.1,True,True,498,32,46.9,1789707420000,LOW,2.739,2.07,,,,2.746,0.62,2,0,3,2.756,2.746,HIGH_SWEEP,51,2.746,False,False,0.176,499,native,36.34,NORMAL,30.53,13.0,True,300,69.3,BULL,BOS UP,MIX/HL,LH/MIX,TR UP,74.6,True,True,498,16,39.4,1789708200000,LOW,2.732,2.53,,,,2.679,10.43,2,0,2,2.763,2.679,HIGH_SWEEP,18,2.759,False,False,0.244,499,native,59.67,NORMAL,52.34,44.67,True,300,86.3,BULL,BOS UP,HH/HL,HH/HL,TR UP,87.3,True,True,498,6,35.2,1789707600000,LOW,2.679,6.88,,,,2.6635,8.4,2,0,1,2.769,2.6635,HIGH_SWEEP,5,2.759,False,False,0.3699,499,native,90.26,ASIRI,87.17,93.67,True,300,74.4,BULL,BOS UP,MIX/HL,MIX/HL,RANGE,73.4,True,True,498,7,58.0,1789686000000,LOW,2.662,4.4,,,,2.6,7.54,2,0,1,2.7,2.6,HIGH_SWEEP,30,2.712,False,False,0.7193,499,native,78.61,YORGUN,87.12,92.33,True,300,75.1,BULL,BOS UP,MIX/HL,HH/HL,SQZ,73.2,True,True,498,1,52.4,1789689600000,LOW,2.61,3.13,2.9825,5.27,3,2.5975,3.42,2,2,2,2.9825,2.5975,EQH_SWEEP,87,2.9425,False,False,1.6159,19786,64,0.0,21.17,-21.17,-100.0,0.0,5.0,DOWN,3,2,21.17,1.7,60.0,1.0,True,0,0.0,0,0.0,0.0,0.0,0.033,0.0,1.0,0.67,113.35,630.24,-516.9,-69.51,15.24,5.2,DOWN,26,14,743.59,2.6,300.0,1.0,True,0,0.0,0,0.0,0.0,18.8,0.049,0.218,1.0,0.934,700.47,1368.03,-667.57,-32.27,33.86,9.5,DOWN,80,53,2068.5,9.4,900.0,1.0,True,0,0.0,0,0.0,0.0,34.1,0.158,0.329,1.0,0.978,560.95,-15.12,-41.27,0.0,-0.32,1.0,-231.36,-1.0819,-121.27,-0.8154,0.6352,DOWN,1789712258894,BUY,1000.81,2.7532643741403025,1789713180000,ok,1.0,1.0,,continuous,1,2,0,,0,0,0,0,False,516,2.749,2.751,7.273,-3.529,0.1869,-0.4642,21712.11,14873.01,72.73,1789713275942,2452,False,,,,
2,v2,v1.2,REALF_PY_V4_2_DERIVED,ZPTDIFAT_PY_V1_4_DERIVED,fc-v1,native,,058e38aec59f4c35,20260918_062941,97,ZORA_20260918_063441_002,ZORAUSDT,BINANCE,FUTURES,OUTSIDE100,612,500,1789713281002,2026-09-18T06:34:41.002+00:00,89,True,1789713281002,1789713281002,58.0,1789713240000,1789713299999,False,41.0,0.007858,0.0,45.5,FAIR (DENGE),True,500,43.5,46.0,47.5,49.7,0.00183,0.32,0.41,0.0016,0.512,0.11,7.3,60.0,-9.9,YOK,4.0,1.0,0.007872415728845651,0.183,CLV_PROXY_1M,0,0.0,100.0,45.5,43.5,51.3,45.9,2.0,-5.8,-0.4,0.00183,-0.00027,0.00084,-2e-05,38.91,38.76,36.5,36.14,0.15,2.41,2.77,41.09,35.0,500,native,38.91,NORMAL,41.09,35.0,True,300,45.8,BEAR,BOS DN,MIX/HL,MIX/HL,RANGE,75.3,True,True,499,17,79.6,1789712220000,HIGH,0.007897,4.04,,,,0.007775499999999999,8.55,2,0,1,0.007876,0.007775499999999999,HIGH_SWEEP,24,0.007876,False,False,0.1228,499,native,47.26,NORMAL,48.29,39.0,True,300,82.5,TR-UP,CHOCH UP,HH/HL,MIX/HL,TR-UP,85.2,True,True,498,10,65.3,1789711380000,LOW,0.007827,1.97,,,,,,,0,0,0.007897,0.007827,HIGH_SWEEP,6,0.007876,False,False,0.2519,499,native,51.14,NORMAL,47.75,40.67,True,300,74.3,BULL,BOS UP,HH/MIX,HH/HL,RANGE,74.0,True,True,498,6,63.8,1789711200000,LOW,0.007813,1.65,,,,,,,0,0,0.007897,0.007813,HIGH_SWEEP,3,0.007876,False,False,0.348,499,native,40.71,NORMAL,38.15,31.33,True,300,82.4,BULL,BOS UP,HH/HL,MIX/HL,TR UP,87.5,True,True,498,20,74.9,1789695000000,LOW,0.007527,6.27,,,,,,,0,0,0.00802,0.007813,LOW_SWEEP,24,0.007571,False,False,0.6729,499,native,78.21,YORGUN,69.96,81.0,True,300,73.8,BEAR,BOS DN,HH/HL,HH/MIX,TR DN,86.4,True,True,498,69,59.5,1789462800000,HIGH,0.007987,1.06,0.009008,9.41,2,0.007187,5.49,2,1,1,0.009008,0.007187,LOW_SWEEP,126,0.008102,False,False,1.5567,499,native,71.28,NORMAL,76.01,86.0,True,300,18.0,TR-DN,CHOCH DN,LH/LL,LH/LL,TR-DN,90.3,True,True,498,16,65.9,1789473600000,HIGH,0.008968,4.19,,,,0.0058755000000000005,7.49,2,0,2,0.008336,0.0058755000000000005,HIGH_SWEEP,29,0.008437,False,False,3.3227,298,317,460.12,49.13,410.99,80.7,90.35,94.9,UP,29,16,509.25,6.6,60.0,1.0,True,0,0.0,0,0.0,0.0,25.2,0.117,0.177,1.0,0.995,2177.5,1077.62,1099.88,33.79,66.89,91.0,UP,143,91,3255.12,15.4,300.0,1.0,True,1,647.44,0,0.0,647.44,41.8,0.235,0.378,1.0,0.999,9610.55,12347.54,-2736.99,-12.46,43.77,26.9,DOWN,568,285,21958.1,55.2,900.0,1.0,True,3,2533.41,9,8142.91,-5609.51,65.8,0.525,0.585,1.0,1.0,-998.22,4412.74,-1130.84,-5.97,39.47,1.0,697.96,0.9187,248.22,0.3813,-0.7889,UP,1789713161005,BUY,647.44,0.007856,1789713180000,ok,1.0,1.0,1.0,continuous,1,16,0,,0,0,0,0,False,550,0.007868,0.007869,1.271,0.409,-0.2331,0.2535,13528.86,21753.64,24.78,1789713280770,232,False,,,,
2,v2,v1.2,REALF_PY_V4_2_DERIVED,ZPTDIFAT_PY_V1_4_DERIVED,fc-v1,native,,058e38aec59f4c35,20260918_062941,98,TNSR_20260918_063444_037,TNSRUSDT,BINANCE,FUTURES,OUTSIDE100,738,200,1789713284037,2026-09-18T06:34:44.037+00:00,89,True,1789713283597,1789713284037,58.5,1789713240000,1789713299999,False,43.6,0.03514,0.0,56.7,FAIR (DENGE),True,500,60.0,50.4,58.6,54.0,-0.00014,0.0,-0.28,0.00156,0.582,1.31,49.0,55.0,-30.2,YOK,9.6,1.0,0.03513500739558506,-0.014,CLV_PROXY_1M,0,0.0033,99.7,56.7,56.3,58.5,55.9,0.4,-1.8,0.8,-0.00014,-2e-05,-8e-05,-0.0006,47.66,50.63,56.44,63.72,-2.97,-8.78,-16.06,41.88,38.0,500,native,47.66,NORMAL,41.88,38.0,True,300,88.1,BULL,BOS UP,HH/HL,HH/HL,RANGE,87.4,True,True,499,4,45.0,1789713000000,LOW,0.03507,2.19,,,,0.03507,2.19,2,0,1,0.03521,0.03507,HIGH_SWEEP,6,0.03515,False,False,0.0911,499,native,50.65,NORMAL,52.59,46.33,True,300,59.6,BULL,BOS UP,LH/MIX,LH/MIX,RANGE,67.3,True,True,498,4,70.7,1789712460000,LOW,0.03507,0.99,,,,0.03507,0.99,3,0,1,0.03517,0.03507,HIGH_SWEEP,2,0.03517,False,False,0.2002,499,native,42.35,NORMAL,49.94,45.0,True,300,58.7,BULL,BOS UP,MIX/HL,LH/MIX,TR UP,68.0,True,True,498,41,51.5,1789700700000,LOW,0.03481,3.29,,,,0.03454,5.97,2,0,2,0.03536,0.03454,HIGH_SWEEP,46,0.03498,False,False,0.2858,499,native,39.04,NORMAL,37.35,34.33,True,300,84.3,BULL,BOS UP,HH/HL,MIX/HL,RANGE,93.4,True,True,498,19,59.8,1789695900000,LOW,0.03454,3.32,,,,0.034375,4.23,2,0,1,0.03583,0.034375,HIGH_SWEEP,16,0.03497,False,False,0.5142,499,native,74.41,YORGUN,59.52,68.0,True,300,74.8,BULL,BOS UP,MIX/HL,MIX/HL,TR UP,73.8,True,True,498,5,52.8,1789693200000,LOW,0.03405,2.78,,,,,,,0,0,0.03497,0.03438,LOW_SWEEP,36,0.03304,False,False,1.1171,499,native,78.13,YORGUN,77.5,87.0,True,300,76.4,BULL,BOS UP,HH/MIX,HH/HL,RANGE,71.9,True,True,498,1,56.6,1789689600000,LOW,0.03258,3.29,0.037065,2.48,2,0.029225,7.61,2,1,1,0.037065,0.029225,EQH_SWEEP,59,0.037065,False,False,2.178,1606,113,41.94,553.59,-511.65,-85.92,7.04,5.0,DOWN,20,2,595.52,1.2,60.0,1.0,True,0,0.0,1,553.59,-553.59,13.4,0.022,0.194,1.0,0.973,505.24,711.69,-206.45,-16.96,41.52,20.9,DOWN,66,27,1216.93,4.2,300.0,1.0,True,0,0.0,1,553.59,-553.59,24.3,0.078,0.271,1.0,0.995,2451.09,3303.14,-852.05,-14.81,42.6,23.6,DOWN,199,103,5754.23,17.9,900.0,1.0,True,3,1275.27,4,2239.84,-964.57,45.8,0.263,0.44,1.0,0.998,-506.47,157.61,-505.56,7.04,3.05,1.0,-148.35,-0.6968,-11.05,-0.0454,-0.2054,NONE,1789713253768,SELL,553.59,0.03514,1789713180000,ok,1.0,1.0,,continuous,1,2,0,,0,0,0,0,False,584,0.03513,0.03514,2.846,-0.909,-0.021,-0.26,18342.36,19128.29,55.5,1789713283269,768,False,,,,
2,v2,v1.2,REALF_PY_V4_2_DERIVED,ZPTDIFAT_PY_V1_4_DERIVED,fc-v1,native,,058e38aec59f4c35,20260918_062941,99,VELVET_20260918_063446_638,VELVETUSDT,BINANCE,FUTURES,OUTSIDE100,761,200,1789713286638,2026-09-18T06:34:46.638+00:00,89,True,1789713286625,1789713286638,58.4,1789713240000,1789713299999,False,46.6,0.05562,-0.0719,63.2,PRICE AHEAD,True,500,66.1,61.5,65.0,50.2,-0.00609,-0.05,-0.72,0.0022,0.41,0.03,1.0,75.0,-32.0,YOK,4.6,1.0,0.0552820764532068,-0.608,CLV_PROXY_1M,0,0.0,100.0,63.2,65.4,61.5,50.5,-2.2,1.7,12.7,-0.00609,0.0008,0.00033,-0.00114,26.97,27.05,25.57,26.9,-0.08,1.4,0.07,28.4,23.0,500,native,26.97,DINLENMIS,28.4,23.0,True,300,46.9,TR-DN,CHOCH DN,HH/MIX,LH/LL,TR-DN,73.3,True,True,499,8,60.6,1789712760000,HIGH,0.05615,4.4,0.056855,10.25,2,0.055404999999999996,1.78,2,1,1,0.056855,0.055404999999999996,EQL_SWEEP,62,0.055625,False,False,0.2165,499,native,42.0,NORMAL,32.41,29.0,True,300,49.7,BEAR,BOS DN,MIX/HL,HH/HL,RANGE,72.6,True,True,498,22,40.9,1789709220000,HIGH,0.05649,3.63,,,,,,,0,0,0.05607,0.05556,LOW_SWEEP,2,0.05556,False,False,0.4314,499,native,40.36,NORMAL,37.59,28.67,True,300,16.9,BEAR,BOS DN,LH/LL,MIX/HL,RANGE,83.3,True,True,498,13,49.3,1789709100000,HIGH,0.05671,3.45,,,,0.0515,13.05,2,0,1,0.05649,0.0515,HIGH_SWEEP,25,0.05618,False,False,0.5674,499,native,32.34,NORMAL,31.85,22.0,True,300,85.4,BULL,BOS UP,HH/HL,HH/MIX,RANGE,84.2,True,True,498,8,44.5,1789705800000,LOW,0.05548,0.25,,,,0.0515,7.25,3,0,1,0.05671,0.0515,HIGH_SWEEP,7,0.05649,False,False,1.0214,499,native,33.89,NORMAL,28.27,26.33,True,300,70.4,BULL,BOS UP,HH/MIX,LH/LL,TR UP,75.1,True,True,498,14,40.8,1789660800000,LOW,0.0494,4.67,,,,,,,0,0,0.06014,0.0494,HIGH_SWEEP,13,0.05886,False,False,2.3885,499,native,78.82,YORGUN,66.41,85.0,True,300,48.0,BEAR,BOS DN,MIX/HL,HH/HL,TR DN,65.7,True,True,498,16,34.6,1789473600000,HIGH,0.0633,3.0,,,,,,,0,0,0.0536,0.0494,HIGH_SWEEP,6,0.0536,False,False,4.6002,4130,857,836.47,151.98,684.49,69.25,84.62,94.8,UP,46,24,988.45,6.7,60.0,1.0,True,2,536.1,0,0.0,536.1,27.8,0.118,0.249,1.0,0.931,9551.99,3414.05,6137.94,47.34,73.67,93.8,UP,414,253,12966.04,15.3,300.0,1.0,True,11,8207.58,5,1954.01,6253.57,46.1,0.234,0.528,1.0,0.986,52180.8,29191.51,22989.28,28.25,64.13,88.6,UP,1666,844,81372.31,47.8,900.0,1.0,True,32,46559.93,26,21249.99,25309.94,68.2,0.489,0.728,1.0,0.995,736.35,2801.59,845.44,35.86,12.61,1.0,909.54,0.4125,1385.79,0.5344,0.1026,NONE,1789713239863,BUY,256.43,0.055659999999999994,1789713180000,ok,1.0,1.0,1.0,continuous,1,24,0,,0,0,0,0,False,618,0.05561,0.05562,1.798,0.331,0.3937,-0.6844,21362.26,9293.84,36.86,1789713284094,2544,False,,FATIGUE_RESTED_1M,,
2,v2,v1.2,REALF_PY_V4_2_DERIVED,ZPTDIFAT_PY_V1_4_DERIVED,fc-v1,native,,058e38aec59f4c35,20260918_062941,100,ZKC_20260918_063449_799,ZKCUSDT,BINANCE,FUTURES,OUTSIDE100,1142,200,1789713289799,2026-09-18T06:34:49.799+00:00,89,True,1789713289347,1789713289799,59.0,1789713240000,1789713299999,False,49.3,0.0383,-0.0522,40.9,PRICE LAG,True,500,36.3,44.4,43.3,48.3,0.00297,-0.21,0.28,0.00153,0.433,0.34,18.3,35.0,12.9,YOK,8.1,1.0,0.03841386728260053,0.297,CLV_PROXY_1M,0,0.0,100.0,40.9,41.9,48.1,48.3,-1.0,-7.2,-7.4,0.00297,-7e-05,0.00115,0.00099,20.62,23.73,24.59,27.49,-3.11,-3.97,-6.87,15.82,7.67,500,native,20.62,DINLENMIS,15.82,7.67,True,300,56.2,BULL,BOS UP,MIX/HL,HH/MIX,SQZ,71.4,True,True,499,41,38.3,1789710780000,LOW,0.03831,-0.21,,,,,,,0,0,0.03846,0.03835,LOW_SWEEP,42,0.03836,False,False,0.1251,499,native,25.17,DINLENMIS,15.35,4.33,True,300,32.5,BULL,BOS UP,LH/LL,LH/LL,RANGE,84.8,True,True,498,32,58.8,1789707420000,LOW,0.03801,3.26,,,,0.03749,8.92,2,0,1,0.03855,0.03749,HIGH_SWEEP,30,0.03865,False,False,0.2398,499,native,29.84,DINLENMIS,23.47,10.67,True,300,68.5,BULL,BOS UP,MIX/HL,LH/LL,RANGE,74.3,True,True,498,19,50.4,1789707300000,LOW,0.03801,2.12,,,,,,,0,0,0.03855,0.03831,HIGH_SWEEP,18,0.03869,False,False,0.357,499,native,45.32,NORMAL,36.08,32.33,True,300,88.3,BULL,BOS UP,HH/HL,HH/HL,RANGE,90.3,True,True,498,7,52.3,1789706700000,LOW,0.03789,1.59,0.049025,39.67,2,0.037065,4.65,2,1,1,0.049025,0.037065,LOW_SWEEP,152,0.03752,False,False,0.7041,499,native,72.98,YORGUN,62.05,70.67,True,300,58.0,BEAR,BOS DN,MIX/HL,HH/HL,TR DN,64.1,True,True,498,53,61.2,1789520400000,HIGH,0.04772,16.78,0.05792,34.99,2,,,,1,0,0.05792,0.03718,EQH_SWEEP,6,0.03827,False,False,1.4589,499,native,43.58,NORMAL,50.61,57.33,True,300,15.6,BEAR,BOS DN,LH/LL,LH/MIX,TR DN,90.7,True,True,498,18,73.5,1789444800000,HIGH,0.04904,8.51,,,,0.036074999999999996,1.78,2,0,1,0.03878,0.036074999999999996,HIGH_SWEEP,1,0.03878,True,False,3.2744,1946,359,595.23,362.05,233.18,24.36,62.18,86.1,UP,64,33,957.27,5.5,60.0,1.0,True,1,358.18,0,0.0,358.18,26.0,0.1,0.245,1.0,0.968,2258.86,1881.81,377.05,9.11,54.55,67.6,UP,201,115,4140.67,25.3,300.0,1.0,True,2,876.94,1,405.02,471.91,49.2,0.336,0.404,1.0,0.994,12458.93,17535.01,-5076.08,-16.92,41.54,20.9,DOWN,662,326,29993.94,14.5,900.0,1.0,True,11,8225.36,10,13231.97,-5006.61,47.6,0.225,0.619,1.0,0.998,32.06,399.55,-198.68,-0.74,4.69,1.0,61.1,0.0765,20.03,0.0242,0.0297,NONE,1789713244975,BUY,358.18,0.03832,1789713180000,ok,1.0,1.0,1.0,continuous,1,32,0,,0,0,0,0,False,652,0.03831,0.03832,2.61,0.957,-0.0478,0.3986,19355.79,21297.1,50.89,1789713288940,859,False,,FATIGUE_RESTED_1M,,
2,v2,v1.2,REALF_PY_V4_2_DERIVED,ZPTDIFAT_PY_V1_4_DERIVED,fc-v1,native,,058e38aec59f4c35,20260918_062941,101,ETH_20260918_063455_618,ETHUSDT,BINANCE,FUTURES,TOP100,2,75000,1789713295618,2026-09-18T06:34:55.618+00:00,89,True,1789713295412,1789713295618,59.2,1789713240000,1789713299999,False,55.4,2481.31,-0.06,53.6,FAIR (DENGE),True,500,54.5,52.6,54.1,51.1,-0.0007,-0.14,-0.19,0.00132,0.703,0.62,25.7,65.0,-12.6,YOK,1.9,1.0,2479.569733006164,-0.07,CLV_PROXY_1M,0,0.0,100.0,53.6,53.6,57.3,59.0,0.0,-3.7,-5.4,-0.0007,-6e-05,-9e-05,-6e-05,29.03,34.7,38.61,43.23,-5.67,-9.58,-14.2,19.29,7.67,500,native,29.03,DINLENMIS,19.29,7.67,True,300,86.0,BULL,BOS UP,HH/HL,LH/LL,SQZ,87.7,True,True,499,12,63.9,1789712520000,LOW,2481.26,0.03,,,,2469.0299999999997,7.39,2,0,2,2486.88,2469.0299999999997,HIGH_SWEEP,11,2486.11,False,False,0.0669,499,native,48.11,NORMAL,37.54,30.67,True,300,31.2,BULL,BOS UP,LH/LL,MIX/HL,RANGE,90.5,True,True,498,33,76.1,1789707240000,LOW,2469.0,3.39,,,,,,,0,0,2486.49,2477.52,HIGH_SWEEP,4,2486.49,False,False,0.1462,499,native,45.98,NORMAL,38.38,28.67,True,300,85.2,BULL,BOS UP,HH/HL,LH/LL,TR UP,91.8,True,True,498,16,61.2,1789708200000,LOW,2469.0,2.44,,,,2365.835,22.85,2,0,1,2492.55,2365.835,HIGH_SWEEP,17,2482.2,False,False,0.2036,499,native,64.12,NORMAL,56.03,56.0,True,300,73.3,BULL,BOS UP,HH/MIX,HH/HL,TR UP,74.1,True,True,498,6,39.9,1789707600000,LOW,2435.39,5.64,,,,2435.74,5.6,2,0,1,2492.55,2435.74,HIGH_SWEEP,5,2484.99,False,False,0.3292,499,native,78.88,YORGUN,84.45,94.0,True,300,73.3,BEAR,BOS DN,HH/HL,HH/MIX,TR DN,84.8,True,True,498,65,44.7,1789477200000,HIGH,2614.99,7.83,,,,,,,0,0,2484.0,2435.39,HIGH_SWEEP,1,2484.0,True,True,0.6888,499,native,65.35,NORMAL,75.9,87.67,True,300,51.7,TR-DN,CHOCH DN,MIX/HL,MIX/HL,TR-DN,70.6,True,True,498,14,32.7,1789502400000,HIGH,2614.99,3.35,,,,1862.655,15.52,2,0,2,2614.99,1862.655,HIGH_SWEEP,38,2522.75,False,False,1.6086,113,3695,411559.51,2098887.92,-1687328.4,-67.21,16.39,5.2,DOWN,2293,526,2510447.43,24.0,60.0,1.0,True,1,82006.1,4,731695.0,-649688.9,63.7,0.324,1.0,1.0,0.998,3605670.36,9334342.24,-5728671.88,-44.27,27.86,6.6,DOWN,10348,2505,12940012.6,96.1,300.0,1.0,True,8,1129918.45,23,5747040.32,-4617121.87,84.6,0.658,1.0,1.0,1.0,6112795.34,15784943.8,-9672148.46,-44.17,27.92,6.6,DOWN,15610,3695,21897739.14,164.9,377.1,0.419,False,16,2918753.38,40,10389563.98,-7470810.6,75.6,0.767,1.0,0.419,1.0,-1840045.14,-674024.01,,-39.55,-4.53,0.3524,-516885.98,-0.3065,-903345.76,-0.3491,-0.4583,NONE,1789713279365,SELL,417530.71,2481.55,1789713180000,ok,1.0,1.0,1.0,continuous,1,505,0,,0,0,0,0,False,686,2481.31,2481.32,0.04,-0.017,-0.8194,-0.8672,54882.98,552760.49,0.79,1789713295200,418,False,,FATIGUE_RESTED_1M|AGGRESSIVE_SELLER,,
2,v2,v1.2,REALF_PY_V4_2_DERIVED,ZPTDIFAT_PY_V1_4_DERIVED,fc-v1,native,,058e38aec59f4c35,20260918_062941,102,BNB_20260918_063458_214,BNBUSDT,BINANCE,FUTURES,TOP100,4,25000,1789713298214,2026-09-18T06:34:58.214+00:00,89,True,1789713298214,1789713298214,59.2,1789713240000,1789713299999,False,58.2,752.67,-0.0584,51.6,FAIR (DENGE),True,500,53.8,45.0,55.6,50.4,0.0012,-0.35,-0.74,0.00103,0.755,0.66,14.3,55.0,-16.0,YOK,10.6,0.388,753.5706666471345,0.12,CLV_PROXY_1M,0,0.0,100.0,51.6,53.2,50.2,47.8,-1.6,1.4,3.8,0.0012,0.00016,-3e-05,-0.00069,17.03,19.21,20.19,24.23,-2.18,-3.16,-7.2,15.22,4.33,500,native,17.03,DINLENMIS,15.22,4.33,True,300,42.4,BEAR,BOS DN,HH/MIX,HH/MIX,SQZ,72.1,True,True,499,5,52.5,1789712940000,HIGH,754.74,4.88,,,,735.76,39.87,2,0,1,754.74,735.76,HIGH_SWEEP,12,754.62,False,False,0.0563,499,native,31.15,NORMAL,23.91,5.67,True,300,72.7,BULL,BOS UP,HH/MIX,LH/LL,RANGE,74.2,True,True,498,10,53.9,1789711380000,LOW,751.67,1.01,,,,733.985,18.86,2,0,2,755.98,733.985,HIGH_SWEEP,25,753.4,False,False,0.1316,499,native,45.63,NORMAL,37.24,22.0,True,300,71.9,BULL,BOS UP,HH/MIX,HH/MIX,TR UP,80.5,True,True,498,16,50.9,1789708200000,LOW,749.39,2.17,,,,751.405,0.84,2,0,2,755.98,751.405,HIGH_SWEEP,5,755.08,False,False,0.2005,499,native,54.91,NORMAL,52.36,37.67,True,300,78.6,BULL,BOS UP,HH/HL,HH/HL,TR UP,91.5,True,True,498,29,31.8,1789686900000,LOW,733.95,7.3,,,,,,,0,0,754.71,733.95,HIGH_SWEEP,5,754.71,False,False,0.3404,499,native,93.64,ASIRI,88.99,94.33,True,300,72.9,BULL,BOS UP,HH/MIX,HH/MIX,TR UP,76.1,True,True,498,10,47.2,1789675200000,LOW,721.24,6.84,,,,,,,0,0,732.95,721.24,HIGH_SWEEP,18,729.58,False,False,0.6104,499,native,88.75,ASIRI,95.46,95.0,True,300,40.4,BULL,BOS UP,LH/LL,HH/HL,RANGE,86.1,True,True,498,4,31.3,1789646400000,LOW,704.34,5.14,,,,,,,0,0,725.94,704.34,HIGH_SWEEP,6,725.94,False,False,1.2519,1843,1726,81911.01,93149.98,-11238.97,-6.42,46.79,37.2,DOWN,887,189,175060.99,32.0,60.0,1.0,True,0,0.0,0,0.0,0.0,64.2,0.39,0.811,1.0,0.969,327850.3,464780.42,-136930.12,-17.28,41.36,20.5,DOWN,3579,693,792630.72,70.5,300.0,1.0,True,2,104495.17,1,29135.71,75359.46,80.0,0.585,0.975,1.0,0.994,581552.0,1596103.16,-1014551.16,-46.59,26.71,6.3,DOWN,8774,1726,2177655.16,192.1,708.0,0.7867,False,2,104495.17,12,426070.9,-321575.73,86.9,0.793,1.0,0.787,0.998,-16215.56,74481.26,,-8.32,5.71,0.72,-19845.07,-0.1809,-28926.72,-0.1825,-0.2581,NONE,1789713115693,BUY,75304.98,753.049764,1789713180000,ok,1.0,1.0,1.0,continuous,1,188,0,,0,0,0,0,False,720,752.67,752.68,0.133,0.038,0.2616,0.3844,107283.39,62797.84,2.59,1789713297998,216,False,,FATIGUE_RESTED_1M,,
2,v2,v1.2,REALF_PY_V4_2_DERIVED,ZPTDIFAT_PY_V1_4_DERIVED,fc-v1,native,,058e38aec59f4c35,20260918_062941,103,XRP_20260918_063501_248,XRPUSDT,BINANCE,FUTURES,TOP100,5,25000,1789713301248,2026-09-18T06:35:01.248+00:00,89,True,1789713300956,1789713301248,59.2,1789713240000,1789713299999,True,61.0,1.321,-0.0378,53.1,FAIR (DENGE),True,500,53.3,55.1,51.2,50.8,-0.00176,0.11,0.08,0.00161,0.727,0.47,22.0,60.0,0.4,YOK,3.9,1.0,1.318674412397622,-0.176,CLV_PROXY_1M,0,0.0,100.0,53.1,54.2,52.7,55.0,-1.1,0.4,-1.9,-0.00176,8e-05,-0.00014,0.00012,54.66,57.72,57.62,63.13,-3.06,-2.96,-8.47,48.91,44.33,500,native,54.66,NORMAL,48.91,44.33,True,300,72.7,BEAR,BOS DN,HH/HL,HH/HL,SQZ,83.2,True,True,499,49,52.6,1789710300000,HIGH,1.3237,2.14,,,,1.3032,14.13,2,0,2,1.3232,1.3032,HIGH_SWEEP,11,1.322,False,False,0.0953,499,native,64.24,NORMAL,62.47,65.0,True,300,30.1,BULL,BOS UP,LH/LL,MIX/HL,RANGE,90.5,True,True,498,33,58.0,1789707240000,LOW,1.3133,2.94,,,,,,,0,0,1.3228,1.3164,HIGH_SWEEP,2,1.3228,False,False,0.1983,499,native,51.23,NORMAL,57.59,57.67,True,300,62.0,BULL,BOS UP,MIX/HL,LH/LL,RANGE,74.0,True,True,498,33,67.7,1789703100000,LOW,1.3045,4.63,,,,,,,0,0,1.3228,1.3164,HIGH_SWEEP,1,1.3228,True,False,0.2699,499,native,56.64,NORMAL,54.0,57.0,True,300,76.7,TR-UP,CHOCH UP,HH/HL,MIX/HL,TR-UP,84.3,True,True,498,22,25.8,1789693200000,LOW,1.2867,6.1,,,,,,,0,0,1.3286,1.3133,HIGH_SWEEP,23,1.3002,False,False,0.4261,499,native,80.39,YORGUN,78.87,92.0,True,300,74.1,TR-UP,CHOCH UP,HH/MIX,HH/MIX,TR-UP,74.3,True,True,498,3,82.2,1789700400000,LOW,1.2867,2.83,,,,,,,0,0,1.3201,1.2867,HIGH_SWEEP,1,1.3201,True,False,0.9194,499,native,49.47,NORMAL,58.17,74.67,True,300,47.1,TR-DN,CHOCH DN,HH/MIX,MIX/LL,TR-DN,75.8,True,True,498,15,73.1,1789488000000,HIGH,1.4916,5.36,1.5507,7.22,2,0.98775,10.48,2,1,1,1.5507,0.98775,EQH_SWEEP,57,1.43175,False,False,2.3989,692,1726,181795.76,168302.95,13492.82,3.85,51.93,57.8,UP,1116,151,350098.71,17.1,60.0,1.0,True,1,106593.93,1,41705.34,64888.59,55.8,0.255,0.886,1.0,0.988,686097.49,573383.91,112713.59,8.95,54.47,67.4,UP,4895,697,1259481.4,75.6,300.0,1.0,True,4,297524.34,2,70731.03,226793.31,81.6,0.602,1.0,1.0,0.998,2944468.19,3087294.97,-142826.78,-2.37,48.82,45.2,FLAT,13776,1726,6031763.16,202.9,692.5,0.7695,False,29,1623696.19,28,1612027.7,11668.5,86.9,0.802,1.0,0.769,0.999,48448.68,27109.11,,9.54,0.77,0.7028,-3543.47,-0.0151,14551.15,0.0578,0.158,NONE,1789713281694,BUY,106593.93,1.3214216678381623,1789713180000,ok,1.0,1.0,1.0,continuous,1,148,0,,0,0,0,0,False,34,1.3209,1.321,0.757,0.196,0.2813,0.314,1595428.42,894951.09,14.76,1789713300772,476,False,,,,
2,v2,v1.2,REALF_PY_V4_2_DERIVED,ZPTDIFAT_PY_V1_4_DERIVED,fc-v1,native,,058e38aec59f4c35,20260918_062941,104,DOGE_20260918_063504_285,DOGEUSDT,BINANCE,FUTURES,TOP100,12,15000,1789713304285,2026-09-18T06:35:04.285+00:00,89,True,1789713303850,1789713304285,59.2,1789713300000,1789713359999,False,3.9,0.08422,0.0238,57.3,FAIR (DENGE),True,500,60.0,53.8,59.4,50.1,-0.00127,-0.18,-0.79,0.00142,0.636,0.09,0.3,55.0,-22.6,YOK,6.2,1.0,0.08411269758942007,-0.127,CLV_PROXY_1M,0,0.0,100.0,57.3,56.2,54.3,53.9,1.1,3.0,3.4,-0.00127,-9e-05,-0.00077,-0.00116,31.14,32.3,36.77,38.58,-1.16,-5.63,-7.44,33.36,17.0,500,native,31.14,NORMAL,33.36,17.0,True,300,62.2,BEAR,BOS DN,HH/HL,MIX/HL,SQZ,83.6,True,True,499,17,38.7,1789712280000,HIGH,0.08443,2.86,0.084395,2.38,2,0.08135,39.08,2,1,1,0.084395,0.08135,EQL_SWEEP,51,0.08419499999999999,False,False,0.0872,499,native,45.97,NORMAL,41.37,33.33,True,300,44.6,BULL,BOS UP,MIX/LL,MIX/HL,RANGE,73.8,True,True,498,32,48.5,1789707420000,LOW,0.08373,3.11,0.08449000000000001,1.71,2,,,,1,0,0.08449000000000001,0.08404,LOW_SWEEP,11,0.08419,False,False,0.1872,499,native,38.91,NORMAL,34.76,25.67,True,300,63.8,BULL,BOS UP,MIX/HL,MIX/LL,TR UP,80.0,True,True,498,33,93.1,1789703100000,LOW,0.08223,8.59,,,,0.07986,18.92,2,0,1,0.08448,0.07986,HIGH_SWEEP,17,0.08459,False,False,0.2724,499,native,59.89,NORMAL,53.22,54.33,True,300,79.8,BULL,BOS UP,HH/HL,HH/HL,TR UP,84.7,True,True,498,21,43.6,1789694100000,LOW,0.08114,8.46,,,,0.080555,10.08,2,0,1,0.08469,0.080555,HIGH_SWEEP,64,0.08179,False,False,0.4296,499,native,88.83,ASIRI,84.7,96.67,True,300,89.8,BULL,BOS UP,HH/HL,LH/LL,TR UP,90.7,True,True,498,4,51.5,1789696800000,LOW,0.08114,4.25,,,,,,,0,0,0.08253,0.08114,HIGH_SWEEP,21,0.08134,False,False,0.8609,499,native,72.8,YORGUN,85.41,92.33,True,300,47.5,BEAR,BOS DN,HH/MIX,LH/MIX,TR DN,73.2,True,True,498,16,26.7,1789473600000,HIGH,0.08616,1.28,,,,0.07835,3.83,2,0,1,0.08616,0.07835,HIGH_SWEEP,20,0.08534,False,False,1.8093,129,1410,107549.31,185824.42,-78275.12,-26.68,36.66,12.3,DOWN,601,83,293373.73,11.6,60.0,1.0,True,2,64363.89,4,106628.04,-42264.16,49.1,0.188,0.867,1.0,0.998,350778.39,566779.6,-216001.21,-23.54,38.23,14.5,DOWN,2704,385,917557.99,33.3,300.0,1.0,True,6,155694.95,8,299080.15,-143385.19,69.1,0.4,0.991,1.0,1.0,1152949.13,1776727.85,-623778.72,-21.29,39.35,16.4,DOWN,8589,1410,2929676.97,127.9,737.1,0.819,False,19,555575.67,34,1109332.09,-553756.41,84.2,0.719,1.0,0.819,1.0,24598.91,-78213.08,,10.57,-3.4,0.7523,-71926.35,-0.3611,-38535.25,-0.21,-0.0509,NONE,1789713289874,SELL,55569.84,0.08421,1789713180000,ok,1.0,1.0,1.0,continuous,1,82,0,,0,0,0,0,False,68,0.08421,0.08422,1.187,0.462,0.403,0.1599,1683927.87,716623.72,23.16,1789713303617,668,False,,,,
2,v2,v1.2,REALF_PY_V4_2_DERIVED,ZPTDIFAT_PY_V1_4_DERIVED,fc-v1,native,,058e38aec59f4c35,20260918_062941,105,LINK_20260918_063506_911,LINKUSDT,BINANCE,FUTURES,TOP100,17,10000,1789713306911,2026-09-18T06:35:06.911+00:00,89,True,1789713306848,1789713306911,58.8,1789713300000,1789713359999,False,6.8,11.79,0.017,55.7,FAIR (DENGE),True,500,58.5,51.5,57.2,50.0,-0.00066,0.07,-0.54,0.00195,0.69,0.03,0.3,50.0,-2.1,YOK,7.0,1.0,11.782167485506676,-0.066,CLV_PROXY_1M,0,0.0,100.0,55.7,56.8,50.8,49.2,-1.1,4.9,6.5,-0.00066,-0.00012,-0.00081,-0.00138,58.11,60.52,63.0,63.55,-2.41,-4.89,-5.44,54.69,47.33,500,native,58.11,NORMAL,54.69,47.33,True,300,87.2,BULL,BOS UP,HH/HL,MIX/HL,RANGE,93.4,True,True,499,13,60.8,1789712520000,LOW,11.74,3.55,,,,11.377500000000001,29.3,2,0,1,11.811,11.377500000000001,HIGH_SWEEP,18,11.779,False,False,0.1194,499,native,72.73,YORGUN,70.4,69.33,True,300,46.2,BULL,BOS UP,LH/LL,HH/MIX,RANGE,88.3,True,True,498,4,67.9,1789712460000,LOW,11.705,2.77,,,,,,,0,0,11.776,11.705,HIGH_SWEEP,9,11.776,False,False,0.2536,499,native,65.03,NORMAL,72.2,70.33,True,300,62.5,BULL,BOS UP,HH/MIX,LH/LL,TR UP,76.9,True,True,498,34,57.9,1789703100000,LOW,11.337,11.33,,,,,,,0,0,11.817,11.705,HIGH_SWEEP,20,11.802,False,False,0.3393,499,native,62.97,NORMAL,63.49,64.67,True,300,77.6,BULL,BOS UP,HH/HL,HH/HL,TR UP,87.9,True,True,498,29,54.8,1789686900000,LOW,11.25,8.43,,,,11.0905,10.92,2,0,1,11.817,11.0905,HIGH_SWEEP,64,11.34,False,False,0.544,499,native,90.17,ASIRI,86.82,94.33,True,300,83.3,TR-UP,CHOCH UP,HH/HL,MIX/LL,TR-UP,86.0,True,True,498,5,51.0,1789693200000,LOW,11.089,5.82,12.7855,8.26,2,,,,1,0,12.7855,11.25,LOW_SWEEP,37,10.67,False,False,1.0287,499,native,75.54,YORGUN,87.94,90.67,True,300,17.7,BEAR,BOS DN,LH/LL,HH/MIX,RANGE,86.2,True,True,498,15,24.8,1789488000000,HIGH,11.961,0.68,,,,8.062,14.87,2,0,1,11.961,8.062,EQH_SWEEP,83,12.035499999999999,False,False,2.133,1301,1205,64317.78,43353.82,20963.96,19.47,59.74,81.9,UP,438,64,107671.59,19.9,60.0,1.0,True,1,23212.98,0,0.0,23212.98,55.6,0.285,0.758,1.0,0.978,162279.82,123596.91,38682.92,13.53,56.77,74.6,UP,1425,280,285876.73,74.3,300.0,1.0,True,1,23212.98,0,0.0,23212.98,77.9,0.598,0.864,1.0,0.996,953991.36,781275.77,172715.6,9.95,54.98,69.1,UP,6001,1105,1735267.13,242.5,900.0,1.0,True,17,411492.5,14,284367.17,127125.32,92.8,0.829,1.0,1.0,0.999,32835.88,26992.49,35904.77,28.34,4.29,1.0,5057.89,0.0723,6409.91,0.1121,0.1047,NONE,1789713294720,BUY,23212.98,11.789282693157405,1789713180000,ok,1.0,1.0,1.0,continuous,1,64,0,,0,0,0,0,False,102,11.792,11.793,0.848,0.208,-0.0051,0.3939,186933.16,188845.75,16.54,1789713306644,267,False,,,,
2,v2,v1.2,REALF_PY_V4_2_DERIVED,ZPTDIFAT_PY_V1_4_DERIVED,fc-v1,native,,058e38aec59f4c35,20260918_062941,106,ADA_20260918_063509_910,ADAUSDT,BINANCE,FUTURES,TOP100,19,10000,1789713309910,2026-09-18T06:35:09.910+00:00,89,True,1789713309469,1789713309910,59.2,1789713300000,1789713359999,False,9.5,0.2136,0.0468,46.7,FAIR (DENGE),True,500,46.2,43.3,50.7,49.9,0.00302,-0.0,0.12,0.00177,0.637,0.11,0.7,45.0,-7.5,YOK,7.4,0.916,0.2142451787244869,0.302,CLV_PROXY_1M,0,0.0,100.0,46.7,47.1,56.6,53.2,-0.4,-9.9,-6.5,0.00302,-0.00039,0.00064,-0.00027,59.68,60.79,61.34,60.1,-1.11,-1.66,-0.42,59.41,51.67,500,native,59.68,NORMAL,59.41,51.67,True,300,65.9,TR-UP,CHOCH UP,MIX/HL,MIX/HL,SQZ,75.3,True,True,499,20,50.5,1789712100000,LOW,0.2126,3.64,0.2138,0.73,2,,,,2,0,0.2138,0.213,LOW_SWEEP,76,0.2138,False,False,0.1288,499,native,73.19,YORGUN,75.19,75.0,True,300,20.7,BEAR,BOS DN,LH/LL,HH/HL,RANGE,86.5,True,True,498,25,70.8,1789708680000,HIGH,0.2173,6.67,,,,,,,0,0,0.2151,0.2121,LOW_SWEEP,45,0.2143,False,False,0.2595,499,native,52.09,NORMAL,60.66,58.33,True,300,19.7,TR-DN,CHOCH DN,LH/LL,LH/LL,TR-DN,85.4,True,True,498,9,28.1,1789710600000,HIGH,0.2151,2.14,,,,0.1903,31.02,3,0,1,0.2151,0.1903,HIGH_SWEEP,33,0.2159,False,False,0.3503,499,native,45.33,NORMAL,44.03,39.0,True,300,66.8,BULL,BOS UP,MIX/HL,LH/LL,TR UP,78.2,True,True,498,26,55.4,1789689600000,LOW,0.1997,9.05,0.21739999999999998,2.48,2,0.1972,10.68,2,1,2,0.21739999999999998,0.1972,HIGH_SWEEP,27,0.2027,False,False,0.7191,499,native,86.03,ASIRI,76.06,88.67,True,300,87.0,BULL,BOS UP,HH/HL,HH/HL,EXP UP,84.6,True,True,498,6,53.5,1789689600000,LOW,0.1901,7.55,,,,,,,0,0,0.2042,0.1997,EQH_SWEEP,29,0.19690000000000002,False,False,1.4575,499,native,75.76,YORGUN,88.18,90.0,True,300,41.5,TR-UP,CHOCH UP,LH/LL,LH/LL,TR-UP,84.5,True,True,498,1,52.5,1789689600000,LOW,0.1901,4.32,,,,,,,0,0,0.2159,0.1901,LOW_SWEEP,52,0.2148,False,True,2.5151,1310,1023,45853.55,57722.5,-11868.95,-11.46,44.27,28.5,DOWN,380,72,103576.05,6.9,60.0,1.0,True,3,36771.91,2,41966.42,-5194.5,39.3,0.121,0.754,1.0,0.978,151522.01,87704.34,63817.67,26.68,63.34,87.7,UP,988,316,239226.34,18.5,300.0,1.0,True,6,96098.93,2,41966.42,54132.52,56.3,0.27,0.845,1.0,0.996,847875.67,748649.7,99225.97,6.22,53.11,62.4,UP,3967,911,1596525.36,48.6,900.0,1.0,True,23,608558.9,17,562661.46,45897.44,75.3,0.493,1.0,1.0,0.999,-24219.24,-30351.52,-15674.42,-33.69,-13.77,1.0,12893.6,0.2275,15647.73,0.327,0.3989,NONE,1789713307760,BUY,15744.88,0.2136,1789713180000,ok,1.0,1.0,1.0,continuous,1,72,0,,0,0,0,0,False,136,0.2136,0.2137,4.681,-0.99,0.0618,-0.2573,2343410.71,2070556.97,91.27,1789713309240,670,False,,,,
2,v2,v1.2,REALF_PY_V4_2_DERIVED,ZPTDIFAT_PY_V1_4_DERIVED,fc-v1,native,,058e38aec59f4c35,20260918_062941,107,LTC_20260918_063512_693,LTCUSDT,BINANCE,FUTURES,TOP100,25,10000,1789713312693,2026-09-18T06:35:12.693+00:00,89,True,1789713312475,1789713312693,59.4,1789713300000,1789713359999,False,12.5,54.89,0.0182,54.8,FAIR (DENGE),True,500,56.1,54.5,54.8,50.0,-0.00173,-0.34,-0.47,0.00141,0.622,0.03,0.3,50.0,-20.6,YOK,1.6,1.0,54.79501372566855,-0.173,CLV_PROXY_1M,0,0.0,100.0,54.8,53.0,59.2,60.2,1.8,-4.4,-5.4,-0.00173,-0.00012,0.0002,-8e-05,58.13,62.23,72.01,73.04,-4.1,-13.88,-14.91,47.95,50.0,500,native,58.13,NORMAL,47.95,50.0,True,300,74.4,BULL,BOS UP,HH/MIX,LH/LL,TR UP,73.8,True,True,499,8,64.2,1789712820000,LOW,54.78,2.04,,,,54.76,2.41,2,0,2,55.02,54.76,HIGH_SWEEP,32,54.92,False,False,0.0983,499,native,59.46,NORMAL,62.0,61.0,True,300,63.9,BULL,BOS UP,MIX/HL,MIX/HL,RANGE,79.5,True,True,498,33,50.6,1789707240000,LOW,54.29,5.5,54.974999999999994,0.78,2,,,,2,0,54.974999999999994,54.76,EQH_SWEEP,2,55.0,False,False,0.1988,499,native,53.94,NORMAL,60.51,49.33,True,300,76.8,BULL,BOS UP,HH/HL,MIX/HL,RANGE,86.1,True,True,498,34,51.2,1789703100000,LOW,54.32,3.96,,,,53.86,7.15,2,0,3,55.0,53.86,HIGH_SWEEP,2,55.0,False,False,0.2624,499,native,72.6,YORGUN,70.4,77.0,True,300,71.1,BULL,BOS UP,MIX/HL,HH/MIX,TR UP,85.7,True,True,498,24,95.3,1789691400000,LOW,53.59,5.76,,,,,,,0,0,53.98,54.29,EQH_SWEEP,26,53.989999999999995,False,False,0.4112,499,native,87.4,ASIRI,87.04,94.33,True,300,88.0,BULL,BOS UP,HH/HL,HH/HL,TR UP,83.5,True,True,498,6,68.8,1789689600000,LOW,52.46,5.57,,,,,,,0,0,54.0,52.46,HIGH_SWEEP,21,52.81,False,False,0.7963,499,native,81.23,YORGUN,88.85,93.0,True,300,51.6,TR-DN,CHOCH DN,HH/MIX,LH/LL,TR-DN,72.3,True,True,498,14,38.2,1789502400000,HIGH,55.24,0.41,,,,,,,0,0,55.24,50.13,HIGH_SWEEP,30,54.28,False,False,1.559,3031,625,43230.58,31042.08,12188.5,16.41,58.21,78.5,UP,181,32,74272.67,3.6,60.0,1.0,True,1,33424.17,1,19411.88,14012.29,30.5,0.067,0.718,1.0,0.949,106229.52,170807.06,-64577.55,-23.31,38.34,14.7,DOWN,927,163,277036.58,25.8,300.0,1.0,True,1,33424.17,7,97898.34,-64474.17,62.1,0.341,0.861,1.0,0.99,453884.39,437999.24,15885.15,1.78,50.89,53.6,FLAT,3066,569,891883.62,73.0,900.0,1.0,True,8,189836.64,13,213122.1,-23285.46,80.8,0.594,0.988,1.0,0.997,2944.85,14245.5,17885.51,-18.86,6.72,1.0,-19374.55,-0.2555,-17802.95,-0.3213,-0.0162,NONE,1789713269592,BUY,33424.17,54.86,1789713240000,ok,1.0,1.0,1.0,continuous,1,32,0,,0,0,0,0,False,170,54.89,54.9,1.822,0.122,0.0531,-0.0366,734186.73,660163.23,35.52,1789713312267,426,False,,,,
2,v2,v1.2,REALF_PY_V4_2_DERIVED,ZPTDIFAT_PY_V1_4_DERIVED,fc-v1,native,,058e38aec59f4c35,20260918_062941,108,AVAX_20260918_063515_279,AVAXUSDT,BINANCE,FUTURES,TOP100,31,5000,1789713315279,2026-09-18T06:35:15.279+00:00,89,True,1789713315264,1789713315279,59.4,1789713300000,1789713359999,False,15.3,7.895,0.0507,41.9,PRICE LAG,True,500,40.7,35.4,48.9,49.3,0.00486,0.35,-0.02,0.00137,0.634,0.29,4.0,55.0,22.5,YOK,13.5,1.0,7.933430597959043,0.487,CLV_PROXY_1M,0,0.0,100.0,41.9,42.7,42.2,37.0,-0.8,-0.3,4.9,0.00486,-0.00028,-0.00043,-0.0013,60.6,57.58,56.17,54.75,3.02,4.43,5.85,68.96,64.67,500,native,60.6,NORMAL,68.96,64.67,True,300,70.9,BEAR,BOS DN,HH/HL,MIX/HL,SQZ,77.8,True,True,499,55,64.9,1789710000000,HIGH,7.93,5.28,7.9415,7.02,2,,,,1,0,7.9415,7.88,LOW_SWEEP,14,7.873,False,False,0.084,499,native,54.19,NORMAL,65.2,60.0,True,300,57.4,BULL,BOS UP,MIX/HL,LH/MIX,RANGE,67.8,True,True,498,69,79.7,1789700760000,LOW,7.677,13.45,,,,7.6285,16.45,2,0,1,7.903,7.6285,HIGH_SWEEP,78,7.723,False,False,0.2045,499,native,37.44,NORMAL,47.67,36.67,True,300,60.7,BULL,BOS UP,MIX/HL,MIX/HL,RANGE,74.1,True,True,498,42,66.0,1789700700000,LOW,7.677,9.18,,,,,,,0,0,7.942,7.857,HIGH_SWEEP,47,7.723,False,False,0.2997,499,native,55.63,NORMAL,53.27,49.67,True,300,79.5,BULL,BOS UP,HH/HL,MIX/HL,TR UP,85.4,True,True,498,23,54.9,1789692300000,LOW,7.545,8.32,,,,,,,0,0,7.968,7.584,EQH_SWEEP,23,7.648,False,False,0.534,499,native,87.52,ASIRI,81.85,89.0,True,300,91.4,TR-UP,CHOCH UP,HH/HL,LH/LL,TR-UP,94.6,True,True,498,3,96.7,1789700400000,LOW,7.545,4.33,8.192,3.7,3,7.186,8.79,2,1,1,8.192,7.186,EQL_SWEEP,37,7.186,False,False,1.023,499,native,84.68,ASIRI,90.37,93.0,True,300,78.7,BULL,BOS UP,HH/MIX,HH/MIX,RANGE,76.8,True,True,498,1,80.2,1789689600000,LOW,7.171,4.76,,,,7.173500000000001,4.74,2,0,1,7.8,7.173500000000001,LOW_SWEEP,15,7.243,False,False,1.9116,916,763,29509.13,15261.99,14247.15,31.82,65.91,90.3,UP,179,37,44771.12,9.1,60.0,1.0,True,1,9580.89,1,6400.41,3180.48,41.8,0.154,0.663,1.0,0.985,130554.95,55319.14,75235.81,40.48,70.24,92.8,UP,988,183,185874.09,39.6,300.0,1.0,True,5,43115.9,2,11531.51,31584.39,67.9,0.442,0.817,1.0,0.997,488399.83,374767.22,113632.6,13.16,56.58,74.1,UP,3829,676,863167.05,117.1,900.0,1.0,True,22,218702.32,16,204724.93,13977.38,86.3,0.701,0.984,1.0,0.999,-14958.88,2215.96,42620.65,-12.1,-1.14,1.0,15570.46,0.3678,12929.08,0.3478,0.5772,NONE,1789713301104,BUY,9580.89,7.892,1789713240000,ok,1.0,1.0,1.0,continuous,1,37,0,,0,0,0,0,False,204,7.894,7.895,1.267,-0.287,-0.033,-0.2909,363130.32,387876.35,24.7,1789713315050,229,False,,,,
2,v2,v1.2,REALF_PY_V4_2_DERIVED,ZPTDIFAT_PY_V1_4_DERIVED,fc-v1,native,,058e38aec59f4c35,20260918_062941,109,SUI_20260918_063518_063,SUIUSDT,BINANCE,FUTURES,TOP100,35,5000,1789713318063,2026-09-18T06:35:18.063+00:00,89,True,1789713318063,1789713318063,59.1,1789713300000,1789713359999,False,18.1,0.7773,0.0515,47.0,FAIR (DENGE),True,500,46.4,44.3,50.6,49.3,0.00247,0.54,0.38,0.00209,0.614,0.57,16.7,60.0,5.8,YOK,6.4,0.92,0.7792232486730984,0.247,CLV_PROXY_1M,0,0.0,100.0,47.0,46.3,48.7,48.2,0.7,-1.7,-1.2,0.00247,-0.00055,-0.0001,-0.00097,63.0,60.79,58.38,55.15,2.21,4.62,7.85,68.22,68.0,500,native,63.0,NORMAL,68.22,68.0,True,300,73.0,BEAR,BOS DN,HH/HL,HH/HL,SQZ,83.9,True,True,499,48,17.2,1789710420000,HIGH,0.7775,0.2,,,,,,,0,0,0.7779,0.775,HIGH_SWEEP,13,0.777,False,False,0.1258,499,native,60.94,NORMAL,72.14,71.0,True,300,57.5,BULL,BOS UP,MIX/HL,MIX/HL,RANGE,66.6,True,True,498,55,52.4,1789703280000,LOW,0.7643,5.85,,,,0.7292,21.66,2,0,3,0.7778,0.7292,HIGH_SWEEP,50,0.7849,False,False,0.2858,499,native,45.3,NORMAL,60.64,56.0,True,300,60.8,BULL,BOS UP,MIX/HL,MIX/HL,RANGE,74.3,True,True,498,41,48.0,1789701000000,LOW,0.7643,4.2,,,,0.71575,19.9,2,0,2,0.7849,0.71575,HIGH_SWEEP,91,0.7365,False,False,0.3981,499,native,47.0,NORMAL,49.18,38.0,True,300,78.5,BULL,BOS UP,HH/HL,MIX/HL,TR UP,90.8,True,True,498,29,53.6,1789686900000,LOW,0.7287,8.35,,,,0.7289,8.32,2,0,1,0.7899,0.7289,HIGH_SWEEP,58,0.7351,False,False,0.7551,499,native,87.79,ASIRI,75.62,85.33,True,300,83.0,TR-UP,CHOCH UP,HH/HL,HH/MIX,TR-UP,88.9,True,True,498,6,40.0,1789689600000,LOW,0.7157,5.59,0.8336,5.13,2,,,,2,0,0.8336,0.7157,LOW_SWEEP,37,0.6814,False,False,1.4211,499,native,86.28,ASIRI,90.66,95.33,True,300,89.3,TR-UP,CHOCH UP,HH/HL,MIX/HL,TR-UP,85.4,True,True,498,1,97.1,1789689600000,LOW,0.6773,5.3,,,,,,,0,0,0.7479,0.6773,LOW_SWEEP,16,0.692,False,False,2.3923,709,1528,125212.58,45779.64,79432.94,46.45,73.23,93.7,UP,612,105,170992.23,10.8,60.0,1.0,True,6,97898.99,2,12672.37,85226.62,46.9,0.178,0.808,1.0,0.988,327959.7,205589.94,122369.76,22.94,61.47,85.0,UP,2418,472,533549.63,57.7,300.0,1.0,True,16,189195.84,8,74570.81,114625.02,76.3,0.536,0.932,1.0,0.998,1411619.55,1184694.1,226925.45,8.74,54.37,67.0,UP,9132,1512,2596313.65,128.9,900.0,1.0,True,64,997755.48,58,755515.7,242239.77,87.7,0.72,1.0,1.0,0.999,106021.09,44023.89,,37.01,3.54,0.9441,6436.55,0.0543,17517.39,0.1642,0.4042,NONE,1789713310993,BUY,14774.92,0.7776275242105262,1789713240000,ok,1.0,1.0,1.0,continuous,1,105,0,,0,0,0,0,False,238,0.7771,0.7772,1.287,0.618,-0.1523,0.203,267413.03,363467.03,25.09,1789713317631,432,False,,AGGRESSIVE_BUYER,,
2,v2,v1.2,REALF_PY_V4_2_DERIVED,ZPTDIFAT_PY_V1_4_DERIVED,fc-v1,native,,058e38aec59f4c35,20260918_062941,110,AKE_20260918_063521_151,AKEUSDT,BINANCE,FUTURES,TOP100,94,2000,1789713321151,2026-09-18T06:35:21.151+00:00,89,True,1789713320637,1789713321151,59.1,1789713300000,1789713359999,False,20.6,0.022893,-0.793,56.8,FAIR (DENGE),True,500,57.2,64.1,48.6,53.3,-0.03224,-1.15,-0.19,0.00726,0.58,0.46,91.3,40.0,12.8,YOK,15.4,0.922,0.022166617052665295,-3.173,CLV_PROXY_1M,0,0.0,100.0,56.8,59.9,71.6,81.0,-3.1,-14.8,-24.2,-0.03224,0.00755,0.01719,0.01619,73.29,79.12,87.77,92.18,-5.83,-14.48,-18.89,58.69,62.0,500,native,73.29,YORGUN,58.69,62.0,True,300,89.9,BULL,BOS UP,HH/HL,HH/MIX,TR UP,94.2,True,True,499,12,90.2,1789712580000,LOW,0.021423,5.88,,,,0.021402499999999998,5.97,2,0,1,0.023636,0.021402499999999998,HIGH_SWEEP,33,0.021605,False,False,1.0827,499,native,89.92,ASIRI,79.92,90.33,True,300,92.0,BULL,BOS UP,HH/HL,HH/HL,EXP UP,91.6,True,True,498,4,71.4,1789712460000,LOW,0.021423,4.81,,,,,,,0,0,0.021898,0.021423,LOW_SWEEP,33,0.021228,False,False,1.3194,499,native,89.57,ASIRI,82.59,92.67,True,300,77.8,BULL,BOS UP,MIX/HL,HH/HL,EXP UP,79.7,True,True,498,6,67.7,1789711500000,LOW,0.0214,4.7,,,,,,,0,0,0.02168,0.021423,EQH_SWEEP,34,0.021653,False,False,1.4009,499,native,80.74,YORGUN,90.3,94.0,True,300,42.0,BEAR,BOS DN,LH/MIX,MIX/HL,RANGE,66.1,True,True,498,153,97.0,1789575300000,HIGH,0.028247,12.51,0.029421000000000003,15.25,2,0.0209945,4.46,2,1,3,0.029421000000000003,0.0209945,EQL_SWEEP,56,0.020765,False,False,1.8233,499,native,75.78,YORGUN,94.96,98.0,True,300,70.7,BULL,BOS UP,HH/HL,HH/MIX,RANGE,69.6,True,True,498,74,56.3,1789444800000,LOW,0.014658,9.56,0.029844000000000002,8.07,2,0.012500500000000001,12.07,3,1,2,0.029844000000000002,0.012500500000000001,HIGH_SWEEP,75,0.0165,False,False,3.9837,499,native,41.17,NORMAL,44.62,44.33,True,300,84.7,BULL,BOS UP,HH/HL,MIX/HL,TR UP,90.5,True,True,498,18,80.8,1789444800000,LOW,0.013069,3.85,,,,0.0128725,3.93,2,0,3,0.029888,0.0128725,EQL_SWEEP,67,0.0128725,False,False,11.7969,6,17650,73056.23,120770.28,-47714.05,-24.62,37.69,13.7,DOWN,5329,2661,193826.51,188.3,60.0,1.0,True,8,20496.75,15,58648.76,-38152.01,85.8,0.79,0.822,1.0,1.0,355010.77,524442.16,-169431.38,-19.27,40.37,18.3,DOWN,24121,12626,879452.93,404.9,300.0,1.0,True,36,110878.21,47,225500.21,-114622.0,95.0,0.89,0.986,1.0,1.0,545117.93,698837.7,-153719.77,-12.36,43.82,27.1,DOWN,33289,17650,1243955.62,694.4,356.8,0.3965,False,54,184289.12,66,292454.27,-108165.15,80.8,0.933,1.0,0.396,1.0,381.2,-63425.66,,-0.11,-4.59,0.3298,-46435.93,-0.2364,-35228.81,-0.2003,-0.024,NONE,1789713319382,BUY,2333.77,0.02292328612682697,1789713240000,ok,1.0,1.0,1.0,continuous,3,2635,0,,0,0,0,0,False,312,0.0229,0.022901,0.437,-0.068,-0.2345,0.1169,1482.76,2391.12,8.52,1789713320417,734,False,,FATIGUE_EXTREME,,
2,v2,v1.2,REALF_PY_V4_2_DERIVED,ZPTDIFAT_PY_V1_4_DERIVED,fc-v1,native,,058e38aec59f4c35,20260918_062941,111,PONS_20260918_063523_767,PONSUSDT,BINANCE,FUTURES,OUTSIDE100,112,2000,1789713323767,2026-09-18T06:35:23.767+00:00,89,True,1789713323751,1789713323767,58.9,1789713300000,1789713359999,False,23.8,0.7303,-0.0547,47.0,FAIR (DENGE),True,500,45.0,50.9,45.1,49.9,-0.00117,-0.64,-0.12,0.0056,0.591,0.15,0.3,45.0,-10.6,YOK,6.0,0.865,0.7294477435449812,-0.117,CLV_PROXY_1M,0,0.0,100.0,47.0,45.5,60.3,55.7,1.5,-13.3,-8.7,-0.00117,2e-05,0.00575,0.0038,15.42,15.59,18.14,30.25,-0.17,-2.72,-14.83,17.73,8.67,500,native,15.42,DINLENMIS,17.73,8.67,True,300,24.6,BEAR,BOS DN,LH/MIX,LH/MIX,SQZ,67.6,True,True,499,4,58.1,1789713060000,HIGH,0.7377,3.22,,,,0.7134,7.35,2,0,1,0.7364,0.7134,EQL_SWEEP,5,0.73295,False,False,0.3148,499,native,44.53,NORMAL,35.92,31.33,True,300,26.2,BULL,BOS UP,LH/LL,MIX/HL,RANGE,86.5,True,True,498,74,26.3,1789699860000,LOW,0.6834,8.86,0.7777000000000001,8.99,3,0.63845,17.36,2,1,1,0.7777000000000001,0.63845,HIGH_SWEEP,89,0.6964,False,False,0.7235,499,native,39.74,NORMAL,35.89,28.67,True,300,13.4,BEAR,BOS DN,LH/LL,LH/LL,RANGE,88.2,True,True,498,10,56.1,1789710300000,HIGH,0.7473,2.27,0.7778,6.32,2,,,,1,0,0.7778,0.7235,LOW_SWEEP,8,0.729,False,False,1.0306,499,native,44.6,NORMAL,38.84,35.0,True,300,86.2,BULL,BOS UP,HH/HL,MIX/LL,TR UP,93.8,True,True,498,17,77.8,1789697700000,LOW,0.6551,5.26,,,,,,,0,0,0.7781,0.6551,HIGH_SWEEP,18,0.6959,False,False,1.948,289,native,81.09,YORGUN,69.57,77.7,False,269,88.1,BULL,BOS UP,HH/HL,HH/HL,TR UP,88.8,True,True,288,7,54.7,1789686000000,LOW,0.6099,3.98,,,,,,,0,0,0.6721,0.6099,HIGH_SWEEP,6,0.6721,False,False,4.1259,73,native,83.84,ASIRI,83.3,98.11,False,53,74.7,TR-UP,CHOCH UP,HH/MIX,HH/HL,TR-UP,76.3,True,False,72,1,84.3,1789689600000,LOW,0.5483,3.4,,,,,,,0,0,0.6992,0.5483,LOW_SWEEP,12,0.5821,False,False,6.9476,743,1868,17963.61,12281.99,5681.62,18.78,59.39,81.2,UP,307,115,30245.6,19.4,60.0,1.0,True,2,8553.06,1,3234.18,5318.88,52.0,0.28,0.62,1.0,0.988,123491.97,155296.53,-31804.56,-11.41,44.3,28.6,DOWN,2686,768,278788.5,123.4,300.0,1.0,True,18,58408.01,13,88964.41,-30556.4,83.4,0.712,0.861,1.0,0.998,263639.36,297192.71,-33553.36,-5.98,47.01,38.1,DOWN,6043,1868,560832.07,305.4,771.2,0.8569,False,30,115307.45,32,158056.98,-42749.53,89.5,0.859,0.937,0.857,0.999,5130.62,14746.02,,8.83,2.65,0.7903,-8222.62,-0.1658,-9286.52,-0.1666,-0.0624,NONE,1789713287062,SELL,3234.18,0.730887593220339,1789713240000,ok,1.0,1.0,1.0,continuous,1,114,0,,0,0,0,0,False,346,0.7305,0.7306,1.369,-0.134,0.0354,0.3788,32681.23,30445.07,26.69,1789713323528,239,False,,FATIGUE_RESTED_1M,,
2,v2,v1.2,REALF_PY_V4_2_DERIVED,ZPTDIFAT_PY_V1_4_DERIVED,fc-v1,native,,058e38aec59f4c35,20260918_062941,112,SKR_20260918_063526_551,SKRUSDT,BINANCE,FUTURES,OUTSIDE100,227,500,1789713326551,2026-09-18T06:35:26.551+00:00,89,True,1789713326326,1789713326551,59.1,1789713300000,1789713359999,False,26.3,0.019127,0.0052,52.6,FAIR (DENGE),True,500,55.7,43.5,58.4,50.3,0.00297,1.44,0.7,0.00183,0.448,0.17,11.3,60.0,28.6,YOK,15.0,0.444,0.019183847619296358,0.297,CLV_PROXY_1M,0,0.0,100.0,52.6,53.3,50.0,40.5,-0.7,2.6,12.1,0.00297,0.00018,0.00054,-0.00223,81.11,79.42,72.48,57.42,1.69,8.63,23.69,82.07,92.0,500,native,81.11,YORGUN,82.07,92.0,True,300,94.9,BULL,BOS UP,HH/HL,HH/HL,TR UP,94.7,True,True,499,3,85.4,1789713120000,LOW,0.019028,3.03,0.019363,7.22,2,,,,1,0,0.019363,0.019028,EQH_SWEEP,44,0.0189665,False,False,0.1708,499,native,67.1,NORMAL,71.02,73.67,True,300,69.3,BULL,BOS UP,HH/MIX,MIX/HL,TR UP,70.0,True,True,498,12,36.3,1789711020000,LOW,0.018839,4.87,0.020296500000000002,19.76,2,0.0188425,4.81,2,1,1,0.020296500000000002,0.0188425,LOW_SWEEP,22,0.018846,False,False,0.3094,499,native,78.25,YORGUN,79.05,85.0,True,300,90.9,BULL,BOS UP,HH/HL,HH/MIX,RANGE,88.8,True,True,498,7,88.7,1789711200000,LOW,0.018839,3.85,0.020296500000000002,15.63,2,,,,1,0,0.020296500000000002,0.018839,LOW_SWEEP,25,0.018732,False,False,0.3912,499,native,79.13,YORGUN,91.8,94.67,True,300,74.6,BULL,BOS UP,MIX/HL,MIX/HL,SQZ,69.3,True,True,498,1,49.0,1789712100000,LOW,0.018719,2.79,,,,0.017547,10.8,2,0,2,0.019011,0.017547,HIGH_SWEEP,35,0.019329,False,False,0.7671,499,native,44.12,NORMAL,53.29,63.33,True,300,39.3,BULL,BOS UP,LH/LL,HH/MIX,RANGE,84.4,True,True,498,21,72.8,1789635600000,LOW,0.017378,4.6,0.025375500000000002,16.45,2,,,,1,0,0.025375500000000002,0.018321,LOW_SWEEP,6,0.018554,False,False,2.0012,499,native,73.43,YORGUN,69.27,78.0,True,300,72.9,BULL,BOS UP,HH/HL,HH/HL,TR UP,83.6,True,True,498,114,36.2,1788062400000,LOW,0.008858,11.58,,,,0.017043000000000003,2.35,2,0,1,0.020299,0.017043000000000003,HIGH_SWEEP,4,0.019684,False,False,4.7097,7023,504,518.18,75.28,442.9,74.63,87.32,94.9,UP,14,13,593.45,6.2,60.0,1.0,True,0,0.0,0,0.0,0.0,25.0,0.11,0.193,1.0,0.883,13267.27,4544.48,8722.79,48.97,74.49,94.0,UP,291,208,17811.75,51.3,300.0,1.0,True,3,7085.8,1,518.77,6567.03,64.0,0.507,0.563,1.0,0.977,26524.06,12517.36,14006.7,35.88,67.94,91.7,UP,656,464,39041.42,116.7,900.0,1.0,True,8,12324.77,4,2952.76,9372.02,76.1,0.7,0.648,1.0,0.992,-414.7,636.77,654.12,4.91,1.43,1.0,88.29,0.0579,1941.27,0.5449,0.5601,NONE,1789713163004,SELL,518.77,0.019121,1789713240000,ok,1.0,1.0,1.0,continuous,1,13,0,,0,0,0,0,False,380,0.019125,0.019131,3.137,-0.695,0.4496,0.6849,7177.32,2725.34,15.16,1789713325585,966,False,,,,
2,v2,v1.2,REALF_PY_V4_2_DERIVED,ZPTDIFAT_PY_V1_4_DERIVED,fc-v1,native,,058e38aec59f4c35,20260918_062941,113,PROM_20260918_063529_338,PROMUSDT,BINANCE,FUTURES,OUTSIDE100,266,1000,1789713329338,2026-09-18T06:35:29.338+00:00,89,True,1789713329120,1789713329338,59.2,1789713300000,1789713359999,False,29.1,5.415,0.0185,51.1,FAIR (DENGE),True,500,51.5,51.9,49.6,50.3,-0.00099,-0.11,-0.14,0.00248,0.569,0.57,23.7,65.0,-20.7,YOK,2.3,0.878,5.4096240090564525,-0.099,CLV_PROXY_1M,0,0.0,100.0,51.1,60.2,55.2,54.5,-9.1,-4.1,-3.4,-0.00099,0.00112,0.00031,0.0002,39.98,41.51,39.5,29.09,-1.53,0.48,10.89,36.44,36.33,500,native,39.98,NORMAL,36.44,36.33,True,300,29.0,BEAR,BOS DN,LH/MIX,LH/LL,TR DN,83.0,True,True,499,22,81.2,1789711980000,HIGH,5.541,14.02,,,,5.41,0.56,2,0,1,5.439,5.41,LOW_SWEEP,20,5.427,False,False,0.166,499,native,25.36,DINLENMIS,32.38,27.33,True,300,14.8,TR-DN,CHOCH DN,LH/LL,LH/LL,TR-DN,91.5,True,True,498,7,59.2,1789711920000,HIGH,5.541,6.51,,,,5.3934999999999995,1.11,2,0,1,5.541,5.3934999999999995,HIGH_SWEEP,45,5.589,False,False,0.3568,499,native,15.29,DINLENMIS,20.22,15.33,True,300,44.4,TR-DN,CHOCH DN,MIX/HL,LH/LL,TR-DN,75.6,True,True,498,5,58.5,1789711800000,HIGH,5.541,5.08,,,,5.3919999999999995,0.93,2,0,2,5.541,5.3919999999999995,HIGH_SWEEP,28,5.589,False,False,0.4583,499,native,28.5,DINLENMIS,17.34,10.0,True,300,59.7,TR-DN,CHOCH DN,HH/HL,MIX/HL,TR-DN,88.0,True,True,498,2,54.5,1789711200000,HIGH,5.594,4.16,5.7285,7.28,2,5.4015,0.31,2,2,1,5.7285,5.4015,LOW_SWEEP,171,5.332,False,False,0.7958,499,native,53.71,NORMAL,30.95,23.67,True,300,59.0,BEAR,BOS DN,MIX/HL,MIX/HL,SQZ,69.1,True,True,498,46,75.0,1789545600000,HIGH,5.729,3.73,5.8375,5.02,3,4.906499999999999,6.04,2,2,1,5.8375,4.906499999999999,EQL_SWEEP,94,5.5815,False,False,1.5355,499,native,47.8,NORMAL,47.83,38.0,True,300,26.5,BULL,BOS UP,LH/LL,MIX/HL,SQZ,85.6,True,True,498,58,11.5,1788868800000,LOW,4.913,2.73,,,,4.4025,5.5,2,0,2,5.659,4.4025,HIGH_SWEEP,57,5.986,False,False,3.3065,6488,666,880.89,2231.71,-1350.82,-43.4,28.3,6.7,DOWN,84,39,3112.6,8.3,60.0,1.0,True,0,0.0,1,1095.04,-1095.04,33.7,0.142,0.373,1.0,0.892,4609.69,12190.04,-7580.35,-45.12,27.44,6.5,DOWN,357,179,16799.72,13.0,300.0,1.0,True,1,1437.65,4,7327.03,-5889.38,44.5,0.206,0.556,1.0,0.978,26832.96,31146.64,-4313.68,-7.44,46.28,35.3,DOWN,1326,612,57979.6,81.3,900.0,1.0,True,5,7059.74,6,9558.22,-2498.49,73.8,0.619,0.691,1.0,0.993,4310.22,-5494.69,107.84,20.01,-17.6,1.0,-2654.99,-0.7322,-1630.89,-0.4854,0.2433,DOWN,1789713307845,SELL,1095.04,5.412941670785962,1789713240000,ok,1.0,1.0,1.0,continuous,1,39,0,,0,0,0,0,False,414,5.414,5.415,1.847,0.579,0.1732,0.2854,32797.67,23116.07,36.01,1789713328672,666,False,,AGGRESSIVE_SELLER,,
2,v2,v1.2,REALF_PY_V4_2_DERIVED,ZPTDIFAT_PY_V1_4_DERIVED,fc-v1,native,,058e38aec59f4c35,20260918_062941,114,UAI_20260918_063531_909,UAIUSDT,BINANCE,FUTURES,OUTSIDE100,296,2000,1789713331909,2026-09-18T06:35:31.909+00:00,89,True,1789713331909,1789713331909,59.2,1789713300000,1789713359999,False,31.9,0.4172,0.096,52.5,FAIR (DENGE),True,500,53.3,52.7,51.5,50.7,-0.0031,1.13,1.02,0.00463,0.659,0.65,23.0,35.0,-5.1,YOK,1.8,1.0,0.4159082107935979,-0.31,CLV_PROXY_1M,0,0.0,100.0,52.5,54.9,55.4,51.3,-2.4,-2.9,1.2,-0.0031,-0.00012,-6e-05,2e-05,49.71,40.91,22.21,17.33,8.8,27.5,32.38,65.92,80.33,500,native,49.71,NORMAL,65.92,80.33,True,300,8.0,BEAR,BOS DN,LH/LL,MIX/HL,TR DN,96.7,True,True,499,10,90.8,1789712700000,HIGH,0.4198,1.96,0.42315,4.5,2,0.40785,7.06,3,1,2,0.42315,0.40785,HIGH_SWEEP,88,0.4247,False,False,0.3176,499,native,21.82,DINLENMIS,38.25,22.0,True,300,58.2,BULL,BOS UP,MIX/HL,LH/LL,RANGE,66.6,True,True,498,64,61.1,1789701660000,LOW,0.4075,3.85,0.43455,6.89,2,,,,1,0,0.43455,0.4166,HIGH_SWEEP,124,0.4238,False,True,0.6068,499,native,28.38,DINLENMIS,33.81,15.0,True,300,56.0,TR-DN,CHOCH DN,MIX/HL,LH/MIX,TR-DN,72.0,True,True,498,48,58.0,1789698900000,HIGH,0.4354,4.87,,,,0.3559,16.39,3,0,1,0.4232,0.3559,HIGH_SWEEP,101,0.4106,False,False,0.8975,499,native,35.66,NORMAL,35.06,26.67,True,300,69.0,BULL,BOS UP,MIX/HL,MIX/HL,RANGE,79.5,True,True,498,20,30.6,1789695000000,LOW,0.3901,3.61,0.43505,2.38,2,0.3838,4.46,2,2,2,0.43505,0.3838,LOW_SWEEP,173,0.3294,False,False,1.8091,499,native,65.56,NORMAL,56.5,57.67,True,300,86.6,BULL,BOS UP,HH/HL,HH/HL,SQZ,87.3,True,True,498,6,38.6,1789689600000,LOW,0.3838,2.06,,,,,,,0,0,0.4354,0.3838,HIGH_SWEEP,4,0.418,False,False,3.8614,499,native,65.07,NORMAL,72.84,76.67,True,300,18.4,BEAR,BOS DN,LH/LL,HH/HL,RANGE,87.8,True,True,498,19,42.0,1789430400000,HIGH,0.5943,4.04,,,,,,,0,0,0.5943,0.322,LOW_SWEEP,20,0.4503,False,False,10.3453,113,1013,5692.66,1511.93,4180.73,58.03,79.01,94.5,UP,152,60,7204.58,22.7,60.0,1.0,True,1,2481.35,0,0.0,2481.35,49.9,0.313,0.464,1.0,0.998,42500.62,20564.23,21936.39,34.78,67.39,91.3,UP,1001,364,63064.86,62.0,300.0,1.0,True,4,27059.78,2,7167.19,19892.59,70.9,0.554,0.7,1.0,1.0,63704.43,87811.12,-24106.69,-15.91,42.04,22.2,DOWN,2748,933,151515.55,203.4,900.0,1.0,True,5,29079.5,10,33650.48,-4570.97,85.5,0.803,0.795,1.0,1.0,-1859.23,5918.67,5582.88,3.37,3.93,1.0,9478.35,0.6473,5333.6,0.4229,-0.3901,UP,1789713304006,BUY,2481.35,0.4172436522616445,1789713240000,ok,1.0,1.0,1.0,continuous,1,60,0,,0,0,0,0,False,448,0.4171,0.4172,2.397,0.634,0.094,0.0084,13890.76,11503.66,46.75,1789713331684,225,False,,AGGRESSIVE_BUYER,,
2,v2,v1.2,REALF_PY_V4_2_DERIVED,ZPTDIFAT_PY_V1_4_DERIVED,fc-v1,native,,058e38aec59f4c35,20260918_062941,115,BULLA_20260918_063534_494,BULLAUSDT,BINANCE,FUTURES,OUTSIDE100,339,5000,1789713334494,2026-09-18T06:35:34.494+00:00,89,True,1789713334473,1789713334494,59.1,1789713300000,1789713359999,False,34.5,0.10152,-0.1574,57.0,FAIR (DENGE),True,500,59.5,53.9,57.6,52.4,-0.00433,-0.09,-0.81,0.0056,0.485,0.8,25.3,50.0,-1.3,YOK,5.7,1.0,0.10108143178762964,-0.432,CLV_PROXY_1M,0,0.0,100.0,57.0,53.7,51.1,53.5,3.3,5.9,3.5,-0.00433,-0.00211,-0.00469,-0.00454,50.29,45.45,35.84,51.54,4.84,14.45,-1.25,59.69,66.0,500,native,50.29,NORMAL,59.69,66.0,True,300,66.2,BULL,BOS UP,MIX/HL,LH/LL,SQZ,71.7,True,True,499,21,36.2,1789712040000,LOW,0.10068,2.21,0.10206,1.42,3,0.100455,2.8,2,1,2,0.10206,0.100455,EQL_SWEEP,38,0.100455,False,False,0.3745,499,native,56.12,NORMAL,61.69,67.67,True,300,31.4,BULL,BOS UP,LH/LL,HH/HL,TR UP,86.6,True,True,498,36,89.1,1789706700000,LOW,0.096433,6.0,,,,0.0964015,6.04,2,0,2,0.10203,0.0964015,HIGH_SWEEP,22,0.10206,False,False,0.8408,499,native,56.02,NORMAL,58.92,62.67,True,300,48.1,BULL,BOS UP,LH/MIX,LH/LL,TR UP,64.3,True,True,498,22,22.3,1789706700000,LOW,0.09539,5.12,,,,0.10001,1.26,2,0,1,0.10203,0.10001,HIGH_SWEEP,20,0.10114,False,False,1.1764,499,native,74.86,YORGUN,69.19,76.33,True,300,74.6,BEAR,BOS DN,HH/HL,HH/HL,TR DN,88.7,True,True,498,64,27.4,1789655400000,HIGH,0.10999,3.61,0.109785,3.53,2,,,,1,0,0.109785,0.094,LOW_SWEEP,66,0.1007,False,False,2.3168,499,native,65.8,NORMAL,73.19,88.0,True,300,26.8,BULL,BOS UP,LH/LL,MIX/HL,RANGE,84.5,True,True,498,44,42.2,1789552800000,LOW,0.060024,6.38,,,,0.060025499999999996,6.38,2,0,1,0.121362,0.060025499999999996,HIGH_SWEEP,45,0.076341,False,False,6.4384,499,native,57.87,NORMAL,57.98,59.0,True,300,75.0,BULL,BOS UP,HH/MIX,HH/HL,EXP UP,78.0,True,True,498,11,96.7,1789545600000,LOW,0.0675,2.28,,,,0.0154205,5.77,2,0,1,0.139078,0.0154205,HIGH_SWEEP,52,0.085989,False,False,15.2143,436,1651,6060.03,3573.7,2486.34,25.81,62.9,87.1,UP,255,132,9633.73,18.9,60.0,1.0,True,0,0.0,0,0.0,0.0,48.2,0.274,0.496,1.0,0.993,20220.66,23593.97,-3373.31,-7.7,46.15,34.9,DOWN,1258,693,43814.62,111.1,300.0,1.0,True,0,0.0,0,0.0,0.0,76.1,0.69,0.66,1.0,0.999,44581.6,42175.78,2405.81,2.77,51.39,55.6,FLAT,2699,1416,86757.38,183.7,900.0,1.0,True,0,0.0,0,0.0,0.0,82.8,0.786,0.735,1.0,1.0,1257.08,-353.63,2045.91,-4.74,-0.31,1.0,963.52,0.1062,-1168.62,-0.1334,-0.0975,UP,1789712338186,BUY,5918.97,0.10147031944730167,1789713240000,ok,1.0,1.0,1.0,continuous,1,118,0,,0,0,0,0,False,482,0.1015,0.10151,0.985,-0.411,-0.0195,-0.0117,2389.95,2485.25,21.18,1789713334244,250,False,,,,
2,v2,v1.2,REALF_PY_V4_2_DERIVED,ZPTDIFAT_PY_V1_4_DERIVED,fc-v1,native,,058e38aec59f4c35,20260918_062941,116,OG_20260918_063537_075,OGUSDT,BINANCE,FUTURES,OUTSIDE100,523,500,1789713337075,2026-09-18T06:35:37.075+00:00,89,True,1789713337075,1789713337075,58.7,1789713300000,1789713359999,False,37.1,2.752,0.0364,48.3,FAIR (DENGE),True,500,49.8,43.8,50.6,48.4,0.00246,0.33,0.19,0.0008,0.205,4.39,90.3,50.0,14.3,WHALE BUY L1,6.8,0.866,2.7587705778258016,0.246,CLV_PROXY_1M,0,0.0,100.0,48.3,57.7,47.1,41.2,-9.4,1.2,7.1,0.00246,0.00185,-0.0002,-0.0007,41.39,36.39,39.29,43.67,5.0,2.1,-2.28,55.51,47.33,500,native,41.39,NORMAL,55.51,47.33,True,300,57.0,BULL,BOS UP,EQ/RANGE,LH/MIX,SQZ,68.2,True,True,499,25,66.1,1789711800000,LOW,2.747,2.33,2.754,0.93,2,2.748,1.87,2,1,3,2.754,2.748,HIGH_SWEEP,60,2.76,False,False,0.0779,499,native,41.83,NORMAL,50.55,36.67,True,300,44.0,BULL,BOS UP,LH/MIX,MIX/HL,RANGE,75.1,True,True,498,32,46.9,1789707420000,LOW,2.739,2.69,,,,2.746,1.24,2,0,3,2.756,2.746,HIGH_SWEEP,51,2.746,False,False,0.176,499,native,38.37,NORMAL,42.1,26.33,True,300,68.6,BULL,BOS UP,MIX/HL,LH/MIX,TR UP,73.6,True,True,498,17,39.4,1789708200000,LOW,2.732,3.1,,,,2.679,11.32,2,0,2,2.756,2.679,HIGH_SWEEP,19,2.759,False,False,0.2343,499,native,61.38,NORMAL,56.62,53.67,True,300,86.3,BULL,BOS UP,HH/HL,HH/HL,TR UP,87.3,True,True,498,6,35.2,1789707600000,LOW,2.679,7.17,,,,2.6635,8.7,2,0,1,2.769,2.6635,HIGH_SWEEP,5,2.759,False,False,0.3699,499,native,90.61,ASIRI,88.69,94.0,True,300,74.4,BULL,BOS UP,MIX/HL,MIX/HL,RANGE,73.4,True,True,498,7,58.0,1789686000000,LOW,2.662,4.55,,,,2.6,7.69,2,0,1,2.7,2.6,HIGH_SWEEP,30,2.712,False,False,0.7193,499,native,78.92,YORGUN,88.04,93.67,True,300,75.1,BULL,BOS UP,MIX/HL,HH/HL,SQZ,73.2,True,True,498,1,52.4,1789689600000,LOW,2.61,3.2,2.9825,5.2,3,2.5975,3.48,2,2,2,2.9825,2.5975,EQH_SWEEP,87,2.9425,False,False,1.6159,9999,62,1029.99,6.05,1023.94,98.83,99.42,95.0,UP,51,5,1036.03,1.1,60.0,1.0,True,1,986.23,0,0.0,986.23,14.0,0.022,0.254,1.0,0.833,1062.18,621.44,440.74,26.18,63.09,87.4,UP,73,16,1683.61,2.4,300.0,1.0,True,1,986.23,0,0.0,986.23,20.4,0.046,0.307,1.0,0.967,1683.15,1368.03,315.12,10.33,55.16,69.7,UP,126,55,3051.19,6.5,900.0,1.0,True,1,986.23,0,0.0,986.23,31.3,0.115,0.371,1.0,0.989,1045.1,957.64,982.68,99.42,47.85,1.0,124.08,0.2271,-3.14,-0.0093,0.5413,NONE,1789713327066,BUY,986.23,2.751,1789713240000,ok,1.0,1.0,1.0,continuous,1,5,0,,0,0,0,0,False,516,2.75,2.752,7.27,-2.923,0.1796,-0.2793,20389.48,14181.95,72.7,1789713336735,340,False,,,,
2,v2,v1.2,REALF_PY_V4_2_DERIVED,ZPTDIFAT_PY_V1_4_DERIVED,fc-v1,native,,058e38aec59f4c35,20260918_062941,117,ZORA_20260918_063539_661,ZORAUSDT,BINANCE,FUTURES,OUTSIDE100,612,500,1789713339661,2026-09-18T06:35:39.661+00:00,89,True,1789713339637,1789713339661,58.7,1789713300000,1789713359999,False,39.6,0.007868,-0.0127,44.7,FAIR (DENGE),True,500,41.6,47.8,45.5,49.8,0.00106,0.32,0.57,0.00161,0.512,0.07,3.0,55.0,-0.7,YOK,6.2,1.0,0.007876312440593827,0.106,CLV_PROXY_1M,0,0.0,100.0,44.7,48.7,47.2,53.4,-4.0,-2.5,-8.7,0.00106,-5e-05,-0.00082,0.00042,51.72,46.17,38.67,36.17,5.55,13.05,15.55,63.69,67.0,500,native,51.72,NORMAL,63.69,67.0,True,300,46.3,BEAR,BOS DN,MIX/HL,MIX/HL,RANGE,75.3,True,True,499,18,79.6,1789712220000,HIGH,0.007897,2.98,,,,0.007775499999999999,9.49,2,0,1,0.007876,0.007775499999999999,HIGH_SWEEP,25,0.007876,False,False,0.1238,499,native,48.0,NORMAL,50.11,43.0,True,300,82.5,TR-UP,CHOCH UP,HH/HL,MIX/HL,TR-UP,85.2,True,True,498,10,65.3,1789711380000,LOW,0.007827,2.07,,,,,,,0,0,0.007897,0.007827,HIGH_SWEEP,6,0.007876,False,False,0.2519,499,native,54.3,NORMAL,57.04,49.0,True,300,73.8,BULL,BOS UP,HH/MIX,HH/HL,RANGE,74.0,True,True,498,7,63.8,1789711200000,LOW,0.007813,2.06,,,,,,,0,0,0.007897,0.007813,HIGH_SWEEP,4,0.007876,False,False,0.3387,499,native,41.58,NORMAL,40.99,34.33,True,300,82.4,BULL,BOS UP,HH/HL,MIX/HL,TR UP,87.5,True,True,498,20,74.9,1789695000000,LOW,0.007527,6.45,,,,,,,0,0,0.00802,0.007813,LOW_SWEEP,24,0.007571,False,False,0.6729,499,native,78.59,YORGUN,71.19,82.33,True,300,73.8,BEAR,BOS DN,HH/HL,HH/MIX,TR DN,86.4,True,True,498,69,59.5,1789462800000,HIGH,0.007987,0.97,0.009008,9.33,2,0.007187,5.57,2,1,1,0.009008,0.007187,LOW_SWEEP,126,0.008102,False,False,1.5567,499,native,71.4,NORMAL,76.62,86.0,True,300,18.0,TR-DN,CHOCH DN,LH/LL,LH/LL,TR-DN,90.3,True,True,498,16,65.9,1789473600000,HIGH,0.008968,4.16,,,,0.0058755000000000005,7.53,2,0,2,0.008336,0.0058755000000000005,HIGH_SWEEP,29,0.008437,False,False,3.3227,25022,302,123.39,100.98,22.41,9.99,54.99,69.1,UP,15,7,224.37,3.4,60.0,1.0,True,0,0.0,0,0.0,0.0,15.1,0.063,0.088,1.0,0.583,2182.7,742.6,1440.1,49.23,74.61,94.0,UP,135,84,2925.3,13.3,300.0,1.0,True,1,647.44,0,0.0,647.44,39.3,0.21,0.367,1.0,0.917,9623.05,12405.27,-2782.22,-12.63,43.68,26.7,DOWN,569,284,22028.32,55.5,900.0,1.0,True,3,2533.41,9,8142.91,-5609.51,65.7,0.526,0.586,1.0,0.972,-241.33,445.11,59.67,-24.53,8.82,1.0,547.69,0.7643,397.36,0.6792,-0.6112,UP,1789713161005,BUY,647.44,0.007856,1789713240000,ok,1.0,1.0,1.0,continuous,1,5,0,,0,0,0,0,False,550,0.00787,0.007871,1.271,0.269,-0.2082,-0.5069,9657.91,14736.66,24.78,1789713338053,1608,False,,,,
2,v2,v1.2,REALF_PY_V4_2_DERIVED,ZPTDIFAT_PY_V1_4_DERIVED,fc-v1,native,,058e38aec59f4c35,20260918_062941,118,TNSR_20260918_063542_253,TNSRUSDT,BINANCE,FUTURES,OUTSIDE100,738,200,1789713342253,2026-09-18T06:35:42.253+00:00,89,True,1789713342253,1789713342253,58.2,1789713300000,1789713359999,False,42.3,0.03512,-0.0569,54.3,FAIR (DENGE),True,500,57.0,49.9,55.7,50.6,4e-05,-0.48,-0.51,0.00156,0.583,0.23,14.7,55.0,-29.4,YOK,7.1,0.987,0.03512157396156276,0.004,CLV_PROXY_1M,0,0.0033,99.7,54.3,56.7,59.9,56.8,-2.4,-5.6,-2.5,4e-05,0.00018,0.00048,-0.00011,42.08,47.66,54.22,61.0,-5.58,-12.14,-18.92,32.5,21.0,500,native,42.08,NORMAL,32.5,21.0,True,300,87.6,BULL,BOS UP,HH/HL,HH/HL,RANGE,87.4,True,True,499,5,45.0,1789713000000,LOW,0.03507,1.68,,,,0.03507,1.68,2,0,1,0.03521,0.03507,HIGH_SWEEP,7,0.03515,False,False,0.0846,499,native,48.05,NORMAL,45.35,34.33,True,300,59.6,BULL,BOS UP,LH/MIX,LH/MIX,RANGE,67.3,True,True,498,4,70.7,1789712460000,LOW,0.03507,0.71,,,,0.03507,0.71,3,0,1,0.03517,0.03507,HIGH_SWEEP,2,0.03517,False,False,0.2002,499,native,41.53,NORMAL,41.88,34.33,True,300,58.7,BULL,BOS UP,MIX/HL,LH/MIX,RANGE,68.0,True,True,498,42,51.5,1789700700000,LOW,0.03481,3.25,,,,0.03454,6.08,2,0,2,0.03536,0.03454,HIGH_SWEEP,47,0.03498,False,False,0.2715,499,native,38.35,NORMAL,35.77,30.33,True,300,84.3,BULL,BOS UP,HH/HL,MIX/HL,RANGE,93.4,True,True,498,19,59.8,1789695900000,LOW,0.03454,3.21,,,,0.034375,4.12,2,0,1,0.03583,0.034375,HIGH_SWEEP,16,0.03497,False,False,0.5142,499,native,74.06,YORGUN,58.71,66.0,True,300,74.8,BULL,BOS UP,MIX/HL,MIX/HL,TR UP,73.8,True,True,498,5,52.8,1789693200000,LOW,0.03405,2.73,,,,,,,0,0,0.03497,0.03438,LOW_SWEEP,36,0.03304,False,False,1.1171,499,native,78.01,YORGUN,77.08,86.67,True,300,76.4,BULL,BOS UP,HH/MIX,HH/HL,RANGE,71.9,True,True,498,1,56.6,1789689600000,LOW,0.03258,3.27,0.037065,2.5,2,0.029225,7.59,2,1,1,0.037065,0.029225,EQH_SWEEP,59,0.037065,False,False,2.178,9217,113,48.61,92.13,-43.52,-30.93,34.54,10.1,DOWN,7,6,140.74,2.7,60.0,1.0,True,0,0.0,0,0.0,0.0,11.1,0.051,0.037,1.0,0.846,299.5,689.52,-390.02,-39.43,30.28,7.4,DOWN,50,21,989.03,2.9,300.0,1.0,True,0,0.0,1,553.59,-553.59,20.6,0.055,0.249,1.0,0.969,2079.34,3385.01,-1305.66,-23.89,38.05,14.2,DOWN,194,102,5464.35,16.7,900.0,1.0,True,2,902.86,4,2239.84,-1336.98,44.7,0.251,0.434,1.0,0.99,510.06,-141.63,-411.68,34.54,-9.15,1.0,-236.05,-1.0123,-101.7,-0.5141,0.5449,DOWN,1789713253768,SELL,553.59,0.03514,1789713240000,ok,1.0,1.0,1.0,continuous,1,5,0,,0,0,0,0,False,584,0.03512,0.03513,2.847,-0.052,0.015,0.0347,19113.19,18547.09,55.52,1789713341995,258,False,,,,
2,v2,v1.2,REALF_PY_V4_2_DERIVED,ZPTDIFAT_PY_V1_4_DERIVED,fc-v1,native,,058e38aec59f4c35,20260918_062941,119,VELVET_20260918_063544_833,VELVETUSDT,BINANCE,FUTURES,OUTSIDE100,761,200,1789713344833,2026-09-18T06:35:44.833+00:00,89,True,1789713344833,1789713344833,58.2,1789713300000,1789713359999,False,44.8,0.05565,0.0719,71.9,STRONG AHEAD,True,500,74.2,66.4,73.9,71.5,-0.00857,0.2,-1.02,0.00211,0.388,2.93,96.0,80.0,-36.2,WHALE SELL L1,7.8,1.0,0.05517526377844456,-0.853,CLV_PROXY_1M,0,0.0,100.0,71.9,63.1,65.4,53.6,8.8,6.5,18.3,-0.00857,-0.00262,-0.00132,-0.00304,28.51,26.62,25.14,24.79,1.89,3.37,3.72,33.75,31.0,500,native,28.51,DINLENMIS,33.75,31.0,True,300,47.3,TR-DN,CHOCH DN,HH/MIX,LH/LL,TR-DN,73.3,True,True,499,9,60.6,1789712760000,HIGH,0.05615,4.23,0.056855,10.19,2,0.055404999999999996,2.07,2,1,1,0.056855,0.055404999999999996,EQL_SWEEP,63,0.055625,False,False,0.2127,499,native,43.31,NORMAL,36.5,34.0,True,300,49.7,BEAR,BOS DN,MIX/HL,HH/HL,RANGE,72.6,True,True,498,22,40.9,1789709220000,HIGH,0.05649,3.5,,,,,,,0,0,0.05607,0.05556,LOW_SWEEP,2,0.05556,False,False,0.4314,499,native,38.98,NORMAL,38.7,31.0,True,300,17.3,BEAR,BOS DN,LH/LL,HH/HL,RANGE,83.3,True,True,498,14,49.3,1789709100000,HIGH,0.05671,3.44,,,,0.0515,13.63,2,0,1,0.05649,0.0515,HIGH_SWEEP,26,0.05618,False,False,0.5489,499,native,33.1,NORMAL,33.74,26.0,True,300,85.4,BULL,BOS UP,HH/HL,HH/MIX,RANGE,84.2,True,True,498,8,44.5,1789705800000,LOW,0.05548,0.32,,,,0.0515,7.32,3,0,1,0.05671,0.0515,HIGH_SWEEP,7,0.05649,False,False,1.0214,499,native,34.09,NORMAL,28.63,27.67,True,300,70.4,BULL,BOS UP,HH/MIX,LH/LL,TR UP,75.1,True,True,498,14,40.8,1789660800000,LOW,0.0494,4.69,,,,,,,0,0,0.06014,0.0494,HIGH_SWEEP,13,0.05886,False,False,2.3885,499,native,78.86,YORGUN,66.6,85.0,True,300,48.0,BEAR,BOS DN,MIX/HL,HH/HL,TR DN,65.7,True,True,498,16,34.6,1789473600000,HIGH,0.0633,2.99,,,,,,,0,0,0.0536,0.0494,HIGH_SWEEP,6,0.0536,False,False,4.6002,3746,949,12350.98,3547.7,8803.28,55.37,77.69,94.4,UP,245,99,15898.68,17.1,60.0,1.0,True,4,11430.18,2,2743.15,8687.03,48.0,0.254,0.55,1.0,0.938,20988.57,6368.64,14619.93,53.44,76.72,94.3,UP,551,285,27357.21,29.2,300.0,1.0,True,14,18950.8,5,4232.42,14718.38,57.8,0.369,0.609,1.0,0.988,58581.88,31462.75,27119.13,30.12,65.06,89.5,UP,1775,890,90044.63,55.2,900.0,1.0,True,33,52463.86,26,23312.16,29151.7,70.5,0.525,0.739,1.0,0.996,8779.51,8481.16,4129.84,26.96,3.05,1.0,2833.15,0.4477,2367.31,0.4327,0.5855,NONE,1789713323560,SELL,937.04,0.05579308425126526,1789713240000,ok,1.0,1.0,1.0,continuous,1,99,0,,0,0,0,0,False,618,0.05565,0.05566,1.797,-0.218,0.5218,-0.1938,16968.26,5332.06,35.04,1789713344596,237,False,,FATIGUE_RESTED_1M|REALF_PRICE_AHEAD|AGGRESSIVE_BUYER,,
2,v2,v1.2,REALF_PY_V4_2_DERIVED,ZPTDIFAT_PY_V1_4_DERIVED,fc-v1,native,,058e38aec59f4c35,20260918_062941,120,ZKC_20260918_063547_405,ZKCUSDT,BINANCE,FUTURES,OUTSIDE100,1142,200,1789713347405,2026-09-18T06:35:47.405+00:00,89,True,1789713347405,1789713347405,57.6,1789713300000,1789713359999,False,47.4,0.03838,0.1827,43.4,FAIR (DENGE),True,500,40.4,45.8,45.3,47.4,0.00214,0.41,0.66,0.00172,0.482,0.68,41.3,40.0,19.4,YOK,5.4,1.0,0.038462362888035874,0.215,CLV_PROXY_1M,0,0.0,100.0,43.4,40.6,43.1,48.9,2.8,0.3,-5.5,0.00214,-0.0009,-0.00035,0.00026,28.98,21.54,25.77,24.37,7.44,3.21,4.61,45.94,47.33,500,native,28.98,DINLENMIS,45.94,47.33,True,300,56.2,BULL,BOS UP,MIX/HL,HH/MIX,SQZ,71.4,True,True,499,42,38.3,1789710780000,LOW,0.03831,1.5,,,,,,,0,0,0.03846,0.03835,LOW_SWEEP,43,0.03836,False,True,0.1218,499,native,32.76,NORMAL,38.78,34.0,True,300,32.5,BULL,BOS UP,LH/LL,LH/LL,RANGE,84.8,True,True,498,32,58.8,1789707420000,LOW,0.03801,4.02,,,,0.03749,9.68,2,0,1,0.03855,0.03749,HIGH_SWEEP,30,0.03865,False,False,0.2398,499,native,31.18,NORMAL,34.83,30.33,True,300,68.0,BULL,BOS UP,MIX/HL,LH/LL,RANGE,74.3,True,True,498,20,50.4,1789707300000,LOW,0.03801,2.83,,,,,,,0,0,0.03855,0.03831,HIGH_SWEEP,19,0.03869,False,False,0.341,499,native,47.38,NORMAL,41.62,42.33,True,300,88.3,BULL,BOS UP,HH/HL,HH/HL,RANGE,90.3,True,True,498,7,52.3,1789706700000,LOW,0.03789,1.82,0.049025,39.45,2,0.037065,4.87,2,1,1,0.049025,0.037065,LOW_SWEEP,152,0.03752,False,False,0.7041,499,native,73.83,YORGUN,64.35,74.67,True,300,58.0,BEAR,BOS DN,MIX/HL,HH/HL,TR DN,64.1,True,True,498,53,61.2,1789520400000,HIGH,0.04772,16.67,0.05792,34.88,2,,,,1,0,0.05792,0.03718,EQH_SWEEP,6,0.03827,False,False,1.4589,499,native,43.71,NORMAL,51.08,57.67,True,300,15.6,BEAR,BOS DN,LH/LL,LH/MIX,TR DN,90.7,True,True,498,18,73.5,1789444800000,HIGH,0.04904,8.47,,,,0.036074999999999996,1.83,2,0,1,0.03878,0.036074999999999996,HIGH_SWEEP,1,0.03878,True,False,3.2744,1968,366,1052.18,183.28,868.9,70.33,85.16,94.8,UP,53,22,1235.47,8.1,60.0,1.0,True,3,767.23,0,0.0,767.23,30.7,0.139,0.273,1.0,0.967,2296.08,1534.13,761.96,19.89,59.95,82.3,UP,200,111,3830.21,30.8,300.0,1.0,True,4,1125.4,0,0.0,1125.4,51.5,0.381,0.396,1.0,0.993,13393.63,17656.74,-4263.11,-13.73,43.14,25.1,DOWN,700,339,31050.37,15.5,900.0,1.0,True,14,8992.59,10,13231.97,-4239.38,48.7,0.236,0.623,1.0,0.998,670.59,455.73,862.79,24.42,6.22,1.0,395.85,0.4065,121.02,0.158,-0.0521,UP,1789713331904,BUY,213.12,0.03836543474347435,1789713240000,ok,1.0,1.0,1.0,continuous,1,21,0,,0,0,0,0,False,652,0.03837,0.03838,2.606,-0.36,-0.0751,-0.2256,19987.39,23232.38,50.81,1789713345447,1958,False,,FATIGUE_RESTED_1M,,
2,v2,v1.2,REALF_PY_V4_2_DERIVED,ZPTDIFAT_PY_V1_4_DERIVED,fc-v1,native,,058e38aec59f4c35,20260918_062941,121,ETH_20260918_063553_043,ETHUSDT,BINANCE,FUTURES,TOP100,2,75000,1789713353043,2026-09-18T06:35:53.043+00:00,89,True,1789713353043,1789713353043,57.4,1789713300000,1789713359999,False,53.0,2481.51,0.0097,55.9,FAIR (DENGE),True,500,57.3,54.0,57.4,51.3,-0.00103,-0.58,-0.92,0.00132,0.701,0.52,15.0,70.0,-15.2,YOK,3.4,1.0,2478.94615247889,-0.103,CLV_PROXY_1M,0,0.0,100.0,55.9,53.6,55.2,56.8,2.3,0.7,-0.9,-0.00103,-0.00033,-0.00038,-0.00057,25.91,28.94,36.96,41.89,-3.03,-11.05,-15.98,22.21,11.0,500,native,25.91,DINLENMIS,22.21,11.0,True,300,85.5,BULL,BOS UP,HH/HL,LH/LL,SQZ,87.7,True,True,499,13,63.9,1789712520000,LOW,2481.26,0.15,,,,2469.0299999999997,7.55,2,0,2,2486.88,2469.0299999999997,HIGH_SWEEP,12,2486.11,False,False,0.0666,499,native,48.29,NORMAL,38.08,31.33,True,300,31.2,BULL,BOS UP,LH/LL,MIX/HL,RANGE,90.5,True,True,498,33,76.1,1789707240000,LOW,2469.0,3.42,,,,,,,0,0,2486.49,2477.52,HIGH_SWEEP,4,2486.49,False,False,0.1462,499,native,41.98,NORMAL,36.21,25.0,True,300,84.8,BULL,BOS UP,HH/HL,MIX/LL,TR UP,91.8,True,True,498,17,61.2,1789708200000,LOW,2469.0,2.56,,,,2365.835,23.64,2,0,1,2492.55,2365.835,HIGH_SWEEP,18,2482.2,False,False,0.1972,499,native,64.15,NORMAL,56.18,56.0,True,300,73.3,BULL,BOS UP,HH/MIX,HH/HL,TR UP,74.1,True,True,498,6,39.9,1789707600000,LOW,2435.39,5.65,,,,2435.74,5.6,2,0,1,2492.55,2435.74,HIGH_SWEEP,5,2484.99,False,False,0.3292,499,native,78.93,YORGUN,84.54,94.33,True,300,73.3,BEAR,BOS DN,HH/HL,HH/MIX,TR DN,84.8,True,True,498,65,44.7,1789477200000,HIGH,2614.99,7.82,,,,,,,0,0,2484.0,2435.39,HIGH_SWEEP,1,2484.0,True,True,0.6888,499,native,65.35,NORMAL,75.92,87.67,True,300,51.7,TR-DN,CHOCH DN,MIX/HL,MIX/HL,TR-DN,70.6,True,True,498,14,32.7,1789502400000,HIGH,2614.99,3.35,,,,1862.655,15.52,2,0,2,2614.99,1862.655,HIGH_SWEEP,38,2522.75,False,False,1.6086,-46,4211,594259.92,1442707.49,-848447.58,-41.65,29.17,7.0,DOWN,1968,475,2036967.41,39.1,60.0,1.0,True,1,118423.57,3,332417.91,-213994.34,71.9,0.439,1.0,1.0,1.0,2834485.09,6474218.74,-3639733.65,-39.1,30.45,7.5,DOWN,9370,2344,9308703.82,107.2,300.0,1.0,True,5,836807.56,14,2399824.77,-1563017.21,85.8,0.682,1.0,1.0,1.0,6706288.53,17137352.4,-10431063.87,-43.75,28.13,6.7,DOWN,17498,4157,23843640.93,188.8,434.5,0.4828,False,17,3037176.95,43,10721981.89,-7684804.94,78.7,0.791,1.0,0.483,1.0,771472.71,1978595.71,,12.31,2.18,0.4162,-859513.92,-0.4463,-667813.51,-0.3587,-0.4389,NONE,1789713328403,SELL,78829.95,2481.27,1789713240000,ok,1.0,1.001,1.0,continuous,1,516,0,,0,0,0,0,False,686,2481.39,2481.4,0.04,-0.008,-0.2982,-0.328,276281.2,511046.25,0.87,1789713352830,213,False,,FATIGUE_RESTED_1M|AGGRESSIVE_SELLER,,
2,v2,v1.2,REALF_PY_V4_2_DERIVED,ZPTDIFAT_PY_V1_4_DERIVED,fc-v1,native,,058e38aec59f4c35,20260918_062941,122,BNB_20260918_063555_837,BNBUSDT,BINANCE,FUTURES,TOP100,4,25000,1789713355837,2026-09-18T06:35:55.837+00:00,89,True,1789713355837,1789713355837,57.6,1789713300000,1789713359999,False,55.8,752.53,-0.0199,50.7,FAIR (DENGE),True,500,52.2,45.4,53.8,50.5,0.00111,-0.72,-0.99,0.00104,0.76,1.63,56.7,55.0,-16.9,YOK,8.4,0.21,753.3644104962091,0.111,CLV_PROXY_1M,0,0.0,100.0,50.7,51.6,53.2,48.7,-0.9,-2.5,2.0,0.00111,-8e-05,0.00013,-0.00053,15.49,17.08,18.76,22.74,-1.59,-3.27,-7.25,14.97,4.33,500,native,15.49,DINLENMIS,14.97,4.33,True,300,42.8,BEAR,BOS DN,HH/MIX,HH/MIX,RANGE,72.1,True,True,499,6,52.5,1789712940000,HIGH,754.74,5.06,,,,735.76,38.4,2,0,1,754.74,735.76,HIGH_SWEEP,13,754.62,False,False,0.058,499,native,30.64,NORMAL,22.05,4.33,True,300,72.7,BULL,BOS UP,HH/MIX,LH/LL,RANGE,74.2,True,True,498,10,53.9,1789711380000,LOW,751.67,0.87,,,,733.985,18.72,2,0,2,755.98,733.985,HIGH_SWEEP,25,753.4,False,False,0.1316,499,native,40.19,NORMAL,32.12,16.0,True,300,71.5,BULL,BOS UP,HH/MIX,HH/MIX,TR UP,80.5,True,True,498,17,50.9,1789708200000,LOW,749.39,2.15,,,,751.405,0.77,2,0,2,755.98,751.405,HIGH_SWEEP,6,755.08,False,False,0.1943,499,native,54.69,NORMAL,51.56,37.0,True,300,78.6,BULL,BOS UP,HH/HL,HH/HL,TR UP,91.5,True,True,498,29,31.8,1789686900000,LOW,733.95,7.25,,,,,,,0,0,754.71,733.95,HIGH_SWEEP,5,754.71,False,False,0.3404,499,native,93.56,ASIRI,88.59,94.33,True,300,72.9,BULL,BOS UP,HH/MIX,HH/MIX,TR UP,76.1,True,True,498,10,47.2,1789675200000,LOW,721.24,6.81,,,,,,,0,0,732.95,721.24,HIGH_SWEEP,18,729.58,False,False,0.6104,499,native,88.7,ASIRI,95.35,94.67,True,300,40.4,BULL,BOS UP,LH/LL,HH/HL,RANGE,86.1,True,True,498,4,31.3,1789646400000,LOW,704.34,5.12,,,,,,,0,0,725.94,704.34,HIGH_SWEEP,6,725.94,False,False,1.2519,575,1863,51766.58,354228.13,-302461.55,-74.5,12.75,5.1,DOWN,911,141,405994.71,26.5,60.0,1.0,True,0,0.0,4,190605.64,-190605.64,63.4,0.346,0.902,1.0,0.99,300488.14,701323.88,-400835.74,-40.01,29.99,7.3,DOWN,3549,676,1001812.01,75.1,300.0,1.0,True,1,75304.98,5,219741.35,-144436.37,81.5,0.6,1.0,1.0,0.998,633055.14,1948457.14,-1315402.0,-50.95,24.52,5.9,DOWN,9681,1863,2581512.28,215.6,765.6,0.8507,False,2,104495.17,16,616676.54,-512181.37,89.1,0.812,1.0,0.851,0.999,-293789.52,-265614.24,,-34.76,-11.45,0.784,-92917.59,-0.4435,-62831.0,-0.3136,-0.2242,NONE,1789713347043,SELL,61522.24,752.5656795107035,1789713240000,ok,1.0,1.0,1.0,continuous,1,137,0,,0,0,0,0,False,720,752.52,752.53,0.133,0.038,-0.3596,0.4724,92332.68,196046.22,2.59,1789713355417,420,False,,FATIGUE_RESTED_1M|AGGRESSIVE_SELLER,,
2,v2,v1.2,REALF_PY_V4_2_DERIVED,ZPTDIFAT_PY_V1_4_DERIVED,fc-v1,native,,058e38aec59f4c35,20260918_062941,123,XRP_20260918_063558_416,XRPUSDT,BINANCE,FUTURES,TOP100,5,25000,1789713358416,2026-09-18T06:35:58.416+00:00,89,True,1789713358400,1789713358416,57.2,1789713300000,1789713359999,False,58.4,1.3209,-0.0076,54.0,FAIR (DENGE),True,500,54.9,55.0,52.5,50.7,-0.00208,-0.22,-0.44,0.00161,0.725,0.36,13.3,40.0,-2.6,YOK,2.5,1.0,1.3181525943702945,-0.208,CLV_PROXY_1M,0,0.0,100.0,54.0,53.1,54.6,53.5,0.9,-0.6,0.5,-0.00208,-0.00031,-8e-05,-0.00033,50.95,54.66,58.26,60.95,-3.71,-7.31,-10.0,44.7,36.67,500,native,50.95,NORMAL,44.7,36.67,True,300,72.7,BEAR,BOS DN,HH/HL,MIX/HL,SQZ,83.2,True,True,499,50,52.6,1789710300000,HIGH,1.3237,2.28,,,,1.3032,14.42,2,0,2,1.3232,1.3032,HIGH_SWEEP,12,1.322,False,False,0.0929,499,native,64.24,NORMAL,62.47,65.0,True,300,30.1,BULL,BOS UP,LH/LL,MIX/HL,RANGE,90.5,True,True,498,33,58.0,1789707240000,LOW,1.3133,2.94,,,,,,,0,0,1.3228,1.3164,HIGH_SWEEP,2,1.3228,False,False,0.1983,499,native,53.63,NORMAL,58.91,60.0,True,300,61.5,BULL,BOS UP,MIX/HL,LH/LL,RANGE,74.0,True,True,498,34,67.7,1789703100000,LOW,1.3045,4.82,,,,,,,0,0,1.3228,1.3164,HIGH_SWEEP,2,1.3228,False,False,0.2592,499,native,56.64,NORMAL,54.0,57.0,True,300,76.7,TR-UP,CHOCH UP,HH/HL,MIX/HL,TR-UP,84.3,True,True,498,22,25.8,1789693200000,LOW,1.2867,6.1,,,,,,,0,0,1.3286,1.3133,HIGH_SWEEP,23,1.3002,False,False,0.4261,499,native,80.37,YORGUN,78.75,92.0,True,300,74.1,TR-UP,CHOCH UP,HH/MIX,HH/MIX,TR-UP,74.3,True,True,498,3,82.2,1789700400000,LOW,1.2867,2.82,,,,,,,0,0,1.3201,1.2867,HIGH_SWEEP,1,1.3201,True,False,0.9194,499,native,49.47,NORMAL,58.17,74.67,True,300,47.1,TR-DN,CHOCH DN,HH/MIX,MIX/LL,TR-DN,75.8,True,True,498,15,73.1,1789488000000,HIGH,1.4916,5.36,1.5507,7.22,2,0.98775,10.48,2,1,1,1.5507,0.98775,EQH_SWEEP,57,1.43175,False,False,2.3989,134,1822,98427.82,188106.25,-89678.43,-31.3,34.35,9.9,DOWN,986,99,286534.06,20.8,60.0,1.0,True,1,25381.87,1,33216.68,-7834.81,58.6,0.294,0.864,1.0,0.998,524269.63,617867.04,-93597.41,-8.19,45.9,34.0,DOWN,4625,665,1142136.66,85.4,300.0,1.0,True,2,131975.8,2,74922.02,57053.78,83.2,0.631,1.0,1.0,1.0,3042696.01,3274699.69,-232003.68,-3.67,48.16,42.6,DOWN,14759,1822,6317395.69,217.7,749.7,0.833,False,30,1649078.06,29,1645244.38,3833.69,88.8,0.813,1.0,0.833,1.0,-122571.17,-209256.56,,-20.11,-8.67,0.7663,-32503.71,-0.1112,-15110.29,-0.0661,0.1922,DOWN,1789713355581,BUY,25381.87,1.3209267637078979,1789713240000,ok,1.0,1.0,1.0,continuous,1,96,0,,0,0,0,0,False,754,1.321,1.3211,0.757,-0.08,0.0858,-0.2375,1180222.42,993700.92,14.76,1789713358197,219,False,,,,
2,v2,v1.2,REALF_PY_V4_2_DERIVED,ZPTDIFAT_PY_V1_4_DERIVED,fc-v1,native,,058e38aec59f4c35,20260918_062941,124,DOGE_20260918_063601_447,DOGEUSDT,BINANCE,FUTURES,TOP100,12,15000,1789713361447,2026-09-18T06:36:01.447+00:00,89,True,1789713360987,1789713361447,57.2,1789713300000,1789713359999,True,61.0,0.08422,0.0238,58.4,PRICE AHEAD,True,500,60.9,54.1,60.2,53.7,-0.0014,-0.18,-0.85,0.00142,0.635,0.88,40.0,55.0,-22.1,YOK,6.8,1.0,0.08410216059071705,-0.14,CLV_PROXY_1M,0,0.0,100.0,58.4,56.2,54.3,53.9,2.2,4.1,4.5,-0.0014,-0.00022,-0.0009,-0.00129,31.14,32.3,36.77,38.58,-1.16,-5.63,-7.44,33.36,17.0,500,native,31.14,NORMAL,33.36,17.0,True,300,62.2,BEAR,BOS DN,HH/HL,MIX/HL,SQZ,83.6,True,True,499,17,38.7,1789712280000,HIGH,0.08443,2.86,0.084395,2.38,2,0.08135,39.08,2,1,1,0.084395,0.08135,EQL_SWEEP,51,0.08419499999999999,False,False,0.0872,499,native,45.97,NORMAL,41.37,33.33,True,300,44.6,BULL,BOS UP,MIX/LL,MIX/HL,RANGE,73.8,True,True,498,32,48.5,1789707420000,LOW,0.08373,3.11,0.08449000000000001,1.71,2,,,,1,0,0.08449000000000001,0.08404,LOW_SWEEP,11,0.08419,False,False,0.1872,499,native,37.17,NORMAL,35.59,27.33,True,300,63.2,BULL,BOS UP,MIX/HL,MIX/HL,TR UP,80.0,True,True,498,34,93.1,1789703100000,LOW,0.08223,9.04,,,,0.07986,19.8,2,0,1,0.08448,0.07986,HIGH_SWEEP,18,0.08459,False,False,0.2615,499,native,60.05,NORMAL,53.71,55.0,True,300,79.8,BULL,BOS UP,HH/HL,HH/HL,TR UP,84.7,True,True,498,21,43.6,1789694100000,LOW,0.08114,8.51,,,,0.080555,10.13,2,0,1,0.08469,0.080555,HIGH_SWEEP,64,0.08179,False,False,0.4296,499,native,88.83,ASIRI,84.7,96.67,True,300,89.8,BULL,BOS UP,HH/HL,LH/LL,TR UP,90.7,True,True,498,4,51.5,1789696800000,LOW,0.08114,4.25,,,,,,,0,0,0.08253,0.08114,HIGH_SWEEP,21,0.08134,False,False,0.8609,499,native,72.84,YORGUN,85.6,92.33,True,300,47.5,BEAR,BOS DN,HH/MIX,LH/MIX,TR DN,73.2,True,True,498,16,26.7,1789473600000,HIGH,0.08616,1.26,,,,0.07835,3.85,2,0,1,0.08616,0.07835,HIGH_SWEEP,20,0.08534,False,False,1.8093,67,1563,634330.49,217217.47,417113.02,48.98,74.49,94.0,UP,1461,158,851547.97,29.6,60.0,1.0,True,9,528871.59,5,123347.0,405524.59,66.9,0.372,0.983,1.0,0.999,886410.98,644637.56,241773.42,15.79,57.9,77.7,UP,3532,467,1531048.54,60.6,300.0,1.0,True,14,659506.49,12,325111.65,334394.84,78.6,0.548,1.0,1.0,1.0,1769419.86,1991613.71,-222193.85,-5.91,47.05,38.2,DOWN,9996,1563,3761033.58,154.7,794.3,0.8825,False,28,1084447.26,39,1232679.09,-148231.82,87.2,0.756,1.0,0.883,1.0,503804.82,469243.6,,39.95,20.34,0.8159,57367.03,0.1284,12319.03,0.0402,-0.0312,UP,1789713360717,SELL,30897.36,0.08436,1789713240000,ok,1.0,1.0,1.0,continuous,1,153,0,,0,0,0,0,False,34,0.08439,0.0844,1.185,-0.515,-0.1842,-0.2398,704684.38,1022963.41,23.11,1789713360779,668,False,,AGGRESSIVE_BUYER,,
2,v2,v1.2,REALF_PY_V4_2_DERIVED,ZPTDIFAT_PY_V1_4_DERIVED,fc-v1,native,,058e38aec59f4c35,20260918_062941,125,LINK_20260918_063604_011,LINKUSDT,BINANCE,FUTURES,TOP100,17,10000,1789713364011,2026-09-18T06:36:04.011+00:00,89,True,1789713364011,1789713364011,57.1,1789713360000,1789713419999,False,4.0,11.817,0.1695,55.0,FAIR (DENGE),True,500,57.0,51.6,55.7,53.1,-0.00071,0.8,0.39,0.00195,0.693,1.18,61.0,50.0,3.5,YOK,5.4,1.0,11.808634702003951,-0.071,CLV_PROXY_1M,0,0.0,100.0,55.0,54.7,54.2,50.9,0.3,0.8,4.1,-0.00071,-0.00029,-0.00034,-0.00106,63.91,60.12,63.2,62.26,3.79,0.71,1.65,73.63,70.67,500,native,63.91,NORMAL,73.63,70.67,True,300,86.7,BULL,BOS UP,HH/HL,MIX/HL,RANGE,93.4,True,True,499,14,60.8,1789712520000,LOW,11.74,5.61,,,,11.377500000000001,32.05,2,0,1,11.811,11.377500000000001,HIGH_SWEEP,19,11.779,False,False,0.1162,499,native,78.45,YORGUN,85.02,92.67,True,300,45.7,BULL,BOS UP,LH/LL,HH/MIX,RANGE,88.3,True,True,498,5,67.9,1789712460000,LOW,11.705,3.95,,,,,,,0,0,11.776,11.705,HIGH_SWEEP,10,11.776,False,False,0.2446,499,native,69.82,NORMAL,85.75,92.0,True,300,62.5,BULL,BOS UP,HH/MIX,LH/LL,TR UP,76.9,True,True,498,34,57.9,1789703100000,LOW,11.337,12.05,,,,,,,0,0,11.817,11.705,HIGH_SWEEP,20,11.802,False,False,0.3393,499,native,64.53,NORMAL,68.03,71.33,True,300,77.6,BULL,BOS UP,HH/HL,HH/HL,TR UP,87.9,True,True,498,29,54.8,1789686900000,LOW,11.25,8.88,,,,11.0905,11.37,2,0,1,11.817,11.0905,HIGH_SWEEP,64,11.34,False,False,0.544,499,native,90.65,ASIRI,88.72,95.33,True,300,83.3,TR-UP,CHOCH UP,HH/HL,MIX/LL,TR-UP,86.0,True,True,498,5,51.0,1789693200000,LOW,11.089,6.06,12.7855,8.02,2,,,,1,0,12.7855,11.25,LOW_SWEEP,37,10.67,False,False,1.0287,499,native,75.96,YORGUN,88.94,93.0,True,300,17.7,BEAR,BOS DN,LH/LL,HH/MIX,RANGE,86.2,True,True,498,15,24.8,1789488000000,HIGH,11.961,0.57,,,,8.062,14.98,2,0,1,11.961,8.062,EQH_SWEEP,83,12.035499999999999,False,False,2.133,160,1285,358998.88,78155.21,280843.67,64.24,82.12,94.7,UP,1103,134,437154.09,41.1,60.0,1.0,True,7,267591.51,0,0.0,267591.51,70.7,0.451,0.91,1.0,0.997,485324.3,183078.94,302245.36,45.22,72.61,93.5,UP,2194,355,668403.24,80.1,300.0,1.0,True,8,290804.49,0,0.0,290804.49,81.3,0.616,0.956,1.0,0.999,1299207.55,807215.24,491992.31,23.36,61.68,85.4,UP,6967,1215,2106422.79,278.2,900.0,1.0,True,24,679084.0,13,236468.92,442615.09,93.6,0.848,1.0,1.0,1.0,265844.47,270176.17,325532.78,24.57,16.85,1.0,87150.66,0.4588,44138.31,0.3302,0.1835,NONE,1789713360690,BUY,16686.04,11.817730372888557,1789713240000,ok,1.0,1.0,1.0,continuous,1,130,0,,0,0,0,0,False,68,11.818,11.819,0.846,-0.076,0.0902,-0.3431,183311.02,152981.37,16.5,1789713363803,208,False,,AGGRESSIVE_BUYER,,
2,v2,v1.2,REALF_PY_V4_2_DERIVED,ZPTDIFAT_PY_V1_4_DERIVED,fc-v1,native,,058e38aec59f4c35,20260918_062941,126,ADA_20260918_063606_591,ADAUSDT,BINANCE,FUTURES,TOP100,19,10000,1789713366591,2026-09-18T06:36:06.591+00:00,89,True,1789713366591,1789713366591,56.7,1789713360000,1789713419999,False,6.6,0.2138,0.0468,45.9,FAIR (DENGE),True,500,45.5,43.0,50.0,47.0,0.00299,0.6,0.82,0.00171,0.617,1.85,56.3,50.0,3.0,YOK,7.0,0.997,0.21444112696830228,0.3,CLV_PROXY_1M,0,0.0,100.0,45.9,40.0,53.1,54.7,5.9,-7.2,-8.8,0.00299,-0.00124,4e-05,-0.00015,64.21,61.85,63.38,58.46,2.36,0.83,5.75,71.02,66.67,500,native,64.21,NORMAL,71.02,66.67,True,300,65.6,TR-UP,CHOCH UP,MIX/HL,MIX/HL,SQZ,75.3,True,True,499,21,50.5,1789712100000,LOW,0.2126,4.34,0.2138,0.0,2,,,,2,0,0.2138,0.213,LOW_SWEEP,77,0.2138,False,False,0.1295,499,native,76.3,YORGUN,80.64,81.33,True,300,21.2,BEAR,BOS DN,LH/LL,MIX/HL,RANGE,86.5,True,True,498,26,70.8,1789708680000,HIGH,0.2173,6.53,,,,,,,0,0,0.2151,0.2121,LOW_SWEEP,46,0.2143,False,False,0.251,499,native,54.78,NORMAL,68.64,69.67,True,300,19.7,TR-DN,CHOCH DN,LH/LL,LH/LL,TR-DN,85.4,True,True,498,9,28.1,1789710600000,HIGH,0.2151,1.74,,,,0.1903,31.42,3,0,1,0.2151,0.1903,HIGH_SWEEP,33,0.2159,False,False,0.3503,499,native,45.67,NORMAL,44.94,40.67,True,300,66.8,BULL,BOS UP,MIX/HL,LH/LL,TR UP,78.2,True,True,498,26,55.4,1789689600000,LOW,0.1997,9.12,0.21739999999999998,2.41,2,0.1972,10.75,2,1,2,0.21739999999999998,0.1972,HIGH_SWEEP,27,0.2027,False,False,0.7191,499,native,86.2,ASIRI,76.54,89.33,True,300,87.0,BULL,BOS UP,HH/HL,HH/HL,EXP UP,84.6,True,True,498,6,53.5,1789689600000,LOW,0.1901,7.62,,,,,,,0,0,0.2042,0.1997,EQH_SWEEP,29,0.19690000000000002,False,False,1.4575,499,native,75.92,YORGUN,88.82,90.33,True,300,41.5,TR-UP,CHOCH UP,LH/LL,LH/LL,TR-UP,84.5,True,True,498,1,52.5,1789689600000,LOW,0.1901,4.37,,,,,,,0,0,0.2159,0.1901,LOW_SWEEP,52,0.2148,False,True,2.5151,2957,1033,215098.41,201480.23,13618.18,3.27,51.63,56.6,UP,618,71,416578.64,11.1,60.0,1.0,True,7,195993.94,3,188070.57,7923.37,48.8,0.181,0.905,1.0,0.951,328790.11,279495.96,49294.15,8.1,54.05,65.9,UP,1394,335,608286.07,20.3,300.0,1.0,True,11,260614.75,5,230036.99,30577.76,59.8,0.289,0.946,1.0,0.99,1045590.89,943091.02,102499.88,5.15,52.58,60.4,UP,4504,942,1988681.91,58.3,900.0,1.0,True,29,788807.96,20,750732.03,38075.93,78.0,0.538,1.0,1.0,0.997,41260.63,-689.28,19047.43,17.38,-7.04,1.0,-3269.39,-0.0186,9385.44,0.0771,0.5411,NONE,1789713360669,BUY,22336.72,0.21390000000000003,1789713240000,ok,1.0,1.0,1.0,continuous,1,68,0,,0,0,0,0,False,102,0.2137,0.2138,4.678,0.968,0.0673,0.0172,2269862.03,1983597.78,91.23,1789713366371,220,False,,,,
2,v2,v1.2,REALF_PY_V4_2_DERIVED,ZPTDIFAT_PY_V1_4_DERIVED,fc-v1,native,,058e38aec59f4c35,20260918_062941,127,LTC_20260918_063609_618,LTCUSDT,BINANCE,FUTURES,TOP100,25,10000,1789713369618,2026-09-18T06:36:09.618+00:00,89,True,1789713369618,1789713369618,56.9,1789713360000,1789713419999,False,9.6,54.93,0.0729,58.5,PRICE AHEAD,True,500,60.5,56.3,58.2,56.1,-0.00246,-0.34,-0.68,0.00141,0.616,1.38,68.3,50.0,-20.3,YOK,4.2,1.0,54.7951787952317,-0.245,CLV_PROXY_1M,0,0.0,100.0,58.5,55.0,53.8,55.5,3.5,4.7,3.0,-0.00246,-0.00069,-0.00072,-0.00051,58.64,58.13,68.36,76.22,0.51,-9.72,-17.58,58.34,63.33,500,native,58.64,NORMAL,58.34,63.33,True,300,73.9,BULL,BOS UP,HH/MIX,LH/LL,TR UP,73.8,True,True,499,9,64.2,1789712820000,LOW,54.78,2.91,,,,54.76,3.3,2,0,2,55.02,54.76,HIGH_SWEEP,33,54.92,False,False,0.0938,499,native,63.59,NORMAL,71.47,77.33,True,300,64.2,BULL,BOS UP,MIX/HL,HH/HL,RANGE,81.4,True,True,498,34,50.6,1789707240000,LOW,54.29,6.1,54.974999999999994,0.43,2,,,,2,0,54.974999999999994,54.78,EQH_SWEEP,3,55.0,False,False,0.1911,499,native,57.35,NORMAL,69.44,66.33,True,300,76.8,BULL,BOS UP,HH/HL,MIX/HL,RANGE,86.1,True,True,498,34,51.2,1789703100000,LOW,54.32,4.24,,,,53.86,7.43,2,0,3,55.0,53.86,HIGH_SWEEP,2,55.0,False,False,0.2624,499,native,73.2,YORGUN,72.41,79.0,True,300,71.1,BULL,BOS UP,MIX/HL,HH/MIX,TR UP,85.7,True,True,498,24,95.3,1789691400000,LOW,53.59,5.85,,,,,,,0,0,53.98,54.29,EQH_SWEEP,26,53.989999999999995,False,False,0.4112,499,native,87.64,ASIRI,87.73,95.33,True,300,88.0,BULL,BOS UP,HH/HL,HH/HL,TR UP,83.5,True,True,498,6,68.8,1789689600000,LOW,52.46,5.66,,,,,,,0,0,54.0,52.46,HIGH_SWEEP,21,52.81,False,False,0.7963,499,native,81.3,YORGUN,89.2,93.0,True,300,51.6,TR-DN,CHOCH DN,HH/MIX,LH/LL,TR-DN,72.3,True,True,498,14,38.2,1789502400000,HIGH,55.24,0.36,,,,,,,0,0,55.24,50.13,HIGH_SWEEP,30,54.28,False,False,1.559,837,629,63063.33,12346.02,50717.31,67.26,83.63,94.8,UP,210,38,75409.35,9.1,60.0,1.0,True,4,47443.54,0,0.0,47443.54,42.7,0.153,0.719,1.0,0.986,156213.69,163641.54,-7427.84,-2.32,48.84,45.3,FLAT,1029,173,319855.23,30.7,300.0,1.0,True,5,80867.7,6,85813.74,-4946.04,65.3,0.38,0.876,1.0,0.997,515937.59,439072.26,76865.33,8.05,54.02,65.8,UP,3207,586,955009.85,79.4,900.0,1.0,True,12,237280.17,13,213122.1,24158.07,82.1,0.614,0.995,1.0,0.999,38509.43,57169.59,60910.5,25.41,10.49,1.0,22879.95,0.4117,-6589.92,-0.103,-0.4016,UP,1789713360333,BUY,10545.19,54.95490749812391,1789713240000,ok,1.0,1.0,1.0,continuous,1,37,0,,0,0,0,0,False,136,54.92,54.93,1.821,-0.904,0.0805,0.0266,737543.68,627584.59,35.5,1789713368917,701,False,,AGGRESSIVE_BUYER,,
2,v2,v1.2,REALF_PY_V4_2_DERIVED,ZPTDIFAT_PY_V1_4_DERIVED,fc-v1,native,,058e38aec59f4c35,20260918_062941,128,AVAX_20260918_063612_407,AVAXUSDT,BINANCE,FUTURES,TOP100,31,5000,1789713372407,2026-09-18T06:36:12.407+00:00,89,True,1789713372407,1789713372407,57.1,1789713360000,1789713419999,False,12.4,7.899,0.038,43.8,FAIR (DENGE),True,500,43.6,37.9,51.1,45.1,0.00408,0.49,0.03,0.00134,0.613,1.94,62.7,50.0,18.4,YOK,13.2,0.926,7.931267527699965,0.409,CLV_PROXY_1M,0,0.0,100.0,43.8,40.6,41.1,41.3,3.2,2.7,2.5,0.00408,-0.00097,-0.00137,-0.00158,66.31,61.4,57.71,55.99,4.91,8.6,10.32,78.25,76.67,500,native,66.31,NORMAL,78.25,76.67,True,300,70.9,BEAR,BOS DN,HH/HL,MIX/HL,SQZ,77.8,True,True,499,56,64.9,1789710000000,HIGH,7.93,4.76,7.9415,6.53,2,,,,1,0,7.9415,7.88,LOW_SWEEP,15,7.873,False,False,0.0824,499,native,61.59,NORMAL,76.02,78.33,True,300,59.1,BULL,BOS UP,MIX/HL,HH/MIX,RANGE,69.2,True,True,498,70,79.7,1789700760000,LOW,7.677,14.27,,,,7.6285,17.4,2,0,1,7.903,7.6285,HIGH_SWEEP,79,7.723,False,False,0.1961,499,native,38.56,NORMAL,50.83,41.67,True,300,60.7,BULL,BOS UP,MIX/HL,MIX/HL,RANGE,74.1,True,True,498,42,66.0,1789700700000,LOW,7.677,9.35,,,,,,,0,0,7.942,7.857,HIGH_SWEEP,47,7.723,False,False,0.2997,499,native,55.75,NORMAL,53.85,49.67,True,300,79.5,BULL,BOS UP,HH/HL,MIX/HL,TR UP,85.4,True,True,498,23,54.9,1789692300000,LOW,7.545,8.39,,,,,,,0,0,7.968,7.584,EQH_SWEEP,23,7.648,False,False,0.534,499,native,87.64,ASIRI,82.25,89.33,True,300,91.4,TR-UP,CHOCH UP,HH/HL,LH/LL,TR-UP,94.6,True,True,498,3,96.7,1789700400000,LOW,7.545,4.38,8.192,3.65,3,7.186,8.84,2,1,1,8.192,7.186,EQL_SWEEP,37,7.186,False,False,1.023,499,native,84.76,ASIRI,90.76,93.0,True,300,78.7,BULL,BOS UP,HH/MIX,HH/MIX,RANGE,76.8,True,True,498,1,80.2,1789689600000,LOW,7.171,4.79,,,,7.173500000000001,4.78,2,0,1,7.8,7.173500000000001,LOW_SWEEP,15,7.243,False,False,1.9116,3375,777,86541.9,53523.71,33018.19,23.57,61.79,85.6,UP,459,63,140065.61,14.9,60.0,1.0,True,3,41338.68,3,35963.24,5375.43,51.4,0.23,0.787,1.0,0.944,185931.57,102982.23,82949.34,28.71,64.36,88.8,UP,1269,212,288913.8,40.6,300.0,1.0,True,7,78492.76,5,47494.75,30998.01,69.4,0.448,0.865,1.0,0.989,569197.58,417173.89,152023.69,15.41,57.71,77.2,UP,4184,719,986371.47,127.6,900.0,1.0,True,25,260040.99,19,240688.18,19352.82,87.5,0.718,0.999,1.0,0.996,24556.18,3723.74,38414.77,3.41,-6.51,1.0,22708.12,0.2809,16359.06,0.2831,0.4321,NONE,1789713360990,SELL,7678.41,7.899593621399178,1789713300000,ok,1.0,1.0,1.0,continuous,1,62,0,,0,0,0,0,False,170,7.898,7.899,1.266,0.186,-0.2623,-0.183,192380.54,329208.5,24.69,1789713371775,632,False,,,,
2,v2,v1.2,REALF_PY_V4_2_DERIVED,ZPTDIFAT_PY_V1_4_DERIVED,fc-v1,native,,058e38aec59f4c35,20260918_062941,129,SUI_20260918_063614_987,SUIUSDT,BINANCE,FUTURES,TOP100,35,5000,1789713374987,2026-09-18T06:36:14.987+00:00,89,True,1789713374987,1789713374987,56.9,1789713360000,1789713419999,False,15.0,0.7789,0.1801,48.4,FAIR (DENGE),True,500,48.3,45.9,51.8,48.6,0.00176,1.12,0.95,0.00211,0.616,2.17,80.3,60.0,10.1,YOK,5.9,0.666,0.7802683535749706,0.176,CLV_PROXY_1M,0,0.0,100.0,48.4,46.5,48.3,49.9,1.9,0.1,-1.5,0.00176,-0.0008,-0.00106,-0.00093,70.74,63.66,59.67,55.85,7.08,11.07,14.89,85.95,90.33,500,native,70.74,NORMAL,85.95,90.33,True,300,73.0,BEAR,BOS DN,HH/HL,HH/HL,RANGE,83.9,True,True,499,49,17.2,1789710420000,HIGH,0.7775,-1.42,,,,,,,0,0,0.7779,0.775,HIGH_SWEEP,14,0.777,False,False,0.1268,499,native,69.64,NORMAL,86.22,92.67,True,300,57.5,BULL,BOS UP,MIX/HL,MIX/HL,RANGE,66.6,True,True,498,56,52.4,1789703280000,LOW,0.7643,6.64,,,,0.7292,22.82,2,0,3,0.7778,0.7292,HIGH_SWEEP,51,0.7849,False,False,0.279,499,native,48.95,NORMAL,72.33,69.33,True,300,60.8,BULL,BOS UP,MIX/HL,MIX/HL,RANGE,74.3,True,True,498,41,48.0,1789701000000,LOW,0.7643,4.75,,,,0.71575,20.45,2,0,2,0.7849,0.71575,HIGH_SWEEP,91,0.7365,False,False,0.3981,499,native,47.79,NORMAL,51.53,41.33,True,300,78.5,BULL,BOS UP,HH/HL,MIX/HL,TR UP,90.8,True,True,498,29,53.6,1789686900000,LOW,0.7287,8.54,,,,0.7289,8.5,2,0,1,0.7899,0.7289,HIGH_SWEEP,58,0.7351,False,False,0.7551,499,native,88.13,ASIRI,76.81,86.33,True,300,83.0,TR-UP,CHOCH UP,HH/HL,HH/MIX,TR-UP,88.9,True,True,498,6,40.0,1789689600000,LOW,0.7157,5.75,0.8336,4.96,2,,,,2,0,0.8336,0.7157,LOW_SWEEP,37,0.6814,False,False,1.4211,499,native,86.46,ASIRI,91.52,95.33,True,300,89.3,TR-UP,CHOCH UP,HH/HL,MIX/HL,TR-UP,85.4,True,True,498,1,97.1,1789689600000,LOW,0.6773,5.38,,,,,,,0,0,0.7479,0.6773,LOW_SWEEP,16,0.692,False,False,2.3923,664,1698,338319.89,185305.24,153014.65,29.22,64.61,89.1,UP,1516,177,523625.13,56.8,60.0,1.0,True,17,292675.16,13,115619.13,177056.03,75.9,0.532,0.93,1.0,0.989,611861.99,364600.19,247261.81,25.32,62.66,86.8,UP,3435,556,976462.18,102.4,300.0,1.0,True,30,454459.07,20,183813.49,270645.58,85.2,0.672,0.997,1.0,0.998,1734652.35,1307113.64,427538.72,14.06,57.03,75.4,UP,10287,1615,3041765.99,163.6,900.0,1.0,True,80,1281882.54,68,834685.11,447197.43,89.9,0.766,1.0,1.0,0.999,78985.55,119846.31,198887.68,-6.88,0.79,1.0,69780.96,0.2668,38136.44,0.1953,0.297,NONE,1789713374323,SELL,9929.47,0.7791,1789713300000,ok,1.0,1.0,1.0,continuous,1,170,0,,0,0,0,0,False,204,0.779,0.7791,1.284,-0.491,-0.1839,-0.154,233518.53,338772.31,25.03,1789713374782,205,False,,,,
2,v2,v1.2,REALF_PY_V4_2_DERIVED,ZPTDIFAT_PY_V1_4_DERIVED,fc-v1,native,,058e38aec59f4c35,20260918_062941,130,AKE_20260918_063617_821,AKEUSDT,BINANCE,FUTURES,TOP100,94,2000,1789713377821,2026-09-18T06:36:17.821+00:00,89,True,1789713377569,1789713377821,56.7,1789713360000,1789713419999,False,17.6,0.022874,-0.4309,54.0,FAIR (DENGE),True,500,53.7,62.5,45.9,50.5,-0.02977,-1.37,-0.0,0.00722,0.578,0.07,32.7,35.0,12.9,YOK,16.6,0.709,0.022202982479951696,-2.934,CLV_PROXY_1M,0,0.0,100.0,54.0,58.8,64.1,76.3,-4.8,-10.1,-22.3,-0.02977,0.00482,0.01309,0.01992,68.46,74.11,83.27,89.85,-5.65,-14.81,-21.39,54.27,57.67,500,native,68.46,NORMAL,54.27,57.67,True,300,89.3,BULL,BOS UP,HH/HL,HH/MIX,TR UP,94.2,True,True,499,13,90.2,1789712580000,LOW,0.021423,5.63,,,,0.021402499999999998,5.71,2,0,1,0.023636,0.021402499999999998,HIGH_SWEEP,34,0.021605,False,False,1.1218,499,native,86.9,ASIRI,75.02,86.0,True,300,92.0,BULL,BOS UP,HH/HL,HH/HL,EXP UP,93.3,True,True,498,5,71.4,1789712460000,LOW,0.021423,4.54,,,,,,,0,0,0.021898,0.021646,LOW_SWEEP,34,0.021228,False,False,1.4106,499,native,89.53,ASIRI,82.36,92.67,True,300,77.8,BULL,BOS UP,MIX/HL,HH/HL,EXP UP,79.7,True,True,498,6,67.7,1789711500000,LOW,0.0214,4.68,,,,,,,0,0,0.02168,0.021423,EQH_SWEEP,34,0.021653,False,False,1.4009,499,native,80.48,YORGUN,89.38,93.33,True,300,42.0,BEAR,BOS DN,LH/MIX,MIX/HL,RANGE,66.1,True,True,498,153,97.0,1789575300000,HIGH,0.028247,12.59,0.029421000000000003,15.34,2,0.0209945,4.37,2,1,3,0.029421000000000003,0.0209945,EQL_SWEEP,56,0.020765,False,False,1.8233,499,native,75.78,YORGUN,94.96,98.0,True,300,70.7,BULL,BOS UP,HH/HL,HH/MIX,RANGE,69.6,True,True,498,74,56.3,1789444800000,LOW,0.014658,9.56,0.029844000000000002,8.07,2,0.012500500000000001,12.07,3,1,2,0.029844000000000002,0.012500500000000001,HIGH_SWEEP,75,0.0165,False,False,3.9837,499,native,41.17,NORMAL,44.61,44.33,True,300,84.7,BULL,BOS UP,HH/HL,MIX/HL,TR UP,90.5,True,True,498,18,80.8,1789444800000,LOW,0.013069,3.85,,,,0.0128725,3.93,2,0,3,0.029888,0.0128725,EQL_SWEEP,67,0.0128725,False,False,11.7969,-21,18930,39773.73,31354.41,8419.32,11.84,55.92,72.1,UP,2728,1473,71128.14,279.5,60.0,1.0,True,3,8573.31,1,2890.87,5682.45,84.6,0.848,0.713,1.0,1.0,314323.46,470396.68,-156073.22,-19.89,40.06,17.7,DOWN,20967,10858,784720.14,334.3,300.0,1.0,True,32,103054.21,43,211641.57,-108587.37,93.8,0.87,0.974,1.0,1.0,577753.9,725545.78,-147791.88,-11.34,44.33,28.7,DOWN,35625,18928,1303299.68,757.2,413.5,0.4594,False,56,190528.66,67,295345.14,-104816.48,83.4,0.938,1.0,0.459,1.0,58935.37,23736.03,,19.77,0.02,0.3928,-46914.91,-0.28,-36893.27,-0.2351,-0.0778,NONE,1789713333083,BUY,3946.66,0.022937843739647443,1789713300000,ok,1.0,1.0,1.0,continuous,2,1280,0,,0,0,0,0,False,258,0.022896,0.022907,4.803,-2.073,0.395,0.274,4482.35,1944.13,10.7,1789713377337,484,False,,BULL_CVD_DIVERGENCE|FATIGUE_EXTREME,,
2,v2,v1.2,REALF_PY_V4_2_DERIVED,ZPTDIFAT_PY_V1_4_DERIVED,fc-v1,native,,058e38aec59f4c35,20260918_062941,131,PONS_20260918_063620_395,PONSUSDT,BINANCE,FUTURES,OUTSIDE100,112,2000,1789713380395,2026-09-18T06:36:20.395+00:00,89,True,1789713380395,1789713380395,56.6,1789713360000,1789713419999,False,20.4,0.7317,0.3016,48.5,FAIR (DENGE),True,500,47.3,51.6,46.4,49.8,-0.00189,0.02,0.43,0.00557,0.596,0.68,4.3,50.0,-9.5,YOK,5.2,0.654,0.73031738864354,-0.189,CLV_PROXY_1M,0,0.0,100.0,48.5,48.6,51.2,57.1,-0.1,-2.7,-8.6,-0.00189,0.00026,0.00155,0.00281,18.9,14.33,15.97,23.52,4.57,2.93,-4.62,32.4,23.0,500,native,18.9,DINLENMIS,32.4,23.0,True,300,25.1,BEAR,BOS DN,LH/MIX,LH/MIX,SQZ,67.6,True,True,499,5,58.1,1789713060000,HIGH,0.7377,2.68,,,,0.7134,8.18,2,0,1,0.7364,0.7134,EQL_SWEEP,6,0.73295,False,False,0.3065,499,native,42.09,NORMAL,40.24,35.33,True,300,26.2,BULL,BOS UP,LH/LL,MIX/HL,RANGE,86.5,True,True,498,75,26.3,1789699860000,LOW,0.6834,9.48,0.7777000000000001,9.03,3,0.63845,18.31,2,1,1,0.7777000000000001,0.63845,HIGH_SWEEP,90,0.6964,False,False,0.6981,499,native,41.82,NORMAL,41.52,38.67,True,300,13.4,BEAR,BOS DN,LH/LL,LH/LL,RANGE,88.2,True,True,498,10,56.1,1789710300000,HIGH,0.7473,2.07,0.7778,6.12,2,,,,1,0,0.7778,0.7235,LOW_SWEEP,8,0.729,False,False,1.0306,499,native,44.85,NORMAL,39.88,35.33,True,300,86.2,BULL,BOS UP,HH/HL,MIX/LL,TR UP,93.8,True,True,498,17,77.8,1789697700000,LOW,0.6551,5.36,,,,,,,0,0,0.7781,0.6551,HIGH_SWEEP,18,0.6959,False,False,1.948,289,native,81.25,YORGUN,70.15,78.07,False,269,88.1,BULL,BOS UP,HH/HL,HH/HL,TR UP,88.8,True,True,288,7,54.7,1789686000000,LOW,0.6099,4.03,,,,,,,0,0,0.6721,0.6099,HIGH_SWEEP,6,0.6721,False,False,4.1259,73,native,83.93,ASIRI,83.69,98.11,False,53,74.7,TR-UP,CHOCH UP,HH/MIX,HH/HL,TR-UP,76.3,True,False,72,1,84.3,1789689600000,LOW,0.5483,3.43,,,,,,,0,0,0.6992,0.5483,LOW_SWEEP,12,0.5821,False,False,6.9476,294,2065,27596.39,24508.75,3087.64,5.93,52.96,61.8,UP,598,201,52105.13,46.0,60.0,1.0,True,2,5741.75,2,5919.36,-177.61,66.3,0.479,0.679,1.0,0.995,131485.8,169530.07,-38044.26,-12.64,43.68,26.7,DOWN,2979,853,301015.87,137.5,300.0,1.0,True,16,55960.88,15,94883.78,-38922.89,84.7,0.733,0.87,1.0,0.999,290753.67,321701.46,-30947.79,-5.05,47.47,39.8,DOWN,6632,2065,612455.13,344.5,827.9,0.9198,False,32,121049.2,34,163976.34,-42927.14,91.6,0.873,0.947,0.92,1.0,-5885.89,-5556.81,,-10.42,-0.49,0.8532,2836.68,0.0639,-7964.19,-0.1323,-0.1839,UP,1789713360339,BUY,3309.59,0.7314,1789713300000,ok,1.0,1.0,1.0,continuous,1,197,0,,0,0,0,0,False,292,0.7312,0.7314,2.735,-0.473,0.0249,-0.0137,30415.68,28937.13,27.35,1789713380188,207,False,,FATIGUE_RESTED_1M,,
2,v2,v1.2,REALF_PY_V4_2_DERIVED,ZPTDIFAT_PY_V1_4_DERIVED,fc-v1,native,,058e38aec59f4c35,20260918_062941,132,SKR_20260918_063622_960,SKRUSDT,BINANCE,FUTURES,OUTSIDE100,227,500,1789713382960,2026-09-18T06:36:22.960+00:00,89,True,1789713382960,1789713382960,56.4,1789713360000,1789713419999,False,23.0,0.019139,0.0261,52.2,FAIR (DENGE),True,500,54.2,46.3,55.7,51.5,0.00176,1.04,0.61,0.00179,0.439,1.18,73.0,55.0,22.9,YOK,9.5,0.529,0.01917280303460616,0.177,CLV_PROXY_1M,0,0.0,100.0,52.2,51.9,51.5,47.9,0.3,0.7,4.3,0.00176,-0.00138,-0.00173,-0.00147,83.68,81.81,75.32,63.61,1.87,8.36,20.07,85.35,94.33,500,native,83.68,ASIRI,85.35,94.33,True,300,94.7,BULL,BOS UP,HH/HL,HH/HL,TR UP,95.8,True,True,499,4,85.4,1789713120000,LOW,0.019028,3.52,0.019363,7.1,2,,,,1,0,0.019363,0.019028,EQH_SWEEP,45,0.0189665,False,False,0.1649,499,native,69.56,NORMAL,73.64,76.0,True,300,68.9,BULL,BOS UP,HH/MIX,MIX/HL,TR UP,70.0,True,True,498,13,36.3,1789711020000,LOW,0.018839,5.15,0.020296500000000002,19.97,2,0.0188425,5.09,2,1,1,0.020296500000000002,0.0188425,LOW_SWEEP,23,0.018846,False,False,0.3032,499,native,78.68,YORGUN,80.83,85.67,True,300,90.9,BULL,BOS UP,HH/HL,HH/MIX,RANGE,88.8,True,True,498,7,88.7,1789711200000,LOW,0.018839,4.0,0.020296500000000002,15.48,2,,,,1,0,0.020296500000000002,0.018839,LOW_SWEEP,25,0.018732,False,False,0.3912,499,native,79.38,YORGUN,92.88,95.0,True,300,74.6,BULL,BOS UP,MIX/HL,MIX/HL,SQZ,69.3,True,True,498,1,49.0,1789712100000,LOW,0.018719,2.86,,,,0.017547,10.88,2,0,2,0.019011,0.017547,HIGH_SWEEP,35,0.019329,False,False,0.7671,499,native,44.35,NORMAL,53.96,64.33,True,300,39.3,BULL,BOS UP,LH/LL,HH/MIX,RANGE,84.4,True,True,498,21,72.8,1789635600000,LOW,0.017378,4.63,0.025375500000000002,16.42,2,,,,1,0,0.025375500000000002,0.018321,LOW_SWEEP,6,0.018554,False,False,2.0012,499,native,73.49,YORGUN,69.53,78.0,True,300,72.9,BULL,BOS UP,HH/HL,HH/HL,TR UP,83.6,True,True,498,114,36.2,1788062400000,LOW,0.008858,11.59,,,,0.017043000000000003,2.36,2,0,1,0.020299,0.017043000000000003,HIGH_SWEEP,4,0.019684,False,False,4.7097,233,536,2703.2,1021.75,1681.45,45.14,72.57,93.5,UP,72,49,3724.96,12.8,60.0,1.0,True,2,1411.82,0,0.0,1411.82,39.9,0.204,0.393,1.0,0.996,15825.71,5160.47,10665.23,50.82,75.41,94.1,UP,341,239,20986.18,60.9,300.0,1.0,True,5,8497.63,1,518.77,7978.85,66.8,0.549,0.58,1.0,0.999,28836.95,13247.75,15589.19,37.04,68.52,92.0,UP,712,503,42084.7,126.5,900.0,1.0,True,10,13736.6,4,2952.76,10783.84,77.1,0.717,0.656,1.0,1.0,1238.55,1942.44,1582.49,-14.75,0.92,1.0,938.87,0.4993,1511.85,0.3602,0.5978,NONE,1789713360573,BUY,663.35,0.019162,1789713300000,ok,1.0,1.0,1.0,continuous,1,49,0,,0,0,0,0,False,326,0.019143,0.019153,5.222,-1.639,0.3127,0.3776,7228.44,3784.66,17.76,1789713382748,212,False,,FATIGUE_EXTREME|AGGRESSIVE_BUYER,,
2,v2,v1.2,REALF_PY_V4_2_DERIVED,ZPTDIFAT_PY_V1_4_DERIVED,fc-v1,native,,058e38aec59f4c35,20260918_062941,133,PROM_20260918_063625_538,PROMUSDT,BINANCE,FUTURES,OUTSIDE100,266,1000,1789713385538,2026-09-18T06:36:25.538+00:00,89,True,1789713385523,1789713385538,56.2,1789713360000,1789713419999,False,25.5,5.416,0.0739,64.1,PRICE AHEAD,True,500,67.7,59.0,66.3,56.1,-0.00436,-0.33,-1.35,0.00243,0.553,0.84,39.7,75.0,-31.0,YOK,8.8,1.0,5.392449511727159,-0.435,CLV_PROXY_1M,0,0.0,100.0,64.1,59.3,59.1,57.7,4.8,5.0,6.4,-0.00436,-0.00116,-0.0028,-0.00287,38.1,38.36,43.64,33.79,-0.26,-5.54,4.31,37.28,38.0,500,native,38.1,NORMAL,37.28,38.0,True,300,29.5,BEAR,BOS DN,LH/MIX,LH/LL,TR DN,83.0,True,True,499,23,81.2,1789711980000,HIGH,5.541,14.6,,,,5.41,0.7,2,0,1,5.439,5.41,LOW_SWEEP,21,5.427,False,False,0.1582,499,native,28.42,DINLENMIS,36.87,36.33,True,300,15.1,TR-DN,CHOCH DN,LH/LL,LH/MIX,TR-DN,91.5,True,True,498,8,59.2,1789711920000,HIGH,5.541,6.67,,,,5.3934999999999995,1.2,2,0,1,5.541,5.3934999999999995,HIGH_SWEEP,46,5.589,False,False,0.3465,499,native,15.38,DINLENMIS,20.69,15.33,True,300,44.4,TR-DN,CHOCH DN,MIX/HL,LH/LL,TR-DN,75.6,True,True,498,5,58.5,1789711800000,HIGH,5.541,5.04,,,,5.3919999999999995,0.97,2,0,2,5.541,5.3919999999999995,HIGH_SWEEP,28,5.589,False,False,0.4583,499,native,28.65,DINLENMIS,17.65,11.0,True,300,59.7,TR-DN,CHOCH DN,HH/HL,MIX/HL,TR-DN,88.0,True,True,498,2,54.5,1789711200000,HIGH,5.594,4.13,5.7285,7.25,2,5.4015,0.34,2,2,1,5.7285,5.4015,LOW_SWEEP,171,5.332,False,False,0.7958,499,native,53.86,NORMAL,31.21,24.67,True,300,59.0,BEAR,BOS DN,MIX/HL,MIX/HL,SQZ,69.1,True,True,498,46,75.0,1789545600000,HIGH,5.729,3.72,5.8375,5.01,3,4.906499999999999,6.06,2,2,1,5.8375,4.906499999999999,EQL_SWEEP,94,5.5815,False,False,1.5355,499,native,47.83,NORMAL,47.95,38.0,True,300,26.5,BULL,BOS UP,LH/LL,MIX/HL,SQZ,85.6,True,True,498,58,11.5,1788868800000,LOW,4.913,2.73,,,,4.4025,5.51,2,0,2,5.659,4.4025,HIGH_SWEEP,57,5.986,False,False,3.3065,1109,680,2255.4,1727.58,527.82,13.25,56.63,74.2,UP,109,42,3982.97,14.6,60.0,1.0,True,0,0.0,0,0.0,0.0,41.8,0.226,0.4,1.0,0.982,6356.86,13589.34,-7232.48,-36.26,31.87,8.2,DOWN,413,195,19946.2,17.5,300.0,1.0,True,1,1437.65,4,7327.03,-5889.38,49.3,0.259,0.575,1.0,0.996,28196.35,32003.03,-3806.67,-6.32,46.84,37.4,DOWN,1389,635,60199.38,86.8,900.0,1.0,True,5,7059.74,6,9558.22,-2498.49,74.7,0.634,0.695,1.0,0.999,1885.14,380.37,507.0,28.38,4.48,1.0,-2080.94,-0.4497,-1788.43,-0.4483,-0.1141,NONE,1789713307845,SELL,1095.04,5.412941670785962,1789713300000,ok,1.0,1.0,1.0,continuous,1,42,0,,0,0,0,0,False,360,5.417,5.418,1.846,0.009,0.3318,0.2467,31978.06,16045.09,35.99,1789713385052,486,False,,,,
2,v2,v1.2,REALF_PY_V4_2_DERIVED,ZPTDIFAT_PY_V1_4_DERIVED,fc-v1,native,,058e38aec59f4c35,20260918_062941,134,UAI_20260918_063628_109,UAIUSDT,BINANCE,FUTURES,OUTSIDE100,296,2000,1789713388109,2026-09-18T06:36:28.109+00:00,89,True,1789713388109,1789713388109,56.2,1789713360000,1789713419999,False,28.1,0.4182,0.2157,54.7,FAIR (DENGE),True,500,56.8,53.2,53.8,50.6,-0.00372,1.73,1.46,0.00467,0.663,0.37,7.7,35.0,-2.7,YOK,3.6,1.0,0.41664700650853,-0.371,CLV_PROXY_1M,0,0.0,100.0,54.7,52.2,59.1,53.4,2.5,-4.4,1.3,-0.00372,-0.00079,0.00022,-0.00131,58.68,49.96,31.47,17.4,8.72,27.21,41.28,75.06,88.33,500,native,58.68,NORMAL,75.06,88.33,True,300,8.6,BEAR,BOS DN,LH/LL,MIX/HL,TR DN,96.7,True,True,499,11,90.8,1789712700000,HIGH,0.4198,1.24,0.42315,3.83,2,0.40785,8.0,3,1,2,0.42315,0.40785,HIGH_SWEEP,89,0.4247,False,False,0.3099,499,native,29.57,DINLENMIS,50.63,39.0,True,300,58.2,BULL,BOS UP,MIX/HL,LH/LL,RANGE,66.6,True,True,498,65,61.1,1789701660000,LOW,0.4075,4.12,0.43455,6.5,2,,,,1,0,0.43455,0.4166,LOW_SWEEP,1,0.4166,True,False,0.6102,499,native,30.19,NORMAL,40.17,20.33,True,300,56.0,TR-DN,CHOCH DN,MIX/HL,LH/MIX,TR-DN,72.0,True,True,498,48,58.0,1789698900000,HIGH,0.4354,4.6,,,,0.3559,16.65,3,0,1,0.4232,0.3559,HIGH_SWEEP,101,0.4106,False,False,0.8975,499,native,36.68,NORMAL,37.78,31.67,True,300,69.0,BULL,BOS UP,MIX/HL,MIX/HL,RANGE,79.5,True,True,498,20,30.6,1789695000000,LOW,0.3901,3.75,0.43505,2.25,2,0.3838,4.59,2,2,2,0.43505,0.3838,LOW_SWEEP,173,0.3294,False,False,1.8091,499,native,65.97,NORMAL,57.89,59.0,True,300,86.6,BULL,BOS UP,HH/HL,HH/HL,SQZ,87.3,True,True,498,6,38.6,1789689600000,LOW,0.3838,2.13,,,,,,,0,0,0.4354,0.3838,HIGH_SWEEP,4,0.418,False,False,3.8614,499,native,65.28,NORMAL,73.39,77.67,True,300,18.4,BEAR,BOS DN,LH/LL,HH/HL,RANGE,87.8,True,True,498,19,42.0,1789430400000,HIGH,0.5943,4.02,,,,,,,0,0,0.5943,0.322,LOW_SWEEP,20,0.4503,False,False,10.3453,5059,1033,3687.09,1443.79,2243.3,43.72,71.86,93.3,UP,152,64,5130.88,19.5,60.0,1.0,True,0,0.0,0,0.0,0.0,46.2,0.28,0.428,1.0,0.916,45089.01,20744.3,24344.71,36.98,68.49,92.0,UP,1069,386,65833.3,66.7,300.0,1.0,True,4,27059.78,2,7167.19,19892.59,71.9,0.572,0.705,1.0,0.983,66673.89,88738.64,-22064.75,-14.2,42.9,24.4,DOWN,2850,977,155412.52,211.8,900.0,1.0,True,5,29079.5,10,33650.48,-4570.97,85.8,0.809,0.798,1.0,0.994,-1180.92,3109.79,2328.64,-1.42,1.66,1.0,4156.8,0.5099,6002.27,0.4559,0.187,NONE,1789713304006,BUY,2481.35,0.4172436522616445,1789713300000,ok,1.0,1.0,1.0,continuous,1,59,0,,0,0,0,0,False,394,0.418,0.4182,4.784,-0.397,0.0858,-0.1136,15545.86,13087.98,47.84,1789713387900,209,False,,AGGRESSIVE_BUYER,,
2,v2,v1.2,REALF_PY_V4_2_DERIVED,ZPTDIFAT_PY_V1_4_DERIVED,fc-v1,native,,058e38aec59f4c35,20260918_062941,135,BULLA_20260918_063631_128,BULLAUSDT,BINANCE,FUTURES,OUTSIDE100,339,5000,1789713391128,2026-09-18T06:36:31.128+00:00,89,True,1789713390692,1789713391128,56.6,1789713360000,1789713419999,False,30.7,0.10169,0.2761,60.1,PRICE AHEAD,True,500,64.5,54.8,61.6,51.1,-0.00546,0.53,-0.51,0.00561,0.492,0.3,6.3,50.0,-11.5,YOK,9.7,1.0,0.10113656870543954,-0.544,CLV_PROXY_1M,0,0.0,100.0,60.1,57.3,55.4,51.2,2.8,4.7,8.9,-0.00546,-0.00103,-0.00349,-0.00619,56.14,47.85,36.55,47.0,8.29,19.59,9.14,71.72,84.33,500,native,56.14,NORMAL,71.72,84.33,True,300,65.8,BULL,BOS UP,MIX/HL,LH/LL,SQZ,71.7,True,True,499,22,36.2,1789712040000,LOW,0.10068,2.59,0.10206,0.95,3,0.100455,3.17,2,1,2,0.10206,0.100455,EQL_SWEEP,39,0.100455,False,False,0.3839,499,native,59.61,NORMAL,68.22,80.0,True,300,30.8,BULL,BOS UP,LH/LL,HH/HL,TR UP,86.6,True,True,498,37,89.1,1789706700000,LOW,0.096433,6.07,,,,0.0964015,6.11,2,0,2,0.10203,0.0964015,HIGH_SWEEP,23,0.10206,False,False,0.8536,499,native,58.51,NORMAL,65.48,75.0,True,300,48.1,BULL,BOS UP,LH/MIX,LH/LL,TR UP,64.3,True,True,498,22,22.3,1789706700000,LOW,0.09539,5.25,,,,0.10001,1.39,2,0,1,0.10203,0.10001,HIGH_SWEEP,20,0.10114,False,False,1.1764,499,native,75.01,YORGUN,69.77,76.67,True,300,74.6,BEAR,BOS DN,HH/HL,HH/HL,TR DN,88.7,True,True,498,64,27.4,1789655400000,HIGH,0.10999,3.57,0.109785,3.49,2,,,,1,0,0.109785,0.094,LOW_SWEEP,66,0.1007,False,False,2.3168,499,native,65.95,NORMAL,73.63,88.67,True,300,26.8,BULL,BOS UP,LH/LL,MIX/HL,RANGE,84.5,True,True,498,44,42.2,1789552800000,LOW,0.060024,6.41,,,,0.060025499999999996,6.41,2,0,1,0.121362,0.060025499999999996,HIGH_SWEEP,45,0.076341,False,False,6.4384,499,native,57.93,NORMAL,58.13,59.33,True,300,75.0,BULL,BOS UP,HH/MIX,HH/HL,EXP UP,78.0,True,True,498,11,96.7,1789545600000,LOW,0.0675,2.29,,,,0.0154205,5.78,2,0,1,0.139078,0.0154205,HIGH_SWEEP,52,0.085989,False,False,15.2143,1182,1598,3598.25,1189.07,2409.18,50.32,75.16,94.1,UP,212,116,4787.32,32.1,60.0,1.0,True,0,0.0,0,0.0,0.0,52.8,0.391,0.42,1.0,0.98,21223.82,24012.95,-2789.13,-6.17,46.92,37.7,DOWN,1335,733,45236.77,122.9,300.0,1.0,True,0,0.0,0,0.0,0.0,77.1,0.711,0.664,1.0,0.996,45918.23,37962.38,7955.86,9.48,54.74,68.3,UP,2683,1420,83880.61,192.2,900.0,1.0,True,0,0.0,0,0.0,0.0,83.0,0.794,0.731,1.0,0.999,-77.77,-4057.99,5363.55,12.25,-4.37,1.0,2144.91,0.3534,-80.17,-0.0089,-0.1375,UP,,,,,1789713300000,ok,1.0,1.0,1.0,continuous,1,115,0,,0,0,0,0,False,428,0.1016,0.10167,6.887,0.172,-0.015,-0.3162,2871.29,2958.97,22.14,1789713390459,669,False,,AGGRESSIVE_BUYER,,
2,v2,v1.2,REALF_PY_V4_2_DERIVED,ZPTDIFAT_PY_V1_4_DERIVED,fc-v1,native,,058e38aec59f4c35,20260918_062941,136,OG_20260918_063634_120,OGUSDT,BINANCE,FUTURES,OUTSIDE100,523,500,1789713394120,2026-09-18T06:36:34.120+00:00,89,True,1789713393691,1789713394120,57.0,1789713360000,1789713419999,False,33.7,2.75,-0.0727,46.1,FAIR (DENGE),True,500,46.6,42.5,47.7,49.6,0.00297,0.0,0.12,0.00081,0.205,0.12,16.3,50.0,21.3,YOK,5.2,1.0,2.758188074946733,0.298,CLV_PROXY_1M,0,0.0,100.0,46.1,48.3,54.9,44.9,-2.2,-8.8,1.2,0.00297,0.00051,0.00169,-0.00012,39.54,41.39,34.22,39.75,-1.85,5.32,-0.21,40.29,23.33,500,native,39.54,NORMAL,40.29,23.33,True,300,56.5,BULL,BOS UP,EQ/RANGE,LH/MIX,SQZ,68.2,True,True,499,26,66.1,1789711800000,LOW,2.747,1.36,2.754,1.81,2,2.748,0.91,2,1,3,2.754,2.748,HIGH_SWEEP,61,2.76,False,False,0.0801,499,native,39.16,NORMAL,38.76,19.33,True,300,43.6,BULL,BOS UP,LH/MIX,MIX/HL,RANGE,75.1,True,True,498,33,46.9,1789707420000,LOW,2.739,2.34,,,,2.746,0.85,2,0,3,2.756,2.746,HIGH_SWEEP,52,2.746,False,False,0.1711,499,native,35.4,NORMAL,32.66,15.33,True,300,68.6,BULL,BOS UP,MIX/HL,LH/MIX,TR UP,73.6,True,True,498,17,39.4,1789708200000,LOW,2.732,2.79,,,,2.679,11.01,2,0,2,2.756,2.679,HIGH_SWEEP,19,2.759,False,False,0.2343,499,native,60.28,NORMAL,53.63,48.33,True,300,86.3,BULL,BOS UP,HH/HL,HH/HL,TR UP,87.3,True,True,498,6,35.2,1789707600000,LOW,2.679,6.98,,,,2.6635,8.5,2,0,1,2.769,2.6635,HIGH_SWEEP,5,2.759,False,False,0.3699,499,native,90.37,ASIRI,87.68,93.67,True,300,74.4,BULL,BOS UP,MIX/HL,MIX/HL,RANGE,73.4,True,True,498,7,58.0,1789686000000,LOW,2.662,4.45,,,,2.6,7.59,2,0,1,2.7,2.6,HIGH_SWEEP,30,2.712,False,False,0.7193,499,native,78.7,YORGUN,87.43,92.67,True,300,75.1,BULL,BOS UP,MIX/HL,HH/HL,SQZ,73.2,True,True,498,1,52.4,1789689600000,LOW,2.61,3.16,2.9825,5.24,3,2.5975,3.44,2,2,2,2.9825,2.5975,EQH_SWEEP,87,2.9425,False,False,1.6159,15427,62,20.09,6.05,14.04,53.71,76.86,94.3,UP,4,4,26.14,3.9,60.0,1.0,True,0,0.0,0,0.0,0.0,0.0,0.073,0.0,1.0,0.743,1082.27,621.44,460.83,27.05,63.52,87.9,UP,76,19,1703.7,2.5,300.0,1.0,True,1,986.23,0,0.0,986.23,20.5,0.047,0.308,1.0,0.949,1597.1,1360.62,236.48,8.0,54.0,65.7,UP,122,51,2957.72,6.1,900.0,1.0,True,1,986.23,0,0.0,986.23,30.5,0.109,0.368,1.0,0.983,-1009.9,20.09,-78.64,-22.56,0.44,1.0,407.44,1.1283,101.28,0.2972,-0.795,UP,1789713327066,BUY,986.23,2.751,1789713300000,ok,1.0,1.0,1.0,continuous,1,4,0,,0,0,0,0,False,462,2.75,2.752,7.27,-3.5,0.1558,-0.3367,20329.62,14848.45,72.7,1789713392087,2033,False,,,,
2,v2,v1.2,REALF_PY_V4_2_DERIVED,ZPTDIFAT_PY_V1_4_DERIVED,fc-v1,native,,058e38aec59f4c35,20260918_062941,137,ZORA_20260918_063636_697,ZORAUSDT,BINANCE,FUTURES,OUTSIDE100,612,500,1789713396697,2026-09-18T06:36:36.697+00:00,89,True,1789713396697,1789713396697,57.0,1789713360000,1789713419999,False,36.7,0.007873,0.0381,53.0,FAIR (DENGE),True,500,52.8,51.3,55.6,52.8,-0.00063,0.59,0.11,0.00157,0.496,3.19,85.0,55.0,-8.8,YOK,4.3,1.0,0.007868075910850128,-0.063,CLV_PROXY_1M,0,0.0,100.0,53.0,44.8,43.5,51.3,8.2,9.5,1.7,-0.00063,-0.00169,-0.00273,-0.00162,60.98,53.18,38.76,36.5,7.8,22.22,24.48,76.82,84.67,500,native,60.98,NORMAL,76.82,84.67,True,300,46.9,BEAR,BOS DN,MIX/HL,MIX/HL,SQZ,75.3,True,True,499,19,79.6,1789712220000,HIGH,0.007897,2.61,,,,0.007775499999999999,10.61,2,0,1,0.007876,0.007775499999999999,HIGH_SWEEP,26,0.007876,False,True,0.1168,499,native,51.06,NORMAL,56.94,56.33,True,300,83.3,TR-UP,CHOCH UP,HH/HL,MIX/HL,TR-UP,88.6,True,True,498,11,65.3,1789711380000,LOW,0.007827,2.38,,,,,,,0,0,0.007897,0.007842,HIGH_SWEEP,7,0.007876,False,False,0.2454,499,native,55.86,NORMAL,61.62,55.67,True,300,73.8,BULL,BOS UP,HH/MIX,HH/HL,RANGE,74.0,True,True,498,7,63.8,1789711200000,LOW,0.007813,2.25,,,,,,,0,0,0.007897,0.007813,HIGH_SWEEP,4,0.007876,False,False,0.3387,499,native,41.99,NORMAL,42.4,35.67,True,300,82.4,BULL,BOS UP,HH/HL,MIX/HL,TR UP,87.5,True,True,498,20,74.9,1789695000000,LOW,0.007527,6.55,,,,,,,0,0,0.00802,0.007813,LOW_SWEEP,24,0.007571,False,False,0.6729,499,native,78.78,YORGUN,71.79,83.0,True,300,73.8,BEAR,BOS DN,HH/HL,HH/MIX,TR DN,86.4,True,True,498,69,59.5,1789462800000,HIGH,0.007987,0.93,0.009008,9.29,2,0.007187,5.61,2,1,1,0.009008,0.007187,LOW_SWEEP,126,0.008102,False,False,1.5567,499,native,71.47,NORMAL,76.93,86.0,True,300,18.0,TR-DN,CHOCH DN,LH/LL,LH/LL,TR-DN,90.3,True,True,498,16,65.9,1789473600000,HIGH,0.008968,4.14,,,,0.0058755000000000005,7.55,2,0,2,0.008336,0.0058755000000000005,HIGH_SWEEP,29,0.008437,False,False,3.3227,92,316,5622.62,2096.06,3526.56,45.69,72.84,93.6,UP,101,26,7718.68,6.9,60.0,1.0,True,4,5299.47,1,842.21,4457.26,34.3,0.121,0.472,1.0,0.998,7709.09,2408.23,5300.86,52.39,76.2,94.2,UP,208,91,10117.32,11.1,300.0,1.0,True,5,5946.91,1,842.21,5104.7,41.1,0.181,0.501,1.0,1.0,13199.36,12077.3,1122.06,4.44,52.22,59.0,UP,540,263,25276.65,38.8,900.0,1.0,True,5,5946.91,8,6985.9,-1038.99,61.6,0.437,0.601,1.0,1.0,3287.16,3860.76,3904.28,-4.28,1.58,1.0,1167.75,0.4176,912.0,0.4507,0.4587,NONE,1789713396605,SELL,842.21,0.007867,1789713300000,ok,1.0,1.0,1.0,continuous,1,26,0,,0,0,0,0,False,496,0.007874,0.007875,1.27,-0.004,0.2405,0.1286,17369.81,10635.78,26.03,1789713396488,209,False,,AGGRESSIVE_BUYER,,
2,v2,v1.2,REALF_PY_V4_2_DERIVED,ZPTDIFAT_PY_V1_4_DERIVED,fc-v1,native,,058e38aec59f4c35,20260918_062941,138,TNSR_20260918_063639_264,TNSRUSDT,BINANCE,FUTURES,OUTSIDE100,738,200,1789713399264,2026-09-18T06:36:39.264+00:00,89,True,1789713399264,1789713399264,57.0,1789713360000,1789713419999,False,39.3,0.03516,0.1139,48.0,FAIR (DENGE),True,500,48.6,47.0,48.0,48.3,0.0012,0.24,0.76,0.00152,0.583,2.92,73.3,55.0,-17.7,YOK,1.5,1.0,0.03520214953217941,0.12,CLV_PROXY_1M,0,0.0033,99.7,48.0,54.3,56.3,58.5,-6.3,-8.3,-10.5,0.0012,0.00116,0.00132,0.00126,43.51,42.08,50.63,56.44,1.43,-7.12,-12.93,47.53,45.33,500,native,43.51,NORMAL,47.53,45.33,True,300,87.2,BULL,BOS UP,HH/HL,HH/HL,RANGE,87.4,True,True,499,6,45.0,1789713000000,LOW,0.03507,3.1,,,,0.03507,3.1,2,0,1,0.03521,0.03507,HIGH_SWEEP,8,0.03515,False,False,0.0826,499,native,51.73,NORMAL,60.61,59.67,True,300,59.1,BULL,BOS UP,LH/MIX,HH/MIX,RANGE,67.3,True,True,498,5,70.7,1789712460000,LOW,0.03507,1.33,,,,0.03507,1.33,3,0,1,0.03517,0.03507,HIGH_SWEEP,3,0.03517,False,False,0.1922,499,native,45.8,NORMAL,54.8,51.67,True,300,58.7,BULL,BOS UP,MIX/HL,LH/MIX,RANGE,68.0,True,True,498,42,51.5,1789700700000,LOW,0.03481,3.67,,,,0.03454,6.5,2,0,2,0.03536,0.03454,HIGH_SWEEP,47,0.03498,False,False,0.2715,499,native,39.52,NORMAL,38.91,36.0,True,300,84.3,BULL,BOS UP,HH/HL,MIX/HL,RANGE,93.4,True,True,498,19,59.8,1789695900000,LOW,0.03454,3.43,,,,0.034375,4.34,2,0,1,0.03583,0.034375,HIGH_SWEEP,16,0.03497,False,False,0.5142,499,native,74.67,YORGUN,60.33,69.0,True,300,74.8,BULL,BOS UP,MIX/HL,MIX/HL,TR UP,73.8,True,True,498,5,52.8,1789693200000,LOW,0.03405,2.83,,,,,,,0,0,0.03497,0.03438,LOW_SWEEP,36,0.03304,False,False,1.1171,499,native,78.24,YORGUN,77.91,87.33,True,300,76.4,BULL,BOS UP,HH/MIX,HH/HL,RANGE,71.9,True,True,498,1,56.6,1789689600000,LOW,0.03258,3.32,0.037065,2.45,2,0.029225,7.64,2,1,1,0.037065,0.029225,EQH_SWEEP,59,0.037065,False,False,2.178,2671,120,1201.06,537.82,663.23,38.14,69.07,92.3,UP,55,12,1738.88,6.9,60.0,1.0,True,3,964.41,1,257.72,706.69,30.2,0.122,0.31,1.0,0.955,1280.67,1195.68,84.99,3.43,51.72,57.0,UP,88,26,2476.35,8.2,300.0,1.0,True,3,964.41,2,811.31,153.1,33.2,0.141,0.348,1.0,0.991,3237.36,3907.09,-669.73,-9.37,45.31,31.9,DOWN,241,110,7144.45,23.0,900.0,1.0,True,5,1867.27,5,2497.56,-630.3,50.0,0.315,0.463,1.0,0.997,706.76,475.01,635.93,34.53,21.43,1.0,15.48,0.0191,-55.3,-0.1117,0.6569,NONE,1789713396593,SELL,257.72,0.03513,1789713300000,ok,1.0,1.0,1.0,continuous,1,12,0,,0,0,0,0,False,530,0.03512,0.03514,5.693,2.347,0.0714,0.0829,19624.66,17009.58,56.93,1789713398270,994,False,,,,
2,v2,v1.2,REALF_PY_V4_2_DERIVED,ZPTDIFAT_PY_V1_4_DERIVED,fc-v1,native,,058e38aec59f4c35,20260918_062941,139,VELVET_20260918_063641_839,VELVETUSDT,BINANCE,FUTURES,OUTSIDE100,761,200,1789713401839,2026-09-18T06:36:41.839+00:00,89,True,1789713401823,1789713401839,57.0,1789713360000,1789713419999,False,41.8,0.05579,0.2876,72.9,STRONG AHEAD,True,500,76.6,68.1,74.7,64.3,-0.01013,0.64,-0.63,0.00218,0.397,0.93,78.0,75.0,-30.2,YOK,8.5,1.0,0.055227735938106724,-1.008,CLV_PROXY_1M,0,0.0,100.0,72.9,70.2,65.4,61.5,2.7,7.5,11.4,-0.01013,-0.00213,-0.00324,-0.00371,36.5,27.56,27.05,25.57,8.94,9.45,10.93,55.68,61.33,500,native,36.5,NORMAL,55.68,61.33,True,300,47.6,TR-DN,CHOCH DN,HH/MIX,LH/LL,TR-DN,73.3,True,True,499,10,60.6,1789712760000,HIGH,0.05615,2.66,0.056855,7.86,2,0.055404999999999996,2.84,2,1,1,0.056855,0.055404999999999996,EQL_SWEEP,64,0.055625,False,False,0.2437,499,native,49.49,NORMAL,63.67,71.0,True,300,63.9,BEAR,BOS DN,HH/HL,HH/MIX,RANGE,81.8,True,True,498,23,40.9,1789709220000,HIGH,0.05649,2.54,,,,,,,0,0,0.05615,0.05556,LOW_SWEEP,3,0.05556,False,False,0.4467,499,native,43.31,NORMAL,51.59,49.0,True,300,17.3,BEAR,BOS DN,LH/LL,HH/HL,RANGE,83.3,True,True,498,14,49.3,1789709100000,HIGH,0.05671,2.95,,,,0.0515,14.12,2,0,1,0.05649,0.0515,HIGH_SWEEP,26,0.05618,False,False,0.5489,499,native,35.21,NORMAL,40.08,34.67,True,300,85.4,BULL,BOS UP,HH/HL,HH/MIX,RANGE,84.2,True,True,498,8,44.5,1789705800000,LOW,0.05548,0.55,,,,0.0515,7.55,3,0,1,0.05671,0.0515,HIGH_SWEEP,7,0.05649,False,False,1.0214,499,native,35.25,NORMAL,31.58,33.67,True,300,70.4,BULL,BOS UP,HH/MIX,LH/LL,TR UP,75.1,True,True,498,14,40.8,1789660800000,LOW,0.0494,4.85,,,,,,,0,0,0.06014,0.0494,HIGH_SWEEP,13,0.05886,False,False,2.3885,499,native,79.05,YORGUN,67.51,85.0,True,300,48.0,BEAR,BOS DN,MIX/HL,HH/HL,TR DN,65.7,True,True,498,16,34.6,1789473600000,HIGH,0.0633,2.93,,,,,,,0,0,0.0536,0.0494,HIGH_SWEEP,6,0.0536,False,False,4.6002,4378,1077,9981.94,10257.47,-275.53,-1.36,49.32,47.2,FLAT,360,133,20239.41,25.7,60.0,1.0,True,14,9509.84,4,9495.0,14.84,54.6,0.339,0.577,1.0,0.927,27165.41,15588.36,11577.06,27.08,63.54,87.9,UP,784,340,42753.77,48.6,300.0,1.0,True,23,24967.29,8,13167.52,11799.77,66.3,0.493,0.658,1.0,0.985,62871.56,40906.38,21965.18,21.17,60.58,83.5,UP,1999,968,103777.94,67.8,900.0,1.0,True,43,56341.83,29,32327.37,24014.46,73.6,0.576,0.754,1.0,0.995,-9046.44,-3043.66,-5153.94,-28.21,-13.18,1.0,3442.55,0.2733,2462.82,0.288,0.6059,NONE,1789713397169,BUY,964.97,0.05584299710648148,1789713300000,ok,1.0,1.0,1.0,continuous,1,133,0,,0,0,0,0,False,564,0.0558,0.05581,1.792,-0.001,0.4458,-0.1059,19844.71,7606.66,34.94,1789713401130,709,False,,REALF_PRICE_AHEAD,,
2,v2,v1.2,REALF_PY_V4_2_DERIVED,ZPTDIFAT_PY_V1_4_DERIVED,fc-v1,native,,058e38aec59f4c35,20260918_062941,140,ZKC_20260918_063644_408,ZKCUSDT,BINANCE,FUTURES,OUTSIDE100,1142,200,1789713404408,2026-09-18T06:36:44.408+00:00,89,True,1789713404408,1789713404408,57.0,1789713360000,1789713419999,False,44.4,0.03837,-0.0261,50.7,FAIR (DENGE),True,500,50.5,49.2,53.3,50.6,0.00041,0.21,-0.21,0.00158,0.432,1.81,72.0,40.0,9.3,YOK,4.1,0.607,0.038385754844159035,0.041,CLV_PROXY_1M,0,0.0,100.0,50.7,43.3,41.9,48.1,7.4,8.8,2.6,0.00041,-0.00175,-0.00263,-0.00141,34.93,28.98,23.73,24.59,5.95,11.2,10.34,48.01,50.67,500,native,34.93,NORMAL,48.01,50.67,True,300,56.2,BULL,BOS UP,MIX/HL,HH/MIX,SQZ,71.4,True,True,499,43,38.3,1789710780000,LOW,0.03831,1.24,,,,,,,0,0,0.03846,0.03835,LOW_SWEEP,1,0.03835,True,False,0.1259,499,native,34.46,NORMAL,39.88,35.0,True,300,32.0,BULL,BOS UP,LH/LL,MIX/LL,RANGE,84.8,True,True,498,33,58.8,1789707420000,LOW,0.03801,3.95,,,,0.03749,9.66,2,0,1,0.03855,0.03749,HIGH_SWEEP,31,0.03865,False,False,0.2374,499,native,30.6,NORMAL,32.89,28.33,True,300,68.0,BULL,BOS UP,MIX/HL,LH/LL,RANGE,74.3,True,True,498,20,50.4,1789707300000,LOW,0.03801,2.76,,,,,,,0,0,0.03855,0.03831,HIGH_SWEEP,19,0.03869,False,False,0.341,499,native,47.1,NORMAL,40.7,41.33,True,300,88.3,BULL,BOS UP,HH/HL,HH/HL,RANGE,90.3,True,True,498,7,52.3,1789706700000,LOW,0.03789,1.78,0.049025,39.49,2,0.037065,4.84,2,1,1,0.049025,0.037065,LOW_SWEEP,152,0.03752,False,False,0.7041,499,native,73.6,YORGUN,63.97,73.0,True,300,58.0,BEAR,BOS DN,MIX/HL,HH/HL,TR DN,64.1,True,True,498,53,61.2,1789520400000,HIGH,0.04772,16.69,0.05792,34.9,2,,,,1,0,0.05792,0.03718,EQH_SWEEP,6,0.03827,False,False,1.4589,499,native,43.7,NORMAL,51.0,57.67,True,300,15.6,BEAR,BOS DN,LH/LL,LH/MIX,TR DN,90.7,True,True,498,18,73.5,1789444800000,HIGH,0.04904,8.48,,,,0.036074999999999996,1.82,2,0,1,0.03878,0.036074999999999996,HIGH_SWEEP,1,0.03878,True,False,3.2744,7794,392,2678.05,701.0,1977.05,58.51,79.25,94.6,UP,93,46,3379.04,7.3,60.0,1.0,True,3,2220.03,0,0.0,2220.03,32.5,0.128,0.382,1.0,0.87,4938.46,2036.64,2901.82,41.6,70.8,93.0,UP,284,149,6975.1,24.2,300.0,1.0,True,7,3345.43,0,0.0,3345.43,50.5,0.326,0.461,1.0,0.974,15161.16,18086.75,-2925.6,-8.8,45.6,32.9,DOWN,744,358,33247.91,17.3,900.0,1.0,True,16,11007.76,10,13231.97,-2224.21,50.6,0.257,0.63,1.0,0.991,1107.63,2148.65,1346.3,-5.92,10.95,1.0,1001.54,0.5404,513.35,0.368,-0.204,UP,1789713360560,BUY,554.83,0.03841,1789713300000,ok,1.0,1.0,1.0,continuous,1,45,0,,0,0,0,0,False,598,0.03836,0.03838,5.212,2.341,-0.0256,0.279,20350.61,21419.97,52.12,1789713403569,839,False,,AGGRESSIVE_BUYER,,
2,v2,v1.2,REALF_PY_V4_2_DERIVED,ZPTDIFAT_PY_V1_4_DERIVED,fc-v1,native,,058e38aec59f4c35,20260918_062941,141,ETH_20260918_063650_688,ETHUSDT,BINANCE,FUTURES,TOP100,2,75000,1789713410688,2026-09-18T06:36:50.688+00:00,89,True,1789713410441,1789713410688,57.6,1789713360000,1789713419999,False,50.4,2482.76,0.0548,58.2,PRICE AHEAD,True,500,59.6,55.0,59.3,57.8,-0.0013,-0.06,-0.47,0.00133,0.69,2.55,88.0,70.0,-14.2,YOK,4.6,1.0,2479.545313655512,-0.129,CLV_PROXY_1M,0,0.0,100.0,58.2,55.3,53.6,57.3,2.9,4.6,0.9,-0.0013,-0.00035,-0.00066,-0.00069,27.47,25.61,34.7,38.61,1.86,-7.23,-11.14,35.16,24.0,500,native,27.47,DINLENMIS,35.16,24.0,True,300,85.0,BULL,BOS UP,HH/HL,LH/LL,SQZ,87.7,True,True,499,14,63.9,1789712520000,LOW,2481.26,0.92,,,,2469.0299999999997,8.42,2,0,2,2486.88,2469.0299999999997,HIGH_SWEEP,13,2486.11,False,False,0.0657,499,native,47.35,NORMAL,46.52,42.0,True,300,43.4,BULL,BOS UP,MIX/LL,MIX/HL,RANGE,79.1,True,True,498,34,76.1,1789707240000,LOW,2469.0,3.89,2486.685,1.11,2,,,,1,0,2486.685,2477.52,HIGH_SWEEP,5,2486.49,False,False,0.1424,499,native,44.19,NORMAL,42.75,34.33,True,300,84.8,BULL,BOS UP,HH/HL,MIX/LL,TR UP,91.8,True,True,498,17,61.2,1789708200000,LOW,2469.0,2.81,,,,2365.835,23.89,2,0,1,2492.55,2365.835,HIGH_SWEEP,18,2482.2,False,False,0.1972,499,native,64.92,NORMAL,58.67,58.67,True,300,73.3,BULL,BOS UP,HH/MIX,HH/HL,TR UP,74.1,True,True,498,6,39.9,1789707600000,LOW,2435.39,5.8,,,,2435.74,5.76,2,0,1,2492.55,2435.74,HIGH_SWEEP,5,2484.99,False,False,0.3292,499,native,79.33,YORGUN,85.87,95.67,True,300,73.3,BEAR,BOS DN,HH/HL,HH/MIX,TR DN,84.8,True,True,498,65,44.7,1789477200000,HIGH,2614.99,7.74,,,,,,,0,0,2484.0,2435.39,HIGH_SWEEP,1,2484.0,True,True,0.6888,499,native,65.45,NORMAL,76.38,87.67,True,300,51.7,TR-DN,CHOCH DN,MIX/HL,MIX/HL,TR-DN,70.6,True,True,498,14,32.7,1789502400000,HIGH,2614.99,3.32,,,,1862.655,15.56,2,0,2,2614.99,1862.655,HIGH_SWEEP,38,2522.75,False,False,1.6086,164,5261,6579485.12,4451037.95,2128447.17,19.3,59.65,81.7,UP,5311,1114,11030523.07,54.5,60.0,1.0,True,24,4880042.71,14,2860444.54,2019598.16,77.1,0.522,1.0,1.0,0.997,8844958.67,9324196.43,-479237.76,-2.64,48.68,44.6,FLAT,12725,2970,18169155.1,120.6,300.0,1.0,True,29,5716850.27,22,4025010.33,1691839.94,87.0,0.707,1.0,1.0,0.999,13282121.03,21577487.12,-8295366.09,-23.8,38.1,14.3,DOWN,22786,5261,34859608.15,231.8,492.2,0.5469,False,41,7917219.66,57,13582426.44,-5665206.78,82.0,0.823,1.0,0.547,1.0,3009061.79,3092485.38,,30.94,17.76,0.4802,-188464.31,-0.0365,-313033.34,-0.0861,-0.2218,NONE,1789713396732,BUY,98848.84,2482.08,1789713300000,ok,1.0,1.0,1.0,continuous,2,1050,0,,0,0,0,0,False,652,2482.79,2482.8,0.04,0.003,0.1972,0.2295,340826.76,228550.75,0.83,1789713409798,890,False,,FATIGUE_RESTED_1M,,
2,v2,v1.2,REALF_PY_V4_2_DERIVED,ZPTDIFAT_PY_V1_4_DERIVED,fc-v1,native,,058e38aec59f4c35,20260918_062941,142,BNB_20260918_063653_933,BNBUSDT,BINANCE,FUTURES,TOP100,4,25000,1789713413933,2026-09-18T06:36:53.933+00:00,89,True,1789713413497,1789713413933,58.1,1789713360000,1789713419999,False,53.5,752.83,0.0385,51.9,FAIR (DENGE),True,500,53.6,46.7,54.6,51.7,0.00079,-0.2,-0.44,0.00103,0.754,2.43,77.0,55.0,-24.0,YOK,7.9,0.509,753.4269377117564,0.079,CLV_PROXY_1M,0,0.0,100.0,51.9,50.1,53.2,50.2,1.8,-1.3,1.7,0.00079,-0.00038,-0.00025,-0.00044,17.41,15.53,19.21,20.19,1.88,-1.8,-2.78,25.28,13.67,500,native,17.41,DINLENMIS,25.28,13.67,True,300,43.3,BEAR,BOS DN,HH/MIX,HH/MIX,RANGE,72.1,True,True,499,7,52.5,1789712940000,HIGH,754.74,4.5,,,,735.76,40.25,2,0,1,754.74,735.76,HIGH_SWEEP,14,754.62,False,False,0.0564,499,native,28.29,DINLENMIS,28.52,9.33,True,300,72.3,BULL,BOS UP,HH/MIX,LH/LL,RANGE,74.2,True,True,498,11,53.9,1789711380000,LOW,751.67,1.19,,,,733.985,19.33,2,0,2,755.98,733.985,HIGH_SWEEP,26,753.4,False,False,0.1296,499,native,41.69,NORMAL,36.82,21.67,True,300,71.5,BULL,BOS UP,HH/MIX,HH/MIX,TR UP,80.5,True,True,498,17,50.9,1789708200000,LOW,749.39,2.35,,,,751.405,0.97,2,0,2,755.98,751.405,HIGH_SWEEP,6,755.08,False,False,0.1943,499,native,55.15,NORMAL,53.22,38.33,True,300,78.6,BULL,BOS UP,HH/HL,HH/HL,TR UP,91.5,True,True,498,29,31.8,1789686900000,LOW,733.95,7.36,,,,,,,0,0,754.71,733.95,HIGH_SWEEP,5,754.71,False,False,0.3404,499,native,93.73,ASIRI,89.43,94.33,True,300,72.9,BULL,BOS UP,HH/MIX,HH/MIX,TR UP,76.1,True,True,498,10,47.2,1789675200000,LOW,721.24,6.87,,,,,,,0,0,732.95,721.24,HIGH_SWEEP,18,729.58,False,False,0.6104,499,native,88.78,ASIRI,95.58,95.0,True,300,40.4,BULL,BOS UP,LH/LL,HH/HL,RANGE,86.1,True,True,498,4,31.3,1789646400000,LOW,704.34,5.15,,,,,,,0,0,725.94,704.34,HIGH_SWEEP,6,725.94,False,False,1.2519,125,2148,346905.52,277423.08,69482.45,11.13,55.56,71.0,UP,1349,286,624328.6,51.4,60.0,1.0,True,3,97891.3,4,132323.24,-34431.94,75.0,0.507,0.949,1.0,0.998,606503.91,854625.35,-248121.44,-16.98,41.51,20.8,DOWN,4272,853,1461129.26,110.8,300.0,1.0,True,4,173196.28,8,322928.88,-149732.59,86.2,0.689,1.0,1.0,1.0,979960.67,2225804.97,-1245844.3,-38.86,30.57,7.6,DOWN,11029,2148,3205765.63,266.9,823.7,0.9152,False,5,202386.47,20,748999.78,-546613.31,91.7,0.842,1.0,0.915,1.0,369851.56,156292.5,,42.38,11.62,0.8486,-102509.67,-0.2554,-62055.96,-0.2124,-0.205,NONE,1789713396569,SELL,32184.6,752.68,1789713300000,ok,1.0,1.0,1.0,continuous,1,285,0,,0,0,0,0,False,686,752.82,752.83,0.133,-0.0,-0.1821,-0.2579,101397.48,146552.09,2.72,1789713413251,682,False,,FATIGUE_RESTED_1M,,
2,v2,v1.2,REALF_PY_V4_2_DERIVED,ZPTDIFAT_PY_V1_4_DERIVED,fc-v1,native,,058e38aec59f4c35,20260918_062941,143,XRP_20260918_063657_064,XRPUSDT,BINANCE,FUTURES,TOP100,5,25000,1789713417064,2026-09-18T06:36:57.064+00:00,89,True,1789713416628,1789713417064,58.6,1789713360000,1789713419999,False,56.6,1.3224,0.0984,63.1,PRICE AHEAD,True,500,66.0,59.0,61.7,63.1,-0.00363,0.51,-0.53,0.00157,0.696,4.56,99.3,45.0,-8.9,WHALE SELL L2,7.1,1.0,1.3176118856440362,-0.362,CLV_PROXY_1M,0,0.0,100.0,63.1,53.9,54.2,52.7,9.2,8.9,10.4,-0.00363,-0.00157,-0.00179,-0.00201,56.16,52.02,57.72,57.62,4.14,-1.56,-1.46,65.61,66.33,500,native,56.16,NORMAL,65.61,66.33,True,300,72.7,BEAR,BOS DN,HH/HL,MIX/HL,SQZ,83.2,True,True,499,51,52.6,1789710300000,HIGH,1.3237,1.07,,,,1.3032,15.86,2,0,2,1.3232,1.3032,HIGH_SWEEP,13,1.322,False,True,0.0917,499,native,68.49,NORMAL,74.68,85.0,True,300,29.6,BULL,BOS UP,LH/LL,HH/HL,RANGE,90.5,True,True,498,34,58.0,1789707240000,LOW,1.3133,3.59,,,,,,,0,0,1.3228,1.3164,HIGH_SWEEP,3,1.3228,False,True,0.1897,499,native,57.55,NORMAL,70.83,75.67,True,300,61.5,BULL,BOS UP,MIX/HL,LH/LL,RANGE,74.0,True,True,498,34,67.7,1789703100000,LOW,1.3045,5.23,,,,,,,0,0,1.3228,1.3164,HIGH_SWEEP,2,1.3228,False,True,0.2592,499,native,57.69,NORMAL,56.68,62.33,True,300,76.7,TR-UP,CHOCH UP,HH/HL,MIX/HL,TR-UP,84.3,True,True,498,22,25.8,1789693200000,LOW,1.2867,6.31,,,,,,,0,0,1.3286,1.3133,HIGH_SWEEP,23,1.3002,False,False,0.4261,499,native,80.73,YORGUN,80.46,92.0,True,300,74.1,TR-UP,CHOCH UP,HH/MIX,HH/MIX,TR-UP,74.3,True,True,498,3,82.2,1789700400000,LOW,1.2867,2.94,,,,,,,0,0,1.3201,1.2867,HIGH_SWEEP,1,1.3201,True,False,0.9194,499,native,49.6,NORMAL,58.78,74.67,True,300,47.1,TR-DN,CHOCH DN,HH/MIX,MIX/LL,TR-DN,75.8,True,True,498,15,73.1,1789488000000,HIGH,1.4916,5.32,1.5507,7.18,2,0.98775,10.52,2,1,1,1.5507,0.98775,EQH_SWEEP,57,1.43175,False,False,2.3989,1972,2293,2477704.95,1601124.4,876580.55,21.49,60.75,83.8,UP,4782,472,4078829.35,99.0,60.0,1.0,True,32,1979478.69,19,1062795.82,916682.87,84.6,0.664,1.0,1.0,0.967,2928269.94,2132623.09,795646.85,15.72,57.86,77.6,UP,8471,1013,5060893.02,140.7,300.0,1.0,True,34,2111454.49,21,1137717.84,973736.65,88.5,0.738,1.0,1.0,0.993,5520400.96,4867169.03,653231.93,6.29,53.14,62.5,UP,19540,2293,10387569.98,307.2,808.3,0.8982,False,62,3628556.75,48,2708040.2,920516.55,92.1,0.86,1.0,0.898,0.998,970388.33,880997.42,,26.8,11.62,0.8315,237333.22,0.1505,105315.83,0.104,-0.0397,UP,1789713410446,SELL,32693.6,1.3223,1789713300000,ok,1.0,1.0,1.0,continuous,1,471,0,,0,0,0,0,False,720,1.3224,1.3225,0.756,-0.096,-0.0414,-0.1952,914248.95,993267.99,14.75,1789713416397,667,False,,,,
2,v2,v1.2,REALF_PY_V4_2_DERIVED,ZPTDIFAT_PY_V1_4_DERIVED,fc-v1,native,,058e38aec59f4c35,20260918_062941,144,DOGE_20260918_063700_654,DOGEUSDT,BINANCE,FUTURES,TOP100,12,15000,1789713420654,2026-09-18T06:37:00.654+00:00,89,True,1789713419791,1789713420654,59.2,1789713360000,1789713419999,False,59.8,0.08433,0.1068,59.6,PRICE AHEAD,True,500,61.6,54.8,60.9,59.3,-0.00163,0.54,-0.14,0.00139,0.62,3.51,93.7,55.0,-15.3,WHALE BUY L1,6.8,1.0,0.08419235387314054,-0.163,CLV_PROXY_1M,0,0.0,100.0,59.6,53.6,52.3,53.6,6.0,7.3,6.0,-0.00163,-0.00104,-0.00126,-0.00129,40.68,32.58,35.07,35.87,8.1,5.61,4.81,60.97,56.33,500,native,40.68,NORMAL,60.97,56.33,True,300,62.6,BEAR,BOS DN,HH/HL,MIX/HL,SQZ,83.6,True,True,499,18,38.7,1789712280000,HIGH,0.08443,1.41,0.084395,0.91,2,0.08135,41.95,2,1,1,0.084395,0.08135,EQL_SWEEP,52,0.08419499999999999,False,True,0.0843,499,native,48.78,NORMAL,55.48,48.0,True,300,61.9,BULL,BOS UP,MIX/HL,MIX/HL,RANGE,73.3,True,True,498,33,48.5,1789707420000,LOW,0.08373,3.76,0.08449000000000001,1.25,2,,,,1,0,0.08449000000000001,0.08417,LOW_SWEEP,12,0.08419,False,False,0.1798,499,native,41.57,NORMAL,50.69,41.0,True,300,63.2,BULL,BOS UP,MIX/HL,MIX/HL,TR UP,80.0,True,True,498,34,93.1,1789703100000,LOW,0.08223,9.54,,,,0.07986,20.3,2,0,1,0.08448,0.07986,HIGH_SWEEP,18,0.08459,False,False,0.2615,499,native,60.66,NORMAL,55.61,57.33,True,300,79.8,BULL,BOS UP,HH/HL,HH/HL,TR UP,84.7,True,True,498,21,43.6,1789694100000,LOW,0.08114,8.74,,,,0.080555,10.35,2,0,1,0.08469,0.080555,HIGH_SWEEP,64,0.08179,False,False,0.4296,499,native,89.09,ASIRI,85.94,96.67,True,300,89.8,BULL,BOS UP,HH/HL,LH/LL,TR UP,90.7,True,True,498,4,51.5,1789696800000,LOW,0.08114,4.4,,,,,,,0,0,0.08253,0.08114,HIGH_SWEEP,21,0.08134,False,False,0.8609,499,native,73.07,YORGUN,86.55,92.67,True,300,47.5,BEAR,BOS DN,HH/MIX,LH/MIX,TR DN,73.2,True,True,498,16,26.7,1789473600000,HIGH,0.08616,1.2,,,,0.07835,3.91,2,0,1,0.08616,0.07835,HIGH_SWEEP,20,0.08534,False,False,1.8093,1818,1685,119110.99,340511.5,-221400.51,-48.17,25.91,6.1,DOWN,1199,128,459622.48,27.5,60.0,1.0,True,0,0.0,6,184279.95,-184279.95,64.1,0.355,0.916,1.0,0.97,925983.86,920642.81,5341.04,0.29,50.14,50.6,FLAT,4007,524,1846626.67,77.5,300.0,1.0,True,12,615047.37,17,478494.24,136553.12,81.9,0.608,1.0,1.0,0.994,1882628.51,2293880.21,-411251.7,-9.85,45.08,31.1,DOWN,11091,1685,4176508.73,177.8,853.5,0.9483,False,28,1084447.26,44,1386061.68,-301614.42,89.6,0.781,1.0,0.948,0.998,-670701.86,-268775.05,,-51.9,-9.07,0.8816,87348.07,0.1693,19929.19,0.054,-0.2193,UP,1789713396762,SELL,28835.61,0.08429,1789713300000,ok,1.0,1.0,1.0,continuous,1,122,0,,0,0,0,0,False,22,0.08431,0.08432,1.186,-0.278,0.0692,-0.0332,829309.6,721986.71,23.13,1789713419548,1106,False,,AGGRESSIVE_SELLER,,
2,v2,v1.2,REALF_PY_V4_2_DERIVED,ZPTDIFAT_PY_V1_4_DERIVED,fc-v1,native,,058e38aec59f4c35,20260918_062941,145,LINK_20260918_063703_769,LINKUSDT,BINANCE,FUTURES,TOP100,17,10000,1789713423769,2026-09-18T06:37:03.769+00:00,89,True,1789713423356,1789713423769,59.8,1789713420000,1789713479999,False,3.4,11.82,0.0,55.1,FAIR (DENGE),True,500,57.4,52.4,56.0,50.1,-0.00109,0.74,0.25,0.00195,0.688,0.11,0.3,50.0,24.6,YOK,5.0,1.0,11.807180050065513,-0.108,CLV_PROXY_1M,0,0.0,100.0,55.1,57.0,56.8,50.8,-1.9,-1.7,4.3,-0.00109,-1e-05,-0.00055,-0.00124,68.23,64.62,60.52,63.0,3.61,7.71,5.23,77.35,75.0,500,native,68.23,NORMAL,77.35,75.0,True,300,92.3,BULL,BOS UP,HH/HL,MIX/HL,RANGE,92.9,True,True,499,1,55.7,1789713360000,LOW,11.772,3.18,,,,11.377500000000001,29.32,2,0,1,11.811,11.377500000000001,HIGH_SWEEP,20,11.779,False,False,0.1277,499,native,78.56,YORGUN,85.37,93.0,True,300,45.7,BULL,BOS UP,LH/LL,HH/MIX,RANGE,88.3,True,True,498,5,67.9,1789712460000,LOW,11.705,3.98,,,,,,,0,0,11.776,11.705,HIGH_SWEEP,10,11.776,False,False,0.2446,499,native,69.97,NORMAL,86.44,92.0,True,300,62.5,BULL,BOS UP,HH/MIX,LH/LL,TR UP,76.9,True,True,498,34,57.9,1789703100000,LOW,11.337,12.1,,,,,,,0,0,11.817,11.705,HIGH_SWEEP,20,11.802,False,False,0.3393,499,native,64.59,NORMAL,68.18,71.67,True,300,77.6,BULL,BOS UP,HH/HL,HH/HL,TR UP,87.9,True,True,498,29,54.8,1789686900000,LOW,11.25,8.9,,,,11.0905,11.39,2,0,1,11.817,11.0905,HIGH_SWEEP,64,11.34,False,False,0.544,499,native,90.71,ASIRI,88.84,95.67,True,300,83.3,TR-UP,CHOCH UP,HH/HL,MIX/LL,TR-UP,86.0,True,True,498,5,51.0,1789693200000,LOW,11.089,6.07,12.7855,8.0,2,,,,1,0,12.7855,11.25,LOW_SWEEP,37,10.67,False,False,1.0287,499,native,75.98,YORGUN,89.01,93.0,True,300,17.7,BEAR,BOS DN,LH/LL,HH/MIX,RANGE,86.2,True,True,498,15,24.8,1789488000000,HIGH,11.961,0.56,,,,8.062,14.99,2,0,1,11.961,8.062,EQH_SWEEP,83,12.035499999999999,False,False,2.133,385,1397,190693.16,141724.56,48968.61,14.73,57.37,76.3,UP,987,157,332417.72,39.1,60.0,1.0,True,3,71208.67,3,66322.94,4885.74,69.2,0.439,0.88,1.0,0.994,657856.89,313388.14,344468.75,35.47,67.73,91.6,UP,2961,463,971245.03,113.2,300.0,1.0,True,11,362013.16,3,66322.94,295690.22,86.3,0.694,0.997,1.0,0.999,1464766.85,897543.5,567223.35,24.01,62.01,85.9,UP,7631,1306,2362310.35,301.2,900.0,1.0,True,27,750292.67,16,302791.85,447500.82,94.0,0.858,1.0,1.0,1.0,-231880.02,42218.43,75226.08,-24.76,-4.88,1.0,131529.79,0.4542,74110.44,0.3815,0.0664,NONE,1789713420360,SELL,14386.36,11.82,1789713300000,ok,1.0,1.0,1.0,continuous,1,155,0,,0,0,0,0,False,56,11.82,11.821,0.846,-0.413,-0.0586,-0.0823,163980.27,184396.51,16.5,1789713423116,653,False,,,,
2,v2,v1.2,REALF_PY_V4_2_DERIVED,ZPTDIFAT_PY_V1_4_DERIVED,fc-v1,native,,058e38aec59f4c35,20260918_062941,146,ADA_20260918_063707_340,ADAUSDT,BINANCE,FUTURES,TOP100,19,10000,1789713427340,2026-09-18T06:37:07.340+00:00,89,True,1789713426459,1789713427340,60.7,1789713420000,1789713479999,False,6.5,0.2134,0.0469,46.0,FAIR (DENGE),True,500,44.7,44.5,48.7,50.0,0.0026,-0.59,-0.17,0.00167,0.635,0.01,0.3,40.0,-7.3,YOK,4.1,1.0,0.21395499515884261,0.26,CLV_PROXY_1M,0,0.0,100.0,46.0,44.8,47.1,56.6,1.2,-1.1,-10.6,0.0026,-0.00057,-0.00081,0.00022,49.33,53.89,60.79,61.34,-4.56,-11.46,-12.01,41.26,32.67,500,native,49.33,NORMAL,41.26,32.67,True,300,65.2,TR-UP,CHOCH UP,MIX/HL,MIX/HL,SQZ,75.3,True,True,499,22,50.5,1789712100000,LOW,0.2126,2.61,0.2138,1.3,2,,,,2,0,0.2138,0.213,EQH_SWEEP,1,0.2138,True,False,0.1439,499,native,71.7,NORMAL,66.6,63.0,True,300,21.2,BEAR,BOS DN,LH/LL,MIX/HL,RANGE,86.5,True,True,498,26,70.8,1789708680000,HIGH,0.2173,7.27,,,,,,,0,0,0.2151,0.2121,LOW_SWEEP,46,0.2143,False,False,0.251,499,native,50.9,NORMAL,57.45,52.67,True,300,19.7,TR-DN,CHOCH DN,LH/LL,LH/LL,TR-DN,85.4,True,True,498,9,28.1,1789710600000,HIGH,0.2151,2.27,,,,0.1903,30.89,3,0,1,0.2151,0.1903,HIGH_SWEEP,33,0.2159,False,False,0.3503,499,native,44.37,NORMAL,41.04,35.33,True,300,66.8,BULL,BOS UP,MIX/HL,LH/LL,TR UP,78.2,True,True,498,26,55.4,1789689600000,LOW,0.1997,8.86,0.21739999999999998,2.67,2,0.1972,10.49,2,1,2,0.21739999999999998,0.1972,HIGH_SWEEP,27,0.2027,False,False,0.7191,499,native,85.87,ASIRI,75.57,88.0,True,300,87.0,BULL,BOS UP,HH/HL,HH/HL,EXP UP,84.6,True,True,498,6,53.5,1789689600000,LOW,0.1901,7.49,,,,,,,0,0,0.2042,0.1997,EQH_SWEEP,29,0.19690000000000002,False,False,1.4575,499,native,75.67,YORGUN,87.75,90.0,True,300,41.5,TR-UP,CHOCH UP,LH/LL,LH/LL,TR-UP,84.5,True,True,498,1,52.5,1789689600000,LOW,0.1901,4.28,,,,,,,0,0,0.2159,0.1901,LOW_SWEEP,52,0.2148,False,True,2.5151,1520,1050,51372.28,189576.75,-138204.47,-57.36,21.32,5.5,DOWN,502,70,240949.03,8.3,60.0,1.0,True,1,32016.89,5,149597.98,-117581.1,43.6,0.143,0.845,1.0,0.975,355143.47,456641.36,-101497.9,-12.5,43.75,26.9,DOWN,1713,342,811784.83,26.5,300.0,1.0,True,11,275841.4,10,379634.97,-103793.57,65.0,0.347,0.977,1.0,0.995,1056945.35,1098948.7,-42003.35,-1.95,49.03,46.0,FLAT,4772,967,2155894.06,63.1,900.0,1.0,True,28,782592.15,24,885346.95,-102754.8,79.2,0.558,1.0,1.0,0.998,-151794.03,-150879.76,-144503.23,-30.31,-10.31,1.0,-44309.67,-0.1783,-15432.99,-0.0951,0.6615,DOWN,1789713396662,BUY,32016.89,0.2135,1789713300000,ok,1.0,1.0,1.0,continuous,1,70,0,,0,0,0,0,False,90,0.2133,0.2134,4.687,0.195,0.1135,0.1267,2586972.35,2059621.63,91.4,1789713426201,1139,False,,AGGRESSIVE_SELLER,,
2,v2,v1.2,REALF_PY_V4_2_DERIVED,ZPTDIFAT_PY_V1_4_DERIVED,fc-v1,native,,058e38aec59f4c35,20260918_062941,147,LTC_20260918_063710_904,LTCUSDT,BINANCE,FUTURES,TOP100,25,10000,1789713430904,2026-09-18T06:37:10.904+00:00,89,True,1789713430904,1789713430904,61.3,1789713420000,1789713479999,False,10.9,54.92,0.0182,62.3,PRICE AHEAD,True,500,66.8,58.3,63.3,50.1,-0.0032,0.17,-0.54,0.00137,0.592,0.01,0.3,50.0,-24.7,YOK,8.6,1.0,54.7445808996374,-0.319,CLV_PROXY_1M,0,0.0,100.0,62.3,62.4,53.0,59.2,-0.1,9.3,3.1,-0.0032,-0.0001,-0.00159,-0.00127,56.5,56.52,62.23,72.01,-0.02,-5.73,-15.51,55.08,59.67,500,native,56.5,NORMAL,55.08,59.67,True,300,73.4,BULL,BOS UP,HH/MIX,MIX/HL,TR UP,73.8,True,True,499,10,64.2,1789712820000,LOW,54.78,2.65,,,,54.76,3.03,2,0,2,55.02,54.76,HIGH_SWEEP,34,54.92,False,False,0.0962,499,native,62.68,NORMAL,68.86,73.33,True,300,64.2,BULL,BOS UP,MIX/HL,HH/HL,RANGE,81.4,True,True,498,34,50.6,1789707240000,LOW,54.29,6.01,54.974999999999994,0.52,2,,,,2,0,54.974999999999994,54.78,EQH_SWEEP,3,55.0,False,False,0.1911,499,native,56.51,NORMAL,67.3,62.0,True,300,76.8,BULL,BOS UP,HH/HL,MIX/HL,RANGE,86.1,True,True,498,34,51.2,1789703100000,LOW,54.32,4.17,,,,53.86,7.36,2,0,3,55.0,53.86,HIGH_SWEEP,2,55.0,False,False,0.2624,499,native,73.5,YORGUN,73.42,80.0,True,300,71.1,BULL,BOS UP,MIX/HL,HH/MIX,TR UP,85.7,True,True,498,24,95.3,1789691400000,LOW,53.59,5.89,,,,,,,0,0,53.98,54.29,EQH_SWEEP,26,53.989999999999995,False,False,0.4112,499,native,87.57,ASIRI,87.56,95.0,True,300,88.0,BULL,BOS UP,HH/HL,HH/HL,TR UP,83.5,True,True,498,6,68.8,1789689600000,LOW,52.46,5.64,,,,,,,0,0,54.0,52.46,HIGH_SWEEP,21,52.81,False,False,0.7963,499,native,81.28,YORGUN,89.11,93.0,True,300,51.6,TR-DN,CHOCH DN,HH/MIX,LH/LL,TR-DN,72.3,True,True,498,14,38.2,1789502400000,HIGH,55.24,0.38,,,,,,,0,0,55.24,50.13,HIGH_SWEEP,30,54.28,False,False,1.559,6931,632,6685.41,21573.82,-14888.41,-52.69,23.66,5.7,DOWN,130,25,28259.23,4.4,60.0,1.0,True,0,0.0,0,0.0,0.0,31.2,0.081,0.613,1.0,0.884,149654.9,181441.28,-31786.38,-9.6,45.2,31.5,DOWN,1032,169,331096.18,31.5,300.0,1.0,True,5,80867.7,6,85813.74,-4946.04,65.7,0.387,0.88,1.0,0.977,512294.97,436705.98,75588.99,7.97,53.98,65.6,UP,3192,583,949000.95,78.7,900.0,1.0,True,12,237280.17,12,202698.74,34581.43,81.9,0.612,0.994,1.0,0.992,-65653.47,-24358.54,-1276.34,-60.02,-3.64,1.0,19493.65,0.3287,1995.44,0.0301,-0.5291,UP,1789713360333,BUY,10545.19,54.95490749812391,1789713360000,ok,1.0,1.0,1.0,continuous,1,25,0,,0,0,0,0,False,124,54.91,54.92,1.821,-0.21,0.0325,-0.1858,725017.5,679381.86,35.51,1789713429811,1093,False,,AGGRESSIVE_SELLER,,
2,v2,v1.2,REALF_PY_V4_2_DERIVED,ZPTDIFAT_PY_V1_4_DERIVED,fc-v1,native,,058e38aec59f4c35,20260918_062941,148,AVAX_20260918_063713_620,AVAXUSDT,BINANCE,FUTURES,TOP100,31,5000,1789713433620,2026-09-18T06:37:13.620+00:00,89,True,1789713433605,1789713433620,61.2,1789713420000,1789713479999,False,13.6,7.891,0.0,47.3,FAIR (DENGE),True,500,47.7,40.1,54.2,50.0,0.00329,0.07,-0.57,0.00128,0.602,0.09,0.3,50.0,9.6,YOK,14.1,0.614,7.916973398965818,0.329,CLV_PROXY_1M,0,0.0,100.0,47.3,46.6,42.7,42.2,0.7,4.6,5.1,0.00329,-0.00022,-0.00185,-0.002,58.85,60.2,57.58,56.17,-1.35,1.27,2.68,57.54,51.33,500,native,58.85,NORMAL,57.54,51.33,True,300,70.9,BEAR,BOS DN,HH/HL,MIX/HL,SQZ,77.8,True,True,499,57,64.9,1789710000000,HIGH,7.93,5.54,7.9415,7.17,2,,,,1,0,7.9415,7.88,LOW_SWEEP,16,7.873,False,False,0.0893,499,native,57.69,NORMAL,65.31,60.0,True,300,59.1,BULL,BOS UP,MIX/HL,HH/MIX,RANGE,69.2,True,True,498,70,79.7,1789700760000,LOW,7.677,13.82,,,,7.6285,16.95,2,0,1,7.903,7.6285,HIGH_SWEEP,79,7.723,False,False,0.1961,499,native,36.64,NORMAL,45.28,33.33,True,300,60.7,BULL,BOS UP,MIX/HL,MIX/HL,RANGE,74.1,True,True,498,42,66.0,1789700700000,LOW,7.677,9.05,,,,,,,0,0,7.942,7.857,HIGH_SWEEP,47,7.723,False,False,0.2997,499,native,55.32,NORMAL,52.48,48.0,True,300,79.5,BULL,BOS UP,HH/HL,MIX/HL,TR UP,85.4,True,True,498,23,54.9,1789692300000,LOW,7.545,8.22,,,,,,,0,0,7.968,7.584,EQH_SWEEP,23,7.648,False,False,0.534,499,native,87.46,ASIRI,81.55,89.0,True,300,91.4,TR-UP,CHOCH UP,HH/HL,LH/LL,TR-UP,94.6,True,True,498,3,96.7,1789700400000,LOW,7.545,4.3,8.192,3.74,3,7.186,8.75,2,1,1,8.192,7.186,EQL_SWEEP,37,7.186,False,False,1.023,499,native,84.63,ASIRI,90.13,93.0,True,300,78.7,BULL,BOS UP,HH/MIX,HH/MIX,RANGE,76.8,True,True,498,1,80.2,1789689600000,LOW,7.171,4.74,,,,7.173500000000001,4.72,2,0,1,7.8,7.173500000000001,LOW_SWEEP,15,7.243,False,False,1.9116,523,802,53517.34,70410.59,-16893.25,-13.63,43.18,25.2,DOWN,532,64,123927.92,17.2,60.0,1.0,True,2,27277.88,6,41003.25,-13725.37,53.7,0.256,0.773,1.0,0.991,224620.28,166352.82,58267.46,14.9,57.45,76.5,UP,1623,239,390973.1,52.9,300.0,1.0,True,9,105770.64,11,88498.01,17272.63,74.2,0.514,0.898,1.0,0.998,599341.62,397920.66,201420.96,20.2,60.1,82.6,UP,4368,734,997262.29,146.6,900.0,1.0,True,27,287318.87,22,206524.52,80794.35,88.9,0.746,1.0,1.0,0.999,-49911.44,-20870.52,49397.27,-18.6,-6.43,1.0,10677.9,0.1019,15204.24,0.1944,0.3513,NONE,1789713412480,SELL,6967.51,7.890720271800679,1789713360000,ok,1.0,1.0,1.0,continuous,1,64,0,,0,0,0,0,False,158,7.892,7.893,1.267,0.452,0.0504,-0.005,295127.61,266820.19,24.71,1789713433358,262,False,,,,
2,v2,v1.2,REALF_PY_V4_2_DERIVED,ZPTDIFAT_PY_V1_4_DERIVED,fc-v1,native,,058e38aec59f4c35,20260918_062941,149,SUI_20260918_063716_531,SUIUSDT,BINANCE,FUTURES,TOP100,35,5000,1789713436531,2026-09-18T06:37:16.531+00:00,89,True,1789713436320,1789713436531,61.5,1789713420000,1789713479999,False,16.3,0.7784,0.0257,56.1,FAIR (DENGE),True,500,58.6,49.9,61.1,50.1,5e-05,0.74,-0.03,0.00203,0.577,0.05,0.3,60.0,3.7,YOK,11.3,0.991,0.7784375342053822,0.005,CLV_PROXY_1M,0,0.0,100.0,56.1,55.4,46.3,48.7,0.7,9.8,7.4,5e-05,-0.00016,-0.00297,-0.00252,72.64,68.41,60.79,58.38,4.23,11.85,14.26,82.46,82.67,500,native,72.64,YORGUN,82.46,82.67,True,300,83.6,TR-UP,CHOCH UP,HH/HL,HH/HL,TR-UP,87.5,True,True,499,1,36.2,1789713360000,LOW,0.775,3.15,,,,,,,0,0,0.7779,0.775,HIGH_SWEEP,15,0.777,False,False,0.1388,499,native,68.82,NORMAL,83.17,90.67,True,300,57.5,BULL,BOS UP,MIX/HL,MIX/HL,RANGE,66.6,True,True,498,56,52.4,1789703280000,LOW,0.7643,6.45,,,,0.7292,22.64,2,0,3,0.7778,0.7292,HIGH_SWEEP,51,0.7849,False,False,0.279,499,native,47.47,NORMAL,67.7,63.67,True,300,60.8,BULL,BOS UP,MIX/HL,MIX/HL,RANGE,74.3,True,True,498,41,48.0,1789701000000,LOW,0.7643,4.53,,,,0.71575,20.22,2,0,2,0.7849,0.71575,HIGH_SWEEP,91,0.7365,False,False,0.3981,499,native,47.49,NORMAL,50.68,40.0,True,300,78.5,BULL,BOS UP,HH/HL,MIX/HL,TR UP,90.8,True,True,498,29,53.6,1789686900000,LOW,0.7287,8.47,,,,0.7289,8.44,2,0,1,0.7899,0.7289,HIGH_SWEEP,58,0.7351,False,False,0.7551,499,native,87.97,ASIRI,76.35,85.67,True,300,83.0,TR-UP,CHOCH UP,HH/HL,HH/MIX,TR-UP,88.9,True,True,498,6,40.0,1789689600000,LOW,0.7157,5.69,0.8336,5.03,2,,,,2,0,0.8336,0.7157,LOW_SWEEP,37,0.6814,False,False,1.4211,499,native,86.4,ASIRI,91.25,95.33,True,300,89.3,TR-UP,CHOCH UP,HH/HL,MIX/HL,TR-UP,85.4,True,True,498,1,97.1,1789689600000,LOW,0.6773,5.35,,,,,,,0,0,0.7479,0.6773,LOW_SWEEP,16,0.692,False,False,2.3923,292,1879,159390.13,183219.96,-23829.84,-6.96,46.52,36.2,DOWN,1258,183,342610.09,44.1,60.0,1.0,True,5,101128.6,12,136167.3,-35038.71,71.1,0.469,0.884,1.0,0.995,693169.09,528245.61,164923.49,13.5,56.75,74.6,UP,4131,642,1221414.7,133.7,300.0,1.0,True,30,502851.84,32,319980.79,182871.04,88.1,0.728,1.0,1.0,0.999,1856542.81,1454413.16,402129.65,12.15,56.07,72.6,UP,11116,1731,3310955.97,186.8,900.0,1.0,True,83,1357976.23,78,955915.49,402060.73,90.9,0.789,1.0,1.0,1.0,-183718.81,-79520.78,-28771.43,-18.67,-5.77,1.0,80232.5,0.2321,43901.96,0.1797,-0.0033,NONE,1789713408933,BUY,11101.59,0.7783000000000001,1789713360000,ok,1.0,1.0,1.0,continuous,1,193,0,,0,0,0,0,False,192,0.7784,0.7785,1.285,0.2,-0.1024,0.019,259827.59,319115.71,25.05,1789713436090,441,False,,,,
2,v2,v1.2,REALF_PY_V4_2_DERIVED,ZPTDIFAT_PY_V1_4_DERIVED,fc-v1,native,,058e38aec59f4c35,20260918_062941,150,AKE_20260918_063719_786,AKEUSDT,BINANCE,FUTURES,TOP100,94,2000,1789713439786,2026-09-18T06:37:19.786+00:00,89,True,1789713439246,1789713439786,62.0,1789713420000,1789713479999,False,19.2,0.022843,-0.6264,52.5,FAIR (DENGE),True,500,51.4,62.2,43.9,50.8,-0.02736,-1.87,-0.28,0.00726,0.578,0.21,83.0,40.0,13.4,YOK,18.3,0.503,0.022226413608632648,-2.699,CLV_PROXY_1M,0,0.0,100.0,52.5,56.6,59.9,71.6,-4.1,-7.4,-19.1,-0.02736,0.00563,0.01243,0.02207,63.35,69.5,79.12,87.77,-6.15,-15.77,-24.42,49.11,48.67,500,native,63.35,NORMAL,49.11,48.67,True,300,88.7,BULL,BOS UP,HH/HL,HH/MIX,TR UP,94.2,True,True,499,14,90.2,1789712580000,LOW,0.021423,5.67,,,,0.021402499999999998,5.75,2,0,1,0.023636,0.021402499999999998,HIGH_SWEEP,35,0.021605,False,False,1.0892,499,native,87.32,ASIRI,76.74,86.67,True,300,92.0,BULL,BOS UP,HH/HL,HH/HL,EXP UP,93.3,True,True,498,5,71.4,1789712460000,LOW,0.021423,4.72,,,,,,,0,0,0.021898,0.021646,LOW_SWEEP,34,0.021228,False,False,1.4106,499,native,88.99,ASIRI,80.4,91.33,True,300,77.8,BULL,BOS UP,MIX/HL,HH/HL,EXP UP,79.7,True,True,498,6,67.7,1789711500000,LOW,0.0214,4.46,,,,,,,0,0,0.02168,0.021423,EQH_SWEEP,34,0.021653,False,False,1.4009,499,native,81.02,YORGUN,91.5,94.33,True,300,42.0,BEAR,BOS DN,LH/MIX,MIX/HL,RANGE,66.1,True,True,498,153,97.0,1789575300000,HIGH,0.028247,12.39,0.029421000000000003,15.13,2,0.0209945,4.58,2,1,3,0.029421000000000003,0.0209945,EQL_SWEEP,56,0.020765,False,False,1.8233,499,native,75.75,YORGUN,94.84,98.0,True,300,70.7,BULL,BOS UP,HH/HL,HH/MIX,RANGE,69.6,True,True,498,74,56.3,1789444800000,LOW,0.014658,9.5,0.029844000000000002,8.13,2,0.012500500000000001,12.01,3,1,2,0.029844000000000002,0.012500500000000001,HIGH_SWEEP,75,0.0165,False,False,3.9837,499,native,41.06,NORMAL,44.4,43.67,True,300,84.7,BULL,BOS UP,HH/HL,MIX/HL,TR UP,90.5,True,True,498,18,80.8,1789444800000,LOW,0.013069,3.83,,,,0.0128725,3.91,2,0,3,0.029888,0.0128725,EQL_SWEEP,67,0.0128725,False,False,11.7969,394,20449,27634.91,51451.92,-23817.01,-30.12,34.94,10.5,DOWN,2635,1443,79086.84,141.6,60.0,1.0,True,2,5802.59,4,9933.28,-4130.68,80.4,0.739,0.725,1.0,0.993,291449.75,444801.93,-153352.18,-20.83,39.59,16.8,DOWN,19253,10021,736251.69,294.8,300.0,1.0,True,31,102101.8,41,206557.29,-104455.49,93.0,0.855,0.967,1.0,0.999,606685.04,777530.39,-170845.35,-12.34,43.83,27.1,DOWN,38394,20449,1384215.43,837.5,475.5,0.5283,False,58,196331.25,71,305278.41,-108947.16,86.0,0.944,1.0,0.528,1.0,-28147.41,1972.46,,-18.45,-0.54,0.4616,-19031.75,-0.1709,-34777.47,-0.2362,-0.1905,NONE,1789713427276,SELL,2107.74,0.022921709648302414,1789713360000,ok,1.0,1.0,1.0,continuous,2,1519,0,,0,0,0,0,False,246,0.02284,0.022843,1.313,-0.203,-0.1358,-0.031,1343.74,1766.19,8.97,1789713438997,789,False,,FATIGUE_EXTREME,,
2,v2,v1.2,REALF_PY_V4_2_DERIVED,ZPTDIFAT_PY_V1_4_DERIVED,fc-v1,native,,058e38aec59f4c35,20260918_062941,151,PONS_20260918_063722_921,PONSUSDT,BINANCE,FUTURES,OUTSIDE100,112,2000,1789713442921,2026-09-18T06:37:22.921+00:00,89,True,1789713442512,1789713442921,62.5,1789713420000,1789713479999,False,22.5,0.7305,0.0548,49.1,FAIR (DENGE),True,500,47.6,53.6,46.4,50.0,-0.00426,0.02,0.46,0.00549,0.583,0.17,0.3,50.0,-8.5,YOK,7.2,0.325,0.7273939402900814,-0.425,CLV_PROXY_1M,0,0.0,100.0,49.1,53.7,45.5,60.3,-4.6,3.6,-11.2,-0.00426,0.00048,-0.00307,0.00266,17.57,15.32,15.59,18.14,2.25,1.98,-0.57,26.21,15.0,500,native,17.57,DINLENMIS,26.21,15.0,True,300,25.5,BEAR,BOS DN,LH/MIX,LH/LL,RANGE,67.6,True,True,499,6,58.1,1789713060000,HIGH,0.7377,3.16,,,,0.7134,7.51,2,0,1,0.7364,0.7134,EQL_SWEEP,7,0.73295,False,False,0.3118,499,native,40.4,NORMAL,34.36,30.33,True,300,26.2,BULL,BOS UP,LH/LL,MIX/HL,RANGE,86.5,True,True,498,75,26.3,1789699860000,LOW,0.6834,9.25,0.7777000000000001,9.27,3,0.63845,18.07,2,1,1,0.7777000000000001,0.63845,HIGH_SWEEP,90,0.6964,False,False,0.6981,499,native,40.13,NORMAL,36.92,30.67,True,300,13.4,BEAR,BOS DN,LH/LL,LH/LL,RANGE,88.2,True,True,498,10,56.1,1789710300000,HIGH,0.7473,2.23,0.7778,6.28,2,,,,1,0,0.7778,0.7235,LOW_SWEEP,8,0.729,False,False,1.0306,499,native,44.66,NORMAL,38.99,35.33,True,300,86.2,BULL,BOS UP,HH/HL,MIX/LL,TR UP,93.8,True,True,498,17,77.8,1789697700000,LOW,0.6551,5.28,,,,,,,0,0,0.7781,0.6551,HIGH_SWEEP,18,0.6959,False,False,1.948,289,native,81.11,YORGUN,69.65,77.7,False,269,88.1,BULL,BOS UP,HH/HL,HH/HL,TR UP,88.8,True,True,288,7,54.7,1789686000000,LOW,0.6099,3.99,,,,,,,0,0,0.6721,0.6099,HIGH_SWEEP,6,0.6721,False,False,4.1259,73,native,83.83,ASIRI,83.24,98.11,False,53,74.7,TR-UP,CHOCH UP,HH/MIX,HH/HL,TR-UP,76.3,True,False,72,1,84.3,1789689600000,LOW,0.5483,3.39,,,,,,,0,0,0.6992,0.5483,LOW_SWEEP,12,0.5821,False,False,6.9476,2497,2249,7672.4,23061.78,-15389.38,-50.07,24.96,5.9,DOWN,487,170,30734.19,41.6,60.0,1.0,True,0,0.0,2,5739.75,-5739.75,63.0,0.454,0.622,1.0,0.958,96466.41,137615.53,-41149.12,-17.58,41.21,20.1,DOWN,2528,818,234081.94,103.8,300.0,1.0,True,8,26507.1,11,58510.76,-32003.66,81.1,0.675,0.842,1.0,0.992,299063.08,346600.37,-47537.3,-7.36,46.32,35.5,DOWN,7164,2249,645663.45,374.6,890.4,0.9893,False,32,121049.2,36,169716.09,-48666.89,93.5,0.882,0.953,0.989,0.997,-16824.04,-2845.06,,-26.36,-2.46,0.9226,-1718.36,-0.044,-5195.63,-0.111,-0.2411,NONE,1789713396600,SELL,3486.8,0.7305268594175572,1789713360000,ok,1.0,1.0,1.0,continuous,1,184,0,,0,0,0,0,False,280,0.7299,0.73,1.37,-0.645,0.1316,-0.0664,33606.92,25790.67,26.71,1789713442251,670,False,,FATIGUE_RESTED_1M|AGGRESSIVE_SELLER,,
2,v2,v1.2,REALF_PY_V4_2_DERIVED,ZPTDIFAT_PY_V1_4_DERIVED,fc-v1,native,,058e38aec59f4c35,20260918_062941,152,SKR_20260918_063726_058,SKRUSDT,BINANCE,FUTURES,OUTSIDE100,227,500,1789713446058,2026-09-18T06:37:26.058+00:00,89,True,1789713445632,1789713446058,63.1,1789713420000,1789713479999,False,25.6,0.019166,0.0992,48.4,FAIR (DENGE),True,500,49.2,44.8,50.7,49.9,0.00238,0.78,0.77,0.00186,0.448,0.12,7.3,60.0,23.0,YOK,5.9,0.851,0.019211717205224254,0.239,CLV_PROXY_1M,0,0.0,100.0,48.4,46.8,53.3,50.0,1.6,-4.9,-1.6,0.00238,-0.00062,-0.00041,-5e-05,86.87,84.42,79.42,72.48,2.45,7.45,14.39,90.41,97.67,500,native,86.87,ASIRI,90.41,97.67,True,300,89.2,BULL,BOS UP,HH/HL,HH/HL,TR UP,90.7,True,True,499,1,33.7,1789713360000,LOW,0.019028,4.21,0.019363,6.01,2,,,,1,0,0.019363,0.019028,EQH_SWEEP,46,0.0189665,False,False,0.1713,499,native,71.49,NORMAL,78.83,85.33,True,300,68.9,BULL,BOS UP,HH/MIX,MIX/HL,TR UP,70.0,True,True,498,13,36.3,1789711020000,LOW,0.018839,5.64,0.020296500000000002,19.48,2,0.0188425,5.58,2,1,1,0.020296500000000002,0.0188425,LOW_SWEEP,23,0.018846,False,False,0.3032,499,native,80.08,YORGUN,85.04,91.33,True,300,90.9,BULL,BOS UP,HH/HL,HH/MIX,RANGE,88.8,True,True,498,7,88.7,1789711200000,LOW,0.018839,4.37,0.020296500000000002,15.11,2,,,,1,0,0.020296500000000002,0.018839,LOW_SWEEP,25,0.018732,False,False,0.3912,499,native,80.1,YORGUN,95.42,97.0,True,300,74.6,BULL,BOS UP,MIX/HL,MIX/HL,SQZ,69.3,True,True,498,1,49.0,1789712100000,LOW,0.018719,3.06,,,,0.017547,11.07,2,0,2,0.019011,0.017547,HIGH_SWEEP,35,0.019329,False,False,0.7671,499,native,44.88,NORMAL,55.65,66.33,True,300,39.3,BULL,BOS UP,LH/LL,HH/MIX,RANGE,84.4,True,True,498,21,72.8,1789635600000,LOW,0.017378,4.71,0.025375500000000002,16.35,2,,,,1,0,0.025375500000000002,0.018321,LOW_SWEEP,6,0.018554,False,False,2.0012,499,native,73.64,YORGUN,70.1,78.33,True,300,72.9,BULL,BOS UP,HH/HL,HH/HL,TR UP,83.6,True,True,498,114,36.2,1788062400000,LOW,0.008858,11.62,,,,0.017043000000000003,2.39,2,0,1,0.020299,0.017043000000000003,HIGH_SWEEP,4,0.019684,False,False,4.7097,282,548,656.37,6494.99,-5838.62,-81.64,9.18,5.1,DOWN,49,35,7151.36,2.5,60.0,1.0,True,0,0.0,2,5710.54,-5710.54,23.6,0.048,0.464,1.0,0.995,5652.4,9801.15,-4148.75,-26.85,36.58,12.2,DOWN,216,152,15453.56,10.8,300.0,1.0,True,2,1411.82,3,6229.31,-4817.49,41.8,0.177,0.547,1.0,0.999,24456.49,19462.21,4994.28,11.37,55.69,71.4,UP,673,485,43918.7,59.1,900.0,1.0,True,8,11498.67,6,8663.3,2835.38,69.1,0.542,0.661,1.0,1.0,-7520.07,-14813.98,-10603.27,-63.39,-38.83,1.0,-946.14,-0.2475,-324.43,-0.105,0.4379,DOWN,1789713396632,SELL,522.65,0.019121,1789713360000,ok,1.0,1.0,1.0,continuous,1,35,0,,0,0,0,0,False,314,0.019157,0.019165,4.175,-0.073,-0.3369,-0.3125,1914.34,3859.15,13.57,1789713445267,791,False,,FATIGUE_EXTREME|AGGRESSIVE_SELLER,,
2,v2,v1.2,REALF_PY_V4_2_DERIVED,ZPTDIFAT_PY_V1_4_DERIVED,fc-v1,native,,058e38aec59f4c35,20260918_062941,153,PROM_20260918_063729_164,PROMUSDT,BINANCE,FUTURES,OUTSIDE100,266,1000,1789713449164,2026-09-18T06:37:29.164+00:00,89,True,1789713448755,1789713449164,63.6,1789713420000,1789713479999,False,28.8,5.417,-0.0185,59.6,PRICE AHEAD,True,500,62.8,56.3,61.1,50.1,-0.00317,-0.33,-1.04,0.00247,0.564,0.08,0.3,70.0,-24.5,YOK,6.5,1.0,5.399836102165212,-0.317,CLV_PROXY_1M,0,0.0,100.0,59.6,60.0,60.2,55.2,-0.4,-0.6,4.4,-0.00317,-5e-05,-0.00106,-0.00187,40.58,39.31,41.51,39.5,1.27,-0.93,1.08,43.07,44.67,500,native,40.58,NORMAL,43.07,44.67,True,300,29.5,BEAR,BOS DN,LH/MIX,LH/LL,TR DN,84.9,True,True,499,24,81.2,1789711980000,HIGH,5.541,14.43,,,,5.41,0.81,2,0,1,5.424,5.41,LOW_SWEEP,22,5.427,False,False,0.1586,499,native,28.63,DINLENMIS,37.59,37.0,True,300,15.1,TR-DN,CHOCH DN,LH/LL,LH/MIX,TR-DN,91.5,True,True,498,8,59.2,1789711920000,HIGH,5.541,6.61,,,,5.3934999999999995,1.25,2,0,1,5.541,5.3934999999999995,HIGH_SWEEP,46,5.589,False,False,0.3465,499,native,15.54,DINLENMIS,21.16,16.0,True,300,44.4,TR-DN,CHOCH DN,MIX/HL,LH/LL,TR-DN,75.6,True,True,498,5,58.5,1789711800000,HIGH,5.541,5.0,,,,5.3919999999999995,1.01,2,0,2,5.541,5.3919999999999995,HIGH_SWEEP,28,5.589,False,False,0.4583,499,native,28.72,DINLENMIS,17.96,11.0,True,300,59.7,TR-DN,CHOCH DN,HH/HL,MIX/HL,TR-DN,88.0,True,True,498,2,54.5,1789711200000,HIGH,5.594,4.11,5.7285,7.23,2,5.4015,0.36,2,2,1,5.7285,5.4015,LOW_SWEEP,171,5.332,False,False,0.7958,499,native,53.94,NORMAL,31.48,25.0,True,300,59.0,BEAR,BOS DN,MIX/HL,MIX/HL,SQZ,69.1,True,True,498,46,75.0,1789545600000,HIGH,5.729,3.71,5.8375,5.0,3,4.906499999999999,6.07,2,2,1,5.8375,4.906499999999999,EQL_SWEEP,94,5.5815,False,False,1.5355,499,native,47.85,NORMAL,48.08,38.0,True,300,26.5,BULL,BOS UP,LH/LL,MIX/HL,SQZ,85.6,True,True,498,58,11.5,1788868800000,LOW,4.913,2.74,,,,4.4025,5.51,2,0,2,5.659,4.4025,HIGH_SWEEP,57,5.986,False,False,3.3065,-167,714,1922.41,2322.2,-399.78,-9.42,45.29,31.8,DOWN,94,51,4244.61,18.1,60.0,1.0,True,0,0.0,0,0.0,0.0,44.9,0.265,0.407,1.0,1.0,6315.02,13558.89,-7243.87,-36.45,31.78,8.2,DOWN,428,205,19873.91,19.4,300.0,1.0,True,0,0.0,3,6304.63,-6304.63,50.8,0.279,0.575,1.0,1.0,26422.29,33267.76,-6845.46,-11.47,44.27,28.5,DOWN,1333,636,59690.05,87.9,900.0,1.0,True,4,5929.78,6,9558.22,-3628.44,74.8,0.637,0.694,1.0,1.0,-490.45,425.76,-2793.19,-5.69,0.39,1.0,-488.91,-0.1222,-1666.68,-0.4193,-0.4471,NONE,1789713307845,SELL,1095.04,5.412941670785962,1789713360000,ok,1.0,1.0,1.0,continuous,1,60,0,,0,0,0,0,False,348,5.415,5.417,3.693,1.034,-0.2062,0.0448,21537.42,32726.17,36.93,1789713448401,763,False,,,,
2,v2,v1.2,REALF_PY_V4_2_DERIVED,ZPTDIFAT_PY_V1_4_DERIVED,fc-v1,native,,058e38aec59f4c35,20260918_062941,154,UAI_20260918_063732_714,UAIUSDT,BINANCE,FUTURES,OUTSIDE100,296,2000,1789713452714,2026-09-18T06:37:32.714+00:00,89,True,1789713452502,1789713452714,64.6,1789713420000,1789713479999,False,32.5,0.4169,-0.1437,53.5,FAIR (DENGE),True,500,55.0,53.1,52.3,50.1,-0.0032,0.74,0.67,0.00468,0.662,0.14,1.0,45.0,-6.2,YOK,2.7,1.0,0.4155683336902061,-0.319,CLV_PROXY_1M,0,0.0,100.0,53.5,55.5,54.9,55.4,-2.0,-1.4,-1.9,-0.0032,0.00078,-0.00022,-0.00016,59.95,56.95,40.91,22.21,3.0,19.04,37.74,62.76,76.67,500,native,59.95,NORMAL,62.76,76.67,True,300,40.0,BEAR,BOS DN,MIX/HL,MIX/HL,TR DN,79.4,True,True,499,12,90.8,1789712700000,HIGH,0.4198,2.25,0.42315,4.86,2,0.40785,7.03,3,1,2,0.42315,0.40785,HIGH_SWEEP,90,0.4247,False,False,0.3082,499,native,26.78,DINLENMIS,42.33,27.33,True,300,58.2,BULL,BOS UP,MIX/HL,LH/LL,RANGE,66.6,True,True,498,65,61.1,1789701660000,LOW,0.4075,3.69,0.43455,6.93,2,,,,1,0,0.43455,0.4166,LOW_SWEEP,1,0.4166,True,False,0.6102,499,native,27.89,DINLENMIS,31.93,14.0,True,300,56.0,TR-DN,CHOCH DN,MIX/HL,LH/MIX,TR-DN,72.0,True,True,498,48,58.0,1789698900000,HIGH,0.4354,4.95,,,,0.3559,16.31,3,0,1,0.4232,0.3559,HIGH_SWEEP,101,0.4106,False,False,0.8975,499,native,35.46,NORMAL,34.25,26.33,True,300,69.0,BULL,BOS UP,MIX/HL,MIX/HL,RANGE,79.5,True,True,498,20,30.6,1789695000000,LOW,0.3901,3.57,0.43505,2.42,2,0.3838,4.42,2,2,2,0.43505,0.3838,LOW_SWEEP,173,0.3294,False,False,1.8091,499,native,65.38,NORMAL,56.08,56.67,True,300,86.6,BULL,BOS UP,HH/HL,HH/HL,SQZ,87.3,True,True,498,6,38.6,1789689600000,LOW,0.3838,2.05,,,,,,,0,0,0.4354,0.3838,HIGH_SWEEP,4,0.418,False,False,3.8614,499,native,64.98,NORMAL,72.68,76.0,True,300,18.4,BEAR,BOS DN,LH/LL,HH/HL,RANGE,87.8,True,True,498,19,42.0,1789430400000,HIGH,0.5943,4.05,,,,,,,0,0,0.5943,0.322,LOW_SWEEP,20,0.4503,False,False,10.3453,2571,1038,245.48,1177.1,-931.62,-65.49,17.26,5.2,DOWN,61,28,1422.58,6.3,60.0,1.0,True,0,0.0,0,0.0,0.0,28.5,0.112,0.288,1.0,0.957,40548.07,12392.07,28156.0,53.18,76.59,94.3,UP,1006,359,52940.13,86.6,300.0,1.0,True,4,27059.78,0,0.0,27059.78,74.2,0.634,0.681,1.0,0.991,64432.55,90069.77,-25637.22,-16.59,41.7,21.3,DOWN,2791,961,154502.33,209.9,900.0,1.0,True,5,29079.5,10,33650.48,-4570.97,85.7,0.808,0.797,1.0,0.997,-457.25,5257.62,-1980.93,-29.61,9.67,1.0,779.23,0.1442,4975.4,0.4699,0.4368,NONE,1789713304006,BUY,2481.35,0.4172436522616445,1789713360000,ok,1.0,1.0,1.0,continuous,1,46,0,,0,0,0,0,False,382,0.4169,0.4171,4.796,-0.458,0.0483,0.074,14305.07,12986.08,47.96,1789713451601,1113,False,,,,
2,v2,v1.2,REALF_PY_V4_2_DERIVED,ZPTDIFAT_PY_V1_4_DERIVED,fc-v1,native,,058e38aec59f4c35,20260918_062941,155,BULLA_20260918_063735_625,BULLAUSDT,BINANCE,FUTURES,OUTSIDE100,339,5000,1789713455625,2026-09-18T06:37:35.625+00:00,89,True,1789713455412,1789713455625,64.5,1789713420000,1789713479999,False,35.4,0.10193,0.1179,60.1,PRICE AHEAD,True,500,64.6,54.7,61.0,51.5,-0.00562,1.74,0.72,0.00563,0.497,0.41,9.0,45.0,-7.3,YOK,9.9,1.0,0.1013584297269773,-0.561,CLV_PROXY_1M,0,0.0,100.0,60.1,60.1,53.7,51.1,0.0,6.4,9.0,-0.00562,-0.00027,-0.0034,-0.00598,66.47,57.88,45.45,35.84,8.59,21.02,30.63,83.31,94.0,500,native,66.47,NORMAL,83.31,94.0,True,300,48.0,BULL,BOS UP,LH/LL,LH/LL,SQZ,84.2,True,True,499,1,61.2,1789713360000,LOW,0.10074,3.05,0.10206,0.33,3,0.100455,3.77,2,1,2,0.10206,0.100455,EQL_SWEEP,40,0.100455,False,False,0.3838,499,native,61.02,NORMAL,72.36,86.0,True,300,30.8,BULL,BOS UP,LH/LL,HH/HL,TR UP,86.6,True,True,498,37,89.1,1789706700000,LOW,0.096433,6.22,,,,0.0964015,6.26,2,0,2,0.10203,0.0964015,HIGH_SWEEP,23,0.10206,False,False,0.8536,499,native,60.07,NORMAL,69.77,82.33,True,300,48.1,BULL,BOS UP,LH/MIX,LH/LL,TR UP,64.3,True,True,498,22,22.3,1789706700000,LOW,0.09539,5.38,,,,0.10001,1.51,2,0,1,0.10203,0.10001,HIGH_SWEEP,20,0.10114,False,False,1.1764,499,native,75.41,YORGUN,71.09,78.0,True,300,74.6,BEAR,BOS DN,HH/HL,HH/HL,TR DN,88.7,True,True,498,64,27.4,1789655400000,HIGH,0.10999,3.48,0.109785,3.4,2,,,,1,0,0.109785,0.094,LOW_SWEEP,66,0.1007,False,False,2.3168,499,native,66.08,NORMAL,73.97,89.33,True,300,26.8,BULL,BOS UP,LH/LL,MIX/HL,RANGE,84.5,True,True,498,44,42.2,1789552800000,LOW,0.060024,6.43,,,,0.060025499999999996,6.43,2,0,1,0.121362,0.060025499999999996,HIGH_SWEEP,45,0.076341,False,False,6.4384,499,native,57.95,NORMAL,58.24,59.33,True,300,75.0,BULL,BOS UP,HH/MIX,HH/HL,EXP UP,78.0,True,True,498,11,96.7,1789545600000,LOW,0.0675,2.3,,,,0.0154205,5.79,2,0,1,0.139078,0.0154205,HIGH_SWEEP,52,0.085989,False,False,15.2143,729,1667,3031.66,2796.99,234.67,4.03,52.01,58.1,UP,191,132,5828.65,21.7,60.0,1.0,True,0,0.0,0,0.0,0.0,48.4,0.303,0.441,1.0,0.988,21891.42,16173.23,5718.19,15.02,57.51,76.7,UP,1187,683,38064.65,116.9,300.0,1.0,True,0,0.0,0,0.0,0.0,76.0,0.7,0.645,1.0,0.998,46867.36,39506.7,7360.66,8.52,54.26,66.6,UP,2749,1475,86374.06,197.9,900.0,1.0,True,0,0.0,0,0.0,0.0,83.3,0.798,0.734,1.0,0.999,-2166.29,8257.48,-257.86,-24.91,10.3,1.0,1482.02,0.2314,1410.47,0.1853,-0.1895,UP,,,,,1789713360000,ok,1.0,1.0,1.0,continuous,1,138,0,,0,0,0,0,False,416,0.10175,0.10182,6.877,-2.891,-0.1682,-0.6665,2537.45,3563.46,25.05,1789713455119,506,False,,,,
2,v2,v1.2,REALF_PY_V4_2_DERIVED,ZPTDIFAT_PY_V1_4_DERIVED,fc-v1,native,,058e38aec59f4c35,20260918_062941,156,OG_20260918_063738_331,OGUSDT,BINANCE,FUTURES,OUTSIDE100,523,500,1789713458331,2026-09-18T06:37:38.331+00:00,89,True,1789713458315,1789713458331,64.2,1789713420000,1789713479999,False,38.3,2.75,-0.0364,43.3,FAIR (DENGE),True,500,42.6,41.9,43.6,49.0,0.00325,-0.17,0.25,0.00085,0.216,0.18,18.7,50.0,10.0,YOK,1.7,1.0,2.758954842950267,0.326,CLV_PROXY_1M,0,0.0,100.0,43.3,46.4,57.7,47.1,-3.1,-14.4,-3.8,0.00325,0.00037,0.00264,0.00059,40.27,42.52,36.39,39.29,-2.25,3.88,0.98,40.16,23.0,500,native,40.27,NORMAL,40.16,23.0,True,300,56.0,BULL,BOS UP,EQ/RANGE,LH/MIX,SQZ,68.2,True,True,499,27,66.1,1789711800000,LOW,2.747,1.33,2.754,1.77,2,2.748,0.88,2,1,3,2.754,2.748,HIGH_SWEEP,62,2.76,False,False,0.0822,499,native,39.16,NORMAL,38.76,19.33,True,300,43.6,BULL,BOS UP,LH/MIX,MIX/HL,RANGE,75.1,True,True,498,33,46.9,1789707420000,LOW,2.739,2.34,,,,2.746,0.85,2,0,3,2.756,2.746,HIGH_SWEEP,52,2.746,False,False,0.1711,499,native,35.4,NORMAL,32.66,15.33,True,300,68.6,BULL,BOS UP,MIX/HL,LH/MIX,TR UP,73.6,True,True,498,17,39.4,1789708200000,LOW,2.732,2.79,,,,2.679,11.01,2,0,2,2.756,2.679,HIGH_SWEEP,19,2.759,False,False,0.2343,499,native,60.28,NORMAL,53.63,48.33,True,300,86.3,BULL,BOS UP,HH/HL,HH/HL,TR UP,87.3,True,True,498,6,35.2,1789707600000,LOW,2.679,6.98,,,,2.6635,8.5,2,0,1,2.769,2.6635,HIGH_SWEEP,5,2.759,False,False,0.3699,499,native,90.37,ASIRI,87.68,93.67,True,300,74.4,BULL,BOS UP,MIX/HL,MIX/HL,RANGE,73.4,True,True,498,7,58.0,1789686000000,LOW,2.662,4.45,,,,2.6,7.59,2,0,1,2.7,2.6,HIGH_SWEEP,30,2.712,False,False,0.7193,499,native,78.7,YORGUN,87.43,92.67,True,300,75.1,BULL,BOS UP,MIX/HL,HH/HL,SQZ,73.2,True,True,498,1,52.4,1789689600000,LOW,2.61,3.16,2.9825,5.24,3,2.5975,3.44,2,2,2,2.9825,2.5975,EQH_SWEEP,87,2.9425,False,False,1.6159,1275,66,42.91,11.27,31.64,58.39,79.2,94.6,UP,7,7,54.18,4.4,60.0,1.0,True,0,0.0,0,0.0,0.0,0.0,0.081,0.0,1.0,0.979,1092.98,644.53,448.45,25.81,62.9,87.1,UP,80,23,1737.51,2.6,300.0,1.0,True,1,986.23,0,0.0,986.23,21.0,0.049,0.31,1.0,0.996,1634.5,1376.57,257.93,8.57,54.28,66.7,UP,129,57,3011.08,6.4,900.0,1.0,True,1,986.23,0,0.0,986.23,31.0,0.113,0.37,1.0,0.999,35.47,5.5,44.83,33.55,0.04,1.0,315.14,0.8335,178.94,0.5149,-1.0819,UP,1789713327066,BUY,986.23,2.751,1789713360000,ok,1.0,1.0,1.0,continuous,1,9,0,,0,0,0,0,False,450,2.749,2.75,3.637,-1.485,0.2121,-0.173,21194.49,13776.19,70.92,1789713457292,1039,False,,,,
2,v2,v1.2,REALF_PY_V4_2_DERIVED,ZPTDIFAT_PY_V1_4_DERIVED,fc-v1,native,,058e38aec59f4c35,20260918_062941,157,ZORA_20260918_063741_231,ZORAUSDT,BINANCE,FUTURES,OUTSIDE100,612,500,1789713461231,2026-09-18T06:37:41.231+00:00,89,True,1789713461027,1789713461231,64.5,1789713420000,1789713479999,False,41.0,0.007871,0.0127,54.0,FAIR (DENGE),True,500,55.0,50.8,57.6,50.2,-0.00039,0.46,-0.29,0.00157,0.499,0.1,6.0,50.0,3.2,YOK,6.8,1.0,0.00786793138371432,-0.039,CLV_PROXY_1M,0,0.0,100.0,54.0,52.2,48.7,47.2,1.8,5.3,6.8,-0.00039,5e-05,-0.0015,-0.00227,64.16,59.45,46.17,38.67,4.71,17.99,25.49,72.94,80.33,500,native,64.16,NORMAL,72.94,80.33,True,300,47.4,BEAR,BOS DN,MIX/HL,MIX/HL,RANGE,75.3,True,True,499,20,79.6,1789712220000,HIGH,0.007897,2.77,,,,0.007775499999999999,10.17,2,0,1,0.007876,0.007775499999999999,HIGH_SWEEP,1,0.007876,True,False,0.1193,499,native,50.38,NORMAL,55.15,53.0,True,300,83.3,TR-UP,CHOCH UP,HH/HL,MIX/HL,TR-UP,88.6,True,True,498,11,65.3,1789711380000,LOW,0.007827,2.28,,,,,,,0,0,0.007897,0.007842,HIGH_SWEEP,7,0.007876,False,False,0.2454,499,native,55.24,NORMAL,59.81,53.0,True,300,73.8,BULL,BOS UP,HH/MIX,HH/HL,RANGE,74.0,True,True,498,7,63.8,1789711200000,LOW,0.007813,2.18,,,,,,,0,0,0.007897,0.007813,HIGH_SWEEP,4,0.007876,False,False,0.3387,499,native,41.79,NORMAL,41.83,34.67,True,300,82.4,BULL,BOS UP,HH/HL,MIX/HL,TR UP,87.5,True,True,498,20,74.9,1789695000000,LOW,0.007527,6.51,,,,,,,0,0,0.00802,0.007813,LOW_SWEEP,24,0.007571,False,False,0.6729,499,native,78.7,YORGUN,71.55,82.67,True,300,73.8,BEAR,BOS DN,HH/HL,HH/MIX,TR DN,86.4,True,True,498,69,59.5,1789462800000,HIGH,0.007987,0.95,0.009008,9.3,2,0.007187,5.6,2,1,1,0.009008,0.007187,LOW_SWEEP,126,0.008102,False,False,1.5567,499,native,71.44,NORMAL,76.81,86.0,True,300,18.0,TR-DN,CHOCH DN,LH/LL,LH/LL,TR-DN,90.3,True,True,498,16,65.9,1789473600000,HIGH,0.008968,4.14,,,,0.0058755000000000005,7.54,2,0,2,0.008336,0.0058755000000000005,HIGH_SWEEP,29,0.008437,False,False,3.3227,1384,319,174.91,17.47,157.45,81.84,90.92,94.9,UP,7,5,192.38,1.7,60.0,1.0,True,0,0.0,0,0.0,0.0,11.5,0.033,0.071,1.0,0.977,6472.46,2710.46,3762.0,40.97,70.48,92.9,UP,171,72,9182.91,9.5,300.0,1.0,True,4,5299.47,1,842.21,4457.26,38.8,0.16,0.491,1.0,0.995,9920.62,12465.63,-2545.0,-11.37,44.32,28.6,DOWN,480,238,22386.25,31.7,900.0,1.0,True,5,5946.91,8,6985.9,-1038.99,58.4,0.388,0.587,1.0,0.998,-2988.24,-1157.98,-3276.2,21.55,-2.9,1.0,1280.76,0.4557,832.86,0.4535,0.7504,NONE,1789713396605,SELL,842.21,0.007867,1789713360000,ok,1.0,1.0,1.0,continuous,1,9,0,,0,0,0,0,False,484,0.007872,0.007873,1.27,0.562,-0.0938,0.128,14440.14,17428.82,24.77,1789713460325,906,False,,,,
2,v2,v1.2,REALF_PY_V4_2_DERIVED,ZPTDIFAT_PY_V1_4_DERIVED,fc-v1,native,,058e38aec59f4c35,20260918_062941,158,TNSR_20260918_063744_134,TNSRUSDT,BINANCE,FUTURES,OUTSIDE100,738,200,1789713464134,2026-09-18T06:37:44.134+00:00,89,True,1789713463933,1789713464134,64.9,1789713420000,1789713479999,False,43.9,0.03513,-0.0285,58.7,PRICE AHEAD,True,500,62.7,53.2,60.9,50.6,-0.00121,-0.24,-0.6,0.00153,0.566,0.12,7.3,60.0,-26.7,YOK,9.5,1.0,0.03508737727808993,-0.121,CLV_PROXY_1M,0,0.0033,99.7,58.7,61.4,56.7,59.9,-2.7,2.0,-1.2,-0.00121,0.00015,-0.00107,-0.00077,38.43,40.86,47.66,54.22,-2.43,-9.23,-15.79,35.52,26.33,500,native,38.43,NORMAL,35.52,26.33,True,300,86.8,BULL,BOS UP,HH/HL,HH/HL,RANGE,87.4,True,True,499,7,45.0,1789713000000,LOW,0.03507,2.01,,,,0.03507,2.01,2,0,1,0.03521,0.03507,HIGH_SWEEP,9,0.03515,False,False,0.0848,499,native,47.76,NORMAL,49.25,42.0,True,300,59.1,BULL,BOS UP,LH/MIX,HH/MIX,RANGE,67.3,True,True,498,5,70.7,1789712460000,LOW,0.03507,0.89,,,,0.03507,0.89,3,0,1,0.03517,0.03507,HIGH_SWEEP,3,0.03517,False,False,0.1922,499,native,42.63,NORMAL,44.97,39.33,True,300,58.7,BULL,BOS UP,MIX/HL,LH/MIX,RANGE,68.0,True,True,498,42,51.5,1789700700000,LOW,0.03481,3.35,,,,0.03454,6.18,2,0,2,0.03536,0.03454,HIGH_SWEEP,47,0.03498,False,False,0.2715,499,native,38.78,NORMAL,36.56,33.33,True,300,84.3,BULL,BOS UP,HH/HL,MIX/HL,RANGE,93.4,True,True,498,19,59.8,1789695900000,LOW,0.03454,3.27,,,,0.034375,4.18,2,0,1,0.03583,0.034375,HIGH_SWEEP,16,0.03497,False,False,0.5142,499,native,74.24,YORGUN,59.12,67.0,True,300,74.8,BULL,BOS UP,MIX/HL,MIX/HL,TR UP,73.8,True,True,498,5,52.8,1789693200000,LOW,0.03405,2.76,,,,,,,0,0,0.03497,0.03438,LOW_SWEEP,36,0.03304,False,False,1.1171,499,native,78.08,YORGUN,77.29,87.0,True,300,76.4,BULL,BOS UP,HH/MIX,HH/HL,RANGE,71.9,True,True,498,1,56.6,1789689600000,LOW,0.03258,3.28,0.037065,2.49,2,0.029225,7.6,2,1,1,0.037065,0.029225,EQH_SWEEP,59,0.037065,False,False,2.178,7039,120,111.42,29.87,81.56,57.72,78.86,94.5,UP,11,6,141.29,2.7,60.0,1.0,True,0,0.0,0,0.0,0.0,11.2,0.05,0.038,1.0,0.883,1361.09,1218.59,142.5,5.52,52.76,61.1,UP,93,26,2579.67,8.8,300.0,1.0,True,3,964.41,2,811.31,153.1,34.1,0.15,0.353,1.0,0.977,2291.4,3903.88,-1612.47,-26.03,36.99,12.7,DOWN,219,101,6195.28,20.3,900.0,1.0,True,3,964.41,5,2497.56,-1533.15,47.8,0.289,0.448,1.0,0.992,-581.68,57.5,-950.07,9.79,1.05,1.0,264.12,0.4004,23.58,0.0457,-0.6968,UP,1789713396593,SELL,257.72,0.03513,1789713360000,ok,1.0,1.0,1.0,continuous,1,6,0,,0,0,0,0,False,518,0.03513,0.03514,2.846,0.023,0.0365,-0.2137,19098.12,17752.29,55.5,1789713463112,1022,False,,,,
2,v2,v1.2,REALF_PY_V4_2_DERIVED,ZPTDIFAT_PY_V1_4_DERIVED,fc-v1,native,,058e38aec59f4c35,20260918_062941,159,VELVET_20260918_063747_254,VELVETUSDT,BINANCE,FUTURES,OUTSIDE100,761,200,1789713467254,2026-09-18T06:37:47.254+00:00,89,True,1789713466829,1789713467254,65.4,1789713420000,1789713479999,False,46.8,0.05582,0.0179,68.6,PRICE AHEAD,True,500,72.6,67.1,70.3,50.9,-0.00955,0.99,0.15,0.00219,0.406,0.07,6.0,75.0,-23.8,YOK,5.5,1.0,0.05528941928721216,-0.951,CLV_PROXY_1M,0,0.0,100.0,68.6,72.1,63.1,65.4,-3.5,5.5,3.2,-0.00955,-2e-05,-0.0036,-0.0023,46.67,37.38,26.62,25.14,9.29,20.05,21.53,64.64,77.0,500,native,46.67,NORMAL,64.64,77.0,True,300,48.0,TR-DN,CHOCH DN,HH/MIX,LH/LL,TR-DN,73.3,True,True,499,11,60.6,1789712760000,HIGH,0.05615,2.32,0.056855,7.27,2,0.055404999999999996,2.92,2,1,1,0.056855,0.055404999999999996,EQL_SWEEP,65,0.055625,False,False,0.255,499,native,48.76,NORMAL,61.78,67.33,True,300,63.9,BEAR,BOS DN,HH/HL,HH/MIX,RANGE,81.8,True,True,498,23,40.9,1789709220000,HIGH,0.05649,2.62,,,,,,,0,0,0.05615,0.05556,LOW_SWEEP,3,0.05556,False,False,0.4467,499,native,44.05,NORMAL,54.13,51.33,True,300,17.3,BEAR,BOS DN,LH/LL,HH/HL,RANGE,83.3,True,True,498,14,49.3,1789709100000,HIGH,0.05671,2.85,,,,0.0515,14.22,2,0,1,0.05649,0.0515,HIGH_SWEEP,26,0.05618,False,False,0.5489,499,native,36.18,NORMAL,42.53,39.67,True,300,85.4,BULL,BOS UP,HH/HL,HH/MIX,RANGE,84.2,True,True,498,8,44.5,1789705800000,LOW,0.05548,0.63,,,,0.0515,7.64,3,0,1,0.05671,0.0515,HIGH_SWEEP,7,0.05649,False,False,1.0214,499,native,35.09,NORMAL,31.29,32.67,True,300,70.4,BULL,BOS UP,HH/MIX,LH/LL,TR UP,75.1,True,True,498,14,40.8,1789660800000,LOW,0.0494,4.84,,,,,,,0,0,0.06014,0.0494,HIGH_SWEEP,13,0.05886,False,False,2.3885,499,native,79.06,YORGUN,67.57,85.0,True,300,48.0,BEAR,BOS DN,MIX/HL,HH/HL,TR DN,65.7,True,True,498,16,34.6,1789473600000,HIGH,0.0633,2.92,,,,,,,0,0,0.0536,0.0494,HIGH_SWEEP,6,0.0536,False,False,4.6002,2293,1021,152.01,272.74,-120.73,-28.42,35.79,11.3,DOWN,31,19,424.74,11.3,60.0,1.0,True,0,0.0,0,0.0,0.0,29.1,0.185,0.157,1.0,0.962,24343.71,15304.04,9039.67,22.8,61.4,84.9,UP,723,296,39647.75,49.5,300.0,1.0,True,21,22142.07,8,13167.52,8974.55,66.4,0.498,0.65,1.0,0.992,58867.77,36983.3,21884.46,22.83,61.42,85.0,UP,1843,891,95851.07,60.6,900.0,1.0,True,40,52876.64,26,28919.51,23957.13,72.0,0.548,0.745,1.0,0.997,154.8,-2537.17,-108.78,-13.53,-2.14,1.0,2502.5,0.2057,2333.28,0.2943,0.4044,NONE,1789713397169,BUY,964.97,0.05584299710648148,1789713360000,ok,1.0,1.0,1.0,continuous,1,19,0,,0,0,0,0,False,552,0.05582,0.05584,3.582,-0.792,0.1905,-0.1255,17377.11,11814.66,35.82,1789713466519,735,False,,,,
2,v2,v1.2,REALF_PY_V4_2_DERIVED,ZPTDIFAT_PY_V1_4_DERIVED,fc-v1,native,,058e38aec59f4c35,20260918_062941,160,ZKC_20260918_063749_953,ZKCUSDT,BINANCE,FUTURES,OUTSIDE100,1142,200,1789713469953,2026-09-18T06:37:49.953+00:00,89,True,1789713469953,1789713469953,65.5,1789713420000,1789713479999,False,50.0,0.03839,-0.026,40.7,PRICE LAG,True,500,36.5,43.5,42.5,49.2,0.00306,0.42,0.8,0.00166,0.449,0.2,6.3,45.0,25.5,YOK,6.9,1.0,0.03850774400851035,0.307,CLV_PROXY_1M,0,0.0,100.0,40.7,38.8,40.6,43.1,1.9,0.1,-2.4,0.00306,0.00021,2e-05,0.00057,46.44,38.75,21.54,25.77,7.69,24.9,20.67,61.98,70.0,500,native,46.44,NORMAL,61.98,70.0,True,300,56.2,BULL,BOS UP,MIX/HL,HH/MIX,SQZ,71.4,True,True,499,44,38.3,1789710780000,LOW,0.03831,1.65,,,,,,,0,0,0.03846,0.03835,LOW_SWEEP,2,0.03835,False,False,0.1261,499,native,33.34,NORMAL,36.25,31.0,True,300,32.0,BULL,BOS UP,LH/LL,MIX/LL,RANGE,84.8,True,True,498,33,58.8,1789707420000,LOW,0.03801,3.84,,,,0.03749,9.55,2,0,1,0.03855,0.03749,HIGH_SWEEP,31,0.03865,False,False,0.2374,499,native,31.8,NORMAL,36.77,32.67,True,300,68.0,BULL,BOS UP,MIX/HL,LH/LL,RANGE,74.3,True,True,498,20,50.4,1789707300000,LOW,0.03801,2.91,,,,,,,0,0,0.03855,0.03831,HIGH_SWEEP,19,0.03869,False,False,0.341,499,native,47.7,NORMAL,42.55,43.67,True,300,88.3,BULL,BOS UP,HH/HL,HH/HL,RANGE,90.3,True,True,498,7,52.3,1789706700000,LOW,0.03789,1.85,0.049025,39.41,2,0.037065,4.91,2,1,1,0.049025,0.037065,LOW_SWEEP,152,0.03752,False,False,0.7041,499,native,74.03,YORGUN,64.73,76.0,True,300,58.0,BEAR,BOS DN,MIX/HL,HH/HL,TR DN,64.1,True,True,498,53,61.2,1789520400000,HIGH,0.04772,16.65,0.05792,34.86,2,,,,1,0,0.05792,0.03718,EQH_SWEEP,6,0.03827,False,False,1.4589,499,native,43.73,NORMAL,51.16,57.67,True,300,15.6,BEAR,BOS DN,LH/LL,LH/MIX,TR DN,90.7,True,True,498,18,73.5,1789444800000,HIGH,0.04904,8.46,,,,0.036074999999999996,1.84,2,0,1,0.03878,0.036074999999999996,HIGH_SWEEP,1,0.03878,True,False,3.2744,1811,405,248.59,285.36,-36.77,-6.89,46.56,36.4,DOWN,23,17,533.94,10.6,60.0,1.0,True,0,0.0,0,0.0,0.0,29.7,0.174,0.182,1.0,0.97,5505.62,1827.14,3678.48,50.16,75.08,94.1,UP,290,149,7332.77,25.6,300.0,1.0,True,8,3845.87,0,0.0,3845.87,51.5,0.339,0.466,1.0,0.994,14380.62,9126.3,5254.32,22.35,61.18,84.6,UP,690,335,23506.92,63.9,900.0,1.0,True,15,10502.78,8,4853.35,5649.43,67.8,0.561,0.593,1.0,0.998,-2495.84,260.89,7686.31,-35.18,2.18,1.0,1219.16,0.6535,850.19,0.5797,0.0765,NONE,1789713408316,BUY,500.43,0.038394566518336656,1789713360000,ok,1.0,1.0,1.0,continuous,1,21,0,,0,0,0,0,False,586,0.03837,0.03838,2.606,0.797,-0.0322,0.3815,20005.39,21336.18,50.81,1789713469387,566,False,,,,
2,v2,v1.2,REALF_PY_V4_2_DERIVED,ZPTDIFAT_PY_V1_4_DERIVED,fc-v1,native,,058e38aec59f4c35,20260918_062941,161,ETH_20260918_063755_647,ETHUSDT,BINANCE,FUTURES,TOP100,2,75000,1789713475647,2026-09-18T06:37:55.647+00:00,89,True,1789713475632,1789713475647,65.0,1789713420000,1789713479999,False,55.6,2483.15,0.0145,56.8,FAIR (DENGE),True,500,58.6,54.6,58.0,51.8,-0.00123,0.04,-0.33,0.00133,0.691,0.54,21.3,65.0,-8.8,YOK,4.0,1.0,2480.0922781800837,-0.123,CLV_PROXY_1M,0,0.0,100.0,56.8,58.0,53.6,55.2,-1.2,3.2,1.6,-0.00123,3e-05,-0.00053,-0.00058,31.31,27.56,28.94,36.96,3.75,2.37,-5.65,42.23,35.0,500,native,31.31,NORMAL,42.23,35.0,True,300,84.5,BULL,BOS UP,HH/HL,LH/LL,SQZ,87.7,True,True,499,15,63.9,1789712520000,LOW,2481.26,1.12,,,,2469.0299999999997,8.36,2,0,2,2486.88,2469.0299999999997,HIGH_SWEEP,14,2486.11,False,False,0.068,499,native,48.21,NORMAL,49.18,45.33,True,300,43.4,BULL,BOS UP,MIX/LL,MIX/HL,RANGE,79.1,True,True,498,34,76.1,1789707240000,LOW,2469.0,4.0,2486.685,1.0,2,,,,1,0,2486.685,2477.52,HIGH_SWEEP,5,2486.49,False,False,0.1424,499,native,44.95,NORMAL,44.77,38.0,True,300,84.8,BULL,BOS UP,HH/HL,MIX/LL,TR UP,91.8,True,True,498,17,61.2,1789708200000,LOW,2469.0,2.89,,,,2365.835,23.97,2,0,1,2492.55,2365.835,HIGH_SWEEP,18,2482.2,False,False,0.1972,499,native,65.21,NORMAL,59.35,60.33,True,300,73.3,BULL,BOS UP,HH/MIX,HH/HL,TR UP,74.1,True,True,498,6,39.9,1789707600000,LOW,2435.39,5.85,,,,2435.74,5.8,2,0,1,2492.55,2435.74,HIGH_SWEEP,5,2484.99,False,False,0.3292,499,native,79.41,YORGUN,86.24,95.67,True,300,73.3,BEAR,BOS DN,HH/HL,HH/MIX,TR DN,84.8,True,True,498,65,44.7,1789477200000,HIGH,2614.99,7.72,,,,,,,0,0,2484.0,2435.39,HIGH_SWEEP,1,2484.0,True,True,0.6888,499,native,65.48,NORMAL,76.53,87.67,True,300,51.7,TR-DN,CHOCH DN,MIX/HL,MIX/HL,TR-DN,70.6,True,True,498,14,32.7,1789502400000,HIGH,2614.99,3.31,,,,1862.655,15.57,2,0,2,2614.99,1862.655,HIGH_SWEEP,38,2522.75,False,False,1.6086,693,5737,1168760.33,975926.92,192833.41,8.99,54.5,67.4,UP,2103,462,2144687.24,24.6,60.0,1.0,True,3,734279.93,3,490143.9,244136.02,64.1,0.329,1.0,1.0,0.988,9486148.77,9464524.34,21624.42,0.11,50.06,50.2,FLAT,12768,2913,18950673.11,125.0,300.0,1.0,True,31,6316399.61,25,4515154.23,1801245.38,87.4,0.714,1.0,1.0,0.998,14469201.94,22585114.3,-8115912.36,-21.9,39.05,15.8,DOWN,24941,5737,37054316.24,252.9,557.2,0.6191,False,44,8651499.58,60,14072570.34,-5421070.75,84.5,0.835,1.0,0.619,0.999,-2468998.91,432080.57,,-8.23,1.19,0.5524,733054.06,0.1451,-61773.85,-0.0163,-0.3065,UP,1789713465392,SELL,283055.16,2482.9400000000005,1789713360000,ok,1.0,1.0004,1.0,continuous,1,476,0,,0,0,0,0,False,620,2483.14,2483.15,0.04,-0.013,-0.6361,-0.6361,230015.29,1034079.61,0.79,1789713475429,218,False,,,,
2,v2,v1.2,REALF_PY_V4_2_DERIVED,ZPTDIFAT_PY_V1_4_DERIVED,fc-v1,native,,058e38aec59f4c35,20260918_062941,162,BNB_20260918_063758_232,BNBUSDT,BINANCE,FUTURES,TOP100,4,25000,1789713478232,2026-09-18T06:37:58.232+00:00,89,True,1789713478217,1789713478232,64.3,1789713420000,1789713479999,False,58.2,753.29,0.0624,52.9,FAIR (DENGE),True,500,55.1,47.7,55.8,50.5,0.00052,0.29,0.06,0.00104,0.754,0.5,8.0,60.0,-24.9,YOK,8.0,0.716,753.6817118029272,0.052,CLV_PROXY_1M,0,0.0,100.0,52.9,52.2,51.6,53.2,0.7,1.3,-0.3,0.00052,-0.00024,-0.00067,-0.00046,24.74,17.29,17.08,18.76,7.45,7.66,5.98,44.06,37.67,500,native,24.74,DINLENMIS,44.06,37.67,True,300,43.7,BEAR,BOS DN,HH/MIX,HH/MIX,RANGE,72.1,True,True,499,8,52.5,1789712940000,HIGH,754.74,3.33,,,,735.76,40.21,2,0,1,754.74,735.76,HIGH_SWEEP,15,754.62,False,False,0.0579,499,native,30.02,NORMAL,34.17,15.33,True,300,72.3,BULL,BOS UP,HH/MIX,LH/LL,RANGE,74.2,True,True,498,11,53.9,1789711380000,LOW,751.67,1.54,,,,733.985,19.68,2,0,2,755.98,733.985,HIGH_SWEEP,26,753.4,False,False,0.1296,499,native,43.94,NORMAL,44.12,29.67,True,300,71.5,BULL,BOS UP,HH/MIX,HH/MIX,TR UP,80.5,True,True,498,17,50.9,1789708200000,LOW,749.39,2.67,,,,751.405,1.29,2,0,2,755.98,751.405,HIGH_SWEEP,6,755.08,False,False,0.1943,499,native,56.28,NORMAL,55.99,44.33,True,300,78.6,BULL,BOS UP,HH/HL,HH/HL,TR UP,91.5,True,True,498,29,31.8,1789686900000,LOW,733.95,7.55,,,,,,,0,0,754.71,733.95,HIGH_SWEEP,5,754.71,False,False,0.3404,499,native,93.94,ASIRI,90.13,95.0,True,300,72.9,BULL,BOS UP,HH/MIX,HH/MIX,TR UP,76.1,True,True,498,10,47.2,1789675200000,LOW,721.24,6.95,,,,,,,0,0,732.95,721.24,HIGH_SWEEP,18,729.58,False,False,0.6104,499,native,88.9,ASIRI,95.85,95.67,True,300,40.4,BULL,BOS UP,LH/LL,HH/HL,RANGE,86.1,True,True,498,4,31.3,1789646400000,LOW,704.34,5.19,,,,,,,0,0,725.94,704.34,HIGH_SWEEP,6,725.94,False,False,1.2519,140,2332,81487.17,46906.07,34581.1,26.93,63.47,87.8,UP,725,174,128393.23,18.4,60.0,1.0,True,0,0.0,0,0.0,0.0,54.9,0.269,0.777,1.0,0.998,598247.99,793280.04,-195032.05,-14.02,42.99,24.7,DOWN,4316,885,1391528.04,120.4,300.0,1.0,True,3,97891.3,8,322928.88,-225037.57,87.0,0.707,1.0,1.0,1.0,1071053.94,2274374.76,-1203320.82,-35.97,32.02,8.3,DOWN,11818,2332,3345428.71,283.5,888.0,0.9867,False,5,202386.47,20,748999.78,-546613.31,93.5,0.85,1.0,0.987,1.0,-44898.09,96127.8,,7.18,3.63,0.92,-48682.98,-0.1251,-56621.7,-0.2035,-0.1809,NONE,1789713396569,SELL,32184.6,752.68,1789713360000,ok,1.0,1.0,1.0,continuous,1,184,0,,0,0,0,0,False,654,753.16,753.17,0.133,0.034,0.1826,0.0578,131572.17,90942.07,2.72,1789713478026,206,False,,FATIGUE_RESTED_1M,,
2,v2,v1.2,REALF_PY_V4_2_DERIVED,ZPTDIFAT_PY_V1_4_DERIVED,fc-v1,native,,058e38aec59f4c35,20260918_062941,163,XRP_20260918_063801_399,XRPUSDT,BINANCE,FUTURES,TOP100,5,25000,1789713481399,2026-09-18T06:38:01.399+00:00,89,True,1789713480803,1789713481399,64.3,1789713420000,1789713479999,True,60.8,1.322,-0.0378,60.8,PRICE AHEAD,True,500,64.0,58.9,60.1,52.0,-0.00341,0.11,-0.65,0.00159,0.703,0.37,15.3,50.0,0.1,YOK,5.1,1.0,1.3174981431167048,-0.341,CLV_PROXY_1M,0,0.0,100.0,60.8,62.7,53.1,54.6,-1.9,7.7,6.2,-0.00341,0.00014,-0.00164,-0.00141,57.93,56.65,54.66,58.26,1.28,3.27,-0.33,60.75,61.33,500,native,57.93,NORMAL,60.75,61.33,True,300,72.7,BEAR,BOS DN,HH/HL,MIX/HL,SQZ,83.2,True,True,499,52,52.6,1789710300000,HIGH,1.3237,1.24,,,,1.3032,13.75,2,0,2,1.3232,1.3032,HIGH_SWEEP,1,1.3232,True,False,0.1034,499,native,67.78,NORMAL,73.02,81.0,True,300,29.6,BULL,BOS UP,LH/LL,HH/HL,RANGE,90.5,True,True,498,34,58.0,1789707240000,LOW,1.3133,3.51,,,,,,,0,0,1.3228,1.3164,HIGH_SWEEP,3,1.3228,False,True,0.1897,499,native,56.44,NORMAL,67.57,71.0,True,300,61.5,BULL,BOS UP,MIX/HL,LH/LL,RANGE,74.0,True,True,498,34,67.7,1789703100000,LOW,1.3045,5.11,,,,,,,0,0,1.3228,1.3164,HIGH_SWEEP,2,1.3228,False,True,0.2592,499,native,57.48,NORMAL,56.24,61.0,True,300,76.7,TR-UP,CHOCH UP,HH/HL,MIX/HL,TR-UP,84.3,True,True,498,22,25.8,1789693200000,LOW,1.2867,6.27,,,,,,,0,0,1.3286,1.3133,HIGH_SWEEP,23,1.3002,False,False,0.4261,499,native,80.65,YORGUN,80.1,92.0,True,300,74.1,TR-UP,CHOCH UP,HH/MIX,HH/MIX,TR-UP,74.3,True,True,498,3,82.2,1789700400000,LOW,1.2867,2.91,,,,,,,0,0,1.3201,1.2867,HIGH_SWEEP,1,1.3201,True,False,0.9194,499,native,49.57,NORMAL,58.65,74.67,True,300,47.1,TR-DN,CHOCH DN,HH/MIX,MIX/LL,TR-DN,75.8,True,True,498,15,73.1,1789488000000,HIGH,1.4916,5.33,1.5507,7.19,2,0.98775,10.51,2,1,1,1.5507,0.98775,EQH_SWEEP,57,1.43175,False,False,2.3989,586,2406,160146.93,137278.67,22868.26,7.69,53.84,65.1,UP,786,107,297425.6,14.4,60.0,1.0,True,2,78625.74,1,40523.2,38102.55,52.6,0.224,0.868,1.0,0.99,3040570.11,2221620.11,818950.0,15.56,57.78,77.4,UP,8544,991,5262190.22,147.3,300.0,1.0,True,36,2190080.23,22,1178241.04,1011839.2,88.9,0.747,1.0,1.0,0.998,5705927.11,5008340.84,697586.27,6.51,53.26,62.9,UP,20414,2406,10714267.95,320.8,872.7,0.9696,False,64,3707182.49,49,2748563.39,958619.1,93.8,0.865,1.0,0.97,0.999,508909.5,1564.82,,17.14,-0.25,0.903,203519.79,0.1304,225409.96,0.2142,-0.0148,NONE,1789713480348,BUY,26009.14,1.3221,1789713360000,ok,1.0,1.0,1.0,continuous,1,113,0,,0,0,0,0,False,34,1.3221,1.3222,0.756,0.276,-0.0366,-0.0761,989195.19,1064368.24,14.75,1789713480773,626,False,,,,
2,v2,v1.2,REALF_PY_V4_2_DERIVED,ZPTDIFAT_PY_V1_4_DERIVED,fc-v1,native,,058e38aec59f4c35,20260918_062941,164,DOGE_20260918_063804_185,DOGEUSDT,BINANCE,FUTURES,TOP100,12,15000,1789713484185,2026-09-18T06:38:04.185+00:00,89,True,1789713483973,1789713484185,63.5,1789713480000,1789713539999,False,4.0,0.08429,0.0237,62.0,PRICE AHEAD,True,500,66.5,56.2,64.8,50.1,-0.0021,0.36,-0.57,0.00142,0.623,0.03,0.3,55.0,-15.4,YOK,10.2,1.0,0.08411283138000047,-0.21,CLV_PROXY_1M,0,0.0,100.0,62.0,60.1,53.6,52.3,1.9,8.4,9.7,-0.0021,-0.00021,-0.00151,-0.00173,44.56,40.91,32.58,35.07,3.65,11.98,9.49,55.51,47.33,500,native,44.56,NORMAL,55.51,47.33,True,300,63.5,BEAR,BOS DN,HH/HL,MIX/HL,SQZ,83.6,True,True,499,20,38.7,1789712280000,HIGH,0.08443,1.79,0.084395,1.34,2,0.08135,37.6,2,1,1,0.084395,0.08135,EQH_SWEEP,2,0.084395,False,False,0.0928,499,native,48.28,NORMAL,53.82,46.33,True,300,61.9,BULL,BOS UP,MIX/HL,MIX/HL,RANGE,73.3,True,True,498,33,48.5,1789707420000,LOW,0.08373,3.7,0.08449000000000001,1.32,2,,,,1,0,0.08449000000000001,0.08417,LOW_SWEEP,12,0.08419,False,False,0.1798,499,native,39.83,NORMAL,45.24,34.33,True,300,63.2,BULL,BOS UP,MIX/HL,MIX/HL,TR UP,80.0,True,True,498,34,93.1,1789703100000,LOW,0.08223,9.36,,,,0.07986,20.12,2,0,1,0.08448,0.07986,HIGH_SWEEP,18,0.08459,False,False,0.2615,499,native,60.55,NORMAL,55.38,56.67,True,300,79.8,BULL,BOS UP,HH/HL,HH/HL,TR UP,84.7,True,True,498,21,43.6,1789694100000,LOW,0.08114,8.71,,,,0.080555,10.33,2,0,1,0.08469,0.080555,HIGH_SWEEP,64,0.08179,False,False,0.4296,499,native,89.0,ASIRI,85.49,96.67,True,300,89.8,BULL,BOS UP,HH/HL,LH/LL,TR UP,90.7,True,True,498,4,51.5,1789696800000,LOW,0.08114,4.35,,,,,,,0,0,0.08253,0.08114,HIGH_SWEEP,21,0.08134,False,False,0.8609,499,native,72.96,YORGUN,86.17,92.33,True,300,47.5,BEAR,BOS DN,HH/MIX,LH/MIX,TR DN,73.2,True,True,498,16,26.7,1789473600000,HIGH,0.08616,1.22,,,,0.07835,3.89,2,0,1,0.08616,0.07835,HIGH_SWEEP,20,0.08534,False,False,1.8093,217,1767,35634.75,82676.99,-47042.24,-39.76,30.12,7.4,DOWN,569,75,118311.73,7.7,60.0,1.0,True,0,0.0,1,51462.8,-51462.8,41.2,0.133,0.768,1.0,0.996,930172.76,946146.15,-15973.39,-0.85,49.57,48.3,FLAT,4212,517,1876318.91,78.9,300.0,1.0,True,12,615047.37,17,502904.1,112143.27,82.2,0.612,1.0,1.0,0.999,1841379.25,2333676.17,-492296.91,-11.79,44.1,28.0,DOWN,11329,1700,4175055.42,178.2,900.0,1.0,True,26,1032955.44,44,1419249.01,-386293.57,90.6,0.781,1.0,1.0,1.0,140634.92,-22728.21,-80736.19,4.04,-0.61,0.9522,30785.01,0.0675,20624.48,0.055,-0.3611,UP,1789713441831,SELL,51462.8,0.08429614507780508,1789713360000,ok,1.0,1.0,1.0,continuous,1,82,0,,0,0,0,0,False,68,0.08428,0.08429,1.186,0.395,0.0788,0.0106,854885.82,729990.45,23.14,1789713483754,431,False,,,,
2,v2,v1.2,REALF_PY_V4_2_DERIVED,ZPTDIFAT_PY_V1_4_DERIVED,fc-v1,native,,058e38aec59f4c35,20260918_062941,165,LINK_20260918_063807_166,LINKUSDT,BINANCE,FUTURES,TOP100,17,10000,1789713487166,2026-09-18T06:38:07.166+00:00,89,True,1789713486736,1789713487166,63.4,1789713480000,1789713539999,False,6.7,11.819,0.0423,54.6,FAIR (DENGE),True,500,56.7,52.3,54.9,50.0,-0.00106,0.74,0.46,0.00195,0.686,0.05,0.3,50.0,21.4,YOK,4.3,1.0,11.80650036084493,-0.106,CLV_PROXY_1M,0,0.0,100.0,54.6,53.8,54.7,54.2,0.8,-0.1,0.4,-0.00106,-0.00031,-0.00064,-0.00069,69.52,66.67,60.12,63.2,2.85,9.4,6.32,76.7,75.0,500,native,69.52,NORMAL,76.7,75.0,True,300,91.8,BULL,BOS UP,HH/HL,MIX/HL,RANGE,92.9,True,True,499,2,55.7,1789713360000,LOW,11.772,3.12,,,,11.377500000000001,29.27,2,0,1,11.811,11.377500000000001,HIGH_SWEEP,21,11.779,False,False,0.1277,499,native,78.32,YORGUN,84.68,92.0,True,300,45.7,BULL,BOS UP,LH/LL,HH/MIX,RANGE,88.3,True,True,498,5,67.9,1789712460000,LOW,11.705,3.92,,,,,,,0,0,11.776,11.705,HIGH_SWEEP,10,11.776,False,False,0.2446,499,native,69.75,NORMAL,85.4,92.0,True,300,62.5,BULL,BOS UP,HH/MIX,LH/LL,TR UP,76.9,True,True,498,34,57.9,1789703100000,LOW,11.337,12.03,,,,,,,0,0,11.817,11.705,HIGH_SWEEP,20,11.802,False,False,0.3393,499,native,64.49,NORMAL,67.88,71.33,True,300,77.6,BULL,BOS UP,HH/HL,HH/HL,TR UP,87.9,True,True,498,29,54.8,1789686900000,LOW,11.25,8.87,,,,11.0905,11.36,2,0,1,11.817,11.0905,HIGH_SWEEP,64,11.34,False,False,0.544,499,native,90.64,ASIRI,88.65,95.33,True,300,83.3,TR-UP,CHOCH UP,HH/HL,MIX/LL,TR-UP,86.0,True,True,498,5,51.0,1789693200000,LOW,11.089,6.05,12.7855,8.03,2,,,,1,0,12.7855,11.25,LOW_SWEEP,37,10.67,False,False,1.0287,499,native,75.96,YORGUN,88.94,93.0,True,300,17.7,BEAR,BOS DN,LH/LL,HH/MIX,RANGE,86.2,True,True,498,15,24.8,1789488000000,HIGH,11.961,0.57,,,,8.062,14.98,2,0,1,11.961,8.062,EQH_SWEEP,83,12.035499999999999,False,False,2.133,2429,1438,25100.23,21047.5,4052.73,8.78,54.39,67.1,UP,339,70,46147.73,22.8,60.0,1.0,True,0,0.0,0,0.0,0.0,55.4,0.313,0.666,1.0,0.96,646220.7,306479.07,339741.63,35.66,67.83,91.6,UP,2996,462,952699.77,110.7,300.0,1.0,True,11,362013.16,3,66322.94,295690.22,85.9,0.689,0.995,1.0,0.992,1234661.68,836402.47,398259.22,19.23,59.61,81.7,UP,6971,1224,2071064.15,262.7,900.0,1.0,True,19,576190.46,16,302791.85,273398.61,93.2,0.84,1.0,1.0,0.997,-53486.93,-7672.17,-154818.08,-4.39,0.05,1.0,104462.17,0.3862,85966.44,0.4512,0.0786,NONE,1789713420360,SELL,14386.36,11.82,1789713360000,ok,1.0,1.0,1.0,continuous,1,74,0,,0,0,0,0,False,102,11.818,11.819,0.846,0.335,0.0656,0.3833,224949.86,197271.35,16.5,1789713486524,642,False,,,,
2,v2,v1.2,REALF_PY_V4_2_DERIVED,ZPTDIFAT_PY_V1_4_DERIVED,fc-v1,native,,058e38aec59f4c35,20260918_062941,166,ADA_20260918_063809_761,ADAUSDT,BINANCE,FUTURES,TOP100,19,10000,1789713489761,2026-09-18T06:38:09.761+00:00,89,True,1789713489761,1789713489761,62.4,1789713480000,1789713539999,False,9.8,0.2134,-0.0468,40.2,PRICE LAG,True,500,37.0,40.4,42.3,50.0,0.0042,-0.59,0.26,0.00165,0.637,0.01,0.3,50.0,2.0,YOK,5.3,1.0,0.21429915374073663,0.421,CLV_PROXY_1M,0,0.0,100.0,40.2,39.3,40.0,53.1,0.9,0.2,-12.9,0.0042,0.00036,-3e-05,0.00125,46.59,51.46,61.85,63.38,-4.87,-15.26,-16.79,37.86,29.0,500,native,46.59,NORMAL,37.86,29.0,True,300,64.9,TR-UP,CHOCH UP,MIX/HL,MIX/HL,SQZ,75.3,True,True,499,23,50.5,1789712100000,LOW,0.2126,2.61,0.2138,1.31,2,,,,2,0,0.2138,0.213,EQH_SWEEP,2,0.2138,False,False,0.1435,499,native,73.01,YORGUN,70.38,68.67,True,300,21.2,BEAR,BOS DN,LH/LL,MIX/HL,RANGE,86.5,True,True,498,26,70.8,1789708680000,HIGH,0.2173,7.09,,,,,,,0,0,0.2151,0.2121,LOW_SWEEP,46,0.2143,False,False,0.251,499,native,52.09,NORMAL,60.66,58.33,True,300,19.7,TR-DN,CHOCH DN,LH/LL,LH/LL,TR-DN,85.4,True,True,498,9,28.1,1789710600000,HIGH,0.2151,2.14,,,,0.1903,31.02,3,0,1,0.2151,0.1903,HIGH_SWEEP,33,0.2159,False,False,0.3503,499,native,44.74,NORMAL,42.07,37.0,True,300,66.8,BULL,BOS UP,MIX/HL,LH/LL,TR UP,78.2,True,True,498,26,55.4,1789689600000,LOW,0.1997,8.92,0.21739999999999998,2.61,2,0.1972,10.55,2,1,2,0.21739999999999998,0.1972,HIGH_SWEEP,27,0.2027,False,False,0.7191,499,native,85.98,ASIRI,75.81,88.67,True,300,87.0,BULL,BOS UP,HH/HL,HH/HL,EXP UP,84.6,True,True,498,6,53.5,1789689600000,LOW,0.1901,7.52,,,,,,,0,0,0.2042,0.1997,EQH_SWEEP,29,0.19690000000000002,False,False,1.4575,499,native,75.72,YORGUN,87.97,90.0,True,300,41.5,TR-UP,CHOCH UP,LH/LL,LH/LL,TR-UP,84.5,True,True,498,1,52.5,1789689600000,LOW,0.1901,4.3,,,,,,,0,0,0.2159,0.1901,LOW_SWEEP,52,0.2148,False,True,2.5151,991,1083,197353.52,20247.9,177105.63,81.39,90.69,94.9,UP,311,73,217601.42,3.3,60.0,1.0,True,4,189057.6,1,12468.24,176589.36,31.2,0.062,0.834,1.0,0.983,511120.56,477910.26,33210.3,3.36,51.68,56.8,UP,1834,340,989030.82,25.5,300.0,1.0,True,14,438095.46,11,392103.21,45992.25,64.8,0.338,0.999,1.0,0.997,963958.57,1017642.51,-53683.94,-2.71,48.65,44.5,FLAT,4622,962,1981601.08,61.5,900.0,1.0,True,25,712178.25,23,796199.65,-84021.4,78.8,0.552,1.0,1.0,0.999,319822.8,138725.07,-7647.74,69.89,8.15,1.0,-4453.03,-0.0155,-8695.57,-0.044,0.2275,NONE,1789713475024,BUY,32160.66,0.2134,1789713360000,ok,1.0,1.0,1.0,continuous,1,76,0,,0,0,0,0,False,136,0.2134,0.2135,4.685,-0.752,0.0755,-0.1687,2374157.19,2040904.13,91.36,1789713489540,221,False,,AGGRESSIVE_BUYER,,
2,v2,v1.2,REALF_PY_V4_2_DERIVED,ZPTDIFAT_PY_V1_4_DERIVED,fc-v1,native,,058e38aec59f4c35,20260918_062941,167,LTC_20260918_063812_346,LTCUSDT,BINANCE,FUTURES,TOP100,25,10000,1789713492346,2026-09-18T06:38:12.346+00:00,89,True,1789713492330,1789713492346,61.4,1789713480000,1789713539999,False,12.3,54.91,0.0,62.0,PRICE AHEAD,True,500,67.3,57.3,62.2,50.0,-0.00276,0.09,-0.55,0.0013,0.575,0.01,0.3,45.0,-21.5,YOK,10.0,1.0,54.75843135344907,-0.276,CLV_PROXY_1M,0,0.0,100.0,62.0,61.3,55.0,53.8,0.7,7.0,8.2,-0.00276,0.00013,-0.00099,-0.00102,54.73,55.24,58.13,68.36,-0.51,-3.4,-13.63,52.34,56.33,500,native,54.73,NORMAL,52.34,56.33,True,300,72.9,BULL,BOS UP,HH/MIX,MIX/HL,TR UP,73.8,True,True,499,11,64.2,1789712820000,LOW,54.78,2.47,,,,54.76,2.85,2,0,2,55.02,54.76,HIGH_SWEEP,35,54.92,False,False,0.0959,499,native,62.68,NORMAL,68.86,73.33,True,300,64.2,BULL,BOS UP,MIX/HL,HH/HL,RANGE,81.4,True,True,498,34,50.6,1789707240000,LOW,54.29,6.01,54.974999999999994,0.52,2,,,,2,0,54.974999999999994,54.78,EQH_SWEEP,3,55.0,False,False,0.1911,499,native,56.51,NORMAL,67.3,62.0,True,300,76.8,BULL,BOS UP,HH/HL,MIX/HL,RANGE,86.1,True,True,498,34,51.2,1789703100000,LOW,54.32,4.17,,,,53.86,7.36,2,0,3,55.0,53.86,HIGH_SWEEP,2,55.0,False,False,0.2624,499,native,73.2,YORGUN,72.41,79.0,True,300,71.1,BULL,BOS UP,MIX/HL,HH/MIX,TR UP,85.7,True,True,498,24,95.3,1789691400000,LOW,53.59,5.85,,,,,,,0,0,53.98,54.29,EQH_SWEEP,26,53.989999999999995,False,False,0.4112,499,native,87.54,ASIRI,87.38,95.0,True,300,88.0,BULL,BOS UP,HH/HL,HH/HL,TR UP,83.5,True,True,498,6,68.8,1789689600000,LOW,52.46,5.61,,,,,,,0,0,54.0,52.46,HIGH_SWEEP,21,52.81,False,False,0.7963,499,native,81.28,YORGUN,89.11,93.0,True,300,51.6,TR-DN,CHOCH DN,HH/MIX,LH/LL,TR-DN,72.3,True,True,498,14,38.2,1789502400000,HIGH,55.24,0.38,,,,,,,0,0,55.24,50.13,HIGH_SWEEP,30,54.28,False,False,1.559,3470,639,38451.45,8872.75,29578.7,62.5,81.25,94.7,UP,142,28,47324.2,5.6,60.0,1.0,True,2,33906.91,0,0.0,33906.91,35.3,0.101,0.669,1.0,0.942,164591.96,77712.46,86879.5,35.86,67.93,91.7,UP,754,148,242304.42,20.9,300.0,1.0,True,7,114774.62,1,19411.88,95362.73,58.2,0.294,0.846,1.0,0.988,516713.99,425167.54,91546.45,9.72,54.86,68.7,UP,3103,572,941881.53,76.9,900.0,1.0,True,13,259938.96,12,202698.74,57240.22,81.6,0.606,0.993,1.0,0.996,44475.12,118673.9,16567.12,57.6,22.73,1.0,18144.56,0.3606,17980.97,0.371,-0.2555,UP,1789713488874,BUY,14466.54,54.91919435111896,1789713420000,ok,1.0,1.0,1.0,continuous,1,29,0,,0,0,0,0,False,170,54.91,54.92,1.821,-0.195,0.0579,-0.0833,740611.64,659570.42,35.51,1789713492046,300,False,,AGGRESSIVE_BUYER,,
2,v2,v1.2,REALF_PY_V4_2_DERIVED,ZPTDIFAT_PY_V1_4_DERIVED,fc-v1,native,,058e38aec59f4c35,20260918_062941,168,AVAX_20260918_063815_128,AVAXUSDT,BINANCE,FUTURES,TOP100,31,5000,1789713495128,2026-09-18T06:38:15.128+00:00,89,True,1789713494909,1789713495128,61.5,1789713480000,1789713539999,False,14.9,7.892,0.0127,49.7,FAIR (DENGE),True,500,51.2,40.8,57.2,50.0,0.00304,0.0,-0.84,0.00128,0.602,0.02,0.3,50.0,9.4,YOK,16.4,0.075,7.916001088285709,0.304,CLV_PROXY_1M,0,0.0,100.0,49.7,47.4,40.6,41.1,2.3,9.1,8.6,0.00304,-0.00023,-0.00201,-0.00241,57.73,58.85,61.4,57.71,-1.12,-3.67,0.02,56.89,51.0,500,native,57.73,NORMAL,56.89,51.0,True,300,70.9,BEAR,BOS DN,HH/HL,MIX/HL,SQZ,77.8,True,True,499,58,64.9,1789710000000,HIGH,7.93,5.62,7.9415,7.33,2,,,,1,0,7.9415,7.88,LOW_SWEEP,17,7.873,False,False,0.0856,499,native,58.37,NORMAL,66.96,63.67,True,300,59.1,BULL,BOS UP,MIX/HL,HH/MIX,RANGE,69.2,True,True,498,70,79.7,1789700760000,LOW,7.677,13.88,,,,7.6285,17.02,2,0,1,7.903,7.6285,HIGH_SWEEP,79,7.723,False,False,0.1961,499,native,36.93,NORMAL,46.08,34.67,True,300,60.7,BULL,BOS UP,MIX/HL,MIX/HL,RANGE,74.1,True,True,498,42,66.0,1789700700000,LOW,7.677,9.09,,,,,,,0,0,7.942,7.857,HIGH_SWEEP,47,7.723,False,False,0.2997,499,native,55.36,NORMAL,52.68,48.0,True,300,79.5,BULL,BOS UP,HH/HL,MIX/HL,TR UP,85.4,True,True,498,23,54.9,1789692300000,LOW,7.545,8.24,,,,,,,0,0,7.968,7.584,EQH_SWEEP,23,7.648,False,False,0.534,499,native,87.48,ASIRI,81.65,89.0,True,300,91.4,TR-UP,CHOCH UP,HH/HL,LH/LL,TR-UP,94.6,True,True,498,3,96.7,1789700400000,LOW,7.545,4.31,8.192,3.72,3,7.186,8.76,2,1,1,8.192,7.186,EQL_SWEEP,37,7.186,False,False,1.023,499,native,84.65,ASIRI,90.21,93.0,True,300,78.7,BULL,BOS UP,HH/MIX,HH/MIX,RANGE,76.8,True,True,498,1,80.2,1789689600000,LOW,7.171,4.75,,,,7.173500000000001,4.73,2,0,1,7.8,7.173500000000001,LOW_SWEEP,15,7.243,False,False,1.9116,3345,812,6486.69,10882.48,-4395.79,-25.31,37.35,13.2,DOWN,119,29,17369.17,4.2,60.0,1.0,True,0,0.0,1,7165.94,-7165.94,30.0,0.078,0.56,1.0,0.944,216893.71,161537.79,55355.92,14.63,57.31,76.2,UP,1490,224,378431.5,49.8,300.0,1.0,True,9,105770.64,11,90532.84,15237.8,73.1,0.499,0.894,1.0,0.989,496356.55,372487.45,123869.1,14.26,57.13,75.7,UP,3947,674,868844.01,127.0,900.0,1.0,True,21,213161.0,22,203678.93,9482.07,87.1,0.718,0.985,1.0,0.996,12497.46,-2911.55,-77520.35,-5.84,-0.14,1.0,1822.32,0.0194,11451.98,0.1513,0.3683,NONE,1789713457010,SELL,7165.94,7.892,1789713420000,ok,1.0,1.0,1.0,continuous,1,29,0,,0,0,0,0,False,204,7.89,7.891,1.267,-0.268,0.2302,-0.2179,360424.5,225531.66,24.71,1789713494483,645,False,,,,
2,v2,v1.2,REALF_PY_V4_2_DERIVED,ZPTDIFAT_PY_V1_4_DERIVED,fc-v1,native,,058e38aec59f4c35,20260918_062941,169,SUI_20260918_063818_129,SUIUSDT,BINANCE,FUTURES,TOP100,35,5000,1789713498129,2026-09-18T06:38:18.129+00:00,89,True,1789713497709,1789713498129,61.6,1789713480000,1789713539999,False,17.7,0.7779,-0.0129,55.5,FAIR (DENGE),True,500,58.2,49.0,60.0,50.0,0.00046,0.54,-0.2,0.00202,0.576,0.03,0.3,50.0,2.0,YOK,11.0,0.917,0.7782565946603021,0.046,CLV_PROXY_1M,0,0.0,100.0,55.5,54.6,46.5,48.3,0.9,9.0,7.2,0.00046,6e-05,-0.0021,-0.00236,72.3,71.19,63.66,59.67,1.11,8.64,12.63,75.29,74.0,500,native,72.3,YORGUN,75.29,74.0,True,300,83.3,TR-UP,CHOCH UP,HH/HL,HH/HL,TR-UP,87.5,True,True,499,2,36.2,1789713360000,LOW,0.775,2.72,,,,,,,0,0,0.7779,0.775,HIGH_SWEEP,16,0.777,False,False,0.1372,499,native,67.7,NORMAL,79.83,86.0,True,300,57.5,BULL,BOS UP,MIX/HL,MIX/HL,RANGE,66.6,True,True,498,56,52.4,1789703280000,LOW,0.7643,6.27,,,,0.7292,22.45,2,0,3,0.7778,0.7292,HIGH_SWEEP,51,0.7849,False,False,0.279,499,native,46.83,NORMAL,65.63,61.33,True,300,60.8,BULL,BOS UP,MIX/HL,MIX/HL,RANGE,74.3,True,True,498,41,48.0,1789701000000,LOW,0.7643,4.43,,,,0.71575,20.13,2,0,2,0.7849,0.71575,HIGH_SWEEP,91,0.7365,False,False,0.3981,499,native,47.22,NORMAL,49.83,39.0,True,300,78.5,BULL,BOS UP,HH/HL,MIX/HL,TR UP,90.8,True,True,498,29,53.6,1789686900000,LOW,0.7287,8.4,,,,0.7289,8.37,2,0,1,0.7899,0.7289,HIGH_SWEEP,58,0.7351,False,False,0.7551,499,native,87.9,ASIRI,76.15,85.33,True,300,83.0,TR-UP,CHOCH UP,HH/HL,HH/MIX,TR-UP,88.9,True,True,498,6,40.0,1789689600000,LOW,0.7157,5.66,0.8336,5.05,2,,,,2,0,0.8336,0.7157,LOW_SWEEP,37,0.6814,False,False,1.4211,499,native,86.36,ASIRI,91.04,95.33,True,300,89.3,TR-UP,CHOCH UP,HH/HL,MIX/HL,TR-UP,85.4,True,True,498,1,97.1,1789689600000,LOW,0.6773,5.33,,,,,,,0,0,0.7479,0.6773,LOW_SWEEP,16,0.692,False,False,2.3923,545,1904,30606.82,18911.13,11695.69,23.62,61.81,85.6,UP,521,97,49517.95,13.3,60.0,1.0,True,1,7974.0,1,8670.46,-696.46,47.5,0.21,0.674,1.0,0.991,691020.31,492280.35,198739.96,16.8,58.4,78.9,UP,4258,654,1183300.65,129.4,300.0,1.0,True,29,499676.75,30,290603.13,209073.63,87.7,0.721,1.0,1.0,0.998,1377338.36,1242100.53,135237.83,5.16,52.58,60.4,UP,10146,1641,2619438.9,278.1,900.0,1.0,True,65,906438.11,64,771603.63,134834.47,93.6,0.848,1.0,1.0,0.999,36157.92,34222.6,-266207.39,15.38,1.67,1.0,41354.27,0.1355,51239.01,0.2165,0.054,NONE,1789713492658,BUY,7974.0,0.7780119794715685,1789713420000,ok,1.0,1.0,1.0,continuous,1,101,0,,0,0,0,0,False,238,0.778,0.7781,1.285,-0.485,-0.1876,-0.0381,256645.9,375166.2,25.06,1789713497474,655,False,,,,
2,v2,v1.2,REALF_PY_V4_2_DERIVED,ZPTDIFAT_PY_V1_4_DERIVED,fc-v1,native,,058e38aec59f4c35,20260918_062941,170,AKE_20260918_063821_157,AKEUSDT,BINANCE,FUTURES,TOP100,94,2000,1789713501157,2026-09-18T06:38:21.157+00:00,89,True,1789713500691,1789713501157,61.4,1789713480000,1789713539999,False,20.7,0.022999,-0.1086,57.6,FAIR (DENGE),True,500,58.7,64.2,49.8,51.6,-0.03037,-0.42,0.37,0.00724,0.587,0.12,60.7,45.0,15.9,YOK,14.4,0.989,0.02231095241788058,-2.992,CLV_PROXY_1M,0,0.0,100.0,57.6,55.9,58.8,64.1,1.7,-1.2,-6.5,-0.03037,0.00159,0.00422,0.01249,60.95,65.38,74.11,83.27,-4.43,-13.16,-22.32,50.58,50.67,500,native,60.95,NORMAL,50.58,50.67,True,300,88.2,BULL,BOS UP,HH/HL,HH/HL,TR UP,94.2,True,True,499,15,90.2,1789712580000,LOW,0.021423,6.35,,,,0.021402499999999998,6.43,2,0,1,0.023636,0.021402499999999998,HIGH_SWEEP,36,0.021605,False,False,1.0784,499,native,87.74,ASIRI,77.86,88.67,True,300,92.0,BULL,BOS UP,HH/HL,HH/HL,EXP UP,93.3,True,True,498,5,71.4,1789712460000,LOW,0.021423,4.86,,,,,,,0,0,0.021898,0.021646,LOW_SWEEP,34,0.021228,False,False,1.4106,499,native,90.05,ASIRI,84.71,93.0,True,300,77.8,BULL,BOS UP,MIX/HL,HH/HL,EXP UP,79.7,True,True,498,6,67.7,1789711500000,LOW,0.0214,4.93,,,,,,,0,0,0.02168,0.021423,EQH_SWEEP,34,0.021653,False,False,1.4009,499,native,81.4,YORGUN,92.62,96.0,True,300,42.0,BEAR,BOS DN,LH/MIX,MIX/HL,RANGE,66.1,True,True,498,153,97.0,1789575300000,HIGH,0.028247,12.28,0.029421000000000003,15.02,2,0.0209945,4.69,2,1,3,0.029421000000000003,0.0209945,EQL_SWEEP,56,0.020765,False,False,1.8233,499,native,75.83,YORGUN,95.19,98.0,True,300,70.7,BULL,BOS UP,HH/HL,HH/MIX,RANGE,69.6,True,True,498,74,56.3,1789444800000,LOW,0.014658,9.68,0.029844000000000002,7.95,2,0.012500500000000001,12.18,3,1,2,0.029844000000000002,0.012500500000000001,HIGH_SWEEP,75,0.0165,False,False,3.9837,499,native,41.32,NORMAL,45.07,45.0,True,300,84.7,BULL,BOS UP,HH/HL,MIX/HL,TR UP,90.5,True,True,498,18,80.8,1789444800000,LOW,0.013069,3.9,,,,0.0128725,3.97,2,0,3,0.029888,0.0128725,EQL_SWEEP,67,0.0128725,False,False,11.7969,306,21771,37373.13,31038.44,6334.68,9.26,54.63,67.9,UP,2341,1265,68411.57,123.0,60.0,1.0,True,4,8824.28,3,14122.26,-5297.97,78.6,0.711,0.709,1.0,0.995,249868.42,353407.38,-103538.96,-17.16,41.42,20.6,DOWN,17205,8958,603275.79,297.7,300.0,1.0,True,24,68404.14,32,148094.1,-79689.96,92.4,0.856,0.945,1.0,0.999,647401.25,808850.69,-161449.43,-11.09,44.46,29.1,DOWN,40842,21771,1456251.94,911.5,536.8,0.5965,False,62,205155.54,74,319400.67,-114245.13,88.3,0.948,1.0,0.596,1.0,27216.62,49280.08,,17.27,1.84,0.5298,-4385.4,-0.062,-19889.72,-0.1648,-0.2364,NONE,1789713491625,SELL,4147.3,0.02297253939169016,1789713420000,ok,1.0,1.0,1.0,continuous,2,1322,0,,0,0,0,0,False,292,0.022987,0.022989,0.87,-0.228,-0.5016,-0.6816,897.16,2702.82,8.7,1789713500493,664,False,,FATIGUE_EXTREME,,
2,v2,v1.2,REALF_PY_V4_2_DERIVED,ZPTDIFAT_PY_V1_4_DERIVED,fc-v1,native,,058e38aec59f4c35,20260918_062941,171,PONS_20260918_063823_954,PONSUSDT,BINANCE,FUTURES,OUTSIDE100,112,2000,1789713503954,2026-09-18T06:38:23.954+00:00,89,True,1789713503728,1789713503954,61.0,1789713480000,1789713539999,False,23.7,0.7304,0.1096,54.4,FAIR (DENGE),True,500,55.2,54.9,54.3,50.1,-0.00548,-0.04,-0.35,0.00546,0.584,0.2,0.3,55.0,-16.4,YOK,0.9,1.0,0.7264067889935167,-0.547,CLV_PROXY_1M,0,0.0,100.0,54.4,51.7,48.6,51.2,2.7,5.8,3.2,-0.00548,0.00022,-0.00333,-0.00204,18.54,15.84,14.33,15.97,2.7,4.21,2.57,28.34,16.67,500,native,18.54,DINLENMIS,28.34,16.67,True,300,26.0,BEAR,BOS DN,LH/MIX,LH/LL,RANGE,67.6,True,True,499,7,58.1,1789713060000,HIGH,0.7377,3.34,,,,0.7134,7.78,2,0,1,0.7364,0.7134,EQL_SWEEP,8,0.73295,False,False,0.2995,499,native,40.18,NORMAL,33.87,29.0,True,300,26.2,BULL,BOS UP,LH/LL,MIX/HL,RANGE,86.5,True,True,498,75,26.3,1789699860000,LOW,0.6834,9.23,0.7777000000000001,9.29,3,0.63845,18.06,2,1,1,0.7777000000000001,0.63845,HIGH_SWEEP,90,0.6964,False,False,0.6981,499,native,40.0,NORMAL,36.58,30.0,True,300,13.4,BEAR,BOS DN,LH/LL,LH/LL,RANGE,88.2,True,True,498,10,56.1,1789710300000,HIGH,0.7473,2.24,0.7778,6.29,2,,,,1,0,0.7778,0.7235,LOW_SWEEP,8,0.729,False,False,1.0306,499,native,44.61,NORMAL,38.91,35.0,True,300,86.2,BULL,BOS UP,HH/HL,MIX/LL,TR UP,93.8,True,True,498,17,77.8,1789697700000,LOW,0.6551,5.27,,,,,,,0,0,0.7781,0.6551,HIGH_SWEEP,18,0.6959,False,False,1.948,289,native,81.08,YORGUN,69.49,77.7,False,269,88.1,BULL,BOS UP,HH/HL,HH/HL,TR UP,88.8,True,True,288,7,54.7,1789686000000,LOW,0.6099,3.98,,,,,,,0,0,0.6721,0.6099,HIGH_SWEEP,6,0.6721,False,False,4.1259,73,native,83.84,ASIRI,83.27,98.11,False,53,74.7,TR-UP,CHOCH UP,HH/MIX,HH/HL,TR-UP,76.3,True,False,72,1,84.3,1789689600000,LOW,0.5483,3.4,,,,,,,0,0,0.6992,0.5483,LOW_SWEEP,12,0.5821,False,False,6.9476,1320,2363,10507.58,10467.87,39.71,0.19,50.09,50.4,FLAT,278,110,20975.45,45.9,60.0,1.0,True,0,0.0,1,2949.94,-2949.94,63.1,0.479,0.58,1.0,0.978,89319.58,96358.12,-7038.54,-3.79,48.1,42.3,DOWN,2172,756,185677.69,177.9,300.0,1.0,True,8,26507.1,8,24164.14,2342.97,85.2,0.781,0.817,1.0,0.996,292532.19,347437.24,-54905.05,-8.58,45.71,33.3,DOWN,7025,2208,639969.44,370.2,900.0,1.0,True,31,118201.53,37,172666.03,-54464.5,93.6,0.881,0.952,1.0,0.999,14836.47,33864.73,-8040.82,23.64,6.83,0.9905,-5461.02,-0.1537,-1611.42,-0.0434,-0.1659,NONE,1789713473456,SELL,2949.94,0.7296411080880535,1789713420000,ok,1.0,1.0,1.0,continuous,1,114,0,,0,0,0,0,False,326,0.7304,0.7305,1.369,0.415,0.0332,0.0582,31247.85,29241.94,26.7,1789713503533,421,False,,FATIGUE_RESTED_1M,,
2,v2,v1.2,REALF_PY_V4_2_DERIVED,ZPTDIFAT_PY_V1_4_DERIVED,fc-v1,native,,058e38aec59f4c35,20260918_062941,172,SKR_20260918_063826_532,SKRUSDT,BINANCE,FUTURES,OUTSIDE100,227,500,1789713506532,2026-09-18T06:38:26.532+00:00,89,True,1789713506516,1789713506532,60.5,1789713480000,1789713539999,False,26.5,0.019185,0.0,51.7,FAIR (DENGE),True,500,53.9,45.1,56.0,50.3,0.00237,1.55,1.12,0.00195,0.464,0.19,18.7,55.0,24.7,YOK,10.9,0.41,0.019230453693327144,0.237,CLV_PROXY_1M,0,0.0,100.0,51.7,49.5,51.9,51.5,2.2,-0.2,0.2,0.00237,0.0002,-0.00077,-0.00112,89.26,87.86,81.81,75.32,1.4,7.45,13.94,90.48,97.33,500,native,89.26,ASIRI,90.48,97.33,True,300,88.9,BULL,BOS UP,HH/HL,HH/HL,EXP UP,90.7,True,True,499,2,33.7,1789713360000,LOW,0.019028,4.69,0.019363,5.32,2,,,,1,0,0.019363,0.019028,EQH_SWEEP,47,0.0189665,False,False,0.1744,499,native,72.55,YORGUN,82.05,89.67,True,300,68.9,BULL,BOS UP,HH/MIX,MIX/HL,TR UP,70.0,True,True,498,13,36.3,1789711020000,LOW,0.018839,5.96,0.020296500000000002,19.16,2,0.0188425,5.9,2,1,1,0.020296500000000002,0.0188425,LOW_SWEEP,23,0.018846,False,False,0.3032,499,native,80.86,YORGUN,87.63,94.0,True,300,90.9,BULL,BOS UP,HH/HL,HH/MIX,RANGE,88.8,True,True,498,7,88.7,1789711200000,LOW,0.018839,4.62,0.020296500000000002,14.86,2,,,,1,0,0.020296500000000002,0.018839,LOW_SWEEP,25,0.018732,False,False,0.3912,499,native,80.51,YORGUN,96.98,98.0,True,300,74.6,BULL,BOS UP,MIX/HL,MIX/HL,SQZ,69.3,True,True,498,1,49.0,1789712100000,LOW,0.018719,3.19,,,,0.017547,11.2,2,0,2,0.019011,0.017547,HIGH_SWEEP,35,0.019329,False,False,0.7671,499,native,45.36,NORMAL,56.8,69.0,True,300,39.3,BULL,BOS UP,LH/LL,HH/MIX,RANGE,84.4,True,True,498,21,72.8,1789635600000,LOW,0.017378,4.76,0.025375500000000002,16.3,2,,,,1,0,0.025375500000000002,0.018321,LOW_SWEEP,6,0.018554,False,False,2.0012,499,native,73.75,YORGUN,70.51,78.67,True,300,72.9,BULL,BOS UP,HH/HL,HH/HL,TR UP,83.6,True,True,498,114,36.2,1788062400000,LOW,0.008858,11.64,,,,0.017043000000000003,2.41,2,0,1,0.020299,0.017043000000000003,HIGH_SWEEP,4,0.019684,False,False,4.7097,4985,577,996.73,664.93,331.8,19.97,59.98,82.4,UP,57,40,1661.66,11.4,60.0,1.0,True,0,0.0,0,0.0,0.0,35.4,0.186,0.305,1.0,0.917,5964.86,8489.74,-2524.87,-17.47,41.27,20.3,DOWN,223,159,14454.6,9.6,300.0,1.0,True,2,1411.82,2,5710.54,-4298.71,40.0,0.162,0.54,1.0,0.983,21865.1,19280.24,2584.86,6.28,53.14,62.5,UP,681,488,41145.34,55.4,900.0,1.0,True,6,9496.49,6,8663.3,833.19,68.0,0.526,0.654,1.0,0.994,6170.42,1623.87,-2409.42,50.81,4.69,1.0,-1731.47,-0.4143,-631.02,-0.2183,0.0579,DOWN,1789713396632,SELL,522.65,0.019121,1789713420000,ok,1.0,1.0,1.0,continuous,1,40,0,,0,0,0,0,False,360,0.019187,0.019197,5.211,2.558,-0.023,0.1388,4300.78,4503.06,16.67,1789713506297,235,False,,FATIGUE_EXTREME,,
2,v2,v1.2,REALF_PY_V4_2_DERIVED,ZPTDIFAT_PY_V1_4_DERIVED,fc-v1,native,,058e38aec59f4c35,20260918_062941,173,PROM_20260918_063829_095,PROMUSDT,BINANCE,FUTURES,OUTSIDE100,266,1000,1789713509095,2026-09-18T06:38:29.095+00:00,89,True,1789713509095,1789713509095,59.9,1789713480000,1789713539999,False,29.1,5.411,0.0,57.4,FAIR (DENGE),True,500,59.7,55.5,57.9,50.7,-0.00263,-0.61,-1.06,0.00249,0.567,0.26,5.0,75.0,-27.6,YOK,4.3,1.0,5.396763890806896,-0.263,CLV_PROXY_1M,0,0.0,100.0,57.4,57.9,59.3,59.1,-0.5,-1.9,-1.7,-0.00263,5e-05,0.00057,-0.00107,36.11,37.07,38.36,43.64,-0.96,-2.25,-7.53,33.69,34.33,500,native,36.11,NORMAL,33.69,34.33,True,300,30.1,BEAR,BOS DN,LH/MIX,LH/LL,TR DN,84.9,True,True,499,25,81.2,1789711980000,HIGH,5.541,15.33,,,,5.41,0.12,2,0,1,5.424,5.41,LOW_SWEEP,23,5.427,False,False,0.1567,499,native,27.01,DINLENMIS,33.43,28.67,True,300,15.1,TR-DN,CHOCH DN,LH/LL,LH/MIX,TR-DN,91.5,True,True,498,8,59.2,1789711920000,HIGH,5.541,6.93,,,,5.3934999999999995,0.93,2,0,1,5.541,5.3934999999999995,HIGH_SWEEP,46,5.589,False,False,0.3465,499,native,14.9,DINLENMIS,18.83,14.33,True,300,44.4,TR-DN,CHOCH DN,MIX/HL,LH/LL,TR-DN,75.6,True,True,498,5,58.5,1789711800000,HIGH,5.541,5.24,,,,5.3919999999999995,0.77,2,0,2,5.541,5.3919999999999995,HIGH_SWEEP,28,5.589,False,False,0.4583,499,native,28.1,DINLENMIS,16.27,8.0,True,300,59.7,TR-DN,CHOCH DN,HH/HL,MIX/HL,TR-DN,88.0,True,True,498,2,54.5,1789711200000,HIGH,5.594,4.25,5.7285,7.37,2,5.4015,0.22,2,2,1,5.7285,5.4015,LOW_SWEEP,171,5.332,False,False,0.7958,499,native,53.37,NORMAL,29.91,22.33,True,300,59.0,BEAR,BOS DN,MIX/HL,MIX/HL,SQZ,69.1,True,True,498,46,75.0,1789545600000,HIGH,5.729,3.78,5.8375,5.07,3,4.906499999999999,6.0,2,2,1,5.8375,4.906499999999999,EQL_SWEEP,94,5.5815,False,False,1.5355,499,native,47.61,NORMAL,47.35,37.0,True,300,26.5,BULL,BOS UP,LH/LL,MIX/HL,SQZ,85.6,True,True,498,58,11.5,1788868800000,LOW,4.913,2.71,,,,4.4025,5.48,2,0,2,5.659,4.4025,HIGH_SWEEP,57,5.986,False,False,3.3065,6442,735,240.29,1504.97,-1264.68,-72.46,13.77,5.1,DOWN,71,44,1745.26,11.8,60.0,1.0,True,0,0.0,0,0.0,0.0,35.9,0.191,0.31,1.0,0.893,5972.31,14557.96,-8585.65,-41.82,29.09,7.0,DOWN,440,218,20530.27,20.5,300.0,1.0,True,0,0.0,3,6304.63,-6304.63,51.6,0.29,0.578,1.0,0.979,26122.81,30307.03,-4184.22,-7.41,46.29,35.4,DOWN,1326,640,56429.84,82.9,900.0,1.0,True,4,5929.78,6,9558.22,-3628.44,73.9,0.624,0.688,1.0,0.993,-588.61,-1341.78,2661.24,-28.93,-2.69,1.0,-539.74,-0.1523,-1358.32,-0.3308,-0.7226,NONE,1789713307845,SELL,1095.04,5.412941670785962,1789713420000,ok,1.0,1.0,1.0,continuous,1,43,0,,0,0,0,0,False,394,5.411,5.412,1.848,0.413,0.0779,0.2061,40568.4,34704.66,36.03,1789713508776,319,False,,,,
2,v2,v1.2,REALF_PY_V4_2_DERIVED,ZPTDIFAT_PY_V1_4_DERIVED,fc-v1,native,,058e38aec59f4c35,20260918_062941,174,UAI_20260918_063831_687,UAIUSDT,BINANCE,FUTURES,OUTSIDE100,296,2000,1789713511687,2026-09-18T06:38:31.687+00:00,89,True,1789713511676,1789713511687,59.0,1789713480000,1789713539999,False,31.7,0.4171,0.0,51.0,FAIR (DENGE),True,500,51.3,52.4,49.2,50.0,-0.00265,0.26,0.45,0.00467,0.659,0.05,0.3,40.0,-5.2,YOK,3.2,0.766,0.41599657731313233,-0.265,CLV_PROXY_1M,0,0.0,100.0,51.0,52.5,52.2,59.1,-1.5,-1.2,-8.1,-0.00265,4e-05,0.00028,0.00129,63.2,60.65,49.96,31.47,2.55,13.24,31.73,64.92,79.0,500,native,63.2,NORMAL,64.92,79.0,True,300,40.6,BEAR,BOS DN,MIX/HL,MIX/HL,RANGE,79.4,True,True,499,13,90.8,1789712700000,HIGH,0.4198,2.11,0.42315,4.72,2,0.40785,7.22,3,1,2,0.42315,0.40785,HIGH_SWEEP,91,0.4247,False,False,0.307,499,native,27.23,DINLENMIS,43.78,29.0,True,300,58.2,BULL,BOS UP,MIX/HL,LH/LL,RANGE,66.6,True,True,498,65,61.1,1789701660000,LOW,0.4075,3.77,0.43455,6.85,2,,,,1,0,0.43455,0.4166,LOW_SWEEP,1,0.4166,True,False,0.6102,499,native,28.19,DINLENMIS,33.18,14.33,True,300,56.0,TR-DN,CHOCH DN,MIX/HL,LH/MIX,TR-DN,72.0,True,True,498,48,58.0,1789698900000,HIGH,0.4354,4.89,,,,0.3559,16.36,3,0,1,0.4232,0.3559,HIGH_SWEEP,101,0.4106,False,False,0.8975,499,native,35.61,NORMAL,34.79,26.67,True,300,69.0,BULL,BOS UP,MIX/HL,MIX/HL,RANGE,79.5,True,True,498,20,30.6,1789695000000,LOW,0.3901,3.6,0.43505,2.39,2,0.3838,4.44,2,2,2,0.43505,0.3838,LOW_SWEEP,173,0.3294,False,False,1.8091,499,native,65.5,NORMAL,56.36,57.33,True,300,86.6,BULL,BOS UP,HH/HL,HH/HL,SQZ,87.3,True,True,498,6,38.6,1789689600000,LOW,0.3838,2.06,,,,,,,0,0,0.4354,0.3838,HIGH_SWEEP,4,0.418,False,False,3.8614,499,native,65.03,NORMAL,72.79,76.33,True,300,18.4,BEAR,BOS DN,LH/LL,HH/HL,RANGE,87.8,True,True,498,19,42.0,1789430400000,HIGH,0.5943,4.04,,,,,,,0,0,0.5943,0.322,LOW_SWEEP,20,0.4503,False,False,10.3453,12819,1053,1588.16,1987.65,-399.49,-11.17,44.41,28.9,DOWN,89,38,3575.82,11.5,60.0,1.0,True,0,0.0,0,0.0,0.0,37.5,0.187,0.388,1.0,0.786,19980.99,11584.97,8396.02,26.6,63.3,87.6,UP,683,270,31565.96,66.8,300.0,1.0,True,2,9985.78,0,0.0,9985.78,69.1,0.572,0.625,1.0,0.957,64845.35,90211.54,-25366.19,-16.36,41.82,21.6,DOWN,2789,965,155056.88,210.8,900.0,1.0,True,5,29079.5,10,33650.48,-4570.97,85.7,0.808,0.798,1.0,0.986,573.89,-19759.98,271.03,27.65,-13.29,1.0,-547.34,-0.1272,1431.99,0.2268,0.6454,DOWN,1789713304006,BUY,2481.35,0.4172436522616445,1789713420000,ok,1.0,1.0,1.0,continuous,1,38,0,,0,0,0,0,False,428,0.417,0.4171,2.398,0.619,0.0885,0.2951,14390.2,12051.27,46.76,1789713511464,223,False,,,,
2,v2,v1.2,REALF_PY_V4_2_DERIVED,ZPTDIFAT_PY_V1_4_DERIVED,fc-v1,native,,058e38aec59f4c35,20260918_062941,175,BULLA_20260918_063834_255,BULLAUSDT,BINANCE,FUTURES,OUTSIDE100,339,5000,1789713514255,2026-09-18T06:38:34.255+00:00,89,True,1789713514255,1789713514255,58.6,1789713480000,1789713539999,False,34.3,0.10171,-0.0295,58.3,PRICE AHEAD,True,500,62.0,54.5,58.4,50.6,-0.00538,0.59,-0.05,0.00562,0.497,0.27,3.0,45.0,-4.0,YOK,7.5,1.0,0.10116442612987359,-0.536,CLV_PROXY_1M,0,0.0,100.0,58.3,61.4,57.3,55.4,-3.1,1.0,2.9,-0.00538,0.00069,-0.00095,-0.00341,67.47,63.83,47.85,36.55,3.64,19.62,30.92,72.36,84.33,500,native,67.47,NORMAL,72.36,84.33,True,300,47.5,BULL,BOS UP,LH/LL,LH/LL,SQZ,84.2,True,True,499,2,61.2,1789713360000,LOW,0.10074,2.49,0.10206,0.9,3,0.100455,3.22,2,1,2,0.10206,0.100455,EQL_SWEEP,41,0.100455,False,False,0.3826,499,native,59.9,NORMAL,68.88,81.67,True,300,30.8,BULL,BOS UP,LH/LL,HH/HL,TR UP,86.6,True,True,498,37,89.1,1789706700000,LOW,0.096433,6.1,,,,0.0964015,6.13,2,0,2,0.10203,0.0964015,HIGH_SWEEP,23,0.10206,False,False,0.8536,499,native,58.93,NORMAL,66.76,76.67,True,300,48.1,BULL,BOS UP,LH/MIX,LH/LL,TR UP,64.3,True,True,498,22,22.3,1789706700000,LOW,0.09539,5.28,,,,0.10001,1.42,2,0,1,0.10203,0.10001,HIGH_SWEEP,20,0.10114,False,False,1.1764,499,native,75.2,YORGUN,70.4,77.33,True,300,74.6,BEAR,BOS DN,HH/HL,HH/HL,TR DN,88.7,True,True,498,64,27.4,1789655400000,HIGH,0.10999,3.53,0.109785,3.44,2,,,,1,0,0.109785,0.094,LOW_SWEEP,66,0.1007,False,False,2.3168,499,native,65.96,NORMAL,73.68,88.67,True,300,26.8,BULL,BOS UP,LH/LL,MIX/HL,RANGE,84.5,True,True,498,44,42.2,1789552800000,LOW,0.060024,6.41,,,,0.060025499999999996,6.41,2,0,1,0.121362,0.060025499999999996,HIGH_SWEEP,45,0.076341,False,False,6.4384,499,native,57.93,NORMAL,58.15,59.33,True,300,75.0,BULL,BOS UP,HH/MIX,HH/HL,EXP UP,78.0,True,True,498,11,96.7,1789545600000,LOW,0.0675,2.29,,,,0.0154205,5.78,2,0,1,0.139078,0.0154205,HIGH_SWEEP,52,0.085989,False,False,15.2143,1275,1608,1995.43,3100.32,-1104.89,-21.68,39.16,16.0,DOWN,143,85,5095.75,16.8,60.0,1.0,True,0,0.0,0,0.0,0.0,44.5,0.252,0.427,1.0,0.979,16769.57,11313.11,5456.46,19.43,59.71,81.9,UP,932,547,28082.67,84.6,300.0,1.0,True,0,0.0,0,0.0,0.0,71.7,0.629,0.612,1.0,0.996,48314.81,41402.03,6912.77,7.71,53.85,65.1,UP,2813,1514,89716.84,206.7,900.0,1.0,True,0,0.0,0,0.0,0.0,83.7,0.805,0.738,1.0,0.999,-1351.36,-191.26,-377.42,-13.34,2.1,1.0,546.91,0.1096,1310.8,0.2334,0.1062,NONE,,,,,1789713420000,ok,1.0,1.0,1.0,continuous,1,74,0,,0,0,0,0,False,462,0.10166,0.10171,4.917,0.461,0.1812,0.042,3394.53,2352.88,23.11,1789713513841,414,False,,,,
2,v2,v1.2,REALF_PY_V4_2_DERIVED,ZPTDIFAT_PY_V1_4_DERIVED,fc-v1,native,,058e38aec59f4c35,20260918_062941,176,OG_20260918_063836_833,OGUSDT,BINANCE,FUTURES,OUTSIDE100,523,500,1789713516833,2026-09-18T06:38:36.833+00:00,89,True,1789713516816,1789713516833,58.5,1789713480000,1789713539999,False,36.8,2.752,0.0727,31.9,PRICE LAG,True,500,28.3,38.6,31.3,32.6,0.00467,0.5,2.18,0.0008,0.213,5.21,92.0,50.0,33.0,WHALE BUY L1,10.2,1.0,2.7648920547819444,0.468,CLV_PROXY_1M,0,0.0,100.0,31.9,43.1,48.3,54.9,-11.2,-16.4,-23.0,0.00467,0.00142,0.00221,0.00339,44.85,40.27,41.39,34.22,4.58,3.46,10.63,57.63,50.67,500,native,44.85,NORMAL,57.63,50.67,True,300,55.5,BULL,BOS UP,EQ/RANGE,LH/MIX,SQZ,68.2,True,True,499,28,66.1,1789711800000,LOW,2.747,2.23,2.754,0.89,2,2.748,1.78,2,1,3,2.754,2.748,HIGH_SWEEP,63,2.76,False,False,0.0816,499,native,43.92,NORMAL,52.96,39.0,True,300,43.6,BULL,BOS UP,LH/MIX,MIX/HL,RANGE,75.1,True,True,498,33,46.9,1789707420000,LOW,2.739,2.76,,,,2.746,1.27,2,0,3,2.756,2.746,HIGH_SWEEP,52,2.746,False,False,0.1711,499,native,38.37,NORMAL,42.1,26.33,True,300,68.6,BULL,BOS UP,MIX/HL,LH/MIX,TR UP,73.6,True,True,498,17,39.4,1789708200000,LOW,2.732,3.1,,,,2.679,11.32,2,0,2,2.756,2.679,HIGH_SWEEP,19,2.759,False,False,0.2343,499,native,61.38,NORMAL,56.62,53.67,True,300,86.3,BULL,BOS UP,HH/HL,HH/HL,TR UP,87.3,True,True,498,6,35.2,1789707600000,LOW,2.679,7.17,,,,2.6635,8.7,2,0,1,2.769,2.6635,HIGH_SWEEP,5,2.759,False,False,0.3699,499,native,90.61,ASIRI,88.69,94.0,True,300,74.4,BULL,BOS UP,MIX/HL,MIX/HL,RANGE,73.4,True,True,498,7,58.0,1789686000000,LOW,2.662,4.55,,,,2.6,7.69,2,0,1,2.7,2.6,HIGH_SWEEP,30,2.712,False,False,0.7193,499,native,78.92,YORGUN,88.04,93.67,True,300,75.1,BULL,BOS UP,MIX/HL,HH/HL,SQZ,73.2,True,True,498,1,52.4,1789689600000,LOW,2.61,3.2,2.9825,5.2,3,2.5975,3.48,2,2,2,2.9825,2.5975,EQH_SWEEP,87,2.9425,False,False,1.6159,13817,74,1215.99,18.69,1197.3,96.97,98.49,95.0,UP,72,16,1234.69,3.6,60.0,1.0,True,1,592.48,0,0.0,592.48,22.4,0.067,0.273,1.0,0.77,2308.98,75.88,2233.1,93.64,96.82,95.0,UP,139,35,2384.86,4.1,300.0,1.0,True,2,1578.71,0,0.0,1578.71,25.7,0.075,0.344,1.0,0.954,2834.82,1384.0,1450.83,34.39,67.19,91.2,UP,195,68,4218.82,9.6,900.0,1.0,True,2,1578.71,0,0.0,1578.71,36.7,0.161,0.406,1.0,0.985,1178.32,1779.42,1187.67,34.28,33.72,1.0,371.0,0.8383,410.01,0.8596,0.2271,NONE,1789713502989,BUY,592.48,2.7518843474222012,1789713420000,ok,1.0,1.0,1.0,continuous,1,15,0,,0,0,0,0,False,496,2.75,2.752,7.27,-3.404,0.1485,-0.332,19923.9,14772.36,72.7,1789713506387,10446,True,,,,
2,v2,v1.2,REALF_PY_V4_2_DERIVED,ZPTDIFAT_PY_V1_4_DERIVED,fc-v1,native,,058e38aec59f4c35,20260918_062941,177,ZORA_20260918_063839_415,ZORAUSDT,BINANCE,FUTURES,OUTSIDE100,612,500,1789713519415,2026-09-18T06:38:39.415+00:00,89,True,1789713519393,1789713519415,58.2,1789713480000,1789713539999,False,39.4,0.007873,-0.0381,57.1,FAIR (DENGE),True,500,59.4,51.8,61.8,50.7,-0.00087,0.68,-0.33,0.00157,0.499,0.16,11.3,55.0,-6.1,YOK,10.0,1.0,0.007866165513954956,-0.087,CLV_PROXY_1M,0,0.0,100.0,57.1,56.2,44.8,43.5,0.9,12.3,13.6,-0.00087,0.00013,-0.00193,-0.00297,69.25,66.62,53.18,38.76,2.63,16.07,30.49,73.14,80.67,500,native,69.25,NORMAL,73.14,80.67,True,300,48.0,BEAR,BOS DN,MIX/HL,MIX/HL,SQZ,75.3,True,True,499,21,79.6,1789712220000,HIGH,0.007897,2.58,,,,0.007775499999999999,10.49,2,0,1,0.007876,0.007775499999999999,HIGH_SWEEP,2,0.007876,False,True,0.118,499,native,52.36,NORMAL,60.44,62.67,True,300,83.3,TR-UP,CHOCH UP,HH/HL,MIX/HL,TR-UP,88.6,True,True,498,11,65.3,1789711380000,LOW,0.007827,2.59,,,,,,,0,0,0.007897,0.007842,HIGH_SWEEP,7,0.007876,False,False,0.2454,499,native,55.86,NORMAL,61.62,55.67,True,300,73.8,BULL,BOS UP,HH/MIX,HH/HL,RANGE,74.0,True,True,498,7,63.8,1789711200000,LOW,0.007813,2.25,,,,,,,0,0,0.007897,0.007813,HIGH_SWEEP,4,0.007876,False,False,0.3387,499,native,41.99,NORMAL,42.4,35.67,True,300,82.4,BULL,BOS UP,HH/HL,MIX/HL,TR UP,87.5,True,True,498,20,74.9,1789695000000,LOW,0.007527,6.55,,,,,,,0,0,0.00802,0.007813,LOW_SWEEP,24,0.007571,False,False,0.6729,499,native,78.78,YORGUN,71.79,83.0,True,300,73.8,BEAR,BOS DN,HH/HL,HH/MIX,TR DN,86.4,True,True,498,69,59.5,1789462800000,HIGH,0.007987,0.93,0.009008,9.29,2,0.007187,5.61,2,1,1,0.009008,0.007187,LOW_SWEEP,126,0.008102,False,False,1.5567,499,native,71.47,NORMAL,76.93,86.0,True,300,18.0,TR-DN,CHOCH DN,LH/LL,LH/LL,TR-DN,90.3,True,True,498,16,65.9,1789473600000,HIGH,0.008968,4.14,,,,0.0058755000000000005,7.55,2,0,2,0.008336,0.0058755000000000005,HIGH_SWEEP,29,0.008437,False,False,3.3227,4490,289,136.54,130.4,6.14,2.3,51.15,54.7,FLAT,31,19,266.94,9.8,60.0,1.0,True,0,0.0,0,0.0,0.0,24.6,0.165,0.107,1.0,0.925,6417.18,2827.26,3589.92,38.83,69.42,92.4,UP,185,76,9244.44,9.6,300.0,1.0,True,4,5299.47,1,842.21,4457.26,38.9,0.162,0.491,1.0,0.985,9565.19,9481.62,83.58,0.44,50.22,50.9,FLAT,444,232,19046.81,25.9,900.0,1.0,True,5,5946.91,5,4470.1,1476.82,54.9,0.341,0.57,1.0,0.995,-145.8,-1445.43,2634.08,-39.5,-4.66,1.0,1006.33,0.3521,887.3,0.4799,0.7643,NONE,1789713396605,SELL,842.21,0.007867,1789713420000,ok,1.0,1.0,1.0,continuous,1,18,0,,0,0,0,0,False,530,0.007874,0.007875,1.27,-0.585,0.1006,-0.4768,16095.97,13152.97,24.76,1789713518422,993,False,,,,
2,v2,v1.2,REALF_PY_V4_2_DERIVED,ZPTDIFAT_PY_V1_4_DERIVED,fc-v1,native,,058e38aec59f4c35,20260918_062941,178,TNSR_20260918_063842_193,TNSRUSDT,BINANCE,FUTURES,OUTSIDE100,738,200,1789713522193,2026-09-18T06:38:42.193+00:00,89,True,1789713521973,1789713522193,58.1,1789713480000,1789713539999,False,42.0,0.03516,0.0854,58.7,PRICE AHEAD,True,500,62.2,53.0,60.7,53.4,-0.00114,0.24,-0.21,0.00153,0.57,0.73,36.3,60.0,-24.0,YOK,9.2,1.0,0.035119870216084925,-0.114,CLV_PROXY_1M,0,0.0033,99.7,58.7,58.7,54.3,56.3,0.0,4.4,2.4,-0.00114,7e-05,-0.00118,-0.00102,41.71,38.43,42.08,50.63,3.28,-0.37,-8.92,49.52,49.0,500,native,41.71,NORMAL,49.52,49.0,True,300,86.3,BULL,BOS UP,HH/HL,HH/MIX,RANGE,87.4,True,True,499,8,45.0,1789713000000,LOW,0.03507,3.17,,,,0.03507,3.17,2,0,1,0.03521,0.03507,HIGH_SWEEP,10,0.03515,False,False,0.0808,499,native,51.73,NORMAL,60.61,59.67,True,300,59.1,BULL,BOS UP,LH/MIX,HH/MIX,RANGE,67.3,True,True,498,5,70.7,1789712460000,LOW,0.03507,1.33,,,,0.03507,1.33,3,0,1,0.03517,0.03507,HIGH_SWEEP,3,0.03517,False,False,0.1922,499,native,45.8,NORMAL,54.8,51.67,True,300,58.7,BULL,BOS UP,MIX/HL,LH/MIX,RANGE,68.0,True,True,498,42,51.5,1789700700000,LOW,0.03481,3.67,,,,0.03454,6.5,2,0,2,0.03536,0.03454,HIGH_SWEEP,47,0.03498,False,False,0.2715,499,native,39.52,NORMAL,38.91,36.0,True,300,84.3,BULL,BOS UP,HH/HL,MIX/HL,RANGE,93.4,True,True,498,19,59.8,1789695900000,LOW,0.03454,3.43,,,,0.034375,4.34,2,0,1,0.03583,0.034375,HIGH_SWEEP,16,0.03497,False,False,0.5142,499,native,74.67,YORGUN,60.33,69.0,True,300,74.8,BULL,BOS UP,MIX/HL,MIX/HL,TR UP,73.8,True,True,498,5,52.8,1789693200000,LOW,0.03405,2.83,,,,,,,0,0,0.03497,0.03438,LOW_SWEEP,36,0.03304,False,False,1.1171,499,native,78.24,YORGUN,77.91,87.33,True,300,76.4,BULL,BOS UP,HH/MIX,HH/HL,RANGE,71.9,True,True,498,1,56.6,1789689600000,LOW,0.03258,3.32,0.037065,2.45,2,0.029225,7.64,2,1,1,0.037065,0.029225,EQH_SWEEP,59,0.037065,False,False,2.178,16694,119,296.3,0.0,296.3,100.0,100.0,95.0,UP,14,4,296.3,3.0,60.0,1.0,True,0,0.0,0,0.0,0.0,16.2,0.057,0.118,1.0,0.722,1657.38,1213.41,443.97,15.47,57.73,77.3,UP,106,29,2870.79,10.5,300.0,1.0,True,3,964.41,2,811.31,153.1,36.4,0.173,0.365,1.0,0.944,2536.57,3541.01,-1004.44,-16.53,41.74,21.4,DOWN,219,98,6077.59,19.7,900.0,1.0,True,3,964.41,5,2497.56,-1533.15,47.3,0.283,0.446,1.0,0.981,214.74,301.48,608.03,21.14,4.97,1.0,320.48,0.4417,142.48,0.2482,-1.0123,UP,1789713396593,SELL,257.72,0.03513,1789713420000,ok,1.0,1.0,1.0,continuous,1,4,0,,0,0,0,0,False,564,0.03516,0.03517,2.844,-0.194,0.0147,-0.1989,18372.42,17841.2,55.45,1789713520351,1842,False,,,,
2,v2,v1.2,REALF_PY_V4_2_DERIVED,ZPTDIFAT_PY_V1_4_DERIVED,fc-v1,native,,058e38aec59f4c35,20260918_062941,179,VELVET_20260918_063845_185,VELVETUSDT,BINANCE,FUTURES,OUTSIDE100,761,200,1789713525185,2026-09-18T06:38:45.185+00:00,89,True,1789713525185,1789713525185,57.9,1789713480000,1789713539999,False,45.2,0.05565,-0.3046,63.5,PRICE AHEAD,True,500,64.8,63.4,62.5,59.9,-0.00739,-0.05,-0.37,0.00222,0.407,1.16,88.3,75.0,-25.3,YOK,2.3,1.0,0.05524014148430095,-0.736,CLV_PROXY_1M,0,0.0,100.0,63.5,68.2,70.2,65.4,-4.7,-6.7,-1.9,-0.00739,0.0021,0.00061,-0.0005,46.7,46.67,27.56,27.05,0.03,19.14,19.65,46.69,47.0,500,native,46.7,NORMAL,46.69,47.0,True,300,48.3,TR-DN,CHOCH DN,HH/MIX,HH/HL,TR-DN,73.3,True,True,499,12,60.6,1789712760000,HIGH,0.05615,3.7,0.056855,8.93,2,0.055404999999999996,1.81,2,1,1,0.056855,0.055404999999999996,EQL_SWEEP,66,0.055625,False,False,0.2419,499,native,40.6,NORMAL,36.77,35.0,True,300,63.9,BEAR,BOS DN,HH/HL,HH/MIX,RANGE,81.8,True,True,498,23,40.9,1789709220000,HIGH,0.05649,3.38,,,,,,,0,0,0.05615,0.05556,LOW_SWEEP,3,0.05556,False,False,0.4467,499,native,38.71,NORMAL,37.84,30.0,True,300,17.3,BEAR,BOS DN,LH/LL,HH/HL,RANGE,83.3,True,True,498,14,49.3,1789709100000,HIGH,0.05671,3.47,,,,0.0515,13.6,2,0,1,0.05649,0.0515,HIGH_SWEEP,26,0.05618,False,False,0.5489,499,native,32.82,NORMAL,33.26,24.0,True,300,85.4,BULL,BOS UP,HH/HL,HH/MIX,RANGE,84.2,True,True,498,8,44.5,1789705800000,LOW,0.05548,0.3,,,,0.0515,7.3,3,0,1,0.05671,0.0515,HIGH_SWEEP,7,0.05649,False,False,1.0214,499,native,34.09,NORMAL,28.63,27.67,True,300,70.4,BULL,BOS UP,HH/MIX,LH/LL,TR UP,75.1,True,True,498,14,40.8,1789660800000,LOW,0.0494,4.69,,,,,,,0,0,0.06014,0.0494,HIGH_SWEEP,13,0.05886,False,False,2.3885,499,native,78.86,YORGUN,66.6,85.0,True,300,48.0,BEAR,BOS DN,MIX/HL,HH/HL,TR DN,65.7,True,True,498,16,34.6,1789473600000,HIGH,0.0633,2.99,,,,,,,0,0,0.0536,0.0494,HIGH_SWEEP,6,0.0536,False,False,4.6002,7057,1044,288.86,7328.2,-7039.34,-92.42,3.79,5.0,DOWN,142,59,7617.06,9.2,60.0,1.0,True,0,0.0,4,6719.47,-6719.47,37.4,0.155,0.47,1.0,0.882,23610.27,22218.8,1391.46,3.04,51.52,56.2,UP,837,339,45829.07,56.0,300.0,1.0,True,20,21476.13,11,19618.35,1857.78,68.4,0.528,0.665,1.0,0.976,48728.97,38196.9,10532.07,12.12,56.06,72.5,UP,1725,827,86925.87,67.4,900.0,1.0,True,36,43342.86,26,31522.8,11820.06,73.0,0.574,0.735,1.0,0.992,-6918.62,-7648.2,-11352.39,-32.0,-9.88,1.0,-2242.75,-0.2379,911.51,0.0994,0.4477,DOWN,1789713503607,SELL,448.98,0.05562237115956392,1789713420000,ok,1.0,1.0,1.0,continuous,1,59,0,,0,0,0,0,False,598,0.05563,0.05564,1.797,0.385,0.2106,-0.0086,17733.65,11563.01,35.05,1789713524461,724,False,,AGGRESSIVE_SELLER,,
2,v2,v1.2,REALF_PY_V4_2_DERIVED,ZPTDIFAT_PY_V1_4_DERIVED,fc-v1,native,,058e38aec59f4c35,20260918_062941,180,ZKC_20260918_063847_764,ZKCUSDT,BINANCE,FUTURES,OUTSIDE100,1142,200,1789713527764,2026-09-18T06:38:47.764+00:00,89,True,1789713527764,1789713527764,57.8,1789713480000,1789713539999,False,47.8,0.03839,0.0782,44.6,FAIR (DENGE),True,500,42.4,44.1,47.4,49.9,0.00263,0.75,0.71,0.00165,0.44,0.06,0.7,50.0,25.4,YOK,5.0,1.0,0.03849101298199066,0.263,CLV_PROXY_1M,0,0.0,100.0,44.6,39.3,43.3,41.9,5.3,1.3,2.7,0.00263,-0.00075,0.00047,-0.00041,48.88,42.47,28.98,23.73,6.41,19.9,25.15,61.5,69.33,500,native,48.88,NORMAL,61.5,69.33,True,300,56.2,BULL,BOS UP,MIX/HL,HH/MIX,SQZ,71.4,True,True,499,45,38.3,1789710780000,LOW,0.03831,1.65,,,,,,,0,0,0.03846,0.03835,LOW_SWEEP,3,0.03835,False,False,0.1266,499,native,37.24,NORMAL,47.56,48.0,True,300,32.0,BULL,BOS UP,LH/LL,MIX/LL,RANGE,84.8,True,True,498,33,58.8,1789707420000,LOW,0.03801,4.17,,,,0.03749,9.88,2,0,1,0.03855,0.03749,HIGH_SWEEP,31,0.03865,False,False,0.2374,499,native,31.18,NORMAL,34.83,30.33,True,300,68.0,BULL,BOS UP,MIX/HL,LH/LL,RANGE,74.3,True,True,498,20,50.4,1789707300000,LOW,0.03801,2.83,,,,,,,0,0,0.03855,0.03831,HIGH_SWEEP,19,0.03869,False,False,0.341,499,native,47.7,NORMAL,42.55,43.67,True,300,88.3,BULL,BOS UP,HH/HL,HH/HL,RANGE,90.3,True,True,498,7,52.3,1789706700000,LOW,0.03789,1.85,0.049025,39.41,2,0.037065,4.91,2,1,1,0.049025,0.037065,LOW_SWEEP,152,0.03752,False,False,0.7041,499,native,74.03,YORGUN,64.73,76.0,True,300,58.0,BEAR,BOS DN,MIX/HL,HH/HL,TR DN,64.1,True,True,498,53,61.2,1789520400000,HIGH,0.04772,16.65,0.05792,34.86,2,,,,1,0,0.05792,0.03718,EQH_SWEEP,6,0.03827,False,False,1.4589,499,native,43.73,NORMAL,51.16,57.67,True,300,15.6,BEAR,BOS DN,LH/LL,LH/MIX,TR DN,90.7,True,True,498,18,73.5,1789444800000,HIGH,0.04904,8.46,,,,0.036074999999999996,1.84,2,0,1,0.03878,0.036074999999999996,HIGH_SWEEP,1,0.03878,True,False,3.2744,977,390,63.04,273.79,-210.76,-62.57,18.71,5.3,DOWN,18,13,336.83,5.7,60.0,1.0,True,0,0.0,0,0.0,0.0,21.8,0.102,0.132,1.0,0.984,5093.85,1672.07,3421.78,50.57,75.29,94.1,UP,258,133,6765.93,22.3,300.0,1.0,True,8,3845.87,0,0.0,3845.87,49.4,0.308,0.458,1.0,0.997,14265.41,8890.53,5374.88,23.21,61.61,85.3,UP,680,329,23155.94,62.3,900.0,1.0,True,15,10502.78,7,4644.16,5858.61,67.5,0.555,0.591,1.0,0.999,-814.65,-396.94,-25.21,-65.05,-1.26,1.0,766.76,0.4992,839.23,0.6202,0.4065,NONE,1789713408316,BUY,500.43,0.038394566518336656,1789713420000,ok,1.0,1.0,1.0,continuous,1,11,0,,0,0,0,0,False,632,0.03838,0.03839,2.605,0.73,-0.0763,0.2503,19199.51,22370.08,50.8,1789713527562,202,False,,,,
2,v2,v1.2,REALF_PY_V4_2_DERIVED,ZPTDIFAT_PY_V1_4_DERIVED,fc-v1,native,,058e38aec59f4c35,20260918_062941,181,ETH_20260918_063853_330,ETHUSDT,BINANCE,FUTURES,TOP100,2,75000,1789713533330,2026-09-18T06:38:53.330+00:00,89,True,1789713533330,1789713533330,57.7,1789713480000,1789713539999,False,53.3,2483.48,0.0133,59.9,PRICE AHEAD,True,500,62.9,56.0,62.1,51.8,-0.00153,0.16,-0.4,0.00134,0.691,0.46,12.7,70.0,-10.8,YOK,7.0,1.0,2479.67244015249,-0.153,CLV_PROXY_1M,0,0.0,100.0,59.9,56.8,55.3,53.6,3.1,4.6,6.3,-0.00153,-0.0003,-0.00058,-0.00089,36.01,31.31,25.61,34.7,4.7,10.4,1.31,48.81,42.67,500,native,36.01,NORMAL,48.81,42.67,True,300,84.0,BULL,BOS UP,HH/HL,LH/LL,SQZ,87.7,True,True,499,16,63.9,1789712520000,LOW,2481.26,1.35,,,,2469.0299999999997,8.77,2,0,2,2486.88,2469.0299999999997,HIGH_SWEEP,15,2486.11,False,False,0.0664,499,native,49.01,NORMAL,51.54,48.67,True,300,43.4,BULL,BOS UP,MIX/LL,MIX/HL,RANGE,79.1,True,True,498,34,76.1,1789707240000,LOW,2469.0,4.1,2486.685,0.91,2,,,,1,0,2486.685,2477.52,HIGH_SWEEP,5,2486.49,False,False,0.1424,499,native,45.52,NORMAL,46.48,40.33,True,300,84.8,BULL,BOS UP,HH/HL,MIX/LL,TR UP,91.8,True,True,498,17,61.2,1789708200000,LOW,2469.0,2.96,,,,2365.835,24.04,2,0,1,2492.55,2365.835,HIGH_SWEEP,18,2482.2,False,False,0.1972,499,native,65.4,NORMAL,59.95,61.0,True,300,73.3,BULL,BOS UP,HH/MIX,HH/HL,TR UP,74.1,True,True,498,6,39.9,1789707600000,LOW,2435.39,5.89,,,,2435.74,5.84,2,0,1,2492.55,2435.74,HIGH_SWEEP,5,2484.99,False,False,0.3292,499,native,79.51,YORGUN,86.57,96.0,True,300,73.3,BEAR,BOS DN,HH/HL,HH/MIX,TR DN,84.8,True,True,498,65,44.7,1789477200000,HIGH,2614.99,7.7,,,,,,,0,0,2484.0,2435.39,HIGH_SWEEP,1,2484.0,True,True,0.6888,499,native,65.5,NORMAL,76.65,87.67,True,300,51.7,TR-DN,CHOCH DN,MIX/HL,MIX/HL,TR-DN,70.6,True,True,498,14,32.7,1789502400000,HIGH,2614.99,3.3,,,,1862.655,15.57,2,0,2,2614.99,1862.655,HIGH_SWEEP,38,2522.75,False,False,1.6086,126,6078,1496209.95,411375.3,1084834.65,56.87,78.43,94.5,UP,1386,346,1907585.25,3.9,60.0,1.0,True,2,1083965.43,0,0.0,1083965.43,34.8,0.072,1.0,1.0,0.998,10259090.54,9325810.89,933279.65,4.77,52.38,59.6,UP,12998,2913,19584901.43,102.9,300.0,1.0,True,31,6898717.74,24,4414701.35,2484016.38,85.3,0.673,1.0,1.0,1.0,15960070.64,22988392.08,-7028321.45,-18.05,40.98,19.6,DOWN,26310,6078,38948462.72,238.0,614.8,0.6832,False,46,9735465.02,60,14072570.34,-4337105.32,85.9,0.826,1.0,0.683,1.0,893641.99,940444.84,,23.97,2.4,0.6165,1205162.98,0.249,335771.85,0.0857,-0.4833,UP,1789713507610,BUY,131324.8,2484.06,1789713420000,ok,1.0,1.0005,1.0,continuous,1,341,0,,0,0,0,0,False,666,2483.47,2483.48,0.04,0.005,0.2584,0.2119,441354.14,260125.95,0.79,1789713533123,207,False,,AGGRESSIVE_BUYER,,
2,v2,v1.2,REALF_PY_V4_2_DERIVED,ZPTDIFAT_PY_V1_4_DERIVED,fc-v1,native,,058e38aec59f4c35,20260918_062941,182,BNB_20260918_063856_412,BNBUSDT,BINANCE,FUTURES,TOP100,4,25000,1789713536412,2026-09-18T06:38:56.412+00:00,89,True,1789713535987,1789713536412,58.2,1789713480000,1789713539999,False,56.0,753.44,0.0358,54.2,FAIR (DENGE),True,500,57.0,48.1,57.2,50.4,0.00045,0.31,-0.01,0.00104,0.753,0.41,3.7,55.0,-21.1,YOK,9.0,0.814,753.7790875992979,0.045,CLV_PROXY_1M,0,0.0,100.0,54.2,53.3,50.1,53.2,0.9,4.1,1.0,0.00045,-2e-05,-0.00072,-0.00059,32.09,23.29,15.53,19.21,8.8,16.56,12.88,54.58,48.0,500,native,32.09,NORMAL,54.58,48.0,True,300,44.2,BEAR,BOS DN,HH/MIX,HH/MIX,RANGE,72.1,True,True,499,9,52.5,1789712940000,HIGH,754.74,2.96,,,,735.76,40.26,2,0,1,754.74,735.76,HIGH_SWEEP,16,754.62,False,False,0.0583,499,native,31.23,NORMAL,38.49,18.67,True,300,72.3,BULL,BOS UP,HH/MIX,LH/LL,RANGE,74.2,True,True,498,11,53.9,1789711380000,LOW,751.67,1.8,,,,733.985,19.94,2,0,2,755.98,733.985,HIGH_SWEEP,26,753.4,False,False,0.1296,499,native,44.68,NORMAL,46.48,32.33,True,300,71.5,BULL,BOS UP,HH/MIX,HH/MIX,TR UP,80.5,True,True,498,17,50.9,1789708200000,LOW,749.39,2.77,,,,751.405,1.39,2,0,2,755.98,751.405,HIGH_SWEEP,6,755.08,False,False,0.1943,499,native,56.57,NORMAL,56.82,45.67,True,300,78.6,BULL,BOS UP,HH/HL,HH/HL,TR UP,91.5,True,True,498,29,31.8,1789686900000,LOW,733.95,7.6,,,,,,,0,0,754.71,733.95,HIGH_SWEEP,5,754.71,False,False,0.3404,499,native,94.03,ASIRI,90.43,95.33,True,300,72.9,BULL,BOS UP,HH/MIX,HH/MIX,TR UP,76.1,True,True,498,10,47.2,1789675200000,LOW,721.24,7.0,,,,,,,0,0,732.95,721.24,HIGH_SWEEP,18,729.58,False,False,0.6104,499,native,88.94,ASIRI,96.06,95.67,True,300,40.4,BULL,BOS UP,LH/LL,HH/HL,RANGE,86.1,True,True,498,4,31.3,1789646400000,LOW,704.34,5.22,,,,,,,0,0,725.94,704.34,HIGH_SWEEP,6,725.94,False,False,1.2519,414,2456,69439.29,27358.73,42080.56,43.47,71.74,93.3,UP,468,128,96798.01,11.1,60.0,1.0,True,0,0.0,0,0.0,0.0,46.3,0.182,0.746,1.0,0.993,641861.18,798396.18,-156535.0,-10.87,44.57,29.4,DOWN,4445,926,1440257.37,125.0,300.0,1.0,True,3,97891.3,8,322928.88,-225037.57,87.4,0.714,1.0,1.0,0.999,1088570.75,2083967.82,-995397.07,-31.38,34.31,9.9,DOWN,11481,2281,3172538.57,264.5,900.0,1.0,True,5,202386.47,18,683379.13,-480992.66,93.3,0.841,1.0,1.0,1.0,8184.32,37781.61,207486.92,8.63,1.55,0.9847,49543.44,0.1729,-36280.12,-0.126,-0.4427,UP,1789713396569,SELL,32184.6,752.68,1789713420000,ok,1.0,1.0,1.0,continuous,1,124,0,,0,0,0,0,False,700,753.43,753.44,0.133,0.059,0.1281,0.8512,155162.4,119915.97,2.59,1789713535777,635,False,,AGGRESSIVE_BUYER,,
2,v2,v1.2,REALF_PY_V4_2_DERIVED,ZPTDIFAT_PY_V1_4_DERIVED,fc-v1,native,,058e38aec59f4c35,20260918_062941,183,XRP_20260918_063859_414,XRPUSDT,BINANCE,FUTURES,TOP100,5,25000,1789713539414,2026-09-18T06:38:59.414+00:00,89,True,1789713538986,1789713539414,58.0,1789713480000,1789713539999,False,59.0,1.3224,0.0303,62.9,PRICE AHEAD,True,500,67.6,59.0,62.4,52.2,-0.00365,0.33,-0.65,0.00159,0.702,0.36,14.0,45.0,-2.2,YOK,8.6,1.0,1.3175807264925774,-0.364,CLV_PROXY_1M,0,0.0,100.0,62.9,60.8,53.9,54.2,2.1,9.0,8.7,-0.00365,-0.00024,-0.00159,-0.00181,61.01,57.93,52.02,57.72,3.08,8.99,3.29,67.55,69.67,500,native,61.01,NORMAL,67.55,69.67,True,300,72.7,BEAR,BOS DN,HH/HL,MIX/HL,SQZ,83.2,True,True,499,53,52.6,1789710300000,HIGH,1.3237,0.97,,,,1.3032,14.32,2,0,2,1.3232,1.3032,HIGH_SWEEP,2,1.3232,False,False,0.1014,499,native,68.78,NORMAL,75.49,86.33,True,300,29.6,BULL,BOS UP,LH/LL,HH/HL,RANGE,90.5,True,True,498,34,58.0,1789707240000,LOW,1.3133,3.63,,,,,,,0,0,1.3228,1.3164,HIGH_SWEEP,3,1.3228,False,True,0.1897,499,native,57.35,NORMAL,70.03,75.33,True,300,61.5,BULL,BOS UP,MIX/HL,LH/LL,RANGE,74.0,True,True,498,34,67.7,1789703100000,LOW,1.3045,5.2,,,,,,,0,0,1.3228,1.3164,HIGH_SWEEP,2,1.3228,False,True,0.2592,499,native,57.82,NORMAL,56.9,63.33,True,300,76.7,TR-UP,CHOCH UP,HH/HL,MIX/HL,TR-UP,84.3,True,True,498,22,25.8,1789693200000,LOW,1.2867,6.33,,,,,,,0,0,1.3286,1.3133,HIGH_SWEEP,23,1.3002,False,False,0.4261,499,native,80.73,YORGUN,80.46,92.0,True,300,74.1,TR-UP,CHOCH UP,HH/MIX,HH/MIX,TR-UP,74.3,True,True,498,3,82.2,1789700400000,LOW,1.2867,2.94,,,,,,,0,0,1.3201,1.2867,HIGH_SWEEP,1,1.3201,True,False,0.9194,499,native,49.59,NORMAL,58.74,74.67,True,300,47.1,TR-DN,CHOCH DN,HH/MIX,MIX/LL,TR-DN,75.8,True,True,498,15,73.1,1789488000000,HIGH,1.4916,5.32,1.5507,7.18,2,0.98775,10.52,2,1,1,1.5507,0.98775,EQH_SWEEP,57,1.43175,False,False,2.3989,1085,2486,228404.12,62570.71,165833.41,56.99,78.5,94.5,UP,782,84,290974.82,11.8,60.0,1.0,True,4,157357.95,0,0.0,157357.95,49.3,0.191,0.866,1.0,0.982,3157350.51,2148677.12,1008673.4,19.01,59.5,81.4,UP,8480,916,5306027.63,146.3,300.0,1.0,True,39,2321429.04,22,1178241.04,1143188.0,88.9,0.745,1.0,1.0,0.996,5432173.86,4762252.19,669921.68,6.57,53.29,63.1,UP,20138,2353,10194426.05,310.8,900.0,1.0,True,60,3473879.4,47,2630484.34,843395.06,94.2,0.861,1.0,1.0,0.999,147608.4,228261.85,2260.02,25.31,2.05,0.9674,323511.08,0.209,238915.52,0.2251,-0.1173,UP,1789713530628,BUY,54316.78,1.3223,1789713420000,ok,1.0,1.0,1.0,continuous,1,80,0,,0,0,0,0,False,734,1.3223,1.3224,0.756,-0.072,-0.0505,-0.1304,920597.8,1018535.84,14.75,1789713538773,641,False,,AGGRESSIVE_BUYER,,
2,v2,v1.2,REALF_PY_V4_2_DERIVED,ZPTDIFAT_PY_V1_4_DERIVED,fc-v1,native,,058e38aec59f4c35,20260918_062941,184,DOGE_20260918_063902_004,DOGEUSDT,BINANCE,FUTURES,TOP100,12,15000,1789713542004,2026-09-18T06:39:02.004+00:00,89,True,1789713542004,1789713542004,57.8,1789713480000,1789713539999,True,62.0,0.08432,0.0593,63.3,PRICE AHEAD,True,500,68.2,57.0,66.3,50.4,-0.00237,0.55,-0.52,0.00142,0.623,0.17,1.0,55.0,-14.9,YOK,11.2,1.0,0.0841207094895261,-0.236,CLV_PROXY_1M,0,0.0,100.0,63.3,60.1,53.6,52.3,3.2,9.7,11.0,-0.00237,-0.00048,-0.00178,-0.002,47.36,40.91,32.58,35.07,6.45,14.78,12.29,62.73,61.67,500,native,47.36,NORMAL,62.73,61.67,True,300,63.5,BEAR,BOS DN,HH/HL,MIX/HL,SQZ,83.6,True,True,499,20,38.7,1789712280000,HIGH,0.08443,1.41,0.084395,0.96,2,0.08135,37.98,2,1,1,0.084395,0.08135,EQH_SWEEP,2,0.084395,False,False,0.0928,499,native,50.34,NORMAL,60.36,54.0,True,300,61.9,BULL,BOS UP,MIX/HL,MIX/HL,RANGE,73.3,True,True,498,33,48.5,1789707420000,LOW,0.08373,3.96,0.08449000000000001,1.06,2,,,,1,0,0.08449000000000001,0.08417,LOW_SWEEP,12,0.08419,False,False,0.1798,499,native,41.05,NORMAL,49.34,38.33,True,300,63.2,BULL,BOS UP,MIX/HL,MIX/HL,TR UP,80.0,True,True,498,34,93.1,1789703100000,LOW,0.08223,9.49,,,,0.07986,20.26,2,0,1,0.08448,0.07986,HIGH_SWEEP,18,0.08459,False,False,0.2615,499,native,60.96,NORMAL,56.31,59.0,True,300,79.8,BULL,BOS UP,HH/HL,HH/HL,TR UP,84.7,True,True,498,21,43.6,1789694100000,LOW,0.08114,8.82,,,,0.080555,10.44,2,0,1,0.08469,0.080555,HIGH_SWEEP,64,0.08179,False,False,0.4296,499,native,89.07,ASIRI,85.83,96.67,True,300,89.8,BULL,BOS UP,HH/HL,LH/LL,TR UP,90.7,True,True,498,4,51.5,1789696800000,LOW,0.08114,4.39,,,,,,,0,0,0.08253,0.08114,HIGH_SWEEP,21,0.08134,False,False,0.8609,499,native,73.05,YORGUN,86.46,92.67,True,300,47.5,BEAR,BOS DN,HH/MIX,LH/MIX,TR DN,73.2,True,True,498,16,26.7,1789473600000,HIGH,0.08616,1.2,,,,0.07835,3.91,2,0,1,0.08616,0.07835,HIGH_SWEEP,20,0.08534,False,False,1.8093,193,1824,30872.38,9736.37,21136.01,52.05,76.02,94.2,UP,438,60,40608.76,8.7,60.0,1.0,True,0,0.0,0,0.0,0.0,41.0,0.148,0.652,1.0,0.997,912021.72,796939.53,115082.19,6.73,53.37,63.4,UP,4171,499,1708961.26,72.1,300.0,1.0,True,11,593235.48,15,434820.44,158415.04,81.0,0.591,1.0,1.0,0.999,1746664.57,2088007.16,-341342.59,-8.9,45.55,32.7,DOWN,10623,1549,3834671.73,163.1,900.0,1.0,True,24,978740.74,34,1194026.48,-215285.73,89.9,0.765,1.0,1.0,1.0,69704.58,131436.54,82093.46,46.31,3.8,1.0,-71852.66,-0.3844,25357.58,0.0742,0.1347,DOWN,1789713441831,SELL,51462.8,0.08429614507780508,1789713420000,ok,1.0,1.0,1.0,continuous,1,57,0,,0,0,0,0,False,34,0.08431,0.08432,1.186,-0.535,0.0629,0.2004,908980.98,801391.73,23.13,1789713541766,238,False,,AGGRESSIVE_BUYER,,
2,v2,v1.2,REALF_PY_V4_2_DERIVED,ZPTDIFAT_PY_V1_4_DERIVED,fc-v1,native,,058e38aec59f4c35,20260918_062941,185,LINK_20260918_063904_815,LINKUSDT,BINANCE,FUTURES,TOP100,17,10000,1789713544815,2026-09-18T06:39:04.815+00:00,89,True,1789713544580,1789713544815,57.6,1789713540000,1789713599999,False,4.6,11.823,0.0,52.5,FAIR (DENGE),True,500,53.8,51.6,52.1,50.0,-0.00076,1.18,1.08,0.00195,0.688,0.01,0.3,45.0,23.0,YOK,2.1,1.0,11.814002066400823,-0.076,CLV_PROXY_1M,0,0.0,100.0,52.5,53.5,57.0,56.8,-1.0,-4.5,-4.3,-0.00076,3e-05,0.00032,-0.00022,72.43,70.32,64.62,60.52,2.11,7.81,11.91,78.07,75.67,500,native,72.43,YORGUN,78.07,75.67,True,300,91.4,BULL,BOS UP,HH/HL,HH/HL,RANGE,92.9,True,True,499,3,55.7,1789713360000,LOW,11.772,3.45,,,,11.377500000000001,30.12,2,0,1,11.811,11.377500000000001,HIGH_SWEEP,22,11.779,False,False,0.1251,499,native,81.06,YORGUN,83.95,91.0,True,300,45.2,BULL,BOS UP,LH/LL,HH/MIX,RANGE,88.3,True,True,498,6,67.9,1789712460000,LOW,11.705,4.05,,,,,,,0,0,11.776,11.705,HIGH_SWEEP,11,11.776,False,False,0.2466,499,native,70.23,NORMAL,87.11,93.33,True,300,62.5,BULL,BOS UP,HH/MIX,LH/LL,TR UP,76.9,True,True,498,34,57.9,1789703100000,LOW,11.337,12.15,,,,,,,0,0,11.817,11.705,HIGH_SWEEP,20,11.802,False,False,0.3393,499,native,64.68,NORMAL,68.63,71.67,True,300,77.6,BULL,BOS UP,HH/HL,HH/HL,TR UP,87.9,True,True,498,29,54.8,1789686900000,LOW,11.25,8.95,,,,11.0905,11.44,2,0,1,11.817,11.0905,HIGH_SWEEP,64,11.34,False,False,0.544,499,native,90.74,ASIRI,88.97,95.67,True,300,83.3,TR-UP,CHOCH UP,HH/HL,MIX/LL,TR-UP,86.0,True,True,498,5,51.0,1789693200000,LOW,11.089,6.09,12.7855,7.98,2,,,,1,0,12.7855,11.25,LOW_SWEEP,37,10.67,False,False,1.0287,499,native,75.99,YORGUN,89.08,93.0,True,300,17.7,BEAR,BOS DN,LH/LL,HH/MIX,RANGE,86.2,True,True,498,15,24.8,1789488000000,HIGH,11.961,0.55,,,,8.062,15.0,2,0,1,11.961,8.062,EQH_SWEEP,83,12.035499999999999,False,False,2.133,4452,1437,67863.96,25803.2,42060.76,44.9,72.45,93.5,UP,346,62,93667.17,13.9,60.0,1.0,True,2,34408.37,0,0.0,34408.37,49.3,0.217,0.743,1.0,0.926,704067.81,310393.51,393674.31,38.81,69.4,92.4,UP,3182,485,1014461.32,117.4,300.0,1.0,True,13,396421.53,3,66322.94,330098.59,86.6,0.701,1.0,1.0,0.985,1229729.09,776293.93,453435.17,22.6,61.3,84.8,UP,6747,1188,2006023.02,248.7,900.0,1.0,True,18,578492.26,13,263818.23,314674.03,92.9,0.833,1.0,1.0,0.995,37937.92,52401.15,60326.52,18.27,1.52,1.0,30116.75,0.1914,86601.31,0.4268,0.4521,NONE,1789713537244,BUY,17145.89,11.824754972413793,1789713420000,ok,1.0,1.0,1.0,continuous,1,62,0,,0,0,0,0,False,68,11.822,11.823,0.846,-0.39,-0.0411,0.0064,222881.11,241998.48,16.49,1789713544371,444,False,,AGGRESSIVE_BUYER,,
2,v2,v1.2,REALF_PY_V4_2_DERIVED,ZPTDIFAT_PY_V1_4_DERIVED,fc-v1,native,,058e38aec59f4c35,20260918_062941,186,ADA_20260918_063907_394,ADAUSDT,BINANCE,FUTURES,TOP100,19,10000,1789713547394,2026-09-18T06:39:07.394+00:00,89,True,1789713547394,1789713547394,57.6,1789713540000,1789713599999,False,7.4,0.2134,0.0,43.2,FAIR (DENGE),True,500,41.0,41.9,46.4,50.0,0.00368,-0.2,0.23,0.00164,0.634,0.0,0.3,45.0,-0.9,YOK,5.4,1.0,0.21418713994600927,0.369,CLV_PROXY_1M,0,0.0,100.0,43.2,41.9,44.8,47.1,1.3,-1.6,-3.9,0.00368,-0.00012,0.00051,0.00027,43.4,46.59,53.89,60.79,-3.19,-10.49,-17.39,38.68,29.67,500,native,43.4,NORMAL,38.68,29.67,True,300,64.6,TR-UP,CHOCH UP,MIX/HL,HH/HL,SQZ,75.3,True,True,499,24,50.5,1789712100000,LOW,0.2126,2.68,0.2138,1.34,2,,,,2,0,0.2138,0.213,EQH_SWEEP,3,0.2138,False,False,0.1401,499,native,70.09,NORMAL,67.18,64.33,True,300,21.7,BEAR,BOS DN,LH/LL,MIX/HL,RANGE,86.5,True,True,498,27,70.8,1789708680000,HIGH,0.2173,6.85,,,,,,,0,0,0.2151,0.2121,LOW_SWEEP,47,0.2143,False,False,0.2601,499,native,50.9,NORMAL,57.45,52.67,True,300,19.7,TR-DN,CHOCH DN,LH/LL,LH/LL,TR-DN,85.4,True,True,498,9,28.1,1789710600000,HIGH,0.2151,2.27,,,,0.1903,30.89,3,0,1,0.2151,0.1903,HIGH_SWEEP,33,0.2159,False,False,0.3503,499,native,45.04,NORMAL,43.11,38.0,True,300,66.8,BULL,BOS UP,MIX/HL,LH/LL,TR UP,78.2,True,True,498,26,55.4,1789689600000,LOW,0.1997,8.99,0.21739999999999998,2.54,2,0.1972,10.62,2,1,2,0.21739999999999998,0.1972,HIGH_SWEEP,27,0.2027,False,False,0.7191,499,native,86.03,ASIRI,76.06,88.67,True,300,87.0,BULL,BOS UP,HH/HL,HH/HL,EXP UP,84.6,True,True,498,6,53.5,1789689600000,LOW,0.1901,7.55,,,,,,,0,0,0.2042,0.1997,EQH_SWEEP,29,0.19690000000000002,False,False,1.4575,499,native,75.67,YORGUN,87.75,90.0,True,300,41.5,TR-UP,CHOCH UP,LH/LL,LH/LL,TR-UP,84.5,True,True,498,1,52.5,1789689600000,LOW,0.1901,4.28,,,,,,,0,0,0.2159,0.1901,LOW_SWEEP,52,0.2148,False,True,2.5151,2022,1084,20305.64,13819.77,6485.87,19.01,59.5,81.4,UP,166,43,34125.4,2.8,60.0,1.0,True,1,18217.1,0,0.0,18217.1,26.8,0.053,0.633,1.0,0.966,514204.55,486864.01,27340.55,2.73,51.37,55.6,FLAT,1940,328,1001068.56,26.0,300.0,1.0,True,15,456312.56,11,392103.21,64209.35,65.0,0.342,1.0,1.0,0.993,942688.31,905584.05,37104.26,2.01,51.0,54.1,FLAT,4373,933,1848272.36,57.8,900.0,1.0,True,25,713280.65,20,685208.28,28072.37,77.9,0.536,1.0,1.0,0.998,-166597.55,-5854.6,90766.83,-29.55,-0.31,1.0,29717.79,0.1795,4111.54,0.0205,-0.0186,NONE,1789713500057,BUY,18217.1,0.2135,1789713420000,ok,1.0,1.0,1.0,continuous,1,41,0,,0,0,0,0,False,102,0.2134,0.2135,4.685,-0.615,0.0811,-0.1071,2441700.24,2075443.53,91.36,1789713547159,235,False,,,,
2,v2,v1.2,REALF_PY_V4_2_DERIVED,ZPTDIFAT_PY_V1_4_DERIVED,fc-v1,native,,058e38aec59f4c35,20260918_062941,187,LTC_20260918_063909_968,LTCUSDT,BINANCE,FUTURES,TOP100,25,10000,1789713549968,2026-09-18T06:39:09.968+00:00,89,True,1789713549968,1789713549968,57.6,1789713540000,1789713599999,False,10.0,54.91,0.0,63.3,PRICE AHEAD,True,500,68.8,57.7,63.9,51.4,-0.00293,0.28,-0.56,0.00129,0.576,0.19,9.3,45.0,-21.9,YOK,11.1,1.0,54.74938905784333,-0.292,CLV_PROXY_1M,0,0.0,100.0,63.3,65.2,62.4,53.0,-1.9,0.9,10.3,-0.00293,0.00035,0.00017,-0.00132,53.91,54.73,56.52,62.23,-0.82,-2.61,-8.32,51.43,53.33,500,native,53.91,NORMAL,51.43,53.33,True,300,85.7,BULL,BOS UP,HH/HL,MIX/HL,TR UP,86.9,True,True,499,12,64.2,1789712820000,LOW,54.78,2.55,,,,54.76,2.94,2,0,2,55.02,54.76,HIGH_SWEEP,36,54.92,False,False,0.0929,499,native,63.05,NORMAL,66.05,67.33,True,300,63.7,BULL,BOS UP,MIX/HL,HH/HL,RANGE,81.4,True,True,498,35,50.6,1789707240000,LOW,54.29,6.01,54.974999999999994,0.63,2,,,,2,0,54.974999999999994,54.78,EQH_SWEEP,4,55.0,False,False,0.1878,499,native,54.64,NORMAL,62.83,51.67,True,300,76.8,BULL,BOS UP,HH/HL,MIX/HL,RANGE,86.1,True,True,498,34,51.2,1789703100000,LOW,54.32,4.03,,,,53.86,7.22,2,0,3,55.0,53.86,HIGH_SWEEP,2,55.0,False,False,0.2624,499,native,73.2,YORGUN,72.41,79.0,True,300,71.1,BULL,BOS UP,MIX/HL,HH/MIX,TR UP,85.7,True,True,498,24,95.3,1789691400000,LOW,53.59,5.85,,,,,,,0,0,53.98,54.29,EQH_SWEEP,26,53.989999999999995,False,False,0.4112,499,native,87.54,ASIRI,87.38,95.0,True,300,88.0,BULL,BOS UP,HH/HL,HH/HL,TR UP,83.5,True,True,498,6,68.8,1789689600000,LOW,52.46,5.61,,,,,,,0,0,54.0,52.46,HIGH_SWEEP,21,52.81,False,False,0.7963,499,native,81.26,YORGUN,89.02,93.0,True,300,51.6,TR-DN,CHOCH DN,HH/MIX,LH/LL,TR-DN,72.3,True,True,498,14,38.2,1789502400000,HIGH,55.24,0.39,,,,,,,0,0,55.24,50.13,HIGH_SWEEP,30,54.28,False,False,1.559,456,632,5300.99,19839.3,-14538.31,-57.83,21.09,5.5,DOWN,109,20,25140.29,4.6,60.0,1.0,True,0,0.0,1,10041.98,-10041.98,31.8,0.083,0.6,1.0,0.992,156731.77,93662.62,63069.15,25.19,62.59,86.7,UP,774,145,250394.39,21.7,300.0,1.0,True,7,114774.62,2,29453.86,85320.75,59.0,0.302,0.85,1.0,0.998,494952.57,422005.58,72946.99,7.96,53.98,65.6,UP,3061,562,916958.15,76.0,900.0,1.0,True,12,239938.98,12,202722.13,37216.85,81.4,0.603,0.991,1.0,0.999,-44108.99,-23810.35,-15533.59,-60.15,-5.33,1.0,3000.26,0.0894,14194.27,0.2834,0.4116,NONE,1789713543799,SELL,10041.98,54.90962620706247,1789713420000,ok,1.0,1.0,1.0,continuous,1,20,0,,0,0,0,0,False,136,54.9,54.91,1.821,-0.862,0.0554,0.0673,745957.6,667649.95,35.52,1789713549744,224,False,,AGGRESSIVE_SELLER,,
2,v2,v1.2,REALF_PY_V4_2_DERIVED,ZPTDIFAT_PY_V1_4_DERIVED,fc-v1,native,,058e38aec59f4c35,20260918_062941,188,AVAX_20260918_063912_544,AVAXUSDT,BINANCE,FUTURES,TOP100,31,5000,1789713552544,2026-09-18T06:39:12.544+00:00,89,True,1789713552529,1789713552544,57.4,1789713540000,1789713599999,False,12.5,7.896,0.0127,49.3,FAIR (DENGE),True,500,50.6,40.7,56.6,50.0,0.00292,0.35,-0.42,0.00129,0.608,0.04,0.3,55.0,12.5,YOK,15.9,0.191,7.919065515585121,0.292,CLV_PROXY_1M,0,0.0,100.0,49.3,49.7,46.6,42.7,-0.4,2.7,6.6,0.00292,-0.00012,-0.00059,-0.00222,62.5,60.4,60.2,57.58,2.1,2.3,4.92,68.27,65.33,500,native,62.5,NORMAL,68.27,65.33,True,300,70.9,BEAR,BOS DN,HH/HL,HH/HL,SQZ,77.8,True,True,499,59,64.9,1789710000000,HIGH,7.93,5.13,7.9415,6.86,2,,,,1,0,7.9415,7.88,LOW_SWEEP,18,7.873,False,False,0.084,499,native,65.12,NORMAL,75.67,78.0,True,300,59.1,BULL,BOS UP,MIX/HL,HH/MIX,RANGE,69.2,True,True,498,71,79.7,1789700760000,LOW,7.677,14.24,,,,7.6285,17.39,2,0,1,7.903,7.6285,HIGH_SWEEP,80,7.723,False,False,0.1948,499,native,37.44,NORMAL,47.67,36.67,True,300,60.7,BULL,BOS UP,MIX/HL,MIX/HL,RANGE,74.1,True,True,498,42,66.0,1789700700000,LOW,7.677,9.18,,,,,,,0,0,7.942,7.857,HIGH_SWEEP,47,7.723,False,False,0.2997,499,native,55.53,NORMAL,53.07,49.0,True,300,79.5,BULL,BOS UP,HH/HL,MIX/HL,TR UP,85.4,True,True,498,23,54.9,1789692300000,LOW,7.545,8.29,,,,,,,0,0,7.968,7.584,EQH_SWEEP,23,7.648,False,False,0.534,499,native,87.59,ASIRI,82.05,89.33,True,300,91.4,TR-UP,CHOCH UP,HH/HL,LH/LL,TR-UP,94.6,True,True,498,3,96.7,1789700400000,LOW,7.545,4.36,8.192,3.67,3,7.186,8.81,2,1,1,8.192,7.186,EQL_SWEEP,37,7.186,False,False,1.023,499,native,84.71,ASIRI,90.52,93.0,True,300,78.7,BULL,BOS UP,HH/MIX,HH/MIX,RANGE,76.8,True,True,498,1,80.2,1789689600000,LOW,7.171,4.77,,,,7.173500000000001,4.76,2,0,1,7.8,7.173500000000001,LOW_SWEEP,15,7.243,False,False,1.9116,2211,783,17306.61,3274.41,14032.2,68.18,84.09,94.8,UP,105,20,20581.02,4.6,60.0,1.0,True,1,8339.73,0,0.0,8339.73,31.3,0.084,0.578,1.0,0.963,193337.98,159114.62,34223.37,9.71,54.86,68.7,UP,1417,214,352452.6,47.6,300.0,1.0,True,7,86537.17,11,90532.84,-3995.67,72.3,0.488,0.887,1.0,0.993,490997.27,333960.01,157037.26,19.04,59.52,81.5,UP,3692,642,824957.28,118.6,900.0,1.0,True,21,215545.29,20,186684.45,28860.83,86.3,0.703,0.979,1.0,0.998,16920.62,-17360.65,33136.61,41.74,-1.86,1.0,-2465.89,-0.0457,5368.68,0.0762,0.2809,DOWN,1789713497829,BUY,8339.73,7.89,1789713480000,ok,1.0,1.0,1.0,continuous,1,20,0,,0,0,0,0,False,170,7.896,7.897,1.266,0.454,-0.1851,0.1464,236395.91,343754.91,24.69,1789713552325,219,False,,AGGRESSIVE_BUYER,,
2,v2,v1.2,REALF_PY_V4_2_DERIVED,ZPTDIFAT_PY_V1_4_DERIVED,fc-v1,native,,058e38aec59f4c35,20260918_062941,189,SUI_20260918_063915_116,SUIUSDT,BINANCE,FUTURES,TOP100,35,5000,1789713555116,2026-09-18T06:39:15.116+00:00,89,True,1789713555116,1789713555116,57.0,1789713540000,1789713599999,False,15.1,0.7784,0.0386,58.5,PRICE AHEAD,True,500,62.3,50.5,64.2,50.1,-0.0002,0.74,-0.39,0.00202,0.574,0.03,0.3,55.0,2.7,YOK,13.8,1.0,0.7782415059785238,-0.02,CLV_PROXY_1M,0,0.0,100.0,58.5,56.9,55.4,46.3,1.6,3.1,12.2,-0.0002,-0.00031,-0.00041,-0.00322,75.42,73.3,68.41,60.79,2.12,7.01,14.63,80.53,80.0,500,native,75.42,YORGUN,80.53,80.0,True,300,87.6,BULL,BOS UP,HH/HL,HH/HL,RANGE,85.9,True,True,499,1,20.7,1789713480000,LOW,0.775,3.22,,,,,,,0,0,0.7779,0.775,HIGH_SWEEP,17,0.777,False,False,0.1356,499,native,73.31,YORGUN,82.6,90.67,True,300,72.1,BULL,BOS UP,MIX/HL,MIX/HL,RANGE,68.4,True,True,498,1,18.5,1789713360000,LOW,0.7738,2.11,,,,0.7292,22.59,2,0,3,0.7778,0.7292,HIGH_SWEEP,52,0.7849,False,False,0.28,499,native,47.64,NORMAL,68.38,64.0,True,300,60.8,BULL,BOS UP,MIX/HL,MIX/HL,RANGE,74.3,True,True,498,41,48.0,1789701000000,LOW,0.7643,4.56,,,,0.71575,20.26,2,0,2,0.7849,0.71575,HIGH_SWEEP,91,0.7365,False,False,0.3981,499,native,47.57,NORMAL,50.89,40.33,True,300,78.5,BULL,BOS UP,HH/HL,MIX/HL,TR UP,90.8,True,True,498,29,53.6,1789686900000,LOW,0.7287,8.49,,,,0.7289,8.45,2,0,1,0.7899,0.7289,HIGH_SWEEP,58,0.7351,False,False,0.7551,499,native,87.99,ASIRI,76.42,85.67,True,300,83.0,TR-UP,CHOCH UP,HH/HL,HH/MIX,TR-UP,88.9,True,True,498,6,40.0,1789689600000,LOW,0.7157,5.7,0.8336,5.02,2,,,,2,0,0.8336,0.7157,LOW_SWEEP,37,0.6814,False,False,1.4211,499,native,86.41,ASIRI,91.31,95.33,True,300,89.3,TR-UP,CHOCH UP,HH/HL,MIX/HL,TR-UP,85.4,True,True,498,1,97.1,1789689600000,LOW,0.6773,5.36,,,,,,,0,0,0.7479,0.6773,LOW_SWEEP,16,0.692,False,False,2.3923,424,1905,16250.98,14948.64,1302.34,4.17,52.09,58.4,UP,426,81,31199.62,19.1,60.0,1.0,True,0,0.0,0,0.0,0.0,51.9,0.277,0.624,1.0,0.993,671063.25,453190.26,217872.99,19.38,59.69,81.8,UP,4294,643,1124253.51,120.5,300.0,1.0,True,29,499676.75,29,280585.92,219090.83,87.0,0.707,1.0,1.0,0.999,1324256.72,1159558.43,164698.29,6.63,53.32,63.2,UP,9799,1609,2483815.15,261.7,900.0,1.0,True,61,868069.22,58,711879.6,156189.62,93.2,0.84,1.0,1.0,1.0,-7691.7,20419.25,30789.96,-6.97,1.34,1.0,-3171.35,-0.0224,42660.69,0.1897,0.2703,DOWN,1789713492658,BUY,7974.0,0.7780119794715685,1789713480000,ok,1.0,1.0,1.0,continuous,1,71,0,,0,0,0,0,False,204,0.7784,0.7785,1.285,-0.013,-0.2533,-0.049,303558.43,509553.85,25.05,1789713554921,195,False,,,,
2,v2,v1.2,REALF_PY_V4_2_DERIVED,ZPTDIFAT_PY_V1_4_DERIVED,fc-v1,native,,058e38aec59f4c35,20260918_062941,190,AKE_20260918_063917_881,AKEUSDT,BINANCE,FUTURES,TOP100,94,2000,1789713557881,2026-09-18T06:39:17.881+00:00,89,True,1789713557687,1789713557881,56.7,1789713540000,1789713599999,False,17.7,0.023061,0.139,60.4,PRICE AHEAD,True,500,62.6,65.9,53.3,50.7,-0.031,-0.06,0.4,0.00733,0.595,0.05,13.0,55.0,16.7,YOK,12.6,1.0,0.02235705520875345,-3.053,CLV_PROXY_1M,0,0.0,100.0,60.4,58.2,56.6,59.9,2.2,3.8,0.5,-0.031,-0.00026,0.00199,0.00879,58.75,61.4,69.5,79.12,-2.65,-10.75,-20.37,52.39,53.0,500,native,58.75,NORMAL,52.39,53.0,True,300,87.6,BULL,BOS UP,HH/HL,HH/HL,TR UP,94.2,True,True,499,16,90.2,1789712580000,LOW,0.021423,6.9,,,,0.021402499999999998,6.99,2,0,1,0.023636,0.021402499999999998,HIGH_SWEEP,37,0.021605,False,False,1.0303,499,native,85.11,ASIRI,75.46,85.67,True,300,91.5,BULL,BOS UP,HH/HL,HH/HL,EXP UP,93.3,True,True,498,6,71.4,1789712460000,LOW,0.021423,5.12,,,,,,,0,0,0.021898,0.021646,LOW_SWEEP,35,0.021228,False,False,1.3752,499,native,90.45,ASIRI,86.21,94.0,True,300,77.8,BULL,BOS UP,MIX/HL,HH/HL,EXP UP,79.7,True,True,498,6,67.7,1789711500000,LOW,0.0214,5.09,,,,,,,0,0,0.02168,0.021423,EQH_SWEEP,34,0.021653,False,False,1.4009,499,native,81.67,YORGUN,93.87,96.0,True,300,42.0,BEAR,BOS DN,LH/MIX,MIX/HL,RANGE,66.1,True,True,498,153,97.0,1789575300000,HIGH,0.028247,12.15,0.029421000000000003,14.9,2,0.0209945,4.81,2,1,3,0.029421000000000003,0.0209945,EQL_SWEEP,56,0.020765,False,False,1.8233,499,native,75.85,YORGUN,95.32,98.0,True,300,70.7,BULL,BOS UP,HH/HL,HH/MIX,RANGE,69.6,True,True,498,74,56.3,1789444800000,LOW,0.014658,9.74,0.029844000000000002,7.89,2,0.012500500000000001,12.25,3,1,2,0.029844000000000002,0.012500500000000001,HIGH_SWEEP,75,0.0165,False,False,3.9837,499,native,41.43,NORMAL,45.27,45.67,True,300,84.7,BULL,BOS UP,HH/HL,MIX/HL,TR UP,90.5,True,True,498,18,80.8,1789444800000,LOW,0.013069,3.91,,,,0.0128725,3.99,2,0,3,0.029888,0.0128725,EQL_SWEEP,67,0.0128725,False,False,11.7969,1404,22756,24166.76,22564.37,1602.4,3.43,51.71,57.0,UP,2080,1034,46731.13,126.7,60.0,1.0,True,2,7282.26,2,4414.26,2868.0,77.4,0.717,0.667,1.0,0.977,198447.19,253154.05,-54706.86,-12.11,43.94,27.5,DOWN,14913,7790,451601.24,647.5,300.0,1.0,True,18,48645.43,25,90009.42,-41363.99,94.4,0.928,0.914,1.0,0.995,670508.88,830910.91,-160402.02,-10.68,44.66,29.7,DOWN,42833,22756,1501419.79,961.8,593.6,0.6595,False,64,212437.8,76,323814.92,-111377.13,90.2,0.951,1.0,0.66,0.998,-6791.36,99050.03,,-4.05,5.7,0.5928,-2970.76,-0.045,-8969.44,-0.0993,-0.2797,NONE,1789713550468,BUY,4605.95,0.023029774089999993,1789713480000,ok,1.0,1.0,1.0,continuous,1,985,0,,0,0,0,0,False,238,0.023045,0.023047,0.868,0.412,-0.0039,-0.0176,2235.3,2252.65,8.68,1789713557452,429,False,,FATIGUE_EXTREME,,
2,v2,v1.2,REALF_PY_V4_2_DERIVED,ZPTDIFAT_PY_V1_4_DERIVED,fc-v1,native,,058e38aec59f4c35,20260918_062941,191,PONS_20260918_063920_698,PONSUSDT,BINANCE,FUTURES,OUTSIDE100,112,2000,1789713560698,2026-09-18T06:39:20.698+00:00,89,True,1789713560488,1789713560698,56.7,1789713540000,1789713599999,False,20.5,0.728,-0.233,59.3,PRICE AHEAD,True,500,61.5,56.1,60.7,54.7,-0.00648,-0.57,-1.38,0.00545,0.582,1.75,26.7,60.0,-17.8,YOK,5.5,1.0,0.7233012833364807,-0.645,CLV_PROXY_1M,0,0.0,100.0,59.3,56.8,53.7,45.5,2.5,5.6,13.8,-0.00648,0.00022,-0.00174,-0.00529,15.81,16.98,15.32,15.59,-1.17,0.49,0.22,15.27,8.0,500,native,15.81,DINLENMIS,15.27,8.0,True,300,13.1,BEAR,BOS DN,LH/LL,LH/LL,RANGE,85.9,True,True,499,8,58.1,1789713060000,HIGH,0.7377,4.57,,,,0.7134,6.88,2,0,1,0.7364,0.7134,EQL_SWEEP,9,0.73295,False,False,0.2908,499,native,33.03,NORMAL,21.51,13.67,True,300,26.2,BULL,BOS UP,LH/LL,MIX/HL,RANGE,86.5,True,True,498,76,26.3,1789699860000,LOW,0.6834,9.03,0.7777000000000001,10.1,3,0.63845,18.15,2,1,1,0.7777000000000001,0.63845,HIGH_SWEEP,91,0.6964,False,False,0.6755,499,native,37.46,NORMAL,28.74,20.0,True,300,13.4,BEAR,BOS DN,LH/LL,LH/LL,RANGE,88.2,True,True,498,10,56.1,1789710300000,HIGH,0.7473,2.56,0.7778,6.61,2,,,,1,0,0.7778,0.7235,LOW_SWEEP,8,0.729,False,False,1.0306,499,native,44.14,NORMAL,37.1,34.0,True,300,86.2,BULL,BOS UP,HH/HL,MIX/LL,TR UP,93.8,True,True,498,17,77.8,1789697700000,LOW,0.6551,5.1,,,,,,,0,0,0.7781,0.6551,HIGH_SWEEP,18,0.6959,False,False,1.948,289,native,80.83,YORGUN,68.63,76.95,False,269,88.1,BULL,BOS UP,HH/HL,HH/HL,TR UP,88.8,True,True,288,7,54.7,1789686000000,LOW,0.6099,3.91,,,,,,,0,0,0.6721,0.6099,HIGH_SWEEP,6,0.6721,False,False,4.1259,73,native,83.72,ASIRI,82.72,98.11,False,53,74.7,TR-UP,CHOCH UP,HH/MIX,HH/HL,TR-UP,76.3,True,False,72,1,84.3,1789689600000,LOW,0.5483,3.36,,,,,,,0,0,0.6992,0.5483,LOW_SWEEP,12,0.5821,False,False,6.9476,327,2630,30622.74,72364.43,-41741.68,-40.53,29.73,7.2,DOWN,930,271,102987.17,75.0,60.0,1.0,True,2,11160.69,8,45745.52,-34584.82,74.8,0.6,0.753,1.0,0.995,96126.21,144466.42,-48340.21,-20.09,39.95,17.5,DOWN,2655,884,240592.63,205.5,300.0,1.0,True,7,27551.75,14,63588.74,-36036.99,87.1,0.804,0.845,1.0,0.999,299718.0,394720.81,-95002.8,-13.68,43.16,25.1,DOWN,7480,2330,694438.81,415.0,900.0,1.0,True,31,123208.28,41,204384.56,-81176.28,94.4,0.892,0.96,1.0,1.0,-41071.27,-37544.71,-38020.65,-18.6,-7.15,1.0,-17803.51,-0.3419,-8597.92,-0.1787,0.0615,DOWN,1789713552077,BUY,4215.21,0.7280163557858376,1789713480000,ok,1.0,1.0,1.0,continuous,1,267,0,,0,0,0,0,False,272,0.7276,0.7278,2.748,1.344,0.0709,0.0931,44524.28,38627.67,27.48,1789713560290,408,False,,FATIGUE_RESTED_1M|AGGRESSIVE_SELLER,,
2,v2,v1.2,REALF_PY_V4_2_DERIVED,ZPTDIFAT_PY_V1_4_DERIVED,fc-v1,native,,058e38aec59f4c35,20260918_062941,192,SKR_20260918_063923_517,SKRUSDT,BINANCE,FUTURES,OUTSIDE100,227,500,1789713563517,2026-09-18T06:39:23.517+00:00,89,True,1789713563287,1789713563517,57.0,1789713540000,1789713599999,False,23.3,0.019152,-0.047,45.0,FAIR (DENGE),True,500,45.2,42.0,47.8,45.8,0.00369,0.49,0.75,0.00195,0.457,1.57,86.7,60.0,23.0,YOK,5.8,1.0,0.0192227130907718,0.369,CLV_PROXY_1M,0,0.0,100.0,45.0,52.3,46.8,53.3,-7.3,-1.8,-8.3,0.00369,0.00145,0.00069,0.0009,83.82,86.82,84.42,79.42,-3.0,-0.6,4.4,74.29,82.67,500,native,83.82,ASIRI,74.29,82.67,True,300,88.5,BULL,BOS UP,HH/HL,HH/HL,EXP UP,90.7,True,True,499,3,33.7,1789713360000,LOW,0.019028,3.7,0.019363,6.3,2,,,,1,0,0.019363,0.019028,EQH_SWEEP,48,0.0189665,False,False,0.1748,499,native,72.72,YORGUN,74.99,79.33,True,300,72.8,BULL,BOS UP,HH/MIX,MIX/HL,TR UP,69.4,True,True,498,1,30.5,1789713360000,LOW,0.018839,5.29,0.020296500000000002,19.34,2,0.0188425,5.23,2,1,1,0.020296500000000002,0.0188425,LOW_SWEEP,24,0.018846,False,False,0.3088,499,native,78.87,YORGUN,81.14,87.0,True,300,90.9,BULL,BOS UP,HH/HL,HH/MIX,RANGE,88.8,True,True,498,7,88.7,1789711200000,LOW,0.018839,4.02,0.020296500000000002,15.46,2,,,,1,0,0.020296500000000002,0.018839,LOW_SWEEP,25,0.018732,False,False,0.3912,499,native,79.66,YORGUN,94.18,95.0,True,300,74.6,BULL,BOS UP,MIX/HL,MIX/HL,SQZ,69.3,True,True,498,1,49.0,1789712100000,LOW,0.018719,2.96,,,,0.017547,10.97,2,0,2,0.019011,0.017547,HIGH_SWEEP,35,0.019329,False,False,0.7671,499,native,44.65,NORMAL,54.81,65.67,True,300,39.3,BULL,BOS UP,LH/LL,HH/MIX,RANGE,84.4,True,True,498,21,72.8,1789635600000,LOW,0.017378,4.67,0.025375500000000002,16.38,2,,,,1,0,0.025375500000000002,0.018321,LOW_SWEEP,6,0.018554,False,False,2.0012,499,native,73.49,YORGUN,69.55,78.0,True,300,72.9,BULL,BOS UP,HH/HL,HH/HL,TR UP,83.6,True,True,498,114,36.2,1788062400000,LOW,0.008858,11.59,,,,0.017043000000000003,2.36,2,0,1,0.020299,0.017043000000000003,HIGH_SWEEP,4,0.019684,False,False,4.7097,2957,604,241.38,6961.04,-6719.66,-93.3,3.35,5.0,DOWN,90,46,7202.42,9.1,60.0,1.0,True,0,0.0,2,5954.5,-5954.5,37.4,0.154,0.464,1.0,0.951,5115.86,15217.99,-10102.14,-49.68,25.16,6.0,DOWN,282,183,20333.85,15.2,300.0,1.0,True,2,1411.82,4,11665.04,-10253.21,47.3,0.233,0.577,1.0,0.99,21467.22,24188.89,-2721.68,-5.96,47.02,38.1,DOWN,740,509,45656.11,60.4,900.0,1.0,True,6,9496.49,6,12814.02,-3317.53,69.5,0.547,0.665,1.0,0.997,-6948.79,-7577.26,-5306.54,-53.14,-16.11,1.0,-3645.03,-0.6828,-1934.93,-0.4758,0.4993,DOWN,1789713557452,SELL,4204.3,0.019142560840682783,1789713480000,ok,1.0,1.0,1.0,continuous,1,46,0,,0,0,0,0,False,306,0.01914,0.019151,5.745,2.334,-0.0986,-0.3549,3184.91,3881.45,16.98,1789713563083,434,False,,FATIGUE_EXTREME|AGGRESSIVE_SELLER,,
2,v2,v1.2,REALF_PY_V4_2_DERIVED,ZPTDIFAT_PY_V1_4_DERIVED,fc-v1,native,,058e38aec59f4c35,20260918_062941,193,PROM_20260918_063926_097,PROMUSDT,BINANCE,FUTURES,OUTSIDE100,266,1000,1789713566097,2026-09-18T06:39:26.097+00:00,89,True,1789713566081,1789713566097,57.0,1789713540000,1789713599999,False,26.1,5.413,0.037,58.1,PRICE AHEAD,True,500,60.7,56.2,58.7,50.4,-0.00296,-0.06,-0.48,0.00244,0.551,0.19,2.0,75.0,-26.8,YOK,4.4,1.0,5.397016231923147,-0.295,CLV_PROXY_1M,0,0.0,100.0,58.1,57.4,60.0,60.2,0.7,-1.9,-2.1,-0.00296,-0.00033,0.00016,-0.00085,36.5,36.11,39.31,41.51,0.39,-2.81,-5.01,36.99,38.33,500,native,36.5,NORMAL,36.99,38.33,True,300,30.6,BEAR,BOS DN,LH/MIX,LH/LL,TR DN,84.9,True,True,499,26,81.2,1789711980000,HIGH,5.541,15.97,,,,5.41,0.37,2,0,1,5.424,5.41,LOW_SWEEP,24,5.427,False,False,0.1481,499,native,29.68,DINLENMIS,36.04,35.67,True,300,15.5,TR-DN,CHOCH DN,LH/LL,LH/MIX,TR-DN,91.5,True,True,498,9,59.2,1789711920000,HIGH,5.541,7.03,,,,5.3934999999999995,1.07,2,0,1,5.541,5.3934999999999995,HIGH_SWEEP,47,5.589,False,False,0.3363,499,native,15.09,DINLENMIS,19.44,15.0,True,300,44.4,TR-DN,CHOCH DN,MIX/HL,LH/LL,TR-DN,75.6,True,True,498,5,58.5,1789711800000,HIGH,5.541,5.16,,,,5.3919999999999995,0.85,2,0,2,5.541,5.3919999999999995,HIGH_SWEEP,28,5.589,False,False,0.4583,499,native,28.25,DINLENMIS,16.72,8.67,True,300,59.7,TR-DN,CHOCH DN,HH/HL,MIX/HL,TR-DN,88.0,True,True,498,2,54.5,1789711200000,HIGH,5.594,4.2,5.7285,7.32,2,5.4015,0.27,2,2,1,5.7285,5.4015,LOW_SWEEP,171,5.332,False,False,0.7958,499,native,53.54,NORMAL,30.43,23.0,True,300,59.0,BEAR,BOS DN,MIX/HL,MIX/HL,SQZ,69.1,True,True,498,46,75.0,1789545600000,HIGH,5.729,3.76,5.8375,5.04,3,4.906499999999999,6.02,2,2,1,5.8375,4.906499999999999,EQL_SWEEP,94,5.5815,False,False,1.5355,499,native,47.72,NORMAL,47.59,37.67,True,300,26.5,BULL,BOS UP,LH/LL,MIX/HL,SQZ,85.6,True,True,498,58,11.5,1788868800000,LOW,4.913,2.72,,,,4.4025,5.49,2,0,2,5.659,4.4025,HIGH_SWEEP,57,5.986,False,False,3.3065,421,707,284.18,636.56,-352.37,-38.27,30.86,7.7,DOWN,53,24,920.74,7.9,60.0,1.0,True,0,0.0,0,0.0,0.0,29.3,0.136,0.241,1.0,0.993,5693.68,8970.67,-3276.99,-22.35,38.83,15.4,DOWN,422,208,14664.35,57.4,300.0,1.0,True,0,0.0,1,1095.04,-1095.04,64.7,0.534,0.542,1.0,0.999,24827.76,29973.29,-5145.53,-9.39,45.31,31.9,DOWN,1294,613,54801.05,79.9,900.0,1.0,True,4,5929.78,6,9558.22,-3628.44,73.5,0.615,0.685,1.0,1.0,840.25,5308.66,1009.86,12.95,9.74,1.0,-812.56,-0.3283,-624.92,-0.2131,-0.4542,NONE,1789713307845,SELL,1095.04,5.412941670785962,1789713480000,ok,1.0,1.0,1.0,continuous,1,24,0,,0,0,0,0,False,340,5.413,5.414,1.847,0.859,0.1969,0.5267,42379.23,28432.96,36.02,1789713565845,252,False,,,,
2,v2,v1.2,REALF_PY_V4_2_DERIVED,ZPTDIFAT_PY_V1_4_DERIVED,fc-v1,native,,058e38aec59f4c35,20260918_062941,194,UAI_20260918_063928_886,UAIUSDT,BINANCE,FUTURES,OUTSIDE100,296,2000,1789713568886,2026-09-18T06:39:28.886+00:00,89,True,1789713568675,1789713568886,57.2,1789713540000,1789713599999,False,28.7,0.4178,0.0239,54.9,FAIR (DENGE),True,500,56.9,53.8,53.8,50.4,-0.004,0.43,0.23,0.00469,0.661,0.25,4.7,45.0,-4.9,YOK,3.2,1.0,0.41613317331750427,-0.399,CLV_PROXY_1M,0,0.0,100.0,54.9,52.5,55.5,54.9,2.4,-0.6,0.0,-0.004,-0.00063,-2e-05,-0.00102,68.62,65.06,56.95,40.91,3.56,11.67,27.71,72.76,86.67,500,native,68.62,NORMAL,72.76,86.67,True,300,41.2,BEAR,BOS DN,MIX/HL,MIX/HL,RANGE,79.4,True,True,499,14,90.8,1789712700000,HIGH,0.4198,1.61,0.42315,4.32,2,0.40785,8.03,3,1,2,0.42315,0.40785,HIGH_SWEEP,92,0.4247,False,False,0.2966,499,native,35.64,NORMAL,54.72,44.67,True,300,28.6,BULL,BOS UP,LH/LL,LH/LL,RANGE,79.1,True,True,498,66,61.1,1789701660000,LOW,0.4075,4.13,0.43455,6.72,2,,,,1,0,0.43455,0.4129,LOW_SWEEP,2,0.4166,False,False,0.5969,499,native,29.42,DINLENMIS,37.61,17.67,True,300,56.0,TR-DN,CHOCH DN,MIX/HL,LH/MIX,TR-DN,72.0,True,True,498,48,58.0,1789698900000,HIGH,0.4354,4.7,,,,0.3559,16.55,3,0,1,0.4232,0.3559,HIGH_SWEEP,101,0.4106,False,False,0.8975,499,native,36.3,NORMAL,36.69,30.0,True,300,69.0,BULL,BOS UP,MIX/HL,MIX/HL,RANGE,79.5,True,True,498,20,30.6,1789695000000,LOW,0.3901,3.69,0.43505,2.3,2,0.3838,4.54,2,2,2,0.43505,0.3838,LOW_SWEEP,173,0.3294,False,False,1.8091,499,native,65.77,NORMAL,57.19,58.33,True,300,86.6,BULL,BOS UP,HH/HL,HH/HL,SQZ,87.3,True,True,498,6,38.6,1789689600000,LOW,0.3838,2.1,,,,,,,0,0,0.4354,0.3838,HIGH_SWEEP,4,0.418,False,False,3.8614,499,native,65.19,NORMAL,73.12,77.33,True,300,18.4,BEAR,BOS DN,LH/LL,HH/HL,RANGE,87.8,True,True,498,19,42.0,1789430400000,HIGH,0.5943,4.03,,,,,,,0,0,0.5943,0.322,LOW_SWEEP,20,0.4503,False,False,10.3453,1677,1052,2154.93,906.33,1248.6,40.79,70.39,92.8,UP,102,53,3061.26,12.5,60.0,1.0,True,0,0.0,0,0.0,0.0,38.9,0.2,0.371,1.0,0.972,13257.42,9622.79,3634.63,15.89,57.94,77.8,UP,594,257,22880.21,78.1,300.0,1.0,True,1,2481.35,0,0.0,2481.35,70.0,0.61,0.59,1.0,0.994,66794.32,89237.51,-22443.18,-14.38,42.81,24.2,DOWN,2837,999,156031.83,213.2,900.0,1.0,True,5,29079.5,10,33650.48,-4570.97,85.9,0.81,0.798,1.0,0.998,1658.09,-4795.92,2914.65,26.08,-5.32,1.0,-800.75,-0.2205,291.07,0.0636,0.5079,DOWN,1789713304006,BUY,2481.35,0.4172436522616445,1789713480000,ok,1.0,1.0,1.0,continuous,1,53,0,,0,0,0,0,False,374,0.4177,0.4178,2.394,-0.929,0.0022,-0.3175,12498.1,12443.65,46.68,1789713567888,998,False,,AGGRESSIVE_BUYER,,
2,v2,v1.2,REALF_PY_V4_2_DERIVED,ZPTDIFAT_PY_V1_4_DERIVED,fc-v1,native,,058e38aec59f4c35,20260918_062941,195,BULLA_20260918_063931_469,BULLAUSDT,BINANCE,FUTURES,OUTSIDE100,339,5000,1789713571469,2026-09-18T06:39:31.469+00:00,89,True,1789713571454,1789713571469,57.2,1789713540000,1789713599999,False,31.5,0.10171,-0.0098,60.9,PRICE AHEAD,True,500,65.4,56.3,62.0,50.2,-0.0069,0.05,-0.77,0.00561,0.498,0.1,0.3,55.0,-6.6,YOK,9.1,1.0,0.10101016846197142,-0.688,CLV_PROXY_1M,0,0.0,100.0,60.9,60.5,60.1,53.7,0.4,0.8,7.2,-0.0069,-0.00037,-0.00155,-0.00468,69.48,67.58,57.88,45.45,1.9,11.6,24.03,70.46,82.0,500,native,69.48,NORMAL,70.46,82.0,True,300,47.0,BULL,BOS UP,LH/LL,LH/LL,SQZ,84.2,True,True,499,3,61.2,1789713360000,LOW,0.10074,2.51,0.10206,0.91,3,0.100455,3.25,2,1,2,0.10206,0.100455,EQL_SWEEP,42,0.100455,False,False,0.38,499,native,65.32,NORMAL,73.86,87.0,True,300,30.3,BULL,BOS UP,LH/LL,HH/MIX,TR UP,86.6,True,True,498,38,89.1,1789706700000,LOW,0.096433,6.3,,,,0.0964015,6.34,2,0,2,0.10203,0.0964015,HIGH_SWEEP,24,0.10206,False,False,0.831,499,native,59.58,NORMAL,68.15,80.67,True,300,48.1,BULL,BOS UP,LH/MIX,LH/LL,TR UP,64.3,True,True,498,22,22.3,1789706700000,LOW,0.09539,5.33,,,,0.10001,1.46,2,0,1,0.10203,0.10001,HIGH_SWEEP,20,0.10114,False,False,1.1764,499,native,75.3,YORGUN,70.72,77.67,True,300,74.6,BEAR,BOS DN,HH/HL,HH/HL,TR DN,88.7,True,True,498,64,27.4,1789655400000,HIGH,0.10999,3.51,0.109785,3.42,2,,,,1,0,0.109785,0.094,LOW_SWEEP,66,0.1007,False,False,2.3168,499,native,65.96,NORMAL,73.68,88.67,True,300,26.8,BULL,BOS UP,LH/LL,MIX/HL,RANGE,84.5,True,True,498,44,42.2,1789552800000,LOW,0.060024,6.41,,,,0.060025499999999996,6.41,2,0,1,0.121362,0.060025499999999996,HIGH_SWEEP,45,0.076341,False,False,6.4384,499,native,57.93,NORMAL,58.15,59.33,True,300,75.0,BULL,BOS UP,HH/MIX,HH/HL,EXP UP,78.0,True,True,498,11,96.7,1789545600000,LOW,0.0675,2.29,,,,0.0154205,5.78,2,0,1,0.139078,0.0154205,HIGH_SWEEP,52,0.085989,False,False,15.2143,1097,1624,1203.52,1153.07,50.44,2.14,51.07,54.4,FLAT,129,74,2356.59,27.5,60.0,1.0,True,0,0.0,0,0.0,0.0,47.8,0.355,0.343,1.0,0.982,15602.69,11360.8,4241.9,15.73,57.87,77.6,UP,916,533,26963.49,83.0,300.0,1.0,True,0,0.0,0,0.0,0.0,71.3,0.624,0.608,1.0,0.996,43649.53,41918.52,1731.01,2.02,51.01,54.1,FLAT,2763,1492,85568.06,238.7,900.0,1.0,True,0,0.0,0,0.0,0.0,84.4,0.827,0.733,1.0,0.999,2403.22,-1374.14,-5167.93,19.7,-2.02,1.0,-457.11,-0.1101,796.74,0.1477,0.3559,DOWN,,,,,1789713480000,ok,1.0,1.0,1.0,continuous,1,73,0,,0,0,0,0,False,408,0.10174,0.10178,3.931,-0.073,-0.0828,0.3599,2220.2,2621.21,22.6,1789713571186,283,False,,,,
2,v2,v1.2,REALF_PY_V4_2_DERIVED,ZPTDIFAT_PY_V1_4_DERIVED,fc-v1,native,,058e38aec59f4c35,20260918_062941,196,OG_20260918_063934_050,OGUSDT,BINANCE,FUTURES,OUTSIDE100,523,500,1789713574050,2026-09-18T06:39:34.050+00:00,89,True,1789713574050,1789713574050,57.2,1789713540000,1789713599999,False,34.0,2.75,-0.0727,30.5,PRICE LAG,True,500,23.0,37.8,28.8,49.3,0.0052,-0.17,2.14,0.00079,0.217,0.05,4.3,45.0,32.5,YOK,14.8,1.0,2.764329138663554,0.521,CLV_PROXY_1M,0,0.0,100.0,30.5,31.9,46.4,57.7,-1.4,-15.9,-27.2,0.0052,0.00053,0.00232,0.00459,41.83,44.85,42.52,36.39,-3.02,-0.69,5.44,39.96,22.67,500,native,41.83,NORMAL,39.96,22.67,True,300,55.0,BULL,BOS UP,EQ/RANGE,LH/MIX,SQZ,68.2,True,True,499,29,66.1,1789711800000,LOW,2.747,1.31,2.754,1.74,2,2.748,0.87,2,1,3,2.754,2.748,HIGH_SWEEP,64,2.76,False,False,0.0835,499,native,40.45,NORMAL,38.23,18.67,True,300,43.1,BULL,BOS UP,LH/MIX,MIX/HL,RANGE,75.1,True,True,498,34,46.9,1789707420000,LOW,2.739,2.4,,,,2.746,0.87,2,0,3,2.756,2.746,HIGH_SWEEP,53,2.746,False,False,0.1667,499,native,38.37,NORMAL,42.1,26.33,True,300,68.6,BULL,BOS UP,MIX/HL,LH/MIX,TR UP,73.6,True,True,498,17,39.4,1789708200000,LOW,2.732,3.1,,,,2.679,11.32,2,0,2,2.756,2.679,HIGH_SWEEP,19,2.759,False,False,0.2343,499,native,61.38,NORMAL,56.62,53.67,True,300,86.3,BULL,BOS UP,HH/HL,HH/HL,TR UP,87.3,True,True,498,6,35.2,1789707600000,LOW,2.679,7.17,,,,2.6635,8.7,2,0,1,2.769,2.6635,HIGH_SWEEP,5,2.759,False,False,0.3699,499,native,90.37,ASIRI,87.68,93.67,True,300,74.4,BULL,BOS UP,MIX/HL,MIX/HL,RANGE,73.4,True,True,498,7,58.0,1789686000000,LOW,2.662,4.45,,,,2.6,7.59,2,0,1,2.7,2.6,HIGH_SWEEP,30,2.712,False,False,0.7193,499,native,78.92,YORGUN,88.04,93.67,True,300,75.1,BULL,BOS UP,MIX/HL,HH/HL,SQZ,73.2,True,True,498,1,52.4,1789689600000,LOW,2.61,3.2,2.9825,5.2,3,2.5975,3.48,2,2,2,2.9825,2.5975,EQH_SWEEP,87,2.9425,False,False,1.6159,1895,75,62.75,11.28,51.47,69.54,84.77,94.8,UP,4,3,74.02,1.4,60.0,1.0,True,0,0.0,0,0.0,0.0,0.0,0.027,0.0,1.0,0.968,2371.72,65.99,2305.73,94.59,97.29,95.0,UP,140,36,2437.71,4.2,300.0,1.0,True,2,1578.71,0,0.0,1578.71,26.2,0.078,0.347,1.0,0.994,2605.69,1389.22,1216.47,30.45,65.23,89.7,UP,188,65,3994.91,8.9,900.0,1.0,True,2,1578.71,0,0.0,1578.71,35.7,0.152,0.4,1.0,0.998,-1145.83,72.64,-234.36,-13.72,0.47,1.0,500.06,1.0906,435.39,0.893,1.1283,NONE,1789713502989,BUY,592.48,2.7518843474222012,1789713480000,ok,1.0,1.0,1.0,continuous,1,3,0,,0,0,0,0,False,442,2.75,2.752,7.27,-2.258,0.1512,-0.3581,20240.73,14923.82,72.7,1789713572179,1871,False,,,,
2,v2,v1.2,REALF_PY_V4_2_DERIVED,ZPTDIFAT_PY_V1_4_DERIVED,fc-v1,native,,058e38aec59f4c35,20260918_062941,197,ZORA_20260918_063936_628,ZORAUSDT,BINANCE,FUTURES,OUTSIDE100,612,500,1789713576628,2026-09-18T06:39:36.628+00:00,89,True,1789713576613,1789713576628,57.2,1789713540000,1789713599999,False,36.6,0.007883,0.0762,55.6,FAIR (DENGE),True,500,57.3,51.8,58.2,52.2,-0.00097,0.64,-0.1,0.00161,0.517,0.64,42.3,45.0,-1.6,YOK,6.3,1.0,0.007875376046278,-0.097,CLV_PROXY_1M,0,0.0,100.0,55.6,58.2,52.2,48.7,-2.6,3.4,6.9,-0.00097,0.00015,-0.00053,-0.00208,76.29,71.4,59.45,46.17,4.89,16.84,30.12,85.97,91.67,500,native,76.29,YORGUN,85.97,91.67,True,300,48.5,BEAR,BOS DN,MIX/HL,MIX/HL,SQZ,75.3,True,True,499,22,79.6,1789712220000,HIGH,0.007897,1.52,,,,0.007775499999999999,11.69,2,0,1,0.007876,0.007775499999999999,HIGH_SWEEP,3,0.007876,False,False,0.1168,499,native,56.78,NORMAL,66.97,67.33,True,300,82.9,TR-UP,CHOCH UP,HH/HL,MIX/HL,TR-UP,88.6,True,True,498,12,65.3,1789711380000,LOW,0.007827,2.96,,,,,,,0,0,0.007897,0.007842,HIGH_SWEEP,8,0.007876,False,False,0.2404,499,native,58.75,NORMAL,70.1,68.0,True,300,73.8,BULL,BOS UP,HH/MIX,HH/HL,RANGE,74.0,True,True,498,7,63.8,1789711200000,LOW,0.007813,2.63,,,,,,,0,0,0.007897,0.007813,HIGH_SWEEP,4,0.007876,False,False,0.3387,499,native,43.15,NORMAL,45.19,42.0,True,300,82.4,BULL,BOS UP,HH/HL,MIX/HL,TR UP,87.5,True,True,498,20,74.9,1789695000000,LOW,0.007527,6.74,,,,,,,0,0,0.00802,0.007813,LOW_SWEEP,24,0.007571,False,False,0.6729,499,native,79.12,YORGUN,72.87,84.33,True,300,73.8,BEAR,BOS DN,HH/HL,HH/MIX,TR DN,86.4,True,True,498,69,59.5,1789462800000,HIGH,0.007987,0.86,0.009008,9.21,2,0.007187,5.69,2,1,1,0.009008,0.007187,LOW_SWEEP,126,0.008102,False,False,1.5567,499,native,71.63,NORMAL,77.54,86.33,True,300,18.0,TR-DN,CHOCH DN,LH/LL,LH/LL,TR-DN,90.3,True,True,498,16,65.9,1789473600000,HIGH,0.008968,4.1,,,,0.0058755000000000005,7.58,2,0,2,0.008336,0.0058755000000000005,HIGH_SWEEP,29,0.008437,False,False,3.3227,4073,271,1785.03,38.19,1746.83,95.81,97.91,95.0,UP,48,15,1823.22,4.4,60.0,1.0,True,1,585.97,0,0.0,585.97,25.6,0.08,0.315,1.0,0.932,8063.97,2773.96,5290.0,48.81,74.41,93.9,UP,221,83,10837.93,12.2,300.0,1.0,True,5,5885.44,1,842.21,5043.23,42.5,0.197,0.509,1.0,0.986,11284.42,9438.44,1845.98,8.91,54.45,67.3,UP,483,242,20722.86,29.1,900.0,1.0,True,6,6532.88,5,4470.1,2062.79,56.9,0.368,0.579,1.0,0.995,1740.69,1700.08,1483.55,46.75,4.99,1.0,457.83,0.5129,1032.35,0.4763,0.4176,NONE,1789713549834,BUY,585.97,0.007876,1789713480000,ok,1.0,1.0,1.0,continuous,1,15,0,,0,0,0,0,False,476,0.007882,0.007883,1.269,0.252,-0.1368,0.0134,15049.28,19820.51,24.74,1789713575726,902,False,,,,
2,v2,v1.2,REALF_PY_V4_2_DERIVED,ZPTDIFAT_PY_V1_4_DERIVED,fc-v1,native,,058e38aec59f4c35,20260918_062941,198,TNSR_20260918_063939_408,TNSRUSDT,BINANCE,FUTURES,OUTSIDE100,738,200,1789713579408,2026-09-18T06:39:39.408+00:00,89,True,1789713579189,1789713579408,57.2,1789713540000,1789713599999,False,39.2,0.03516,0.0569,68.5,PRICE AHEAD,True,500,76.0,58.8,72.7,50.9,-0.00338,0.25,-1.23,0.00145,0.539,0.08,5.3,60.0,-33.6,YOK,17.1,1.0,0.035041432870225,-0.337,CLV_PROXY_1M,0,0.0033,99.7,68.5,68.1,61.4,56.7,0.4,7.1,11.8,-0.00338,-0.00035,-0.00202,-0.00324,42.26,38.8,40.86,47.66,3.46,1.4,-5.4,50.48,50.0,500,native,42.26,NORMAL,50.48,50.0,True,300,85.9,BULL,BOS UP,HH/HL,HH/MIX,SQZ,87.4,True,True,499,9,45.0,1789713000000,LOW,0.03507,3.16,,,,0.03507,3.16,2,0,1,0.03521,0.03507,HIGH_SWEEP,11,0.03515,False,False,0.0811,499,native,52.42,NORMAL,60.63,60.0,True,300,58.6,BULL,BOS UP,LH/MIX,HH/MIX,RANGE,67.3,True,True,498,6,70.7,1789712460000,LOW,0.03507,1.37,,,,0.03507,1.37,3,0,1,0.03517,0.03507,HIGH_SWEEP,4,0.03517,False,False,0.1865,499,native,45.8,NORMAL,54.8,51.67,True,300,58.7,BULL,BOS UP,MIX/HL,LH/MIX,RANGE,68.0,True,True,498,42,51.5,1789700700000,LOW,0.03481,3.67,,,,0.03454,6.5,2,0,2,0.03536,0.03454,HIGH_SWEEP,47,0.03498,False,False,0.2715,499,native,39.52,NORMAL,38.91,36.0,True,300,84.3,BULL,BOS UP,HH/HL,MIX/HL,RANGE,93.4,True,True,498,19,59.8,1789695900000,LOW,0.03454,3.43,,,,0.034375,4.34,2,0,1,0.03583,0.034375,HIGH_SWEEP,16,0.03497,False,False,0.5142,499,native,74.67,YORGUN,60.33,69.0,True,300,74.8,BULL,BOS UP,MIX/HL,MIX/HL,TR UP,73.8,True,True,498,5,52.8,1789693200000,LOW,0.03405,2.83,,,,,,,0,0,0.03497,0.03438,LOW_SWEEP,36,0.03304,False,False,1.1171,499,native,78.24,YORGUN,77.91,87.33,True,300,76.4,BULL,BOS UP,HH/MIX,HH/HL,RANGE,71.9,True,True,498,1,56.6,1789689600000,LOW,0.03258,3.32,0.037065,2.45,2,0.029225,7.64,2,1,1,0.037065,0.029225,EQH_SWEEP,59,0.037065,False,False,2.178,6168,113,21.94,460.13,-438.19,-90.9,4.55,5.0,DOWN,25,8,482.07,2.1,60.0,1.0,True,0,0.0,1,343.59,-343.59,16.2,0.041,0.171,1.0,0.897,1679.32,1119.95,559.37,19.98,59.99,82.4,UP,112,36,2799.27,13.3,300.0,1.0,True,3,964.41,2,601.32,363.1,39.4,0.21,0.362,1.0,0.979,2481.99,3974.46,-1492.46,-23.12,38.44,14.8,DOWN,234,98,6456.45,21.0,900.0,1.0,True,3,964.41,6,2841.15,-1876.74,48.4,0.296,0.452,1.0,0.993,-734.49,115.4,-488.02,-95.45,2.26,1.0,11.53,0.0376,171.48,0.3063,0.0191,NONE,1789713530263,SELL,343.59,0.03515932861937702,1789713480000,ok,1.0,1.0,1.0,continuous,1,8,0,,0,0,0,0,False,510,0.03515,0.03517,5.688,0.563,0.0285,-0.1188,20175.34,19058.47,56.88,1789713577897,1511,False,,,,
2,v2,v1.2,REALF_PY_V4_2_DERIVED,ZPTDIFAT_PY_V1_4_DERIVED,fc-v1,native,,058e38aec59f4c35,20260918_062941,199,VELVET_20260918_063942_203,VELVETUSDT,BINANCE,FUTURES,OUTSIDE100,761,200,1789713582203,2026-09-18T06:39:42.203+00:00,89,True,1789713581990,1789713582203,57.0,1789713540000,1789713599999,False,42.0,0.05575,0.1077,64.7,PRICE AHEAD,True,500,66.9,63.4,65.1,57.6,-0.00764,0.69,0.01,0.0022,0.404,0.67,71.7,70.0,-19.5,YOK,3.5,1.0,0.05532557590706766,-0.761,CLV_PROXY_1M,0,0.0,100.0,64.7,63.5,72.1,63.1,1.2,-7.4,1.6,-0.00764,-0.00033,0.00189,-0.00169,51.44,48.3,37.38,26.62,3.14,14.06,24.82,56.94,63.0,500,native,51.44,NORMAL,56.94,63.0,True,300,48.7,TR-DN,CHOCH DN,HH/MIX,HH/HL,TR-DN,73.3,True,True,499,13,60.6,1789712760000,HIGH,0.05615,2.84,0.056855,7.83,2,0.055404999999999996,2.45,2,1,1,0.056855,0.055404999999999996,EQL_SWEEP,67,0.055625,False,False,0.2533,499,native,45.74,NORMAL,52.26,55.67,True,300,64.3,BEAR,BOS DN,HH/HL,HH/MIX,RANGE,81.8,True,True,498,24,40.9,1789709220000,HIGH,0.05649,2.97,,,,,,,0,0,0.05615,0.05556,LOW_SWEEP,4,0.05556,False,False,0.4477,499,native,41.54,NORMAL,46.45,41.33,True,300,17.3,BEAR,BOS DN,LH/LL,HH/HL,RANGE,83.3,True,True,498,14,49.3,1789709100000,HIGH,0.05671,3.15,,,,0.0515,13.92,2,0,1,0.05649,0.0515,HIGH_SWEEP,26,0.05618,False,False,0.5489,499,native,34.5,NORMAL,38.12,31.33,True,300,85.4,BULL,BOS UP,HH/HL,HH/MIX,RANGE,84.2,True,True,498,8,44.5,1789705800000,LOW,0.05548,0.48,,,,0.0515,7.48,3,0,1,0.05671,0.0515,HIGH_SWEEP,7,0.05649,False,False,1.0214,499,native,34.73,NORMAL,30.26,31.0,True,300,70.4,BULL,BOS UP,HH/MIX,LH/LL,TR UP,75.1,True,True,498,14,40.8,1789660800000,LOW,0.0494,4.78,,,,,,,0,0,0.06014,0.0494,HIGH_SWEEP,13,0.05886,False,False,2.3885,499,native,78.98,YORGUN,67.17,85.0,True,300,48.0,BEAR,BOS DN,MIX/HL,HH/HL,TR DN,65.7,True,True,498,16,34.6,1789473600000,HIGH,0.0633,2.95,,,,,,,0,0,0.0536,0.0494,HIGH_SWEEP,6,0.0536,False,False,4.6002,1454,1026,4922.22,797.11,4125.11,72.13,86.06,94.9,UP,202,74,5719.33,35.4,60.0,1.0,True,6,4627.97,1,556.03,4071.93,54.8,0.414,0.439,1.0,0.976,27696.01,22235.59,5460.42,10.94,55.47,70.7,UP,981,385,49931.6,65.6,300.0,1.0,True,24,25567.99,11,19513.66,6054.33,70.8,0.567,0.675,1.0,0.995,40780.64,38739.41,2041.23,2.57,51.28,55.2,FLAT,1871,876,79520.05,112.6,900.0,1.0,True,38,35572.24,27,32078.84,3493.4,78.4,0.693,0.725,1.0,0.998,11154.46,4068.96,-8330.06,82.14,3.95,1.0,-1613.42,-0.3517,138.99,0.0139,0.2733,DOWN,1789713567946,BUY,963.78,0.055774136574074075,1789713480000,ok,1.0,1.0,1.0,continuous,1,74,0,,0,0,0,0,False,544,0.05572,0.05575,5.383,-0.949,0.1233,-0.5505,16200.89,12643.96,36.78,1789713581571,632,False,,AGGRESSIVE_BUYER,,
2,v2,v1.2,REALF_PY_V4_2_DERIVED,ZPTDIFAT_PY_V1_4_DERIVED,fc-v1,native,,058e38aec59f4c35,20260918_062941,200,ZKC_20260918_063945_400,ZKCUSDT,BINANCE,FUTURES,OUTSIDE100,1142,200,1789713585400,2026-09-18T06:39:45.400+00:00,12,True,1789713584957,1789713585400,57.6,1789713540000,1789713599999,False,45.0,0.0384,0.026,43.3,FAIR (DENGE),True,500,40.7,43.5,46.0,49.6,0.00269,0.98,0.99,0.00162,0.415,0.15,4.0,55.0,27.2,YOK,5.3,1.0,0.03850359098260292,0.27,CLV_PROXY_1M,0,0.0,100.0,43.3,43.9,38.8,40.6,-0.6,4.5,2.7,0.00269,-7e-05,-0.00016,-0.00035,54.49,48.88,38.75,21.54,5.61,15.74,32.95,64.53,74.67,500,native,54.49,NORMAL,64.53,74.67,True,300,27.2,BULL,BOS UP,LH/LL,HH/MIX,SQZ,83.3,True,True,499,46,38.3,1789710780000,LOW,0.03831,1.91,,,,,,,0,0,0.03846,0.0383,LOW_SWEEP,4,0.03835,False,False,0.123,499,native,41.43,NORMAL,51.02,51.67,True,300,31.5,BULL,BOS UP,LH/LL,MIX/LL,RANGE,84.8,True,True,498,34,58.8,1789707420000,LOW,0.03801,4.31,,,,0.03749,10.21,2,0,1,0.03855,0.03749,HIGH_SWEEP,32,0.03865,False,False,0.2297,499,native,32.45,NORMAL,38.71,35.33,True,300,68.0,BULL,BOS UP,MIX/HL,LH/LL,RANGE,74.3,True,True,498,20,50.4,1789707300000,LOW,0.03801,2.99,,,,,,,0,0,0.03855,0.03831,HIGH_SWEEP,19,0.03869,False,False,0.341,499,native,47.7,NORMAL,42.55,43.67,True,300,88.3,BULL,BOS UP,HH/HL,HH/HL,RANGE,90.3,True,True,498,7,52.3,1789706700000,LOW,0.03789,1.85,0.049025,39.41,2,0.037065,4.91,2,1,1,0.049025,0.037065,LOW_SWEEP,152,0.03752,False,False,0.7041,499,native,74.17,YORGUN,65.12,76.67,True,300,58.0,BEAR,BOS DN,MIX/HL,HH/HL,TR DN,64.1,True,True,498,53,61.2,1789520400000,HIGH,0.04772,16.64,0.05792,34.84,2,,,,1,0,0.05792,0.03718,EQH_SWEEP,6,0.03827,False,False,1.4589,499,native,43.77,NORMAL,51.23,58.0,True,300,15.6,BEAR,BOS DN,LH/LL,LH/MIX,TR DN,90.7,True,True,498,18,73.5,1789444800000,HIGH,0.04904,8.45,,,,0.036074999999999996,1.85,2,0,1,0.03878,0.036074999999999996,HIGH_SWEEP,1,0.03878,True,False,3.2744,4015,360,76.36,324.47,-248.11,-61.9,19.05,5.3,DOWN,27,14,400.83,6.5,60.0,1.0,True,0,0.0,0,0.0,0.0,23.7,0.115,0.151,1.0,0.933,4619.17,1547.33,3071.84,49.81,74.91,94.0,UP,222,112,6166.5,19.9,300.0,1.0,True,7,3487.69,0,0.0,3487.69,47.5,0.285,0.448,1.0,0.987,13993.18,8894.1,5099.07,22.28,61.14,84.5,UP,672,317,22887.28,60.9,900.0,1.0,True,15,10502.78,7,4644.16,5858.61,67.1,0.549,0.59,1.0,0.996,-124.51,-442.81,-402.44,-6.2,-1.31,1.0,57.3,0.1113,666.13,0.5401,0.5382,NONE,1789713408316,BUY,500.43,0.038394566518336656,1789713480000,ok,1.0,1.0,1.0,continuous,1,12,0,,0,0,0,0,False,579,0.03839,0.0384,2.605,0.391,-0.0513,0.0353,19984.75,22147.49,50.79,1789713584809,591,False,,,,
2,v2,v1.2,REALF_PY_V4_2_DERIVED,ZPTDIFAT_PY_V1_4_DERIVED,fc-v1,native,,058e38aec59f4c35,20260918_062941,201,ETH_20260918_063951_181,ETHUSDT,BINANCE,FUTURES,TOP100,2,75000,1789713591181,2026-09-18T06:39:51.181+00:00,12,True,1789713591181,1789713591181,57.9,1789713540000,1789713599999,False,51.2,2485.4,0.0672,60.6,PRICE AHEAD,True,500,63.8,56.1,61.8,54.7,-0.00164,0.97,0.39,0.00139,0.71,0.83,42.0,65.0,-7.9,YOK,7.7,1.0,2481.33603402003,-0.164,CLV_PROXY_1M,0,0.0,100.0,60.6,58.8,58.0,53.6,1.8,2.6,7.0,-0.00164,-0.00026,-0.00038,-0.00094,46.61,36.75,27.56,28.94,9.86,19.05,17.67,68.89,71.33,500,native,46.61,NORMAL,68.89,71.33,True,300,83.5,BULL,BOS UP,HH/HL,LH/LL,SQZ,87.7,True,True,499,17,63.9,1789712520000,LOW,2481.26,2.58,,,,2469.0299999999997,10.19,2,0,2,2486.88,2469.0299999999997,HIGH_SWEEP,16,2486.11,False,False,0.0647,499,native,54.01,NORMAL,63.04,67.67,True,300,42.9,BULL,BOS UP,MIX/LL,MIX/HL,RANGE,79.1,True,True,498,35,76.1,1789707240000,LOW,2469.0,4.63,2486.685,0.45,2,,,,1,0,2486.685,2477.52,HIGH_SWEEP,6,2486.49,False,False,0.1402,499,native,48.73,NORMAL,56.08,53.67,True,300,84.8,BULL,BOS UP,HH/HL,MIX/LL,TR UP,91.8,True,True,498,17,61.2,1789708200000,LOW,2469.0,3.35,,,,2365.835,24.43,2,0,1,2492.55,2365.835,HIGH_SWEEP,18,2482.2,False,False,0.1972,499,native,66.65,NORMAL,62.78,68.33,True,300,73.3,BULL,BOS UP,HH/MIX,HH/HL,TR UP,74.1,True,True,498,6,39.9,1789707600000,LOW,2435.39,6.09,,,,2435.74,6.05,2,0,1,2492.55,2435.74,HIGH_SWEEP,5,2484.99,False,False,0.3292,499,native,80.01,YORGUN,88.24,97.67,True,300,73.3,BEAR,BOS DN,HH/HL,HH/MIX,TR DN,84.8,True,True,498,65,44.7,1789477200000,HIGH,2614.99,7.59,,,,,,,0,0,2484.0,2435.39,HIGH_SWEEP,1,2484.0,True,False,0.6888,499,native,65.69,NORMAL,77.25,88.33,True,300,51.7,TR-DN,CHOCH DN,MIX/HL,MIX/HL,TR-DN,70.6,True,True,498,14,32.7,1789502400000,HIGH,2614.99,3.26,,,,1862.655,15.61,2,0,2,2614.99,1862.655,HIGH_SWEEP,38,2522.75,False,False,1.6086,214,6676,2740592.12,962277.89,1778314.24,48.03,74.01,93.9,UP,2647,606,3702870.01,11.1,60.0,1.0,True,7,2275319.13,2,284799.97,1990519.16,50.5,0.182,1.0,1.0,0.996,12586368.15,8254728.69,4331639.46,20.78,60.39,83.2,UP,13425,2996,20841096.84,92.4,300.0,1.0,True,37,9092030.77,22,3967806.33,5124224.44,84.1,0.649,1.0,1.0,0.999,18697175.95,23943674.03,-5246498.08,-12.3,43.85,27.2,DOWN,28947,6676,42640849.99,239.0,672.7,0.7474,False,53,12010784.15,62,14357370.31,-2346586.16,87.4,0.827,1.0,0.747,1.0,714429.38,3396506.67,,-3.64,8.0,0.6808,1016549.31,0.3927,915853.3,0.2197,-0.035,UP,1789713576184,BUY,151904.54,2486.0,1789713480000,ok,1.0,1.0007,1.0,continuous,1,598,0,,0,0,0,0,False,613,2485.15,2485.16,0.04,-0.019,-0.8664,-0.9468,58584.6,818628.21,0.82,1789713590835,346,False,,AGGRESSIVE_BUYER,,
2,v2,v1.2,REALF_PY_V4_2_DERIVED,ZPTDIFAT_PY_V1_4_DERIVED,fc-v1,native,,058e38aec59f4c35,20260918_062941,202,BNB_20260918_063953_754,BNBUSDT,BINANCE,FUTURES,TOP100,4,25000,1789713593754,2026-09-18T06:39:53.754+00:00,12,True,1789713593754,1789713593754,57.3,1789713540000,1789713599999,False,53.8,753.77,0.0239,54.0,FAIR (DENGE),True,500,57.0,47.6,56.9,51.0,0.00059,1.04,0.68,0.00103,0.747,0.69,15.0,50.0,-13.5,YOK,9.3,0.767,754.2156265032727,0.059,CLV_PROXY_1M,0,0.0,100.0,54.0,55.2,52.2,51.6,-1.2,1.8,2.4,0.00059,0.00027,-0.00017,-0.0006,43.42,33.5,17.29,17.08,9.92,26.13,26.34,67.55,64.33,500,native,43.42,NORMAL,67.55,64.33,True,300,44.6,BEAR,BOS DN,HH/MIX,HH/MIX,RANGE,72.1,True,True,499,10,52.5,1789712940000,HIGH,754.74,2.21,,,,735.76,41.08,2,0,1,754.74,735.76,HIGH_SWEEP,17,754.62,False,False,0.0582,499,native,34.91,NORMAL,46.62,29.33,True,300,71.8,BULL,BOS UP,HH/MIX,LH/LL,RANGE,74.2,True,True,498,12,53.9,1789711380000,LOW,751.67,2.14,,,,733.985,20.17,2,0,2,755.98,733.985,HIGH_SWEEP,27,753.4,False,False,0.1302,499,native,46.65,NORMAL,51.6,42.33,True,300,71.5,BULL,BOS UP,HH/MIX,HH/MIX,TR UP,80.5,True,True,498,17,50.9,1789708200000,LOW,749.39,2.99,,,,751.405,1.62,2,0,2,755.98,751.405,HIGH_SWEEP,6,755.08,False,False,0.1943,499,native,57.32,NORMAL,58.8,49.33,True,300,78.6,BULL,BOS UP,HH/HL,HH/HL,TR UP,91.5,True,True,498,29,31.8,1789686900000,LOW,733.95,7.73,,,,,,,0,0,754.71,733.95,HIGH_SWEEP,5,754.71,False,False,0.3404,499,native,94.11,ASIRI,90.82,95.33,True,300,72.9,BULL,BOS UP,HH/MIX,HH/MIX,TR UP,76.1,True,True,498,10,47.2,1789675200000,LOW,721.24,7.08,,,,,,,0,0,732.95,721.24,HIGH_SWEEP,18,729.58,False,False,0.6104,499,native,89.02,ASIRI,96.32,96.0,True,300,40.4,BULL,BOS UP,LH/LL,HH/HL,RANGE,86.1,True,True,498,4,31.3,1789646400000,LOW,704.34,5.25,,,,,,,0,0,725.94,704.34,HIGH_SWEEP,6,725.94,False,False,1.2519,527,2589,106240.53,72354.76,33885.77,18.97,59.49,81.4,UP,763,136,178595.3,26.3,60.0,1.0,True,0,0.0,0,0.0,0.0,61.3,0.345,0.813,1.0,0.991,664373.28,779407.34,-115034.06,-7.97,46.02,34.4,DOWN,4272,869,1443780.62,123.7,300.0,1.0,True,3,97891.3,8,322928.88,-225037.57,87.3,0.712,1.0,1.0,0.998,1151840.57,2002107.47,-850266.89,-26.96,36.52,12.1,DOWN,11409,2231,3153948.04,269.2,900.0,1.0,True,5,202386.47,17,656111.23,-453724.76,93.4,0.843,1.0,1.0,0.999,-5836.26,44574.98,148204.21,-11.54,1.57,1.0,38642.16,0.2815,-2253.25,-0.0078,-0.2552,UP,1789713396569,SELL,32184.6,752.68,1789713480000,ok,1.0,1.0,1.0,continuous,1,133,0,,0,0,0,0,False,647,753.77,753.78,0.133,0.033,0.2198,0.6621,178157.8,113953.52,2.59,1789713593616,138,False,,,,
2,v2,v1.2,REALF_PY_V4_2_DERIVED,ZPTDIFAT_PY_V1_4_DERIVED,fc-v1,native,,058e38aec59f4c35,20260918_062941,203,XRP_20260918_063956_606,XRPUSDT,BINANCE,FUTURES,TOP100,5,25000,1789713596606,2026-09-18T06:39:56.606+00:00,12,True,1789713596606,1789713596606,57.2,1789713540000,1789713599999,False,56.6,1.323,0.0529,64.6,PRICE AHEAD,True,500,70.3,59.9,64.2,52.1,-0.00404,0.72,-0.51,0.00163,0.711,0.31,11.3,45.0,-0.2,YOK,10.3,1.0,1.317668524349316,-0.403,CLV_PROXY_1M,0,0.0,100.0,64.6,63.4,62.7,53.1,1.2,1.9,11.5,-0.00404,-0.00033,-0.00049,-0.00227,64.75,60.47,56.65,54.66,4.28,8.1,10.09,74.22,76.0,500,native,64.75,NORMAL,74.22,76.0,True,300,72.7,BEAR,BOS DN,HH/HL,HH/HL,SQZ,83.2,True,True,499,54,52.6,1789710300000,HIGH,1.3237,0.54,,,,1.3032,15.2,2,0,2,1.3232,1.3032,HIGH_SWEEP,3,1.3232,False,True,0.0985,499,native,72.5,YORGUN,78.65,89.33,True,300,29.1,BULL,BOS UP,LH/LL,HH/HL,RANGE,90.5,True,True,498,35,58.0,1789707240000,LOW,1.3133,3.77,,,,,,,0,0,1.3228,1.3164,HIGH_SWEEP,4,1.3228,False,False,0.1943,499,native,58.99,NORMAL,75.41,81.0,True,300,61.5,BULL,BOS UP,MIX/HL,LH/LL,RANGE,74.0,True,True,498,34,67.7,1789703100000,LOW,1.3045,5.4,,,,,,,0,0,1.3228,1.3164,HIGH_SWEEP,2,1.3228,False,False,0.2592,499,native,58.26,NORMAL,58.41,64.67,True,300,76.7,TR-UP,CHOCH UP,HH/HL,MIX/HL,TR-UP,84.3,True,True,498,22,25.8,1789693200000,LOW,1.2867,6.45,,,,,,,0,0,1.3286,1.3133,HIGH_SWEEP,23,1.3002,False,False,0.4261,499,native,80.96,YORGUN,81.42,92.33,True,300,74.1,TR-UP,CHOCH UP,HH/MIX,HH/MIX,TR-UP,74.3,True,True,498,3,82.2,1789700400000,LOW,1.2867,3.0,,,,,,,0,0,1.3201,1.2867,HIGH_SWEEP,1,1.3201,True,False,0.9194,499,native,49.75,NORMAL,59.08,75.67,True,300,47.1,TR-DN,CHOCH DN,HH/MIX,MIX/LL,TR-DN,75.8,True,True,498,15,73.1,1789488000000,HIGH,1.4916,5.3,1.5507,7.16,2,0.98775,10.54,2,1,1,1.5507,0.98775,EQH_SWEEP,57,1.43175,False,False,2.3989,119,2607,147084.74,102636.34,44448.41,17.8,58.9,80.1,UP,952,124,249721.08,23.8,60.0,1.0,True,1,29027.72,0,0.0,29027.72,60.5,0.322,0.849,1.0,0.998,3102105.61,2088076.23,1014029.37,19.54,59.77,82.0,UP,8264,890,5190181.84,143.6,300.0,1.0,True,39,2243862.83,21,1136535.7,1107327.13,88.7,0.742,1.0,1.0,1.0,5115983.56,4652521.87,463461.69,4.74,52.37,59.6,UP,19802,2330,9768505.44,307.1,900.0,1.0,True,57,3163773.6,45,2567221.63,596551.97,94.1,0.86,1.0,1.0,1.0,-128303.84,4892.07,-195800.95,-21.92,0.25,1.0,86653.79,0.3173,236411.15,0.2277,0.1505,NONE,1789713583134,BUY,29027.72,1.3234,1789713480000,ok,1.0,1.0,1.0,continuous,1,121,0,,0,0,0,0,False,681,1.323,1.3231,0.756,-0.297,-0.1608,-0.4142,860852.83,1190675.51,14.74,1789713596263,343,False,,,,
2,v2,v1.2,REALF_PY_V4_2_DERIVED,ZPTDIFAT_PY_V1_4_DERIVED,fc-v1,native,,058e38aec59f4c35,20260918_062941,204,DOGE_20260918_063959_395,DOGEUSDT,BINANCE,FUTURES,TOP100,12,15000,1789713599395,2026-09-18T06:39:59.395+00:00,12,True,1789713599172,1789713599395,57.4,1789713540000,1789713599999,False,59.2,0.08434,0.0237,62.6,PRICE AHEAD,True,500,67.3,58.0,63.9,50.6,-0.00272,0.85,0.06,0.00157,0.674,0.2,2.0,55.0,-14.5,YOK,9.3,1.0,0.08411060325395507,-0.272,CLV_PROXY_1M,0,0.0,100.0,62.6,63.2,61.2,56.2,-0.6,1.4,6.4,-0.00272,-0.00036,-0.00084,-0.00154,53.34,47.36,38.99,32.3,5.98,14.35,21.04,66.97,68.0,500,native,53.34,NORMAL,66.97,68.0,True,300,63.9,BEAR,BOS DN,HH/HL,HH/HL,SQZ,83.6,True,True,499,21,38.7,1789712280000,HIGH,0.08443,1.17,0.084395,0.72,2,0.08135,38.88,2,1,1,0.084395,0.08135,EQH_SWEEP,3,0.084395,False,False,0.0912,499,native,53.77,NORMAL,63.88,60.67,True,300,61.5,BULL,BOS UP,MIX/HL,MIX/HL,RANGE,73.3,True,True,498,34,48.5,1789707420000,LOW,0.08373,4.04,0.08449000000000001,0.91,2,,,,1,0,0.08449000000000001,0.08417,LOW_SWEEP,13,0.08419,False,False,0.182,499,native,42.06,NORMAL,52.03,43.33,True,300,63.2,BULL,BOS UP,MIX/HL,MIX/HL,TR UP,80.0,True,True,498,34,93.1,1789703100000,LOW,0.08223,9.58,,,,0.07986,20.35,2,0,1,0.08448,0.07986,HIGH_SWEEP,18,0.08459,False,False,0.2615,499,native,61.06,NORMAL,56.77,59.0,True,300,79.8,BULL,BOS UP,HH/HL,HH/HL,TR UP,84.7,True,True,498,21,43.6,1789694100000,LOW,0.08114,8.87,,,,0.080555,10.49,2,0,1,0.08469,0.080555,HIGH_SWEEP,64,0.08179,False,False,0.4296,499,native,89.14,ASIRI,86.16,96.67,True,300,89.8,BULL,BOS UP,HH/HL,LH/LL,TR UP,90.7,True,True,498,4,51.5,1789696800000,LOW,0.08114,4.43,,,,,,,0,0,0.08253,0.08114,HIGH_SWEEP,21,0.08134,False,False,0.8609,499,native,73.09,YORGUN,86.64,92.67,True,300,47.5,BEAR,BOS DN,HH/MIX,LH/MIX,TR DN,73.2,True,True,498,16,26.7,1789473600000,HIGH,0.08616,1.19,,,,0.07835,3.92,2,0,1,0.08616,0.07835,HIGH_SWEEP,20,0.08534,False,False,1.8093,790,1843,23340.42,31851.25,-8510.83,-15.42,42.29,22.8,DOWN,549,65,55191.67,8.2,60.0,1.0,True,0,0.0,0,0.0,0.0,40.7,0.141,0.685,1.0,0.987,838483.47,653456.32,185027.15,12.4,56.2,73.0,UP,4143,486,1491939.8,66.1,300.0,1.0,True,9,528871.59,11,328192.39,200679.2,79.8,0.569,1.0,1.0,0.997,1721661.03,2050010.0,-328348.97,-8.71,45.65,33.1,DOWN,10452,1445,3771671.03,158.8,900.0,1.0,True,24,978740.74,33,1178733.06,-199992.32,89.6,0.761,1.0,1.0,0.999,-38993.43,54107.67,10970.51,-40.6,2.4,1.0,-6694.13,-0.0937,49497.27,0.1659,0.0713,DOWN,1789713441831,SELL,51462.8,0.08429614507780508,1789713480000,ok,1.0,1.0,1.0,continuous,1,62,0,,0,0,0,0,False,715,0.08434,0.08435,1.186,0.18,0.177,0.3035,1014144.46,709162.38,23.12,1789713599037,358,False,,,,
2,v2,v1.2,REALF_PY_V4_2_DERIVED,ZPTDIFAT_PY_V1_4_DERIVED,fc-v1,native,,058e38aec59f4c35,20260918_062941,205,LINK_20260918_064002_411,LINKUSDT,BINANCE,FUTURES,TOP100,17,10000,1789713602411,2026-09-18T06:40:02.411+00:00,12,True,1789713601962,1789713602411,57.6,1789713540000,1789713599999,True,62.0,11.822,-0.0085,55.8,FAIR (DENGE),True,500,58.3,53.1,55.6,52.0,-0.00147,1.15,0.77,0.00193,0.685,0.62,33.7,45.0,19.8,YOK,5.2,1.0,11.804671069609224,-0.147,CLV_PROXY_1M,0,0.0,100.0,55.8,53.5,57.0,56.8,2.3,-1.2,-1.0,-0.00147,-0.00068,-0.00039,-0.00093,72.21,70.32,64.62,60.52,1.89,7.59,11.69,77.15,75.33,500,native,72.21,YORGUN,77.15,75.33,True,300,91.4,BULL,BOS UP,HH/HL,HH/HL,RANGE,92.9,True,True,499,3,55.7,1789713360000,LOW,11.772,3.38,,,,11.377500000000001,30.05,2,0,1,11.811,11.377500000000001,HIGH_SWEEP,22,11.779,False,False,0.1251,499,native,80.95,YORGUN,83.42,91.0,True,300,45.2,BULL,BOS UP,LH/LL,HH/MIX,RANGE,88.3,True,True,498,6,67.9,1789712460000,LOW,11.705,4.01,,,,,,,0,0,11.776,11.705,HIGH_SWEEP,11,11.776,False,False,0.2466,499,native,70.1,NORMAL,86.78,92.67,True,300,62.5,BULL,BOS UP,HH/MIX,LH/LL,TR UP,76.9,True,True,498,34,57.9,1789703100000,LOW,11.337,12.13,,,,,,,0,0,11.817,11.705,HIGH_SWEEP,20,11.802,False,False,0.3393,499,native,64.65,NORMAL,68.48,71.67,True,300,77.6,BULL,BOS UP,HH/HL,HH/HL,TR UP,87.9,True,True,498,29,54.8,1789686900000,LOW,11.25,8.93,,,,11.0905,11.42,2,0,1,11.817,11.0905,HIGH_SWEEP,64,11.34,False,False,0.544,499,native,90.72,ASIRI,88.91,95.67,True,300,83.3,TR-UP,CHOCH UP,HH/HL,MIX/LL,TR-UP,86.0,True,True,498,5,51.0,1789693200000,LOW,11.089,6.08,12.7855,7.99,2,,,,1,0,12.7855,11.25,LOW_SWEEP,37,10.67,False,False,1.0287,499,native,75.98,YORGUN,89.04,93.0,True,300,17.7,BEAR,BOS DN,LH/LL,HH/MIX,RANGE,86.2,True,True,498,15,24.8,1789488000000,HIGH,11.961,0.55,,,,8.062,14.99,2,0,1,11.961,8.062,EQH_SWEEP,83,12.035499999999999,False,False,2.133,1185,1364,44355.95,40160.69,4195.26,4.96,52.48,60.0,UP,332,66,84516.63,17.2,60.0,1.0,True,0,0.0,2,20935.67,-20935.67,52.7,0.256,0.732,1.0,0.98,691372.09,308640.84,382731.25,38.27,69.14,92.3,UP,3126,493,1000012.93,115.9,300.0,1.0,True,12,373208.55,5,87258.6,285949.95,86.6,0.699,1.0,1.0,0.996,1181457.5,746461.3,434996.21,22.56,61.28,84.7,UP,6635,1174,1927918.8,242.7,900.0,1.0,True,16,533249.0,12,234833.38,298415.62,92.8,0.829,1.0,1.0,0.999,-38224.92,-10727.21,-17266.04,-20.08,-0.24,1.0,21653.66,0.2695,62876.8,0.3144,0.456,NONE,1789713582966,SELL,10875.33,11.825,1789713480000,ok,1.0,1.0,1.0,continuous,1,66,0,,0,0,0,0,False,34,11.823,11.824,0.846,-0.349,-0.1068,-0.4236,201285.79,249399.47,16.49,1789713601833,578,False,,,,
2,v2,v1.2,REALF_PY_V4_2_DERIVED,ZPTDIFAT_PY_V1_4_DERIVED,fc-v1,native,,058e38aec59f4c35,20260918_062941,206,ADA_20260918_064005_416,ADAUSDT,BINANCE,FUTURES,TOP100,19,10000,1789713605416,2026-09-18T06:40:05.416+00:00,12,True,1789713605416,1789713605416,58.0,1789713600000,1789713659999,False,5.4,0.2136,0.0,49.6,FAIR (DENGE),True,500,50.9,42.8,55.1,50.0,0.00293,-0.2,-0.44,0.00164,0.63,0.01,0.3,55.0,1.1,YOK,12.3,0.112,0.21422723780216615,0.294,CLV_PROXY_1M,0,0.0,100.0,49.6,46.3,39.3,40.0,3.3,10.3,9.6,0.00293,-7e-05,-0.00091,-0.0013,49.5,48.18,51.46,61.85,1.32,-1.96,-12.35,54.24,48.67,500,native,49.5,NORMAL,54.24,48.67,True,300,64.3,TR-UP,CHOCH UP,MIX/HL,HH/MIX,SQZ,75.3,True,True,499,25,50.5,1789712100000,LOW,0.2126,3.35,0.2138,0.67,2,,,,2,0,0.2138,0.213,EQH_SWEEP,4,0.2138,False,False,0.14,499,native,70.09,NORMAL,67.18,64.33,True,300,21.7,BEAR,BOS DN,LH/LL,MIX/HL,RANGE,86.5,True,True,498,27,70.8,1789708680000,HIGH,0.2173,6.85,,,,,,,0,0,0.2151,0.2121,LOW_SWEEP,47,0.2143,False,False,0.2601,499,native,55.72,NORMAL,61.82,60.67,True,300,20.0,TR-DN,CHOCH DN,LH/LL,LH/LL,TR-DN,85.4,True,True,498,10,28.1,1789710600000,HIGH,0.2151,2.13,,,,0.1903,30.87,3,0,1,0.2151,0.1903,HIGH_SWEEP,34,0.2159,False,False,0.3519,499,native,45.04,NORMAL,43.11,38.0,True,300,66.8,BULL,BOS UP,MIX/HL,LH/LL,TR UP,78.2,True,True,498,26,55.4,1789689600000,LOW,0.1997,8.99,0.21739999999999998,2.54,2,0.1972,10.62,2,1,2,0.21739999999999998,0.1972,HIGH_SWEEP,27,0.2027,False,False,0.7191,499,native,86.03,ASIRI,76.06,88.67,True,300,87.0,BULL,BOS UP,HH/HL,HH/HL,EXP UP,84.6,True,True,498,6,53.5,1789689600000,LOW,0.1901,7.55,,,,,,,0,0,0.2042,0.1997,EQH_SWEEP,29,0.19690000000000002,False,False,1.4575,499,native,75.76,YORGUN,88.18,90.0,True,300,41.5,TR-UP,CHOCH UP,LH/LL,LH/LL,TR-UP,84.5,True,True,498,1,52.5,1789689600000,LOW,0.1901,4.32,,,,,,,0,0,0.2159,0.1901,LOW_SWEEP,52,0.2148,False,True,2.5151,1068,1048,60146.55,15274.83,44871.72,59.49,79.75,94.6,UP,291,41,75421.37,3.7,60.0,1.0,True,1,34365.95,1,12390.08,21975.87,30.9,0.069,0.719,1.0,0.982,544271.06,444416.33,99854.72,10.1,55.05,69.3,UP,1889,299,988687.39,25.2,300.0,1.0,True,14,469651.48,10,362526.87,107124.61,64.5,0.335,0.999,1.0,0.996,947434.42,857454.2,89980.22,4.99,52.49,60.0,UP,4388,925,1804888.62,57.1,900.0,1.0,True,25,715906.41,20,647552.26,68354.16,77.7,0.533,1.0,1.0,0.999,38201.18,72780.95,52801.62,20.03,3.7,1.0,67864.98,0.614,22737.68,0.115,-0.1782,UP,1789713591012,SELL,12390.08,0.2136,1789713480000,ok,1.0,1.0,1.0,continuous,1,41,0,,0,0,0,0,False,68,0.2136,0.2137,4.681,-1.998,0.0261,-0.2436,2243887.9,2129730.87,91.27,1789713604837,579,False,,AGGRESSIVE_BUYER,,
2,v2,v1.2,REALF_PY_V4_2_DERIVED,ZPTDIFAT_PY_V1_4_DERIVED,fc-v1,native,,058e38aec59f4c35,20260918_062941,207,LTC_20260918_064008_439,LTCUSDT,BINANCE,FUTURES,TOP100,25,10000,1789713608439,2026-09-18T06:40:08.439+00:00,12,True,1789713608008,1789713608439,58.5,1789713600000,1789713659999,False,8.0,54.93,0.0,62.4,PRICE AHEAD,True,500,67.8,57.3,62.6,50.1,-0.00286,0.37,-0.39,0.00127,0.574,0.02,0.3,40.0,-17.3,YOK,10.6,1.0,54.77325341545243,-0.285,CLV_PROXY_1M,0,0.0,100.0,62.4,64.2,61.3,55.0,-1.8,1.1,7.4,-0.00286,8e-05,3e-05,-0.00109,58.15,56.52,55.24,58.13,1.63,2.91,0.02,60.19,66.0,500,native,58.15,NORMAL,60.19,66.0,True,300,85.2,BULL,BOS UP,HH/HL,MIX/HL,TR UP,86.9,True,True,499,13,64.2,1789712820000,LOW,54.78,2.99,,,,54.76,3.38,2,0,2,55.02,54.76,HIGH_SWEEP,37,54.92,False,False,0.0914,499,native,64.17,NORMAL,68.78,73.33,True,300,63.7,BULL,BOS UP,MIX/HL,HH/HL,RANGE,81.4,True,True,498,35,50.6,1789707240000,LOW,54.29,6.11,54.974999999999994,0.53,2,,,,2,0,54.974999999999994,54.78,EQH_SWEEP,4,55.0,False,False,0.1878,499,native,59.49,NORMAL,66.54,59.67,True,300,76.3,BULL,BOS UP,HH/HL,HH/HL,TR UP,86.1,True,True,498,35,51.2,1789703100000,LOW,54.32,4.3,,,,53.86,7.6,2,0,3,55.0,53.86,HIGH_SWEEP,3,55.0,False,False,0.2539,499,native,73.5,YORGUN,73.42,80.0,True,300,71.1,BULL,BOS UP,MIX/HL,HH/MIX,TR UP,85.7,True,True,498,24,95.3,1789691400000,LOW,53.59,5.89,,,,,,,0,0,53.98,54.29,EQH_SWEEP,26,53.989999999999995,False,False,0.4112,499,native,87.64,ASIRI,87.73,95.33,True,300,88.0,BULL,BOS UP,HH/HL,HH/HL,TR UP,83.5,True,True,498,6,68.8,1789689600000,LOW,52.46,5.66,,,,,,,0,0,54.0,52.46,HIGH_SWEEP,21,52.81,False,False,0.7963,499,native,81.28,YORGUN,89.11,93.0,True,300,51.6,TR-DN,CHOCH DN,HH/MIX,LH/LL,TR-DN,72.3,True,True,498,14,38.2,1789502400000,HIGH,55.24,0.38,,,,,,,0,0,55.24,50.13,HIGH_SWEEP,30,54.28,False,False,1.559,1176,615,60993.82,6252.02,54741.79,81.41,90.7,94.9,UP,140,19,67245.84,4.2,60.0,1.0,True,1,51605.88,0,0.0,51605.88,32.4,0.078,0.707,1.0,0.98,174495.0,63276.38,111218.62,46.78,73.39,93.7,UP,721,130,237771.37,23.7,300.0,1.0,True,7,132956.33,1,10041.98,122914.34,60.3,0.321,0.844,1.0,0.996,549193.8,418203.34,130990.46,13.54,56.77,74.7,UP,3076,549,967397.14,77.3,900.0,1.0,True,13,291544.86,12,202722.13,88822.72,81.8,0.607,0.996,1.0,0.999,49230.35,42041.21,52427.91,32.6,9.29,1.0,23168.06,0.5183,16815.02,0.3536,0.3301,NONE,1789713591855,BUY,51605.88,54.92943810178671,1789713480000,ok,1.0,1.0,1.0,continuous,1,18,0,,0,0,0,0,False,102,54.92,54.93,1.821,0.156,0.1005,0.4271,766286.6,626364.91,35.5,1789713607721,718,False,,AGGRESSIVE_BUYER,,
2,v2,v1.2,REALF_PY_V4_2_DERIVED,ZPTDIFAT_PY_V1_4_DERIVED,fc-v1,native,,058e38aec59f4c35,20260918_062941,208,AVAX_20260918_064011_030,AVAXUSDT,BINANCE,FUTURES,TOP100,31,5000,1789713611030,2026-09-18T06:40:11.030+00:00,12,True,1789713611014,1789713611030,58.5,1789713600000,1789713659999,False,11.0,7.897,0.0127,52.0,FAIR (DENGE),True,500,54.7,42.2,59.3,50.1,0.00255,0.07,-0.88,0.00129,0.609,0.19,1.3,50.0,8.8,YOK,17.1,0.342,7.917158775216172,0.255,CLV_PROXY_1M,0,0.0,100.0,52.0,51.6,47.4,40.6,0.4,4.6,11.4,0.00255,4e-05,-0.00072,-0.0025,65.35,62.5,58.85,61.4,2.85,6.5,3.95,72.45,71.0,500,native,65.35,NORMAL,72.45,71.0,True,300,70.9,BEAR,BOS DN,HH/HL,HH/HL,SQZ,77.8,True,True,499,60,64.9,1789710000000,HIGH,7.93,4.85,7.9415,6.54,2,,,,1,0,7.9415,7.88,LOW_SWEEP,19,7.873,False,False,0.0861,499,native,65.58,NORMAL,77.02,80.0,True,300,59.1,BULL,BOS UP,MIX/HL,HH/MIX,RANGE,69.2,True,True,498,71,79.7,1789700760000,LOW,7.677,14.3,,,,7.6285,17.46,2,0,1,7.903,7.6285,HIGH_SWEEP,80,7.723,False,False,0.1948,499,native,42.2,NORMAL,53.94,47.33,True,300,60.7,BULL,BOS UP,MIX/HL,MIX/HL,RANGE,74.1,True,True,498,43,66.0,1789700700000,LOW,7.677,9.58,,,,,,,0,0,7.942,7.857,HIGH_SWEEP,48,7.723,False,False,0.2907,499,native,55.71,NORMAL,53.66,49.67,True,300,79.5,BULL,BOS UP,HH/HL,MIX/HL,TR UP,85.4,True,True,498,23,54.9,1789692300000,LOW,7.545,8.36,,,,,,,0,0,7.968,7.584,EQH_SWEEP,23,7.648,False,False,0.534,499,native,87.62,ASIRI,82.15,89.33,True,300,91.4,TR-UP,CHOCH UP,HH/HL,LH/LL,TR-UP,94.6,True,True,498,3,96.7,1789700400000,LOW,7.545,4.37,8.192,3.66,3,7.186,8.83,2,1,1,8.192,7.186,EQL_SWEEP,37,7.186,False,False,1.023,499,native,84.73,ASIRI,90.6,93.0,True,300,78.7,BULL,BOS UP,HH/MIX,HH/MIX,RANGE,76.8,True,True,498,1,80.2,1789689600000,LOW,7.171,4.78,,,,7.173500000000001,4.76,2,0,1,7.8,7.173500000000001,LOW_SWEEP,15,7.243,False,False,1.9116,178,737,11011.27,34359.46,-23348.19,-51.46,24.27,5.8,DOWN,253,39,45370.72,9.0,60.0,1.0,True,0,0.0,2,25435.16,-25435.16,41.6,0.152,0.664,1.0,0.997,174871.7,172450.63,2421.06,0.7,50.35,51.4,FLAT,1469,216,347322.33,46.4,300.0,1.0,True,6,76956.29,12,109567.59,-32611.31,71.9,0.481,0.885,1.0,0.999,440850.6,354702.43,86148.17,10.83,55.41,70.5,UP,3729,641,795553.04,128.9,900.0,1.0,True,18,168087.11,21,199867.99,-31780.89,87.0,0.72,0.975,1.0,1.0,-35100.02,-31778.62,-69445.4,-51.43,-4.5,1.0,-2486.14,-0.0879,-293.52,-0.0042,0.0979,DOWN,1789713604019,SELL,10343.76,7.896,1789713540000,ok,1.0,1.0,1.0,continuous,1,39,0,,0,0,0,0,False,136,7.895,7.896,1.267,-0.029,0.0417,-0.1528,259937.05,239119.11,24.7,1789713610874,156,False,,AGGRESSIVE_SELLER,,
2,v2,v1.2,REALF_PY_V4_2_DERIVED,ZPTDIFAT_PY_V1_4_DERIVED,fc-v1,native,,058e38aec59f4c35,20260918_062941,209,SUI_20260918_064014_065,SUIUSDT,BINANCE,FUTURES,TOP100,35,5000,1789713614065,2026-09-18T06:40:14.065+00:00,12,True,1789713613609,1789713614065,58.9,1789713600000,1789713659999,False,13.6,0.7783,-0.0128,59.5,PRICE AHEAD,True,500,64.4,50.4,64.8,50.1,-0.00018,0.4,-0.66,0.00214,0.602,0.06,0.3,55.0,-0.9,YOK,14.4,1.0,0.7781584527568997,-0.018,CLV_PROXY_1M,0,0.0,100.0,59.5,58.7,54.6,46.5,0.8,4.9,13.0,-0.00018,8e-05,-0.00058,-0.00274,76.35,75.42,71.19,63.66,0.93,5.16,12.69,78.47,78.67,500,native,76.35,YORGUN,78.47,78.67,True,300,87.2,BULL,BOS UP,HH/HL,HH/HL,RANGE,85.9,True,True,499,2,20.7,1789713480000,LOW,0.775,3.14,,,,,,,0,0,0.7779,0.775,HIGH_SWEEP,18,0.777,False,False,0.135,499,native,73.0,YORGUN,81.81,89.0,True,300,72.1,BULL,BOS UP,MIX/HL,MIX/HL,RANGE,68.4,True,True,498,1,18.5,1789713360000,LOW,0.7738,2.07,,,,0.7292,22.54,2,0,3,0.7778,0.7292,HIGH_SWEEP,52,0.7849,False,False,0.28,499,native,54.74,NORMAL,72.3,69.0,True,300,60.8,BULL,BOS UP,MIX/HL,MIX/HL,RANGE,74.3,True,True,498,42,48.0,1789701000000,LOW,0.7643,4.57,,,,0.71575,20.3,2,0,2,0.7849,0.71575,HIGH_SWEEP,92,0.7365,False,False,0.3965,499,native,47.49,NORMAL,50.68,40.0,True,300,78.5,BULL,BOS UP,HH/HL,MIX/HL,TR UP,90.8,True,True,498,29,53.6,1789686900000,LOW,0.7287,8.47,,,,0.7289,8.44,2,0,1,0.7899,0.7289,HIGH_SWEEP,58,0.7351,False,False,0.7551,499,native,87.97,ASIRI,76.35,85.67,True,300,83.0,TR-UP,CHOCH UP,HH/HL,HH/MIX,TR-UP,88.9,True,True,498,6,40.0,1789689600000,LOW,0.7157,5.69,0.8336,5.03,2,,,,2,0,0.8336,0.7157,LOW_SWEEP,37,0.6814,False,False,1.4211,499,native,86.42,ASIRI,91.36,95.33,True,300,89.3,TR-UP,CHOCH UP,HH/HL,MIX/HL,TR-UP,85.4,True,True,498,1,97.1,1789689600000,LOW,0.6773,5.37,,,,,,,0,0,0.7479,0.6773,LOW_SWEEP,16,0.692,False,False,2.3923,823,1784,24731.37,39993.41,-15262.03,-23.58,38.21,14.4,DOWN,368,67,64724.78,7.7,60.0,1.0,True,2,16927.84,3,34627.07,-17699.23,40.2,0.134,0.703,1.0,0.986,572597.31,444111.76,128485.55,12.64,56.32,73.3,UP,4089,610,1016709.07,124.7,300.0,1.0,True,25,418705.6,29,295083.97,123621.64,87.4,0.714,1.0,1.0,0.997,1315350.13,1134567.53,180782.6,7.38,53.69,64.6,UP,9623,1594,2449917.66,256.7,900.0,1.0,True,62,879206.58,59,715774.73,163431.84,93.1,0.837,1.0,1.0,0.999,-15803.06,-89297.23,16138.19,-12.6,-3.37,1.0,-1324.53,-0.0272,17011.2,0.0837,0.2255,DOWN,1789713609668,SELL,10296.6,0.7784,1789713540000,ok,1.0,1.0,1.0,continuous,1,66,0,,0,0,0,0,False,170,0.7783,0.7784,1.285,-0.433,-0.1385,0.0793,316941.45,418810.8,25.05,1789713613472,593,False,,,,
2,v2,v1.2,REALF_PY_V4_2_DERIVED,ZPTDIFAT_PY_V1_4_DERIVED,fc-v1,native,,058e38aec59f4c35,20260918_062941,210,AKE_20260918_064016_896,AKEUSDT,BINANCE,FUTURES,TOP100,94,2000,1789713616896,2026-09-18T06:40:16.896+00:00,12,True,1789713616628,1789713616896,59.0,1789713600000,1789713659999,False,16.6,0.023044,0.1565,64.0,PRICE AHEAD,True,500,68.2,65.9,58.7,51.0,-0.03096,0.29,0.28,0.00742,0.604,0.05,15.7,55.0,15.8,YOK,9.6,1.0,0.022341578798630635,-3.048,CLV_PROXY_1M,0,0.0,100.0,64.0,59.9,55.9,58.8,4.1,8.1,5.2,-0.03096,-0.00059,0.001,0.00363,55.69,58.0,65.38,74.11,-2.31,-9.69,-18.42,50.42,50.0,500,native,55.69,NORMAL,50.42,50.0,True,300,87.5,BULL,BOS UP,HH/HL,HH/HL,TR UP,95.7,True,True,499,17,90.2,1789712580000,LOW,0.021423,6.99,,,,0.021402499999999998,7.08,2,0,1,0.023636,0.021402499999999998,HIGH_SWEEP,38,0.021605,False,False,1.0082,499,native,85.12,ASIRI,75.52,85.67,True,300,91.5,BULL,BOS UP,HH/HL,HH/HL,EXP UP,93.3,True,True,498,6,71.4,1789712460000,LOW,0.021423,5.13,,,,,,,0,0,0.021898,0.021646,LOW_SWEEP,35,0.021228,False,False,1.3752,499,native,88.16,ASIRI,80.37,91.0,True,300,77.3,BULL,BOS UP,MIX/HL,HH/HL,EXP UP,79.7,True,True,498,7,67.7,1789711500000,LOW,0.0214,5.04,,,,,,,0,0,0.02168,0.021423,EQH_SWEEP,35,0.021653,False,False,1.4164,499,native,81.66,YORGUN,93.82,96.0,True,300,42.0,BEAR,BOS DN,LH/MIX,MIX/HL,RANGE,66.1,True,True,498,153,97.0,1789575300000,HIGH,0.028247,12.16,0.029421000000000003,14.91,2,0.0209945,4.81,2,1,3,0.029421000000000003,0.0209945,EQL_SWEEP,56,0.020765,False,False,1.8233,499,native,75.85,YORGUN,95.31,98.0,True,300,70.7,BULL,BOS UP,HH/HL,HH/MIX,RANGE,69.6,True,True,498,74,56.3,1789444800000,LOW,0.014658,9.74,0.029844000000000002,7.89,2,0.012500500000000001,12.25,3,1,2,0.029844000000000002,0.012500500000000001,HIGH_SWEEP,75,0.0165,False,False,3.9837,499,native,41.43,NORMAL,45.28,45.67,True,300,84.7,BULL,BOS UP,HH/HL,MIX/HL,TR UP,90.5,True,True,498,18,80.8,1789444800000,LOW,0.013069,3.91,,,,0.0128725,3.99,2,0,3,0.029888,0.0128725,EQL_SWEEP,67,0.0128725,False,False,11.7969,36,23931,30850.14,36095.2,-5245.06,-7.83,46.08,34.6,DOWN,2416,1175,66945.34,70.5,60.0,1.0,True,1,2790.06,4,20419.87,-17629.81,72.7,0.585,0.706,1.0,0.999,164157.9,172911.66,-8753.76,-2.6,48.7,44.7,FLAT,12403,6507,337069.57,623.4,300.0,1.0,True,12,33272.51,14,51780.53,-18508.02,93.4,0.926,0.882,1.0,1.0,701359.03,867006.1,-165647.08,-10.56,44.72,29.9,DOWN,45249,23931,1568365.13,1021.8,652.6,0.7251,False,65,215227.86,80,344234.8,-129006.94,92.0,0.953,1.0,0.725,1.0,-6667.47,45965.05,,-5.43,4.76,0.6584,1119.93,0.0179,-1970.9,-0.0292,-0.1655,NONE,1789713599651,SELL,6882.35,0.023028982817811926,1789713540000,ok,1.0,1.0,1.0,continuous,2,1175,0,,0,0,0,0,False,224,0.023048,0.023049,0.434,-0.16,0.7477,0.0713,14326.35,2068.15,8.46,1789713616484,412,False,,FATIGUE_EXTREME,,
2,v2,v1.2,REALF_PY_V4_2_DERIVED,ZPTDIFAT_PY_V1_4_DERIVED,fc-v1,native,,058e38aec59f4c35,20260918_062941,211,PONS_20260918_064019_691,PONSUSDT,BINANCE,FUTURES,OUTSIDE100,112,2000,1789713619691,2026-09-18T06:40:19.691+00:00,12,True,1789713619476,1789713619691,59.0,1789713600000,1789713659999,False,19.5,0.7273,0.055,60.4,PRICE AHEAD,True,500,64.1,56.6,62.2,50.2,-0.00708,-0.46,-1.34,0.00555,0.603,0.18,0.3,60.0,-24.7,YOK,7.5,1.0,0.7221679170880625,-0.706,CLV_PROXY_1M,0,0.0,100.0,60.4,61.3,51.7,48.6,-0.9,8.7,11.8,-0.00708,0.00035,-0.00138,-0.00493,14.18,14.42,15.84,14.33,-0.24,-1.66,-0.15,15.86,8.33,500,native,14.18,DINLENMIS,15.86,8.33,True,300,8.7,BEAR,BOS DN,LH/LL,LH/LL,RANGE,86.7,True,True,499,1,65.6,1789713540000,HIGH,0.7364,4.05,,,,0.7134,6.18,2,0,1,0.7364,0.7134,EQL_SWEEP,10,0.73295,False,False,0.3094,499,native,32.31,NORMAL,19.51,10.33,True,300,26.2,BULL,BOS UP,LH/LL,MIX/HL,RANGE,86.5,True,True,498,76,26.3,1789699860000,LOW,0.6834,8.91,0.7777000000000001,10.23,3,0.63845,18.03,2,1,1,0.7777000000000001,0.63845,HIGH_SWEEP,91,0.6964,False,False,0.6755,499,native,31.72,NORMAL,23.94,13.67,True,300,13.9,BEAR,BOS DN,LH/LL,LH/LL,RANGE,88.2,True,True,498,11,56.1,1789710300000,HIGH,0.7473,2.71,0.7778,6.81,2,,,,1,0,0.7778,0.7235,LOW_SWEEP,9,0.729,False,False,1.022,499,native,43.96,NORMAL,36.67,33.0,True,300,86.2,BULL,BOS UP,HH/HL,MIX/LL,TR UP,93.8,True,True,498,17,77.8,1789697700000,LOW,0.6551,5.05,,,,,,,0,0,0.7781,0.6551,HIGH_SWEEP,18,0.6959,False,False,1.948,289,native,80.69,YORGUN,68.26,76.21,False,269,88.1,BULL,BOS UP,HH/HL,HH/HL,TR UP,88.8,True,True,288,7,54.7,1789686000000,LOW,0.6099,3.88,,,,,,,0,0,0.6721,0.6099,HIGH_SWEEP,6,0.6721,False,False,4.1259,73,native,83.51,ASIRI,82.53,96.23,False,53,74.7,TR-UP,CHOCH UP,HH/MIX,HH/HL,TR-UP,76.3,True,False,72,1,84.3,1789689600000,LOW,0.5483,3.34,,,,,,,0,0,0.6992,0.5483,LOW_SWEEP,12,0.5821,False,False,6.9476,487,2671,26486.12,76042.06,-49555.94,-48.33,25.83,6.1,DOWN,840,197,102528.17,53.1,60.0,1.0,True,2,12092.2,8,57590.07,-45497.88,70.4,0.515,0.753,1.0,0.992,102177.86,205918.77,-103740.91,-33.67,33.16,9.0,DOWN,3149,955,308096.62,220.9,300.0,1.0,True,6,28994.64,21,117944.64,-88950.0,88.4,0.815,0.872,1.0,0.998,306532.17,444241.51,-137709.34,-18.34,40.83,19.3,DOWN,7910,2389,750773.67,439.2,900.0,1.0,True,30,125863.88,46,250537.14,-124673.26,94.9,0.898,0.969,1.0,0.999,-9543.25,-58110.91,-44435.54,-4.18,-7.32,1.0,-31079.55,-0.4185,-19782.84,-0.321,-0.0284,NONE,1789713574897,SELL,15277.37,0.7270438633227051,1789713540000,ok,1.0,1.0,1.0,continuous,1,189,0,,0,0,0,0,False,258,0.7272,0.7273,1.375,0.673,0.1384,0.1076,41535.27,31433.83,26.81,1789713619336,355,False,,FATIGUE_RESTED_1M|AGGRESSIVE_SELLER,,
2,v2,v1.2,REALF_PY_V4_2_DERIVED,ZPTDIFAT_PY_V1_4_DERIVED,fc-v1,native,,058e38aec59f4c35,20260918_062941,212,SKR_20260918_064022_459,SKRUSDT,BINANCE,FUTURES,OUTSIDE100,227,500,1789713622459,2026-09-18T06:40:22.459+00:00,12,True,1789713622249,1789713622459,58.9,1789713600000,1789713659999,False,22.2,0.019167,0.0418,44.7,FAIR (DENGE),True,500,44.3,41.5,47.1,49.3,0.00391,0.62,0.91,0.00187,0.435,0.16,17.3,60.0,27.5,YOK,5.6,1.0,0.019242070415890457,0.392,CLV_PROXY_1M,0,0.0,100.0,44.7,42.0,49.5,51.9,2.7,-4.8,-7.2,0.00391,-0.0003,0.00174,0.00077,82.71,84.64,87.86,81.81,-1.93,-5.15,0.9,75.7,84.0,500,native,82.71,YORGUN,75.7,84.0,True,300,88.1,BULL,BOS UP,HH/HL,HH/HL,EXP UP,90.7,True,True,499,4,33.7,1789713360000,LOW,0.019028,4.2,0.019363,5.92,2,,,,1,0,0.019363,0.019028,EQH_SWEEP,49,0.0189665,False,False,0.1728,499,native,73.99,YORGUN,78.33,85.67,True,300,72.8,BULL,BOS UP,HH/MIX,MIX/HL,TR UP,69.4,True,True,498,1,30.5,1789713360000,LOW,0.018839,5.54,0.020296500000000002,19.09,2,0.0188425,5.48,2,1,1,0.020296500000000002,0.0188425,LOW_SWEEP,24,0.018846,False,False,0.3088,499,native,81.89,YORGUN,84.63,91.67,True,300,86.8,BULL,BOS UP,HH/HL,HH/MIX,RANGE,83.4,True,True,498,1,34.0,1789713300000,LOW,0.018839,4.38,0.020296500000000002,15.09,2,,,,1,0,0.020296500000000002,0.018839,LOW_SWEEP,26,0.018732,False,False,0.3906,499,native,80.17,YORGUN,95.76,97.0,True,300,74.6,BULL,BOS UP,MIX/HL,MIX/HL,SQZ,69.3,True,True,498,1,49.0,1789712100000,LOW,0.018719,3.08,,,,0.017547,11.1,2,0,2,0.019011,0.017547,HIGH_SWEEP,35,0.019329,False,False,0.7671,499,native,44.96,NORMAL,55.9,66.67,True,300,39.3,BULL,BOS UP,LH/LL,HH/MIX,RANGE,84.4,True,True,498,21,72.8,1789635600000,LOW,0.017378,4.72,0.025375500000000002,16.34,2,,,,1,0,0.025375500000000002,0.018321,LOW_SWEEP,6,0.018554,False,False,2.0012,499,native,73.64,YORGUN,70.13,78.33,True,300,72.9,BULL,BOS UP,HH/HL,HH/HL,TR UP,83.6,True,True,498,114,36.2,1788062400000,LOW,0.008858,11.62,,,,0.017043000000000003,2.39,2,0,1,0.020299,0.017043000000000003,HIGH_SWEEP,4,0.019684,False,False,4.7097,3387,551,568.13,32.16,535.96,89.28,94.64,95.0,UP,25,17,600.29,8.7,60.0,1.0,True,0,0.0,0,0.0,0.0,28.4,0.149,0.195,1.0,0.944,5165.81,15174.87,-10009.07,-49.21,25.4,6.0,DOWN,293,187,20340.68,15.2,300.0,1.0,True,2,1411.82,4,11665.04,-10253.21,47.3,0.233,0.577,1.0,0.989,21567.26,24005.71,-2438.45,-5.35,47.32,39.3,DOWN,749,514,45572.97,60.2,900.0,1.0,True,6,9496.49,6,12814.02,-3317.53,69.4,0.546,0.665,1.0,0.996,7255.63,93.07,283.22,91.29,0.24,1.0,-2458.34,-0.7709,-2473.93,-0.6081,-0.2408,NONE,1789713557452,SELL,4204.3,0.019142560840682783,1789713540000,ok,1.0,1.0,1.0,continuous,1,17,0,,0,0,0,0,False,292,0.019158,0.019167,4.697,1.21,0.0245,0.0508,3541.12,3372.02,15.39,1789713620647,1812,False,,,,
2,v2,v1.2,REALF_PY_V4_2_DERIVED,ZPTDIFAT_PY_V1_4_DERIVED,fc-v1,native,,058e38aec59f4c35,20260918_062941,213,PROM_20260918_064025_054,PROMUSDT,BINANCE,FUTURES,OUTSIDE100,266,1000,1789713625054,2026-09-18T06:40:25.054+00:00,12,True,1789713625039,1789713625054,59.0,1789713600000,1789713659999,False,25.0,5.407,-0.0555,61.0,PRICE AHEAD,True,500,64.1,58.4,61.4,52.8,-0.00394,-0.29,-0.78,0.00237,0.533,0.53,21.0,75.0,-31.5,YOK,5.6,1.0,5.385719461959483,-0.394,CLV_PROXY_1M,0,0.0,100.0,61.0,61.4,57.9,59.3,-0.4,3.1,1.7,-0.00394,-0.00026,-0.00126,-0.00074,30.71,34.16,37.07,38.36,-3.45,-6.36,-7.65,24.52,18.33,500,native,30.71,NORMAL,24.52,18.33,True,300,31.2,BEAR,BOS DN,LH/MIX,LH/LL,SQZ,84.9,True,True,499,27,81.2,1789711980000,HIGH,5.541,16.87,,,,,,,0,1,5.424,5.41,LOW_SWEEP,25,5.427,False,False,0.1468,499,native,28.09,DINLENMIS,32.15,27.0,True,300,15.5,TR-DN,CHOCH DN,LH/LL,LH/MIX,TR-DN,91.5,True,True,498,9,59.2,1789711920000,HIGH,5.541,7.36,,,,5.3934999999999995,0.74,2,0,1,5.541,5.3934999999999995,HIGH_SWEEP,47,5.589,False,False,0.3363,499,native,15.74,DINLENMIS,19.14,15.33,True,300,44.8,TR-DN,CHOCH DN,MIX/HL,LH/LL,TR-DN,75.6,True,True,498,6,58.5,1789711800000,HIGH,5.541,5.62,,,,5.3919999999999995,0.63,2,0,2,5.541,5.3919999999999995,HIGH_SWEEP,29,5.589,False,False,0.4404,499,native,27.85,DINLENMIS,15.4,7.33,True,300,59.7,TR-DN,CHOCH DN,HH/HL,MIX/HL,TR-DN,88.0,True,True,498,2,54.5,1789711200000,HIGH,5.594,4.34,5.7285,7.46,2,5.4015,0.13,2,2,1,5.7285,5.4015,LOW_SWEEP,171,5.332,False,False,0.7958,499,native,53.21,NORMAL,29.14,22.33,True,300,59.0,BEAR,BOS DN,MIX/HL,MIX/HL,SQZ,69.1,True,True,498,46,75.0,1789545600000,HIGH,5.729,3.81,5.8375,5.1,3,4.906499999999999,5.96,2,2,1,5.8375,4.906499999999999,EQL_SWEEP,94,5.5815,False,False,1.5355,499,native,47.48,NORMAL,46.88,36.67,True,300,26.5,BULL,BOS UP,LH/LL,MIX/HL,SQZ,85.6,True,True,498,58,11.5,1788868800000,LOW,4.913,2.68,,,,4.4025,5.46,2,0,2,5.659,4.4025,HIGH_SWEEP,57,5.986,False,False,3.3065,1911,713,487.37,3693.34,-3205.97,-76.68,11.66,5.1,DOWN,92,42,4180.7,17.0,60.0,1.0,True,0,0.0,0,0.0,0.0,44.0,0.254,0.405,1.0,0.968,5293.66,10432.3,-5138.63,-32.68,33.66,9.4,DOWN,428,210,15725.96,68.6,300.0,1.0,True,0,0.0,0,0.0,0.0,67.1,0.578,0.549,1.0,0.994,22759.66,33292.01,-10532.35,-18.79,40.6,18.8,DOWN,1299,614,56051.67,84.0,900.0,1.0,True,3,4781.79,6,9558.22,-4776.43,74.1,0.627,0.687,1.0,0.998,-2847.1,-1848.65,-5400.96,-18.72,-5.12,1.0,-1476.94,-0.633,-980.38,-0.3117,-0.1152,NONE,1789713307845,SELL,1095.04,5.412941670785962,1789713540000,ok,1.0,1.0,1.0,continuous,1,41,0,,0,0,0,0,False,326,5.407,5.409,3.698,-1.381,0.1331,0.2593,46753.37,35769.88,36.98,1789713624904,150,False,,AGGRESSIVE_SELLER,,
2,v2,v1.2,REALF_PY_V4_2_DERIVED,ZPTDIFAT_PY_V1_4_DERIVED,fc-v1,native,,058e38aec59f4c35,20260918_062941,214,UAI_20260918_064027_634,UAIUSDT,BINANCE,FUTURES,OUTSIDE100,296,2000,1789713627634,2026-09-18T06:40:27.634+00:00,12,True,1789713627618,1789713627634,58.7,1789713600000,1789713659999,False,27.6,0.4176,0.0479,54.0,FAIR (DENGE),True,500,55.6,53.4,52.9,50.0,-0.00356,0.13,0.02,0.00466,0.66,0.02,0.3,45.0,-5.4,YOK,2.8,1.0,0.41611786167023906,-0.355,CLV_PROXY_1M,0,0.0,100.0,54.0,53.4,52.5,52.2,0.6,1.5,1.8,-0.00356,-0.00027,-0.00087,-0.00063,69.83,67.31,60.65,49.96,2.52,9.18,19.87,71.6,85.33,500,native,69.83,NORMAL,71.6,85.33,True,300,41.8,BEAR,BOS DN,MIX/HL,MIX/HL,RANGE,79.4,True,True,499,15,90.8,1789712700000,HIGH,0.4198,1.78,0.42315,4.49,2,0.40785,7.89,3,1,2,0.42315,0.40785,HIGH_SWEEP,93,0.4247,False,False,0.2962,499,native,35.14,NORMAL,53.05,43.0,True,300,28.6,BULL,BOS UP,LH/LL,LH/LL,RANGE,79.1,True,True,498,66,61.1,1789701660000,LOW,0.4075,4.05,0.43455,6.8,2,,,,1,0,0.43455,0.4129,LOW_SWEEP,2,0.4166,False,False,0.5969,499,native,30.56,NORMAL,40.69,21.33,True,300,56.0,TR-DN,CHOCH DN,MIX/HL,LH/LL,TR-DN,72.0,True,True,498,49,58.0,1789698900000,HIGH,0.4354,4.94,,,,0.3559,17.13,3,0,1,0.4232,0.3559,HIGH_SWEEP,102,0.4106,False,False,0.863,499,native,36.07,NORMAL,36.15,28.67,True,300,69.0,BULL,BOS UP,MIX/HL,MIX/HL,RANGE,79.5,True,True,498,20,30.6,1789695000000,LOW,0.3901,3.67,0.43505,2.33,2,0.3838,4.51,2,2,2,0.43505,0.3838,LOW_SWEEP,173,0.3294,False,False,1.8091,499,native,65.74,NORMAL,57.05,58.33,True,300,86.6,BULL,BOS UP,HH/HL,HH/HL,SQZ,87.3,True,True,498,6,38.6,1789689600000,LOW,0.3838,2.09,,,,,,,0,0,0.4354,0.3838,HIGH_SWEEP,4,0.418,False,False,3.8614,499,native,65.18,NORMAL,73.06,77.33,True,300,18.4,BEAR,BOS DN,LH/LL,HH/HL,RANGE,87.8,True,True,498,19,42.0,1789430400000,HIGH,0.5943,4.03,,,,,,,0,0,0.5943,0.322,LOW_SWEEP,20,0.4503,False,False,10.3453,2889,1049,1272.79,586.12,686.67,36.94,68.47,92.0,UP,124,29,1858.91,11.0,60.0,1.0,True,0,0.0,0,0.0,0.0,35.5,0.18,0.317,1.0,0.952,9140.58,8743.28,397.3,2.22,51.11,54.5,FLAT,577,230,17883.86,66.8,300.0,1.0,True,0,0.0,0,0.0,0.0,67.2,0.572,0.563,1.0,0.99,66260.78,72597.7,-6336.92,-4.56,47.72,40.8,DOWN,2640,956,138858.48,191.6,900.0,1.0,True,5,29079.5,7,21593.4,7486.11,84.8,0.793,0.786,1.0,0.997,-561.93,-2737.55,16106.27,-1.92,-5.59,1.0,582.59,0.2051,-172.03,-0.0481,0.1639,NONE,1789713304006,BUY,2481.35,0.4172436522616445,1789713540000,ok,1.0,1.0,1.0,continuous,1,29,0,,0,0,0,0,False,360,0.4175,0.4176,2.395,-0.305,0.0061,0.287,12657.79,12504.14,46.7,1789713627153,481,False,,,,
2,v2,v1.2,REALF_PY_V4_2_DERIVED,ZPTDIFAT_PY_V1_4_DERIVED,fc-v1,native,,058e38aec59f4c35,20260918_062941,215,BULLA_20260918_064030_413,BULLAUSDT,BINANCE,FUTURES,OUTSIDE100,339,5000,1789713630413,2026-09-18T06:40:30.413+00:00,12,True,1789713630195,1789713630413,58.9,1789713600000,1789713659999,False,30.2,0.10108,-0.8242,45.2,FAIR (DENGE),True,500,43.8,49.5,42.8,45.3,0.00056,-0.5,0.17,0.00572,0.484,6.19,95.0,50.0,-4.0,WHALE SELL L1,6.7,1.0,0.1011368555373358,0.056,CLV_PROXY_1M,0,0.0,100.0,45.2,59.9,61.4,57.3,-14.7,-16.2,-12.1,0.00056,0.00684,0.00663,0.00499,60.03,72.5,63.83,47.85,-12.47,-3.8,12.18,35.91,19.33,500,native,60.03,NORMAL,35.91,19.33,True,300,46.5,BULL,BOS UP,LH/LL,HH/MIX,RANGE,84.2,True,True,499,4,61.2,1789713360000,LOW,0.10074,0.9,0.10206,2.6,3,0.100455,1.66,2,1,2,0.10206,0.100455,EQL_SWEEP,43,0.100455,False,True,0.3696,499,native,55.84,NORMAL,48.3,41.33,True,300,30.3,BULL,BOS UP,LH/LL,HH/MIX,TR UP,86.6,True,True,498,38,89.1,1789706700000,LOW,0.096433,5.5,,,,0.0964015,5.54,2,0,2,0.10203,0.0964015,HIGH_SWEEP,24,0.10206,False,False,0.831,499,native,55.41,NORMAL,44.43,38.67,True,300,47.7,BULL,BOS UP,LH/MIX,LH/LL,TR UP,64.3,True,True,498,23,22.3,1789706700000,LOW,0.09539,4.9,,,,0.10001,0.89,2,0,1,0.10203,0.10001,HIGH_SWEEP,21,0.10114,False,False,1.1304,499,native,73.65,YORGUN,66.01,70.33,True,300,74.6,BEAR,BOS DN,HH/HL,HH/HL,TR DN,88.7,True,True,498,64,27.4,1789655400000,HIGH,0.10999,3.8,0.109785,3.71,2,,,,1,0,0.109785,0.094,LOW_SWEEP,66,0.1007,False,False,2.3168,499,native,65.52,NORMAL,72.01,87.67,True,300,26.8,BULL,BOS UP,LH/LL,MIX/HL,RANGE,84.5,True,True,498,44,42.2,1789552800000,LOW,0.060024,6.31,,,,0.060025499999999996,6.31,2,0,1,0.121362,0.060025499999999996,HIGH_SWEEP,45,0.076341,False,False,6.4384,499,native,57.73,NORMAL,57.59,58.33,True,300,75.0,BULL,BOS UP,HH/MIX,HH/HL,EXP UP,78.0,True,True,498,11,96.7,1789545600000,LOW,0.0675,2.25,,,,0.0154205,5.74,2,0,1,0.139078,0.0154205,HIGH_SWEEP,52,0.085989,False,False,15.2143,54,2006,13660.73,36078.07,-22417.34,-45.07,27.46,6.5,DOWN,776,419,49738.81,58.4,60.0,1.0,True,0,0.0,1,26616.01,-26616.01,69.4,0.539,0.674,1.0,0.999,23203.39,43865.79,-20662.39,-30.81,34.6,10.2,DOWN,1440,820,67069.18,97.4,300.0,1.0,True,0,0.0,1,26616.01,-26616.01,76.3,0.661,0.707,1.0,1.0,54789.0,76743.41,-21954.41,-16.69,41.65,21.2,DOWN,3368,1832,131532.41,238.4,900.0,1.0,True,0,0.0,1,26616.01,-26616.01,86.0,0.827,0.78,1.0,1.0,-22467.79,-24904.29,-23685.42,-23.61,-23.27,1.0,-7410.86,-0.3806,-3075.07,-0.2292,0.3615,DOWN,1789713610301,SELL,26616.01,0.10116385524405351,1789713540000,ok,1.0,1.0,1.0,continuous,1,419,0,,0,0,0,0,False,394,0.1009,0.10093,2.973,-1.449,-0.2367,-0.8494,1927.94,3123.75,21.31,1789713630065,348,False,,AGGRESSIVE_SELLER,,
2,v2,v1.2,REALF_PY_V4_2_DERIVED,ZPTDIFAT_PY_V1_4_DERIVED,fc-v1,native,,058e38aec59f4c35,20260918_062941,216,OG_20260918_064033_453,OGUSDT,BINANCE,FUTURES,OUTSIDE100,523,500,1789713633453,2026-09-18T06:40:33.453+00:00,12,True,1789713632980,1789713633453,59.4,1789713600000,1789713659999,False,33.0,2.751,-0.0363,31.9,PRICE LAG,True,500,27.5,37.5,33.1,35.5,0.00479,-0.18,1.31,0.00083,0.264,1.6,77.3,50.0,32.0,YOK,10.0,1.0,2.7642122829444413,0.48,CLV_PROXY_1M,0,0.0,100.0,31.9,30.8,43.1,48.3,1.1,-11.2,-16.4,0.00479,-2e-05,0.00154,0.00233,49.07,48.87,40.27,41.39,0.2,8.8,7.68,53.19,41.0,500,native,49.07,NORMAL,53.19,41.0,True,300,54.5,BULL,BOS UP,EQ/RANGE,LH/MIX,SQZ,68.2,True,True,499,30,66.1,1789711800000,LOW,2.747,1.76,2.754,1.32,2,2.748,1.32,2,1,3,2.754,2.748,HIGH_SWEEP,65,2.76,False,False,0.0827,499,native,40.45,NORMAL,38.23,18.67,True,300,43.1,BULL,BOS UP,LH/MIX,MIX/HL,RANGE,75.1,True,True,498,34,46.9,1789707420000,LOW,2.739,2.4,,,,2.746,0.87,2,0,3,2.756,2.746,HIGH_SWEEP,53,2.746,False,False,0.1667,499,native,35.45,NORMAL,34.21,15.67,True,300,68.2,BULL,BOS UP,MIX/HL,LH/MIX,TR UP,73.6,True,True,498,18,39.4,1789708200000,LOW,2.732,2.9,,,,2.679,11.45,2,0,2,2.756,2.679,HIGH_SWEEP,20,2.759,False,False,0.2253,499,native,60.28,NORMAL,53.63,48.33,True,300,86.3,BULL,BOS UP,HH/HL,HH/HL,TR UP,87.3,True,True,498,6,35.2,1789707600000,LOW,2.679,6.98,,,,2.6635,8.5,2,0,1,2.769,2.6635,HIGH_SWEEP,5,2.759,False,False,0.3699,499,native,90.37,ASIRI,87.68,93.67,True,300,74.4,BULL,BOS UP,MIX/HL,MIX/HL,RANGE,73.4,True,True,498,7,58.0,1789686000000,LOW,2.662,4.45,,,,2.6,7.59,2,0,1,2.7,2.6,HIGH_SWEEP,30,2.712,False,False,0.7193,499,native,78.7,YORGUN,87.43,92.67,True,300,75.1,BULL,BOS UP,MIX/HL,HH/HL,SQZ,73.2,True,True,498,1,52.4,1789689600000,LOW,2.61,3.16,2.9825,5.24,3,2.5975,3.44,2,2,2,2.9825,2.5975,EQH_SWEEP,87,2.9425,False,False,1.6159,3430,74,372.88,6.05,366.83,96.81,98.4,95.0,UP,24,3,378.93,1.3,60.0,1.0,True,0,0.0,0,0.0,0.0,12.8,0.025,0.145,1.0,0.943,1714.62,65.99,1648.63,92.59,96.29,95.0,UP,113,34,1780.61,5.9,300.0,1.0,True,1,592.48,0,0.0,592.48,28.6,0.105,0.313,1.0,0.989,2978.57,1389.22,1589.35,36.39,68.19,91.8,UP,211,67,4367.79,10.1,900.0,1.0,True,2,1578.71,0,0.0,1578.71,37.4,0.168,0.41,1.0,0.996,315.36,-657.11,372.88,13.64,-1.0,1.0,489.83,0.8707,378.39,1.0625,0.8463,NONE,1789713502989,BUY,592.48,2.7518843474222012,1789713540000,ok,1.0,1.0,1.0,continuous,1,3,0,,0,0,0,0,False,428,2.75,2.751,3.636,1.477,0.2221,0.1188,21664.81,13789.04,70.9,1789713631406,2047,False,,,,
2,v2,v1.2,REALF_PY_V4_2_DERIVED,ZPTDIFAT_PY_V1_4_DERIVED,fc-v1,native,,058e38aec59f4c35,20260918_062941,217,ZORA_20260918_064036_504,ZORAUSDT,BINANCE,FUTURES,OUTSIDE100,612,500,1789713636504,2026-09-18T06:40:36.504+00:00,12,True,1789713636064,1789713636504,59.9,1789713600000,1789713659999,False,36.1,0.007885,0.0127,58.5,PRICE AHEAD,True,500,62.2,52.5,62.0,50.1,-0.00121,0.68,-0.19,0.00179,0.571,0.03,1.0,55.0,0.2,YOK,9.7,1.0,0.007875494391544877,-0.121,CLV_PROXY_1M,0,0.0,100.0,58.5,56.7,56.2,44.8,1.8,2.3,13.7,-0.00121,3e-05,-0.00021,-0.00227,79.87,76.58,66.62,53.18,3.29,13.25,26.69,85.92,91.33,500,native,79.87,YORGUN,85.92,91.33,True,300,49.1,BEAR,BOS DN,MIX/HL,MIX/HL,RANGE,75.3,True,True,499,23,79.6,1789712220000,HIGH,0.007897,1.28,,,,0.007775499999999999,11.65,2,0,1,0.007876,0.007775499999999999,HIGH_SWEEP,4,0.007876,False,False,0.1192,499,native,57.24,NORMAL,68.6,68.67,True,300,82.9,TR-UP,CHOCH UP,HH/HL,MIX/HL,TR-UP,88.6,True,True,498,12,65.3,1789711380000,LOW,0.007827,3.06,,,,,,,0,0,0.007897,0.007842,HIGH_SWEEP,8,0.007876,False,False,0.2404,499,native,63.9,NORMAL,74.35,77.33,True,300,73.3,BULL,BOS UP,HH/MIX,HH/HL,RANGE,74.0,True,True,498,8,63.8,1789711200000,LOW,0.007813,2.76,,,,,,,0,0,0.007897,0.007813,HIGH_SWEEP,5,0.007876,False,False,0.3311,499,native,43.3,NORMAL,45.74,42.33,True,300,82.4,BULL,BOS UP,HH/HL,MIX/HL,TR UP,87.5,True,True,498,20,74.9,1789695000000,LOW,0.007527,6.78,,,,,,,0,0,0.00802,0.007813,LOW_SWEEP,24,0.007571,False,False,0.6729,499,native,79.29,YORGUN,73.22,85.33,True,300,73.8,BEAR,BOS DN,HH/HL,HH/MIX,TR DN,86.4,True,True,498,69,59.5,1789462800000,HIGH,0.007987,0.83,0.009008,9.19,2,0.007187,5.71,2,1,1,0.009008,0.007187,LOW_SWEEP,126,0.008102,False,False,1.5567,499,native,71.65,NORMAL,77.66,86.33,True,300,18.0,TR-DN,CHOCH DN,LH/LL,LH/LL,TR-DN,90.3,True,True,498,16,65.9,1789473600000,HIGH,0.008968,4.09,,,,0.0058755000000000005,7.59,2,0,2,0.008336,0.0058755000000000005,HIGH_SWEEP,29,0.008437,False,False,3.3227,7456,261,336.73,61.37,275.36,69.17,84.58,94.8,UP,19,8,398.1,3.5,60.0,1.0,True,0,0.0,0,0.0,0.0,18.7,0.065,0.15,1.0,0.876,8060.32,2734.36,5325.96,49.34,74.67,94.0,UP,211,76,10794.68,12.1,300.0,1.0,True,5,5885.44,1,842.21,5043.23,42.3,0.195,0.508,1.0,0.975,11129.4,9215.69,1913.71,9.41,54.7,68.1,UP,473,231,20345.09,28.1,900.0,1.0,True,6,6532.88,5,4470.1,2062.79,56.3,0.36,0.577,1.0,0.992,-1471.47,35.96,67.73,-13.32,0.26,1.0,783.18,0.9443,726.93,0.3367,0.5508,NONE,1789713549834,BUY,585.97,0.007876,1789713540000,ok,1.0,1.0,1.0,continuous,1,8,0,,0,0,0,0,False,462,0.007883,0.007885,2.537,-0.89,-0.1605,0.1247,14541.73,20104.12,25.37,1789713635939,565,False,,,,
2,v2,v1.2,REALF_PY_V4_2_DERIVED,ZPTDIFAT_PY_V1_4_DERIVED,fc-v1,native,,058e38aec59f4c35,20260918_062941,218,TNSR_20260918_064039_304,TNSRUSDT,BINANCE,FUTURES,OUTSIDE100,738,200,1789713639304,2026-09-18T06:40:39.304+00:00,12,True,1789713639094,1789713639304,59.9,1789713600000,1789713659999,False,39.1,0.03513,-0.0853,67.0,PRICE AHEAD,True,500,73.7,57.5,71.2,52.9,-0.00286,0.12,-1.26,0.00147,0.543,0.28,17.3,60.0,-31.4,YOK,16.2,1.0,0.03502955766672696,-0.286,CLV_PROXY_1M,0,0.0033,99.7,67.0,68.5,58.7,54.3,-1.5,8.3,12.7,-0.00286,0.00052,-0.00165,-0.0029,39.84,42.26,38.43,42.08,-2.42,1.41,-2.24,36.68,28.33,500,native,39.84,NORMAL,36.68,28.33,True,300,71.2,BULL,BOS UP,HH/MIX,HH/MIX,SQZ,71.5,True,True,499,10,45.0,1789713000000,LOW,0.03507,2.15,,,,0.03507,2.15,2,0,1,0.03521,0.03507,HIGH_SWEEP,12,0.03515,False,False,0.0793,499,native,48.39,NORMAL,49.14,42.0,True,300,58.6,BULL,BOS UP,LH/MIX,HH/MIX,RANGE,67.3,True,True,498,6,70.7,1789712460000,LOW,0.03507,0.92,,,,0.03507,0.92,3,0,1,0.03517,0.03507,HIGH_SWEEP,4,0.03517,False,False,0.1865,499,native,45.45,NORMAL,46.48,40.33,True,300,29.0,BULL,BOS UP,LH/LL,HH/MIX,RANGE,78.1,True,True,498,43,51.5,1789700700000,LOW,0.03481,3.5,,,,0.03454,6.45,2,0,2,0.03536,0.03454,HIGH_SWEEP,48,0.03498,False,False,0.2601,499,native,38.78,NORMAL,36.56,33.33,True,300,84.3,BULL,BOS UP,HH/HL,MIX/HL,RANGE,93.4,True,True,498,19,59.8,1789695900000,LOW,0.03454,3.27,,,,0.034375,4.18,2,0,1,0.03583,0.034375,HIGH_SWEEP,16,0.03497,False,False,0.5142,499,native,74.24,YORGUN,59.12,67.0,True,300,74.8,BULL,BOS UP,MIX/HL,MIX/HL,TR UP,73.8,True,True,498,5,52.8,1789693200000,LOW,0.03405,2.76,,,,,,,0,0,0.03497,0.03438,LOW_SWEEP,36,0.03304,False,False,1.1171,499,native,78.08,YORGUN,77.29,87.0,True,300,76.4,BULL,BOS UP,HH/MIX,HH/HL,RANGE,71.9,True,True,498,1,56.6,1789689600000,LOW,0.03258,3.28,0.037065,2.49,2,0.029225,7.6,2,1,1,0.037065,0.029225,EQH_SWEEP,59,0.037065,False,False,2.178,1309,113,423.02,0.3,422.72,99.86,99.93,95.0,UP,13,7,423.33,2.2,60.0,1.0,True,1,308.26,0,0.0,308.26,16.1,0.042,0.157,1.0,0.978,2053.74,1028.12,1025.62,33.28,66.64,90.8,UP,118,37,3081.86,14.3,300.0,1.0,True,4,1272.67,2,601.32,671.36,40.7,0.223,0.372,1.0,0.996,2903.51,3968.3,-1064.79,-15.5,42.25,22.7,DOWN,241,101,6871.81,22.9,900.0,1.0,True,4,1272.67,6,2841.15,-1568.48,49.8,0.314,0.459,1.0,0.999,860.92,466.25,427.67,95.38,6.65,1.0,40.43,0.1009,149.81,0.2431,0.4108,NONE,1789713637995,BUY,308.26,0.03515879295596337,1789713540000,ok,1.0,1.0,1.0,continuous,1,7,0,,0,0,0,0,False,496,0.03515,0.03517,5.688,-1.425,0.025,-0.1058,18844.67,17923.7,56.88,1789713638818,486,False,,,,
2,v2,v1.2,REALF_PY_V4_2_DERIVED,ZPTDIFAT_PY_V1_4_DERIVED,fc-v1,native,,058e38aec59f4c35,20260918_062941,219,VELVET_20260918_064041_872,VELVETUSDT,BINANCE,FUTURES,OUTSIDE100,761,200,1789713641872,2026-09-18T06:40:41.872+00:00,12,True,1789713641872,1789713641872,59.7,1789713600000,1789713659999,False,41.9,0.05574,0.0898,64.0,PRICE AHEAD,True,500,64.4,65.5,62.2,61.7,-0.00861,0.54,0.16,0.00219,0.398,1.46,92.3,75.0,-20.7,YOK,3.3,1.0,0.055262251483865994,-0.857,CLV_PROXY_1M,0,0.0,100.0,64.0,65.4,68.2,70.2,-1.4,-4.2,-6.2,-0.00861,-0.00087,0.00088,-0.00061,49.94,48.48,46.67,27.56,1.46,3.27,22.38,52.62,55.0,500,native,49.94,NORMAL,52.62,55.0,True,300,49.3,TR-DN,CHOCH DN,MIX/HL,HH/HL,TR-DN,74.0,True,True,499,14,60.6,1789712760000,HIGH,0.05615,2.91,0.056855,7.91,2,0.055404999999999996,2.38,2,1,1,0.056855,0.055404999999999996,EQL_SWEEP,68,0.055625,False,False,0.2532,499,native,43.0,NORMAL,43.64,45.33,True,300,64.3,BEAR,BOS DN,HH/HL,HH/MIX,RANGE,81.8,True,True,498,24,40.9,1789709220000,HIGH,0.05649,3.21,,,,,,,0,0,0.05615,0.05556,LOW_SWEEP,4,0.05556,False,False,0.4477,499,native,40.71,NORMAL,43.92,39.67,True,300,17.8,BEAR,BOS DN,LH/LL,HH/MIX,RANGE,83.3,True,True,498,15,49.3,1789709100000,HIGH,0.05671,3.27,,,,0.0515,13.59,2,0,1,0.05649,0.0515,HIGH_SWEEP,27,0.05618,False,False,0.5551,499,native,34.34,NORMAL,37.63,30.67,True,300,85.4,BULL,BOS UP,HH/HL,HH/MIX,RANGE,84.2,True,True,498,8,44.5,1789705800000,LOW,0.05548,0.46,,,,0.0515,7.46,3,0,1,0.05671,0.0515,HIGH_SWEEP,7,0.05649,False,False,1.0214,499,native,34.24,NORMAL,29.24,28.0,True,300,70.4,BULL,BOS UP,HH/MIX,LH/LL,TR UP,75.1,True,True,498,14,40.8,1789660800000,LOW,0.0494,4.73,,,,,,,0,0,0.06014,0.0494,HIGH_SWEEP,13,0.05886,False,False,2.3885,499,native,78.97,YORGUN,67.11,85.0,True,300,48.0,BEAR,BOS DN,MIX/HL,HH/HL,TR DN,65.7,True,True,498,16,34.6,1789473600000,HIGH,0.0633,2.95,,,,,,,0,0,0.0536,0.0494,HIGH_SWEEP,6,0.0536,False,False,4.6002,1569,986,9717.53,2935.96,6781.57,53.59,76.8,94.3,UP,179,83,12653.49,9.5,60.0,1.0,True,9,9340.37,2,2071.16,7269.21,39.5,0.16,0.526,1.0,0.974,25062.56,21591.48,3471.08,7.44,53.72,64.7,UP,914,368,46654.05,54.3,300.0,1.0,True,29,23478.18,11,18841.67,4636.51,68.2,0.521,0.667,1.0,0.995,50413.51,40483.29,9930.22,10.92,55.46,70.7,UP,2018,943,90896.8,113.9,900.0,1.0,True,47,44912.61,27,33273.72,11638.89,79.0,0.695,0.74,1.0,0.998,2656.46,-1989.34,7889.0,-9.27,-1.75,1.0,1563.49,0.1801,33.73,0.0036,0.2047,NONE,1789713640303,BUY,458.07,0.055787180611374984,1789713540000,ok,1.0,1.0,1.0,continuous,1,83,0,,0,0,0,0,False,530,0.05579,0.05581,3.584,-1.649,0.3158,-0.5741,17270.91,8980.53,35.84,1789713641669,203,False,,AGGRESSIVE_BUYER,,
2,v2,v1.2,REALF_PY_V4_2_DERIVED,ZPTDIFAT_PY_V1_4_DERIVED,fc-v1,native,,058e38aec59f4c35,20260918_062941,220,ZKC_20260918_064044_909,ZKCUSDT,BINANCE,FUTURES,OUTSIDE100,1142,200,1789713644909,2026-09-18T06:40:44.909+00:00,12,True,1789713644447,1789713644909,59.5,1789713600000,1789713659999,False,44.4,0.0384,0.026,38.4,PRICE LAG,True,500,33.8,42.4,39.7,46.6,0.00309,0.22,0.77,0.00158,0.399,0.48,30.0,55.0,28.0,YOK,8.6,1.0,0.0385187847747993,0.309,CLV_PROXY_1M,0,0.0,100.0,38.4,43.4,39.3,43.3,-5.0,-0.9,-4.9,0.00309,0.0004,-0.00029,0.00093,58.06,53.11,42.47,28.98,4.95,15.59,29.08,66.29,77.33,500,native,58.06,NORMAL,66.29,77.33,True,300,27.2,BULL,BOS UP,LH/LL,LH/MIX,SQZ,83.3,True,True,499,47,38.3,1789710780000,LOW,0.03831,1.99,,,,,,,0,0,0.03846,0.0383,LOW_SWEEP,5,0.03835,False,False,0.118,499,native,42.67,NORMAL,55.03,56.0,True,300,31.5,BULL,BOS UP,LH/LL,MIX/LL,RANGE,84.8,True,True,498,34,58.8,1789707420000,LOW,0.03801,4.42,,,,0.03749,10.32,2,0,1,0.03855,0.03749,HIGH_SWEEP,32,0.03865,False,False,0.2297,499,native,35.12,NORMAL,43.53,41.33,True,300,67.6,BULL,BOS UP,MIX/HL,LH/LL,RANGE,74.3,True,True,498,21,50.4,1789707300000,LOW,0.03801,3.04,,,,,,,0,0,0.03855,0.03831,HIGH_SWEEP,20,0.03869,False,False,0.3345,499,native,48.13,NORMAL,43.46,46.33,True,300,88.3,BULL,BOS UP,HH/HL,HH/HL,RANGE,90.3,True,True,498,7,52.3,1789706700000,LOW,0.03789,1.89,0.049025,39.38,2,0.037065,4.95,2,1,1,0.049025,0.037065,LOW_SWEEP,152,0.03752,False,False,0.7041,499,native,74.17,YORGUN,65.12,76.67,True,300,58.0,BEAR,BOS DN,MIX/HL,HH/HL,TR DN,64.1,True,True,498,53,61.2,1789520400000,HIGH,0.04772,16.64,0.05792,34.84,2,,,,1,0,0.05792,0.03718,EQH_SWEEP,6,0.03827,False,False,1.4589,499,native,43.77,NORMAL,51.23,58.0,True,300,15.6,BEAR,BOS DN,LH/LL,LH/MIX,TR DN,90.7,True,True,498,18,73.5,1789444800000,HIGH,0.04904,8.45,,,,0.036074999999999996,1.85,2,0,1,0.03878,0.036074999999999996,HIGH_SWEEP,1,0.03878,True,False,3.2744,6771,348,236.66,671.17,-434.51,-47.86,26.07,6.1,DOWN,11,5,907.83,2.6,60.0,1.0,True,1,230.02,1,480.14,-250.13,19.4,0.05,0.24,1.0,0.887,3803.12,2035.22,1767.9,30.28,65.14,89.6,UP,180,95,5838.34,16.8,300.0,1.0,True,5,2950.48,1,480.14,2470.34,44.9,0.251,0.442,1.0,0.977,14175.15,9473.74,4701.41,19.88,59.94,82.3,UP,674,317,23648.89,62.8,900.0,1.0,True,16,10732.79,8,5124.31,5608.49,67.6,0.557,0.593,1.0,0.992,-186.41,-1303.93,-409.31,7.02,-9.77,1.0,-266.68,-0.5134,268.93,0.2303,0.669,DOWN,1789713637990,BUY,230.02,0.0384,1789713540000,ok,1.0,1.0,1.0,continuous,1,5,0,,0,0,0,0,False,564,0.03838,0.0384,5.21,0.31,-0.0484,0.1578,19357.43,21327.4,52.1,1789713644315,594,False,,,,
2,v2,v1.2,REALF_PY_V4_2_DERIVED,ZPTDIFAT_PY_V1_4_DERIVED,fc-v1,native,,058e38aec59f4c35,20260918_062941,221,ETH_20260918_064050_496,ETHUSDT,BINANCE,FUTURES,TOP100,2,75000,1789713650496,2026-09-18T06:40:50.496+00:00,12,True,1789713650465,1789713650496,59.3,1789713600000,1789713659999,False,50.5,2484.46,-0.0302,60.2,PRICE AHEAD,True,500,63.6,56.1,60.6,54.9,-0.00163,0.72,0.27,0.00142,0.73,0.87,46.7,65.0,-8.5,YOK,7.5,1.0,2480.408553851107,-0.163,CLV_PROXY_1M,0,0.0,100.0,60.2,60.8,56.8,55.3,-0.6,3.4,4.9,-0.00163,2e-05,-0.0004,-0.00068,50.97,46.13,31.31,25.61,4.84,19.66,25.36,62.26,62.33,500,native,50.97,NORMAL,62.26,62.33,True,300,68.9,BULL,BOS UP,HH/MIX,LH/LL,SQZ,72.5,True,True,499,18,63.9,1789712520000,LOW,2481.26,1.91,,,,2469.0299999999997,9.2,2,0,2,2486.88,2469.0299999999997,HIGH_SWEEP,17,2486.11,False,False,0.0675,499,native,52.29,NORMAL,58.56,59.0,True,300,42.9,BULL,BOS UP,MIX/LL,MIX/HL,RANGE,79.1,True,True,498,35,76.1,1789707240000,LOW,2469.0,4.44,2486.685,0.64,2,,,,1,0,2486.685,2477.52,HIGH_SWEEP,6,2486.49,False,False,0.1402,499,native,49.25,NORMAL,52.9,47.0,True,300,84.3,BULL,BOS UP,HH/HL,MIX/LL,TR UP,91.8,True,True,498,18,61.2,1789708200000,LOW,2469.0,3.15,,,,2365.835,24.14,2,0,1,2492.55,2365.835,HIGH_SWEEP,19,2482.2,False,False,0.1978,499,native,65.95,NORMAL,61.44,63.67,True,300,73.3,BULL,BOS UP,HH/MIX,HH/HL,TR UP,74.1,True,True,498,6,39.9,1789707600000,LOW,2435.39,5.99,,,,2435.74,5.95,2,0,1,2492.55,2435.74,HIGH_SWEEP,5,2484.99,False,False,0.3292,499,native,79.83,YORGUN,87.52,97.33,True,300,73.3,BEAR,BOS DN,HH/HL,HH/MIX,TR DN,84.8,True,True,498,65,44.7,1789477200000,HIGH,2614.99,7.64,,,,,,,0,0,2484.0,2435.39,HIGH_SWEEP,1,2484.0,True,False,0.6888,499,native,65.6,NORMAL,76.96,88.0,True,300,51.7,TR-DN,CHOCH DN,MIX/HL,MIX/HL,TR-DN,70.6,True,True,498,14,32.7,1789502400000,HIGH,2614.99,3.28,,,,1862.655,15.59,2,0,2,2614.99,1862.655,HIGH_SWEEP,38,2522.75,False,False,1.6086,303,7317,2210656.3,1861340.33,349315.97,8.58,54.29,66.7,UP,2788,642,4071996.63,42.2,60.0,1.0,True,12,1474134.09,6,930382.54,543751.55,73.1,0.458,1.0,1.0,0.995,14205196.35,8673567.55,5531628.8,24.18,62.09,86.0,UP,14259,3170,22878763.9,104.9,300.0,1.0,True,48,10447741.29,25,4565770.96,5881970.33,85.6,0.677,1.0,1.0,0.999,20907832.26,25800016.72,-4892184.47,-10.47,44.76,30.1,DOWN,31734,7317,46707848.98,272.7,732.0,0.8133,False,65,13484918.24,68,15287752.85,-1802834.61,89.7,0.845,1.0,0.813,1.0,-1430456.96,1230010.0,,-19.73,1.79,0.7467,1136931.11,0.3519,1082449.99,0.2366,0.1277,NONE,1789713647418,BUY,96365.91,2484.49,1789713540000,ok,1.0,1.0004,1.0,continuous,1,641,0,,0,0,0,0,False,598,2484.46,2484.47,0.04,0.003,0.0824,0.1189,324249.05,274888.67,0.78,1789713650351,145,False,,,,
2,v2,v1.2,REALF_PY_V4_2_DERIVED,ZPTDIFAT_PY_V1_4_DERIVED,fc-v1,native,,058e38aec59f4c35,20260918_062941,222,BNB_20260918_064053_075,BNBUSDT,BINANCE,FUTURES,TOP100,4,25000,1789713653075,2026-09-18T06:40:53.075+00:00,12,True,1789713653075,1789713653075,59.3,1789713600000,1789713659999,False,53.1,753.74,-0.0106,57.8,FAIR (DENGE),True,500,61.8,48.9,61.2,54.9,0.00026,1.16,0.54,0.00103,0.742,1.51,49.0,55.0,-18.1,YOK,13.0,0.928,753.9397350179339,0.026,CLV_PROXY_1M,0,0.0,100.0,57.8,54.0,53.3,50.1,3.8,4.5,7.7,0.00026,-0.00034,-0.00021,-0.00091,50.66,43.89,23.29,15.53,6.77,27.37,35.13,67.37,64.33,500,native,50.66,NORMAL,67.37,64.33,True,300,43.5,BEAR,BOS DN,HH/MIX,HH/MIX,RANGE,75.1,True,True,499,11,52.5,1789712940000,HIGH,754.74,2.36,,,,735.76,42.38,2,0,1,754.74,735.76,HIGH_SWEEP,18,754.62,False,False,0.0563,499,native,34.8,NORMAL,46.12,29.33,True,300,71.8,BULL,BOS UP,HH/MIX,LH/LL,RANGE,74.2,True,True,498,12,53.9,1789711380000,LOW,751.67,2.11,,,,733.985,20.13,2,0,2,755.98,733.985,HIGH_SWEEP,27,753.4,False,False,0.1302,499,native,47.72,NORMAL,52.25,43.0,True,300,71.0,BULL,BOS UP,HH/MIX,HH/MIX,TR UP,80.5,True,True,498,18,50.9,1789708200000,LOW,749.39,2.98,,,,751.405,1.6,2,0,2,755.98,751.405,HIGH_SWEEP,7,755.08,False,False,0.1933,499,native,57.28,NORMAL,58.62,49.33,True,300,78.6,BULL,BOS UP,HH/HL,HH/HL,TR UP,91.5,True,True,498,29,31.8,1789686900000,LOW,733.95,7.72,,,,,,,0,0,754.71,733.95,HIGH_SWEEP,5,754.71,False,False,0.3404,499,native,94.11,ASIRI,90.79,95.33,True,300,72.9,BULL,BOS UP,HH/MIX,HH/MIX,TR UP,76.1,True,True,498,10,47.2,1789675200000,LOW,721.24,7.07,,,,,,,0,0,732.95,721.24,HIGH_SWEEP,18,729.58,False,False,0.6104,499,native,88.99,ASIRI,96.29,95.67,True,300,40.4,BULL,BOS UP,LH/LL,HH/HL,RANGE,86.1,True,True,498,4,31.3,1789646400000,LOW,704.34,5.25,,,,,,,0,0,725.94,704.34,HIGH_SWEEP,6,725.94,False,False,1.2519,428,2580,266409.98,86226.69,180183.29,51.1,75.55,94.1,UP,831,166,352636.68,32.2,60.0,1.0,True,3,102058.81,1,32700.78,69358.02,66.3,0.392,0.887,1.0,0.993,877059.7,511352.25,365707.45,26.34,63.17,87.5,UP,4168,894,1388411.95,133.1,300.0,1.0,True,6,199950.11,5,165024.02,34926.09,88.0,0.727,1.0,1.0,0.999,1397262.29,2014764.43,-617502.13,-18.1,40.95,19.6,DOWN,11705,2270,3412026.72,289.5,900.0,1.0,True,8,304445.28,18,688812.02,-384366.74,93.8,0.853,1.0,1.0,1.0,145709.58,480153.57,232176.82,15.86,17.14,1.0,77415.42,0.3668,63084.44,0.2272,-0.122,UP,1789713637983,BUY,26888.76,753.82,1789713540000,ok,1.0,1.0,1.0,continuous,1,165,0,,0,0,0,0,False,632,753.73,753.74,0.133,-0.038,-0.2955,-0.0676,99614.42,183169.43,2.59,1789713652937,138,False,,AGGRESSIVE_BUYER,,
2,v2,v1.2,REALF_PY_V4_2_DERIVED,ZPTDIFAT_PY_V1_4_DERIVED,fc-v1,native,,058e38aec59f4c35,20260918_062941,223,XRP_20260918_064055_650,XRPUSDT,BINANCE,FUTURES,TOP100,5,25000,1789713655650,2026-09-18T06:40:55.650+00:00,12,True,1789713655650,1789713655650,59.0,1789713600000,1789713659999,False,55.6,1.3233,0.0227,67.9,PRICE AHEAD,True,500,72.9,61.2,66.2,65.4,-0.00437,0.8,-0.48,0.00169,0.74,1.76,81.7,50.0,-1.3,YOK,11.7,1.0,1.3175246133970726,-0.436,CLV_PROXY_1M,0,0.0,100.0,67.9,64.6,60.8,53.9,3.3,7.1,14.0,-0.00437,-0.00034,-0.00096,-0.00231,69.38,64.75,57.93,52.02,4.63,11.45,17.36,79.38,82.0,500,native,69.38,NORMAL,79.38,82.0,True,300,73.4,BEAR,BOS DN,HH/HL,HH/HL,SQZ,85.2,True,True,499,55,52.6,1789710300000,HIGH,1.3237,0.31,,,,1.3032,15.35,2,0,2,1.3232,1.3032,HIGH_SWEEP,4,1.3232,False,False,0.099,499,native,73.2,YORGUN,80.98,91.67,True,300,29.1,BULL,BOS UP,LH/LL,HH/HL,RANGE,90.5,True,True,498,35,58.0,1789707240000,LOW,1.3133,3.93,,,,,,,0,0,1.3228,1.3164,HIGH_SWEEP,4,1.3228,False,False,0.1943,499,native,65.35,NORMAL,78.69,83.67,True,300,61.0,BULL,BOS UP,MIX/HL,LH/LL,RANGE,74.0,True,True,498,35,67.7,1789703100000,LOW,1.3045,5.49,,,,,,,0,0,1.3228,1.3164,HIGH_SWEEP,3,1.3228,False,False,0.2603,499,native,58.49,NORMAL,59.05,65.67,True,300,76.7,TR-UP,CHOCH UP,HH/HL,MIX/HL,TR-UP,84.3,True,True,498,22,25.8,1789693200000,LOW,1.2867,6.5,,,,,,,0,0,1.3286,1.3133,HIGH_SWEEP,23,1.3002,False,False,0.4261,499,native,81.09,YORGUN,81.77,93.0,True,300,74.1,TR-UP,CHOCH UP,HH/MIX,HH/MIX,TR-UP,74.3,True,True,498,3,82.2,1789700400000,LOW,1.2867,3.03,,,,,,,0,0,1.3201,1.2867,HIGH_SWEEP,1,1.3201,True,False,0.9194,499,native,49.78,NORMAL,59.22,75.67,True,300,47.1,TR-DN,CHOCH DN,HH/MIX,MIX/LL,TR-DN,75.8,True,True,498,15,73.1,1789488000000,HIGH,1.4916,5.29,1.5507,7.15,2,0.98775,10.55,2,1,1,1.5507,0.98775,EQH_SWEEP,57,1.43175,False,False,2.3989,951,2666,1196326.23,353154.81,843171.42,54.42,77.21,94.4,UP,2072,187,1549481.04,35.6,60.0,1.0,True,12,957024.12,5,181637.21,775386.91,70.3,0.416,1.0,1.0,0.984,4199253.04,2248597.81,1950655.23,30.25,65.13,89.6,UP,9337,972,6447850.85,165.6,300.0,1.0,True,50,3175505.08,25,1284956.23,1890548.85,90.0,0.768,1.0,1.0,0.997,6115351.41,4832794.34,1282557.07,11.71,55.86,71.9,UP,20757,2397,10948145.75,323.7,900.0,1.0,True,68,4072728.89,48,2656382.0,1416346.88,94.4,0.866,1.0,1.0,0.999,798711.51,938206.25,819136.73,18.31,5.38,1.0,322528.35,0.4653,303421.13,0.2353,0.2099,NONE,1789713653449,SELL,59732.85,1.3234,1789713540000,ok,1.0,1.0,1.0,continuous,1,185,0,,0,0,0,0,False,666,1.3233,1.3234,0.756,0.111,0.1327,0.3981,1129295.68,864765.88,14.74,1789713655516,134,False,,AGGRESSIVE_BUYER,,
2,v2,v1.2,REALF_PY_V4_2_DERIVED,ZPTDIFAT_PY_V1_4_DERIVED,fc-v1,native,,058e38aec59f4c35,20260918_062941,224,DOGE_20260918_064058_580,DOGEUSDT,BINANCE,FUTURES,TOP100,12,15000,1789713658580,2026-09-18T06:40:58.580+00:00,12,True,1789713658377,1789713658580,59.2,1789713600000,1789713659999,False,58.4,0.08434,-0.0119,65.3,PRICE AHEAD,True,500,70.8,57.2,66.1,59.0,-0.00256,0.61,-0.47,0.00157,0.679,1.11,57.0,50.0,-13.6,YOK,13.6,1.0,0.08412421608808407,-0.256,CLV_PROXY_1M,0,0.0,100.0,65.3,62.6,60.1,53.6,2.7,5.2,11.7,-0.00256,0.0002,-0.00067,-0.00197,58.42,53.99,40.91,32.58,4.43,17.51,25.84,68.52,69.33,500,native,58.42,NORMAL,68.52,69.33,True,300,65.3,BEAR,BOS DN,HH/HL,HH/HL,SQZ,86.7,True,True,499,22,38.7,1789712280000,HIGH,0.08443,1.18,0.084395,0.72,2,0.08135,39.13,2,1,1,0.084395,0.08135,EQH_SWEEP,4,0.084395,False,False,0.0906,499,native,53.77,NORMAL,63.88,60.67,True,300,61.5,BULL,BOS UP,MIX/HL,MIX/HL,RANGE,73.3,True,True,498,34,48.5,1789707420000,LOW,0.08373,4.04,0.08449000000000001,0.91,2,,,,1,0,0.08449000000000001,0.08417,LOW_SWEEP,13,0.08419,False,False,0.182,499,native,46.75,NORMAL,58.21,52.67,True,300,62.6,BULL,BOS UP,MIX/HL,MIX/HL,TR UP,80.0,True,True,498,35,93.1,1789703100000,LOW,0.08223,9.68,,,,0.07986,20.44,2,0,1,0.08448,0.07986,HIGH_SWEEP,19,0.08459,False,False,0.261,499,native,61.01,NORMAL,56.54,59.0,True,300,79.8,BULL,BOS UP,HH/HL,HH/HL,TR UP,84.7,True,True,498,21,43.6,1789694100000,LOW,0.08114,8.85,,,,0.080555,10.46,2,0,1,0.08469,0.080555,HIGH_SWEEP,64,0.08179,False,False,0.4296,499,native,89.16,ASIRI,86.27,96.67,True,300,89.8,BULL,BOS UP,HH/HL,LH/LL,TR UP,90.7,True,True,498,4,51.5,1789696800000,LOW,0.08114,4.45,,,,,,,0,0,0.08253,0.08114,HIGH_SWEEP,21,0.08134,False,False,0.8609,499,native,73.13,YORGUN,86.83,92.67,True,300,47.5,BEAR,BOS DN,HH/MIX,LH/MIX,TR DN,73.2,True,True,498,16,26.7,1789473600000,HIGH,0.08616,1.18,,,,0.07835,3.93,2,0,1,0.08616,0.07835,HIGH_SWEEP,20,0.08534,False,False,1.8093,2357,1735,234372.05,81958.89,152413.16,48.18,74.09,93.9,UP,1157,116,316330.94,19.2,60.0,1.0,True,7,172260.35,1,15203.02,157057.33,57.3,0.277,0.875,1.0,0.961,1002043.15,580766.36,421276.79,26.62,63.31,87.6,UP,4725,514,1582809.51,70.2,300.0,1.0,True,16,701131.94,9,269869.81,431262.14,80.6,0.584,1.0,1.0,0.992,1926764.69,2118041.73,-191277.04,-4.73,47.64,40.5,DOWN,10988,1396,4044806.43,172.9,900.0,1.0,True,31,1151001.1,34,1193936.08,-42934.99,90.3,0.776,1.0,1.0,0.997,161224.01,236581.58,137359.73,32.12,7.12,1.0,51345.85,0.3689,58230.37,0.1839,0.1706,NONE,1789713642701,SELL,15203.02,0.08436,1789713540000,ok,1.0,1.0,1.0,continuous,1,115,0,,0,0,0,0,False,700,0.08436,0.08437,1.185,-0.303,0.0505,-0.0409,899308.88,812843.17,23.11,1789713658211,369,False,,AGGRESSIVE_BUYER,,
2,v2,v1.2,REALF_PY_V4_2_DERIVED,ZPTDIFAT_PY_V1_4_DERIVED,fc-v1,native,,058e38aec59f4c35,20260918_062941,225,LINK_20260918_064101_145,LINKUSDT,BINANCE,FUTURES,TOP100,17,10000,1789713661145,2026-09-18T06:41:01.145+00:00,12,True,1789713661145,1789713661145,58.7,1789713600000,1789713659999,True,61.1,11.826,0.0338,54.9,FAIR (DENGE),True,500,56.9,52.2,54.6,53.1,-0.00097,0.98,0.73,0.00192,0.685,1.17,66.0,50.0,22.4,YOK,4.7,1.0,11.814561898158882,-0.097,CLV_PROXY_1M,0,0.0,100.0,54.9,55.8,53.8,54.7,-0.9,1.1,0.2,-0.00097,0.0005,-0.00022,-0.00055,74.62,72.21,66.67,60.12,2.41,7.95,14.5,80.77,79.0,500,native,74.62,YORGUN,80.77,79.0,True,300,90.9,BULL,BOS UP,HH/HL,HH/HL,RANGE,92.9,True,True,499,4,55.7,1789713360000,LOW,11.772,3.74,,,,11.377500000000001,31.04,2,0,1,11.811,11.377500000000001,HIGH_SWEEP,23,11.779,False,False,0.1222,499,native,81.42,YORGUN,84.93,92.67,True,300,45.2,BULL,BOS UP,LH/LL,HH/MIX,RANGE,88.3,True,True,498,6,67.9,1789712460000,LOW,11.705,4.15,,,,,,,0,0,11.776,11.705,HIGH_SWEEP,11,11.776,False,False,0.2466,499,native,75.59,YORGUN,86.7,92.33,True,300,76.6,BULL,BOS UP,HH/MIX,LH/LL,TR UP,75.7,True,True,498,1,46.5,1789713300000,LOW,11.705,3.01,,,,,,,0,0,11.817,11.705,HIGH_SWEEP,21,11.802,False,False,0.3401,499,native,64.83,NORMAL,69.07,72.33,True,300,77.6,BULL,BOS UP,HH/HL,HH/HL,TR UP,87.9,True,True,498,29,54.8,1789686900000,LOW,11.25,8.99,,,,11.0905,11.48,2,0,1,11.817,11.0905,HIGH_SWEEP,64,11.34,False,False,0.544,499,native,90.78,ASIRI,89.16,95.67,True,300,83.3,TR-UP,CHOCH UP,HH/HL,MIX/LL,TR-UP,86.0,True,True,498,5,51.0,1789693200000,LOW,11.089,6.11,12.7855,7.96,2,,,,1,0,12.7855,11.25,LOW_SWEEP,37,10.67,False,False,1.0287,499,native,76.0,YORGUN,89.14,93.0,True,300,17.7,BEAR,BOS DN,LH/LL,HH/MIX,RANGE,86.2,True,True,498,15,24.8,1789488000000,HIGH,11.961,0.54,,,,8.062,15.01,2,0,1,11.961,8.062,EQH_SWEEP,83,12.035499999999999,False,False,2.133,1655,1348,113589.66,52376.13,61213.53,36.88,68.44,92.0,UP,567,87,165965.79,31.2,60.0,1.0,True,4,51410.33,0,0.0,51410.33,63.7,0.384,0.805,1.0,0.972,453246.39,298460.6,154785.79,20.59,60.3,83.0,UP,2643,457,751706.98,113.9,300.0,1.0,True,9,157027.38,5,87258.6,69768.78,85.6,0.695,0.969,1.0,0.994,1144925.79,776270.31,368655.48,19.19,59.59,81.6,UP,6798,1195,1921196.1,270.4,900.0,1.0,True,18,468931.64,12,234833.38,234098.26,93.4,0.844,1.0,1.0,0.998,57818.39,-230288.05,-65540.61,16.41,-8.91,1.0,32270.9,0.2812,28213.55,0.1877,0.3844,NONE,1789713638015,BUY,10179.84,11.828638907286694,1789713540000,ok,1.0,1.0,1.0,continuous,1,85,0,,0,0,0,0,False,34,11.825,11.826,0.846,0.095,-0.0965,0.2702,195375.47,237096.8,16.49,1789713660968,177,False,,,,
2,v2,v1.2,REALF_PY_V4_2_DERIVED,ZPTDIFAT_PY_V1_4_DERIVED,fc-v1,native,,058e38aec59f4c35,20260918_062941,226,ADA_20260918_064104_150,ADAUSDT,BINANCE,FUTURES,TOP100,19,10000,1789713664150,2026-09-18T06:41:04.150+00:00,12,True,1789713663709,1789713664150,58.7,1789713600000,1789713659999,True,63.7,0.2136,0.0,49.7,FAIR (DENGE),True,500,51.0,42.9,55.2,49.8,0.00292,-0.2,-0.44,0.00164,0.63,1.14,42.0,55.0,1.0,YOK,12.3,0.091,0.21422446211033846,0.292,CLV_PROXY_1M,0,0.0,100.0,49.7,46.3,39.3,40.0,3.4,10.4,9.7,0.00292,-8e-05,-0.00092,-0.00131,49.5,48.18,51.46,61.85,1.32,-1.96,-12.35,54.24,48.67,500,native,49.5,NORMAL,54.24,48.67,True,300,64.3,TR-UP,CHOCH UP,MIX/HL,HH/MIX,SQZ,75.3,True,True,499,25,50.5,1789712100000,LOW,0.2126,3.35,0.2138,0.67,2,,,,2,0,0.2138,0.213,EQH_SWEEP,4,0.2138,False,False,0.14,499,native,70.09,NORMAL,67.18,64.33,True,300,21.7,BEAR,BOS DN,LH/LL,MIX/HL,RANGE,86.5,True,True,498,27,70.8,1789708680000,HIGH,0.2173,6.85,,,,,,,0,0,0.2151,0.2121,LOW_SWEEP,47,0.2143,False,False,0.2601,499,native,55.72,NORMAL,61.82,60.67,True,300,20.0,TR-DN,CHOCH DN,LH/LL,LH/LL,TR-DN,85.4,True,True,498,10,28.1,1789710600000,HIGH,0.2151,2.13,,,,0.1903,30.87,3,0,1,0.2151,0.1903,HIGH_SWEEP,34,0.2159,False,False,0.3519,499,native,45.33,NORMAL,44.03,39.0,True,300,66.8,BULL,BOS UP,MIX/HL,LH/LL,TR UP,78.2,True,True,498,26,55.4,1789689600000,LOW,0.1997,9.05,0.21739999999999998,2.48,2,0.1972,10.68,2,1,2,0.21739999999999998,0.1972,HIGH_SWEEP,27,0.2027,False,False,0.7191,499,native,86.09,ASIRI,76.3,88.67,True,300,87.0,BULL,BOS UP,HH/HL,HH/HL,EXP UP,84.6,True,True,498,6,53.5,1789689600000,LOW,0.1901,7.58,,,,,,,0,0,0.2042,0.1997,EQH_SWEEP,29,0.19690000000000002,False,False,1.4575,499,native,75.76,YORGUN,88.18,90.0,True,300,41.5,TR-UP,CHOCH UP,LH/LL,LH/LL,TR-UP,84.5,True,True,498,1,52.5,1789689600000,LOW,0.1901,4.32,,,,,,,0,0,0.2159,0.1901,LOW_SWEEP,52,0.2148,False,True,2.5151,516,1024,117480.2,29609.24,87870.96,59.74,79.87,94.6,UP,286,49,147089.44,3.3,60.0,1.0,True,2,108952.93,1,19448.84,89504.09,30.4,0.061,0.792,1.0,0.991,446652.85,272537.23,174115.62,24.21,62.1,86.0,UP,1556,276,719190.07,17.3,300.0,1.0,True,9,382610.47,8,193905.14,188705.33,57.5,0.258,0.964,1.0,0.998,1028036.2,861574.33,166461.88,8.81,54.4,67.1,UP,4398,886,1889610.53,56.7,900.0,1.0,True,27,824859.34,20,644678.18,180181.15,77.6,0.531,1.0,1.0,0.999,42803.67,74232.92,76469.69,0.06,7.05,1.0,46323.21,0.5411,44258.05,0.3077,0.0025,NONE,1789713638090,SELL,19448.84,0.2137,1789713540000,ok,1.0,1.0,1.0,continuous,1,48,0,,0,0,0,0,False,68,0.2135,0.2136,4.683,0.728,0.0931,0.0909,2436293.31,2021460.6,91.31,1789713663474,676,False,,AGGRESSIVE_BUYER,,
2,v2,v1.2,REALF_PY_V4_2_DERIVED,ZPTDIFAT_PY_V1_4_DERIVED,fc-v1,native,,058e38aec59f4c35,20260918_062941,227,LTC_20260918_064106_929,LTCUSDT,BINANCE,FUTURES,TOP100,25,10000,1789713666929,2026-09-18T06:41:06.929+00:00,12,True,1789713666719,1789713666929,58.5,1789713660000,1789713719999,False,6.7,54.95,0.0,58.7,PRICE AHEAD,True,500,62.4,57.2,56.8,50.0,-0.00271,0.39,0.32,0.00122,0.562,0.0,0.3,40.0,-18.2,YOK,5.5,1.0,54.80145188137415,-0.27,CLV_PROXY_1M,0,0.0,100.0,58.7,62.8,65.2,62.4,-4.1,-6.5,-3.7,-0.00271,0.0001,0.00057,0.00039,64.27,60.54,54.73,56.52,3.73,9.54,7.75,71.54,76.33,500,native,64.27,NORMAL,71.54,76.33,True,300,84.7,BULL,BOS UP,HH/HL,MIX/HL,TR UP,86.9,True,True,499,14,64.2,1789712820000,LOW,54.78,3.43,,,,54.76,3.84,2,0,2,55.02,54.76,HIGH_SWEEP,38,54.92,False,False,0.0901,499,native,66.66,NORMAL,76.22,83.67,True,300,63.7,BULL,BOS UP,MIX/HL,HH/HL,RANGE,81.4,True,True,498,35,50.6,1789707240000,LOW,54.29,6.4,54.974999999999994,0.24,2,,,,2,0,54.974999999999994,54.78,EQH_SWEEP,4,55.0,False,False,0.1878,499,native,62.34,NORMAL,73.85,74.33,True,300,76.3,BULL,BOS UP,HH/HL,HH/HL,TR UP,86.1,True,True,498,35,51.2,1789703100000,LOW,54.32,4.52,,,,53.86,7.82,2,0,3,55.0,53.86,HIGH_SWEEP,3,55.0,False,False,0.2539,499,native,74.09,YORGUN,75.62,81.33,True,300,71.1,BULL,BOS UP,MIX/HL,HH/MIX,TR UP,85.7,True,True,498,24,95.3,1789691400000,LOW,53.59,6.02,,,,,,,0,0,53.98,54.29,EQH_SWEEP,26,53.989999999999995,False,False,0.4112,499,native,87.71,ASIRI,88.07,95.33,True,300,88.0,BULL,BOS UP,HH/HL,HH/HL,TR UP,83.5,True,True,498,6,68.8,1789689600000,LOW,52.46,5.71,,,,,,,0,0,54.0,52.46,HIGH_SWEEP,21,52.81,False,False,0.7963,499,native,81.37,YORGUN,89.37,93.33,True,300,51.6,TR-DN,CHOCH DN,HH/MIX,LH/LL,TR-DN,72.3,True,True,498,14,38.2,1789502400000,HIGH,55.24,0.34,,,,,,,0,0,55.24,50.13,HIGH_SWEEP,30,54.28,False,False,1.559,3980,619,33364.69,13291.6,20073.09,43.02,71.51,93.2,UP,178,39,46656.29,6.4,60.0,1.0,True,2,23686.5,0,0.0,23686.5,36.8,0.113,0.667,1.0,0.934,144581.52,64221.95,80359.57,38.49,69.24,92.4,UP,686,131,208803.48,20.8,300.0,1.0,True,5,109199.29,1,10041.98,99157.31,57.8,0.293,0.83,1.0,0.987,556161.66,427386.2,128775.47,13.09,56.55,74.0,UP,3127,553,983547.86,78.9,900.0,1.0,True,14,303803.24,12,202722.13,101081.1,82.1,0.612,0.998,1.0,0.996,-34448.05,-30638.4,-2687.78,-19.16,-4.12,1.0,29483.81,0.5988,18080.47,0.433,0.3033,NONE,1789713638006,BUY,12625.7,54.95,1789713540000,ok,1.0,1.0,1.0,continuous,1,38,0,,0,0,0,0,False,102,54.94,54.95,1.82,0.678,0.1354,0.3633,800178.52,609309.1,35.49,1789713666569,360,False,,AGGRESSIVE_BUYER,,
2,v2,v1.2,REALF_PY_V4_2_DERIVED,ZPTDIFAT_PY_V1_4_DERIVED,fc-v1,native,,058e38aec59f4c35,20260918_062941,228,AVAX_20260918_064109_498,AVAXUSDT,BINANCE,FUTURES,TOP100,31,5000,1789713669498,2026-09-18T06:41:09.498+00:00,12,True,1789713669498,1789713669498,58.5,1789713660000,1789713719999,False,9.5,7.896,-0.0127,49.3,FAIR (DENGE),True,500,50.6,42.7,54.4,50.0,0.00248,0.36,0.04,0.00129,0.603,0.0,0.3,45.0,4.4,YOK,11.7,0.223,7.91560727808063,0.248,CLV_PROXY_1M,0,0.0,100.0,49.3,52.7,49.7,46.6,-3.4,-0.4,2.7,0.00248,4e-05,-0.00056,-0.00103,66.68,65.35,60.4,60.2,1.33,6.28,6.48,70.54,68.0,500,native,66.68,NORMAL,70.54,68.0,True,300,72.2,BEAR,BOS DN,HH/HL,HH/HL,SQZ,81.5,True,True,499,61,64.9,1789710000000,HIGH,7.93,4.99,7.9415,6.68,2,,,,1,0,7.9415,7.88,LOW_SWEEP,20,7.873,False,False,0.0863,499,native,65.12,NORMAL,75.67,78.0,True,300,59.1,BULL,BOS UP,MIX/HL,HH/MIX,RANGE,69.2,True,True,498,71,79.7,1789700760000,LOW,7.677,14.24,,,,7.6285,17.39,2,0,1,7.903,7.6285,HIGH_SWEEP,80,7.723,False,False,0.1948,499,native,41.84,NORMAL,53.07,45.33,True,300,60.7,BULL,BOS UP,MIX/HL,MIX/HL,RANGE,74.1,True,True,498,43,66.0,1789700700000,LOW,7.677,9.54,,,,,,,0,0,7.942,7.857,HIGH_SWEEP,48,7.723,False,False,0.2907,499,native,55.71,NORMAL,53.66,49.67,True,300,79.5,BULL,BOS UP,HH/HL,MIX/HL,TR UP,85.4,True,True,498,23,54.9,1789692300000,LOW,7.545,8.36,,,,,,,0,0,7.968,7.584,EQH_SWEEP,23,7.648,False,False,0.534,499,native,87.62,ASIRI,82.15,89.33,True,300,91.4,TR-UP,CHOCH UP,HH/HL,LH/LL,TR-UP,94.6,True,True,498,3,96.7,1789700400000,LOW,7.545,4.37,8.192,3.66,3,7.186,8.83,2,1,1,8.192,7.186,EQL_SWEEP,37,7.186,False,False,1.023,499,native,84.71,ASIRI,90.52,93.0,True,300,78.7,BULL,BOS UP,HH/MIX,HH/MIX,RANGE,76.8,True,True,498,1,80.2,1789689600000,LOW,7.171,4.77,,,,7.173500000000001,4.76,2,0,1,7.8,7.173500000000001,LOW_SWEEP,15,7.243,False,False,1.9116,2357,746,34106.45,16991.54,17114.91,33.49,66.75,90.9,UP,323,66,51097.98,12.4,60.0,1.0,True,3,20973.26,1,6876.55,14096.71,46.4,0.198,0.677,1.0,0.961,122412.56,134133.97,-11721.41,-4.57,47.72,40.8,DOWN,1314,215,256546.52,44.1,300.0,1.0,True,6,56590.87,10,80480.89,-23890.03,70.3,0.468,0.852,1.0,0.992,427053.8,360523.02,66530.78,8.45,54.22,66.5,UP,3760,642,787576.83,128.4,900.0,1.0,True,18,163477.55,22,206744.54,-43266.99,87.0,0.72,0.974,1.0,0.997,36104.75,-16005.92,-21386.1,37.32,-2.9,1.0,287.2,0.0073,-2307.2,-0.045,0.0257,NONE,1789713637991,BUY,9911.6,7.897686055776892,1789713540000,ok,1.0,1.0,1.0,continuous,1,63,0,,0,0,0,0,False,136,7.896,7.897,1.266,-0.018,0.0153,-0.0614,322488.12,312786.7,24.69,1789713669352,146,False,,,,
2,v2,v1.2,REALF_PY_V4_2_DERIVED,ZPTDIFAT_PY_V1_4_DERIVED,fc-v1,native,,058e38aec59f4c35,20260918_062941,229,SUI_20260918_064112_064,SUIUSDT,BINANCE,FUTURES,TOP100,35,5000,1789713672064,2026-09-18T06:41:12.064+00:00,12,True,1789713672056,1789713672064,58.0,1789713660000,1789713719999,False,12.1,0.7788,0.0128,56.4,FAIR (DENGE),True,500,59.7,51.2,58.5,50.0,-0.00057,0.3,-0.02,0.00209,0.59,0.01,0.3,50.0,-2.3,YOK,8.5,1.0,0.7783596746022609,-0.057,CLV_PROXY_1M,0,0.0,100.0,56.4,61.0,56.9,55.4,-4.6,-0.5,1.0,-0.00057,-0.00014,-0.00068,-0.00078,80.32,78.09,73.3,68.41,2.23,7.02,11.91,84.34,88.33,500,native,80.32,YORGUN,84.34,88.33,True,300,87.4,BULL,BOS UP,HH/HL,HH/HL,SQZ,87.8,True,True,499,3,20.7,1789713480000,LOW,0.775,3.51,,,,,,,0,0,0.7798,0.775,HIGH_SWEEP,19,0.777,False,False,0.1391,499,native,73.94,YORGUN,84.85,92.33,True,300,72.1,BULL,BOS UP,MIX/HL,MIX/HL,RANGE,68.4,True,True,498,1,18.5,1789713360000,LOW,0.7738,2.25,,,,0.7292,22.72,2,0,3,0.7778,0.7292,HIGH_SWEEP,52,0.7849,False,False,0.28,499,native,55.41,NORMAL,74.36,71.67,True,300,60.8,BULL,BOS UP,MIX/HL,MIX/HL,RANGE,74.3,True,True,498,42,48.0,1789701000000,LOW,0.7643,4.67,,,,0.71575,20.4,2,0,2,0.7849,0.71575,HIGH_SWEEP,92,0.7365,False,False,0.3965,499,native,47.9,NORMAL,51.74,42.0,True,300,78.5,BULL,BOS UP,HH/HL,MIX/HL,TR UP,90.8,True,True,498,29,53.6,1789686900000,LOW,0.7287,8.56,,,,0.7289,8.52,2,0,1,0.7899,0.7289,HIGH_SWEEP,58,0.7351,False,False,0.7551,499,native,88.07,ASIRI,76.68,86.0,True,300,83.0,TR-UP,CHOCH UP,HH/HL,HH/MIX,TR-UP,88.9,True,True,498,6,40.0,1789689600000,LOW,0.7157,5.73,0.8336,4.98,2,,,,2,0,0.8336,0.7157,LOW_SWEEP,37,0.6814,False,False,1.4211,499,native,86.46,ASIRI,91.52,95.33,True,300,89.3,TR-UP,CHOCH UP,HH/HL,MIX/HL,TR-UP,85.4,True,True,498,1,97.1,1789689600000,LOW,0.6773,5.38,,,,,,,0,0,0.7479,0.6773,LOW_SWEEP,16,0.692,False,False,2.3923,234,1800,154074.76,107469.9,46604.86,17.82,58.91,80.1,UP,876,123,261544.66,24.7,60.0,1.0,True,10,119631.19,4,82581.27,37049.92,61.3,0.331,0.854,1.0,0.996,388900.18,384535.96,4364.22,0.56,50.28,51.2,FLAT,3500,562,773436.15,94.1,300.0,1.0,True,18,245661.63,21,271975.59,-26313.96,83.6,0.653,0.972,1.0,0.999,1464441.89,1231039.35,233402.54,8.66,54.33,66.9,UP,10248,1666,2695481.24,278.1,900.0,1.0,True,72,998837.77,63,798356.01,200481.76,93.6,0.848,1.0,1.0,1.0,61978.98,-118743.25,50134.62,20.81,-5.74,1.0,10337.07,0.0843,457.2,0.003,0.1156,NONE,1789713669979,BUY,5592.33,0.7788,1789713600000,ok,1.0,1.0,1.0,continuous,1,122,0,,0,0,0,0,False,170,0.7789,0.779,1.284,-0.456,-0.0815,-0.009,280146.99,329849.74,25.03,1789713671923,141,False,,,,
2,v2,v1.2,REALF_PY_V4_2_DERIVED,ZPTDIFAT_PY_V1_4_DERIVED,fc-v1,native,,058e38aec59f4c35,20260918_062941,230,AKE_20260918_064115_102,AKEUSDT,BINANCE,FUTURES,TOP100,94,2000,1789713675102,2026-09-18T06:41:15.102+00:00,12,True,1789713674640,1789713675102,58.2,1789713660000,1789713719999,False,14.6,0.022983,0.0131,62.5,PRICE AHEAD,True,500,66.6,64.1,57.0,50.8,-0.02854,-0.02,0.06,0.00743,0.604,0.05,14.7,50.0,15.3,YOK,9.6,1.0,0.02233626268543964,-2.814,CLV_PROXY_1M,0,0.0,100.0,62.5,62.0,58.2,56.6,0.5,4.3,5.9,-0.02854,0.00015,0.0022,0.00445,52.0,54.77,61.4,69.5,-2.77,-9.4,-17.5,46.48,43.33,500,native,52.0,NORMAL,46.48,43.33,True,300,86.9,BULL,BOS UP,HH/HL,HH/HL,TR UP,95.7,True,True,499,18,90.2,1789712580000,LOW,0.021423,6.91,,,,0.021402499999999998,7.0,2,0,1,0.023636,0.021402499999999998,HIGH_SWEEP,39,0.021605,False,False,0.9824,499,native,84.78,ASIRI,74.3,84.67,True,300,91.5,BULL,BOS UP,HH/HL,HH/HL,EXP UP,93.3,True,True,498,6,71.4,1789712460000,LOW,0.021423,4.99,,,,,,,0,0,0.021898,0.021646,LOW_SWEEP,35,0.021228,False,False,1.3752,499,native,87.8,ASIRI,79.2,89.67,True,300,77.3,BULL,BOS UP,MIX/HL,HH/HL,EXP UP,79.7,True,True,498,7,67.7,1789711500000,LOW,0.0214,4.89,,,,,,,0,0,0.02168,0.021423,EQH_SWEEP,35,0.021653,False,False,1.4164,499,native,81.32,YORGUN,92.24,96.0,True,300,42.0,BEAR,BOS DN,LH/MIX,MIX/HL,RANGE,66.1,True,True,498,153,97.0,1789575300000,HIGH,0.028247,12.32,0.029421000000000003,15.06,2,0.0209945,4.65,2,1,3,0.029421000000000003,0.0209945,EQL_SWEEP,56,0.020765,False,False,1.8233,499,native,75.83,YORGUN,95.18,98.0,True,300,70.7,BULL,BOS UP,HH/HL,HH/MIX,RANGE,69.6,True,True,498,74,56.3,1789444800000,LOW,0.014658,9.68,0.029844000000000002,7.95,2,0.012500500000000001,12.18,3,1,2,0.029844000000000002,0.012500500000000001,HIGH_SWEEP,75,0.0165,False,False,3.9837,499,native,41.32,NORMAL,45.06,45.0,True,300,84.7,BULL,BOS UP,HH/HL,MIX/HL,TR UP,90.5,True,True,498,18,80.8,1789444800000,LOW,0.013069,3.89,,,,0.0128725,3.97,2,0,3,0.029888,0.0128725,EQL_SWEEP,67,0.0128725,False,False,11.7969,-69,24962,25094.62,40861.11,-15766.49,-23.9,38.05,14.2,DOWN,2130,1037,65955.74,27.7,60.0,1.0,True,3,8817.39,2,17173.19,-8355.8,59.6,0.357,0.705,1.0,1.0,155088.47,182284.25,-27195.78,-8.06,45.97,34.2,DOWN,11986,6148,337372.72,352.4,300.0,1.0,True,12,33516.59,15,66062.85,-32546.27,91.3,0.876,0.882,1.0,1.0,726385.91,907241.31,-180855.4,-11.07,44.46,29.1,DOWN,47344,24951,1633627.22,1040.8,710.8,0.7898,False,68,224045.25,82,361407.99,-137362.74,93.6,0.954,1.0,0.79,1.0,-11015.39,-21645.26,,-8.37,-3.23,0.7231,-6188.58,-0.1034,-3711.98,-0.055,-0.0257,NONE,1789713651064,BUY,2065.41,0.0229490541,1789713600000,ok,1.0,1.0,1.0,continuous,2,1031,0,,0,0,0,0,False,224,0.022984,0.022986,0.87,0.34,0.0456,0.5215,2762.63,2521.78,8.7,1789713674486,616,False,,FATIGUE_EXTREME,,
2,v2,v1.2,REALF_PY_V4_2_DERIVED,ZPTDIFAT_PY_V1_4_DERIVED,fc-v1,native,,058e38aec59f4c35,20260918_062941,231,PONS_20260918_064117_911,PONSUSDT,BINANCE,FUTURES,OUTSIDE100,112,2000,1789713677911,2026-09-18T06:41:17.911+00:00,12,True,1789713677708,1789713677911,58.2,1789713660000,1789713719999,False,17.7,0.7294,0.0686,60.1,PRICE AHEAD,True,500,63.1,57.6,60.8,50.8,-0.00831,-0.15,-0.82,0.00552,0.604,0.44,2.3,60.0,-19.8,YOK,5.5,1.0,0.7233642121390158,-0.828,CLV_PROXY_1M,0,0.0,100.0,60.1,60.4,56.8,53.7,-0.3,3.3,6.4,-0.00831,-0.00151,-0.00161,-0.00357,21.24,17.01,16.98,15.32,4.23,4.26,5.92,33.56,25.33,500,native,21.24,DINLENMIS,33.56,25.33,True,300,8.2,BEAR,BOS DN,LH/LL,LH/LL,RANGE,89.6,True,True,499,2,65.6,1789713540000,HIGH,0.7364,3.05,,,,0.7134,6.97,2,0,1,0.7321,0.7134,EQL_SWEEP,11,0.73295,False,False,0.3149,499,native,34.71,NORMAL,26.82,20.0,True,300,26.2,BULL,BOS UP,LH/LL,MIX/HL,RANGE,86.5,True,True,498,76,26.3,1789699860000,LOW,0.6834,9.33,0.7777000000000001,9.8,3,0.63845,18.45,2,1,1,0.7777000000000001,0.63845,HIGH_SWEEP,91,0.6964,False,False,0.6755,499,native,34.44,NORMAL,32.18,24.67,True,300,13.9,BEAR,BOS DN,LH/LL,LH/LL,RANGE,88.2,True,True,498,11,56.1,1789710300000,HIGH,0.7473,2.41,0.7778,6.52,2,,,,1,0,0.7778,0.7235,LOW_SWEEP,9,0.729,False,False,1.022,499,native,44.4,NORMAL,38.18,34.33,True,300,86.2,BULL,BOS UP,HH/HL,MIX/LL,TR UP,93.8,True,True,498,17,77.8,1789697700000,LOW,0.6551,5.2,,,,,,,0,0,0.7781,0.6551,HIGH_SWEEP,18,0.6959,False,False,1.948,289,native,81.04,YORGUN,69.32,77.7,False,269,88.1,BULL,BOS UP,HH/HL,HH/HL,TR UP,88.8,True,True,288,7,54.7,1789686000000,LOW,0.6099,3.96,,,,,,,0,0,0.6721,0.6099,HIGH_SWEEP,6,0.6721,False,False,4.1259,73,native,83.82,ASIRI,83.16,98.11,False,53,74.7,TR-UP,CHOCH UP,HH/MIX,HH/HL,TR-UP,76.3,True,False,72,1,84.3,1789689600000,LOW,0.5483,3.39,,,,,,,0,0,0.6992,0.5483,LOW_SWEEP,12,0.5821,False,False,6.9476,481,2694,42094.78,43291.08,-1196.29,-1.4,49.3,47.1,FLAT,644,173,85385.86,31.6,60.0,1.0,True,6,20124.25,4,19497.48,626.77,62.3,0.387,0.733,1.0,0.992,116253.94,225103.36,-108849.42,-31.89,34.06,9.7,DOWN,3211,933,341357.3,193.7,300.0,1.0,True,10,43377.15,23,131522.76,-88145.61,87.9,0.795,0.883,1.0,0.998,342108.34,477116.8,-135008.45,-16.48,41.76,21.4,DOWN,8198,2435,819225.14,445.8,900.0,1.0,True,36,145988.13,48,263787.9,-117799.77,95.2,0.899,0.978,1.0,0.999,48948.86,-4636.46,3164.18,23.83,0.99,1.0,-32674.07,-0.3388,-24494.06,-0.3588,-0.1635,NONE,1789713669998,BUY,5660.14,0.7294,1789713600000,ok,1.0,1.0,1.0,continuous,1,172,0,,0,0,0,0,False,258,0.7291,0.7292,1.371,-0.595,0.0799,0.2802,39133.51,33342.42,26.74,1789713677568,343,False,,FATIGUE_RESTED_1M,,
2,v2,v1.2,REALF_PY_V4_2_DERIVED,ZPTDIFAT_PY_V1_4_DERIVED,fc-v1,native,,058e38aec59f4c35,20260918_062941,232,SKR_20260918_064120_481,SKRUSDT,BINANCE,FUTURES,OUTSIDE100,227,500,1789713680481,2026-09-18T06:41:20.481+00:00,12,True,1789713680469,1789713680481,58.0,1789713660000,1789713719999,False,20.5,0.019142,-0.0366,42.4,FAIR (DENGE),True,500,40.6,41.4,43.8,49.8,0.00425,-0.1,0.46,0.00182,0.427,0.06,1.7,50.0,23.6,YOK,3.2,1.0,0.019223619580792942,0.426,CLV_PROXY_1M,0,0.0,100.0,42.4,43.4,52.3,46.8,-1.0,-9.9,-4.4,0.00425,5e-05,0.00201,0.00125,76.25,80.83,86.82,84.42,-4.58,-10.57,-8.17,64.09,69.0,500,native,76.25,YORGUN,64.09,69.0,True,300,87.7,BULL,BOS UP,HH/HL,HH/HL,EXP UP,90.7,True,True,499,5,33.7,1789713360000,LOW,0.019028,3.49,0.019363,6.77,2,,,,1,0,0.019363,0.019028,EQH_SWEEP,50,0.0189665,False,False,0.1706,499,native,71.84,NORMAL,72.53,75.33,True,300,72.8,BULL,BOS UP,HH/MIX,MIX/HL,TR UP,69.4,True,True,498,1,30.5,1789713360000,LOW,0.018839,5.12,0.020296500000000002,19.51,2,0.0188425,5.06,2,1,1,0.020296500000000002,0.0188425,LOW_SWEEP,24,0.018846,False,False,0.3088,499,native,80.28,YORGUN,79.83,85.0,True,300,86.8,BULL,BOS UP,HH/HL,HH/MIX,RANGE,83.4,True,True,498,1,34.0,1789713300000,LOW,0.018839,4.05,0.020296500000000002,15.43,2,,,,1,0,0.020296500000000002,0.018839,LOW_SWEEP,26,0.018732,False,False,0.3906,499,native,79.46,YORGUN,93.26,95.0,True,300,74.6,BULL,BOS UP,MIX/HL,MIX/HL,SQZ,69.3,True,True,498,1,49.0,1789712100000,LOW,0.018719,2.89,,,,0.017547,10.9,2,0,2,0.019011,0.017547,HIGH_SWEEP,35,0.019329,False,False,0.7671,499,native,44.4,NORMAL,54.2,64.33,True,300,39.3,BULL,BOS UP,LH/LL,HH/MIX,RANGE,84.4,True,True,498,21,72.8,1789635600000,LOW,0.017378,4.64,0.025375500000000002,16.41,2,,,,1,0,0.025375500000000002,0.018321,LOW_SWEEP,6,0.018554,False,False,2.0012,499,native,73.5,YORGUN,69.59,78.0,True,300,72.9,BULL,BOS UP,HH/HL,HH/HL,TR UP,83.6,True,True,498,114,36.2,1788062400000,LOW,0.008858,11.59,,,,0.017043000000000003,2.37,2,0,1,0.020299,0.017043000000000003,HIGH_SWEEP,4,0.019684,False,False,4.7097,1386,547,735.08,309.89,425.19,40.69,70.34,92.8,UP,26,21,1044.97,7.5,60.0,1.0,True,0,0.0,0,0.0,0.0,29.3,0.13,0.255,1.0,0.977,3385.43,14506.74,-11121.31,-62.16,18.92,5.3,DOWN,252,163,17892.17,12.2,300.0,1.0,True,0,0.0,4,11665.04,-11665.04,43.8,0.196,0.563,1.0,0.995,21919.52,23316.7,-1397.18,-3.09,48.46,43.7,DOWN,746,512,45236.22,59.5,900.0,1.0,True,6,9496.49,6,12814.02,-3317.53,69.3,0.543,0.664,1.0,0.998,-101.26,-1112.24,1041.27,-22.82,-6.48,1.0,-1623.85,-0.5402,-2286.01,-0.6388,-0.4264,NONE,1789713557452,SELL,4204.3,0.019142560840682783,1789713600000,ok,1.0,1.0,1.0,continuous,1,21,0,,0,0,0,0,False,292,0.019136,0.019142,3.135,0.314,0.0996,0.061,3412.92,2794.83,15.67,1789713680123,358,False,,,,
2,v2,v1.2,REALF_PY_V4_2_DERIVED,ZPTDIFAT_PY_V1_4_DERIVED,fc-v1,native,,058e38aec59f4c35,20260918_062941,233,PROM_20260918_064123_052,PROMUSDT,BINANCE,FUTURES,OUTSIDE100,266,1000,1789713683052,2026-09-18T06:41:23.052+00:00,12,True,1789713683052,1789713683052,58.0,1789713660000,1789713719999,False,23.1,5.397,-0.0185,46.0,FAIR (DENGE),True,500,44.7,50.2,42.1,49.3,-0.00012,-1.2,-0.44,0.00232,0.5,0.26,19.3,65.0,-7.2,YOK,8.2,0.97,5.396348394335784,-0.012,CLV_PROXY_1M,0,0.0,100.0,46.0,47.4,57.4,60.0,-1.4,-11.4,-14.0,-0.00012,0.00034,0.00251,0.003,21.61,26.78,36.11,39.31,-5.17,-14.5,-17.7,12.08,3.67,500,native,21.61,DINLENMIS,12.08,3.67,True,300,20.0,BEAR,BOS DN,LH/MIX,LH/LL,TR DN,82.5,True,True,499,1,57.3,1789713600000,HIGH,5.424,2.71,,,,,,,0,0,5.424,5.41,LOW_SWEEP,26,5.427,False,False,0.1843,499,native,26.36,DINLENMIS,27.09,19.67,True,300,15.5,TR-DN,CHOCH DN,LH/LL,LH/MIX,TR-DN,91.5,True,True,498,9,59.2,1789711920000,HIGH,5.541,7.91,,,,5.3934999999999995,0.19,2,0,1,5.541,5.3934999999999995,HIGH_SWEEP,47,5.589,False,True,0.3363,499,native,14.56,DINLENMIS,16.08,9.33,True,300,44.8,TR-DN,CHOCH DN,MIX/HL,LH/LL,TR-DN,75.6,True,True,498,6,58.5,1789711800000,HIGH,5.541,6.04,,,,5.3919999999999995,0.21,2,0,2,5.541,5.3919999999999995,HIGH_SWEEP,29,5.589,False,True,0.4404,499,native,27.26,DINLENMIS,13.3,5.67,True,300,59.7,TR-DN,CHOCH DN,HH/HL,MIX/HL,TR-DN,88.0,True,True,498,2,54.5,1789711200000,HIGH,5.594,4.57,5.7285,7.7,2,,,,2,1,5.7285,5.4015,LOW_SWEEP,171,5.332,False,False,0.7958,499,native,52.28,NORMAL,26.43,18.33,True,300,59.0,BEAR,BOS DN,MIX/HL,MIX/HL,SQZ,69.1,True,True,498,46,75.0,1789545600000,HIGH,5.729,3.95,5.8375,5.24,3,4.906499999999999,5.83,2,2,1,5.8375,4.906499999999999,EQL_SWEEP,94,5.5815,False,False,1.5355,499,native,47.08,NORMAL,45.69,35.0,True,300,26.5,BULL,BOS UP,LH/LL,MIX/HL,SQZ,85.6,True,True,498,58,11.5,1788868800000,LOW,4.913,2.63,,,,4.4025,5.4,2,0,2,5.659,4.4025,HIGH_SWEEP,57,5.986,False,False,3.3065,3968,807,9155.47,58822.3,-49666.83,-73.06,13.47,5.1,DOWN,460,153,67977.77,20.6,60.0,1.0,True,4,5750.68,4,50560.45,-44809.77,54.7,0.292,0.708,1.0,0.934,12249.0,67121.49,-54872.49,-69.13,15.43,5.2,DOWN,774,320,79370.49,27.8,300.0,1.0,True,4,5750.68,4,50560.45,-44809.77,60.1,0.358,0.725,1.0,0.987,31494.5,88846.44,-57351.93,-47.66,26.17,6.2,DOWN,1681,732,120340.94,55.6,900.0,1.0,True,7,10532.47,9,58888.09,-48355.62,71.5,0.527,0.77,1.0,0.996,-46823.09,-50139.39,-47105.11,0.7,-19.12,1.0,-16132.22,-0.666,-8224.91,-0.5181,-0.156,NONE,1789713646509,BUY,1179.16,5.401542372881356,1789713600000,ok,1.0,1.0,1.0,continuous,1,151,0,,0,0,0,0,False,326,5.396,5.397,1.853,0.9,0.0408,0.312,11657.03,10742.6,36.13,1789713682912,140,False,,FATIGUE_RESTED_1M|AGGRESSIVE_SELLER,,
2,v2,v1.2,REALF_PY_V4_2_DERIVED,ZPTDIFAT_PY_V1_4_DERIVED,fc-v1,native,,058e38aec59f4c35,20260918_062941,234,UAI_20260918_064125_624,UAIUSDT,BINANCE,FUTURES,OUTSIDE100,296,2000,1789713685624,2026-09-18T06:41:25.624+00:00,12,True,1789713685624,1789713685624,58.0,1789713660000,1789713719999,False,25.6,0.418,0.0,53.5,FAIR (DENGE),True,500,54.7,53.5,52.2,50.5,-0.00366,0.23,0.21,0.00451,0.649,0.36,8.0,40.0,-2.8,YOK,2.5,1.0,0.4164727299244007,-0.365,CLV_PROXY_1M,0,0.0,100.0,53.5,55.7,52.5,55.5,-2.2,1.0,-2.0,-0.00366,0.00074,-0.00029,0.00032,73.3,70.95,65.06,56.95,2.35,8.24,16.35,75.0,87.67,500,native,73.3,YORGUN,75.0,87.67,True,300,42.4,BEAR,BOS DN,MIX/HL,MIX/HL,RANGE,79.4,True,True,499,16,90.8,1789712700000,HIGH,0.4198,1.49,0.42315,4.27,2,0.40785,8.42,3,1,1,0.42315,0.40785,HIGH_SWEEP,94,0.4247,False,False,0.2883,499,native,35.94,NORMAL,55.57,46.0,True,300,28.6,BULL,BOS UP,LH/LL,LH/LL,RANGE,79.1,True,True,498,66,61.1,1789701660000,LOW,0.4075,4.17,0.43455,6.68,2,,,,1,0,0.43455,0.4129,LOW_SWEEP,2,0.4166,False,False,0.5969,499,native,31.28,NORMAL,42.7,24.67,True,300,56.0,TR-DN,CHOCH DN,MIX/HL,LH/LL,TR-DN,72.0,True,True,498,49,58.0,1789698900000,HIGH,0.4354,4.86,,,,0.3559,17.21,3,0,1,0.4232,0.3559,HIGH_SWEEP,102,0.4106,False,False,0.863,499,native,36.51,NORMAL,37.24,31.0,True,300,69.0,BULL,BOS UP,MIX/HL,MIX/HL,RANGE,79.5,True,True,498,20,30.6,1789695000000,LOW,0.3901,3.72,0.43505,2.27,2,0.3838,4.56,2,2,2,0.43505,0.3838,LOW_SWEEP,173,0.3294,False,False,1.8091,499,native,65.88,NORMAL,57.47,59.0,True,300,86.6,BULL,BOS UP,HH/HL,HH/HL,SQZ,87.3,True,True,498,6,38.6,1789689600000,LOW,0.3838,2.11,,,,,,,0,0,0.4354,0.3838,HIGH_SWEEP,4,0.418,False,False,3.8614,499,native,65.21,NORMAL,73.23,77.33,True,300,18.4,BEAR,BOS DN,LH/LL,HH/HL,RANGE,87.8,True,True,498,19,42.0,1789430400000,HIGH,0.5943,4.02,,,,,,,0,0,0.5943,0.322,LOW_SWEEP,20,0.4503,False,False,10.3453,452,1064,1205.76,2614.35,-1408.59,-36.87,31.56,8.0,DOWN,61,36,3820.11,2.8,60.0,1.0,True,0,0.0,1,2230.26,-2230.26,23.4,0.053,0.396,1.0,0.992,6659.25,9913.84,-3254.59,-19.64,40.18,17.9,DOWN,486,202,16573.1,31.7,300.0,1.0,True,0,0.0,1,2230.26,-2230.26,57.4,0.388,0.555,1.0,0.998,58682.51,43474.34,15208.18,14.89,57.44,76.5,UP,2024,806,102156.85,130.4,900.0,1.0,True,4,27059.78,3,9397.45,17662.33,80.6,0.723,0.752,1.0,0.999,-2077.3,-3661.07,21394.46,-36.25,-10.95,1.0,224.87,0.0772,-327.32,-0.0988,-0.1761,UP,1789713684104,SELL,2230.26,0.4182,1789713600000,ok,1.0,1.0,1.0,continuous,1,36,0,,0,0,0,0,False,360,0.4179,0.4181,4.785,0.952,0.0035,0.0189,12853.65,12762.93,47.85,1789713685235,389,False,,,,
2,v2,v1.2,REALF_PY_V4_2_DERIVED,ZPTDIFAT_PY_V1_4_DERIVED,fc-v1,native,,058e38aec59f4c35,20260918_062941,235,BULLA_20260918_064128_230,BULLAUSDT,BINANCE,FUTURES,OUTSIDE100,339,5000,1789713688230,2026-09-18T06:41:28.230+00:00,12,True,1789713688199,1789713688230,57.8,1789713660000,1789713719999,False,28.2,0.10058,-0.0894,44.7,FAIR (DENGE),True,500,42.5,49.3,41.9,48.9,0.00083,-1.78,-0.99,0.00605,0.54,0.44,17.3,50.0,-21.4,YOK,7.4,1.0,0.10066342303084631,0.083,CLV_PROXY_1M,0,0.0,100.0,44.7,47.7,60.5,60.1,-3.0,-15.8,-15.4,0.00083,0.00155,0.00736,0.00618,42.97,55.6,67.58,57.88,-12.63,-24.61,-14.91,17.13,5.0,500,native,42.97,NORMAL,17.13,5.0,True,300,17.2,TR-DN,CHOCH DN,LH/LL,HH/MIX,TR-DN,82.5,True,True,499,1,44.8,1789713600000,HIGH,0.10172,2.41,0.10206,3.13,3,0.100455,0.26,2,1,2,0.10206,0.100455,EQL_SWEEP,44,0.100455,False,True,0.4702,499,native,50.47,NORMAL,31.86,20.0,True,300,30.3,BULL,BOS UP,LH/LL,HH/MIX,TR UP,86.6,True,True,498,38,89.1,1789706700000,LOW,0.096433,4.91,,,,0.0964015,4.94,2,0,2,0.10203,0.0964015,HIGH_SWEEP,24,0.10206,False,False,0.831,499,native,51.56,NORMAL,31.95,25.0,True,300,47.7,BULL,BOS UP,LH/MIX,LH/LL,TR UP,64.3,True,True,498,23,22.3,1789706700000,LOW,0.09539,4.5,,,,0.10001,0.49,2,0,1,0.10203,0.10001,HIGH_SWEEP,21,0.10114,False,False,1.1304,499,native,72.29,YORGUN,61.83,65.0,True,300,74.6,BEAR,BOS DN,HH/HL,HH/HL,TR DN,88.7,True,True,498,64,27.4,1789655400000,HIGH,0.10999,4.0,0.109785,3.92,2,,,,1,0,0.109785,0.094,LOW_SWEEP,66,0.1007,False,False,2.3168,499,native,64.9,NORMAL,70.19,85.0,True,300,26.8,BULL,BOS UP,LH/LL,MIX/HL,RANGE,84.5,True,True,498,44,42.2,1789552800000,LOW,0.060024,6.23,,,,0.060025499999999996,6.23,2,0,1,0.121362,0.060025499999999996,HIGH_SWEEP,45,0.076341,False,False,6.4384,499,native,57.57,NORMAL,57.15,57.67,True,300,75.0,BULL,BOS UP,HH/MIX,HH/HL,EXP UP,78.0,True,True,498,11,96.7,1789545600000,LOW,0.0675,2.22,,,,0.0154205,5.71,2,0,1,0.139078,0.0154205,HIGH_SWEEP,52,0.085989,False,False,15.2143,1326,2147,8323.67,13419.51,-5095.84,-23.44,38.28,14.6,DOWN,475,246,21743.17,97.9,60.0,1.0,True,0,0.0,1,8899.92,-8899.92,72.0,0.662,0.584,1.0,0.978,27964.2,55621.56,-27657.36,-33.09,33.46,9.2,DOWN,1698,947,83585.75,139.8,300.0,1.0,True,0,0.0,2,35515.93,-35515.93,80.5,0.737,0.731,1.0,0.996,60252.68,89198.6,-28945.92,-19.37,40.32,18.2,DOWN,3723,2027,149451.29,293.6,900.0,1.0,True,0,0.0,2,35515.93,-35515.93,87.6,0.854,0.794,1.0,0.999,16710.22,-7600.65,-8165.39,10.52,-1.43,1.0,-10237.72,-0.42,-6017.49,-0.36,0.1337,DOWN,1789713645633,SELL,8899.92,0.10051179880514083,1789713600000,ok,1.0,1.0,1.0,continuous,1,235,0,,0,0,0,0,False,394,0.1006,0.10064,3.975,1.551,0.1341,0.3525,2995.32,2286.89,20.87,1789713688052,178,False,,,,
2,v2,v1.2,REALF_PY_V4_2_DERIVED,ZPTDIFAT_PY_V1_4_DERIVED,fc-v1,native,,058e38aec59f4c35,20260918_062941,236,OG_20260918_064131_235,OGUSDT,BINANCE,FUTURES,OUTSIDE100,523,500,1789713691235,2026-09-18T06:41:31.235+00:00,12,True,1789713691235,1789713691235,57.8,1789713660000,1789713719999,False,31.2,2.751,0.0,34.0,PRICE LAG,True,500,29.3,36.9,34.1,48.2,0.00481,0.0,1.32,0.00083,0.265,0.12,18.3,55.0,33.6,YOK,7.6,1.0,2.7642558722131008,0.482,CLV_PROXY_1M,0,0.0,100.0,34.0,31.9,31.9,46.4,2.1,2.1,-12.4,0.00481,2e-05,0.00014,0.00193,48.6,49.07,44.85,42.52,-0.47,3.75,6.08,51.29,38.67,500,native,48.6,NORMAL,51.29,38.67,True,300,54.0,BULL,BOS UP,EQ/RANGE,MIX/HL,SQZ,68.2,True,True,499,31,66.1,1789711800000,LOW,2.747,1.77,2.754,1.33,2,2.748,1.33,2,1,3,2.754,2.748,HIGH_SWEEP,66,2.76,False,False,0.082,499,native,43.16,NORMAL,46.16,30.33,True,300,43.1,BULL,BOS UP,LH/MIX,MIX/HL,RANGE,75.1,True,True,498,34,46.9,1789707420000,LOW,2.739,2.62,,,,2.746,1.09,2,0,3,2.756,2.746,HIGH_SWEEP,53,2.746,False,False,0.1667,499,native,37.1,NORMAL,39.18,22.33,True,300,68.2,BULL,BOS UP,MIX/HL,LH/MIX,TR UP,73.6,True,True,498,18,39.4,1789708200000,LOW,2.732,3.06,,,,2.679,11.61,2,0,2,2.756,2.679,HIGH_SWEEP,20,2.759,False,False,0.2253,499,native,60.99,NORMAL,55.31,52.33,True,300,86.3,BULL,BOS UP,HH/HL,HH/HL,TR UP,87.3,True,True,498,6,35.2,1789707600000,LOW,2.679,7.07,,,,2.6635,8.6,2,0,1,2.769,2.6635,HIGH_SWEEP,5,2.759,False,False,0.3699,499,native,90.51,ASIRI,88.19,94.0,True,300,74.4,BULL,BOS UP,MIX/HL,MIX/HL,RANGE,73.4,True,True,498,7,58.0,1789686000000,LOW,2.662,4.5,,,,2.6,7.64,2,0,1,2.7,2.6,HIGH_SWEEP,30,2.712,False,False,0.7193,499,native,78.77,YORGUN,87.74,92.67,True,300,75.1,BULL,BOS UP,MIX/HL,HH/HL,SQZ,73.2,True,True,498,1,52.4,1789689600000,LOW,2.61,3.18,2.9825,5.22,3,2.5975,3.46,2,2,2,2.9825,2.5975,EQH_SWEEP,87,2.9425,False,False,1.6159,9218,74,28.61,6.05,22.56,65.09,82.54,94.8,UP,6,6,34.66,5.2,60.0,1.0,True,0,0.0,0,0.0,0.0,0.0,0.095,0.0,1.0,0.846,1723.14,65.99,1657.15,92.62,96.31,95.0,UP,115,36,1789.13,5.9,300.0,1.0,True,1,592.48,0,0.0,592.48,28.6,0.106,0.313,1.0,0.969,2960.64,1389.22,1571.43,36.13,68.06,91.7,UP,213,70,4349.86,10.0,900.0,1.0,True,2,1578.71,0,0.0,1578.71,37.3,0.167,0.41,1.0,0.99,-407.02,8.52,-17.93,-16.09,0.02,1.0,175.22,1.078,375.34,1.0489,0.8371,NONE,1789713502989,BUY,592.48,2.7518843474222012,1789713600000,ok,1.0,1.0,1.0,continuous,1,6,0,,0,0,0,0,False,428,2.75,2.751,3.636,1.186,0.2318,0.1099,21914.69,13666.58,70.9,1789713684743,6492,True,,,,
2,v2,v1.2,REALF_PY_V4_2_DERIVED,ZPTDIFAT_PY_V1_4_DERIVED,fc-v1,native,,058e38aec59f4c35,20260918_062941,237,ZORA_20260918_064133_814,ZORAUSDT,BINANCE,FUTURES,OUTSIDE100,612,500,1789713693814,2026-09-18T06:41:33.814+00:00,12,True,1789713693798,1789713693814,57.3,1789713660000,1789713719999,False,33.8,0.007899,-0.0127,58.0,PRICE AHEAD,True,500,60.5,54.1,59.6,53.7,-0.00196,1.31,0.72,0.00176,0.572,0.83,47.0,55.0,9.7,YOK,6.4,1.0,0.0078835448226151,-0.196,CLV_PROXY_1M,0,0.0,100.0,58.0,58.2,58.2,52.2,-0.2,-0.2,5.8,-0.00196,-0.001,-0.00084,-0.00152,86.4,83.33,71.4,59.45,3.07,15.0,26.95,92.67,95.67,500,native,86.4,ASIRI,92.67,95.67,True,300,73.0,TR-UP,CHOCH UP,MIX/HL,MIX/HL,TR-UP,73.8,True,True,499,1,64.1,1789713600000,LOW,0.007851,4.86,,,,0.007775499999999999,12.51,2,0,1,0.007876,0.007775499999999999,HIGH_SWEEP,5,0.007876,False,False,0.1249,499,native,60.49,NORMAL,78.66,81.33,True,300,82.9,TR-UP,CHOCH UP,HH/HL,MIX/HL,TR-UP,88.6,True,True,498,12,65.3,1789711380000,LOW,0.007827,3.8,,,,,,,0,0,0.007897,0.007842,HIGH_SWEEP,8,0.007876,False,False,0.2404,499,native,66.95,NORMAL,83.56,89.67,True,300,73.3,BULL,BOS UP,HH/MIX,HH/HL,RANGE,74.0,True,True,498,8,63.8,1789711200000,LOW,0.007813,3.29,,,,,,,0,0,0.007897,0.007813,HIGH_SWEEP,5,0.007876,False,False,0.3311,499,native,44.76,NORMAL,49.58,49.67,True,300,82.4,BULL,BOS UP,HH/HL,MIX/HL,TR UP,87.5,True,True,498,20,74.9,1789695000000,LOW,0.007527,7.04,,,,,,,0,0,0.00802,0.007813,LOW_SWEEP,24,0.007571,False,False,0.6729,499,native,79.81,YORGUN,74.84,87.33,True,300,73.8,BEAR,BOS DN,HH/HL,HH/MIX,TR DN,86.4,True,True,498,69,59.5,1789462800000,HIGH,0.007987,0.72,0.009008,9.08,2,0.007187,5.83,2,1,1,0.009008,0.007187,LOW_SWEEP,126,0.008102,False,False,1.5567,499,native,71.83,NORMAL,78.51,86.33,True,300,18.0,TR-DN,CHOCH DN,LH/LL,LH/LL,TR-DN,90.3,True,True,498,16,65.9,1789473600000,HIGH,0.008968,4.04,,,,0.0058755000000000005,7.64,2,0,2,0.008336,0.0058755000000000005,HIGH_SWEEP,29,0.008437,False,False,3.3227,9152,282,3918.6,1260.05,2658.55,51.34,75.67,94.2,UP,100,32,5178.65,12.4,60.0,1.0,True,3,2910.92,1,1028.22,1882.7,40.0,0.199,0.429,1.0,0.847,6397.57,3820.19,2577.38,25.22,62.61,86.7,UP,242,90,10217.76,25.1,300.0,1.0,True,4,3496.89,2,1870.43,1626.46,52.3,0.334,0.502,1.0,0.969,14797.86,9649.04,5148.82,21.06,60.53,83.4,UP,560,254,24446.9,36.8,900.0,1.0,True,9,9443.81,5,4734.51,4709.29,60.7,0.424,0.597,1.0,0.99,2383.19,-2748.59,3235.12,-8.92,-12.06,1.0,1411.08,0.5668,589.99,0.2887,0.2825,NONE,1789713684661,SELL,1028.22,0.007901,1789713600000,ok,1.0,1.0,1.0,continuous,1,32,0,,0,0,0,0,False,462,0.0079,0.007902,2.531,0.342,0.0948,-0.1316,16603.31,13726.74,26.58,1789713693644,170,False,,FATIGUE_EXTREME|AGGRESSIVE_BUYER,,
2,v2,v1.2,REALF_PY_V4_2_DERIVED,ZPTDIFAT_PY_V1_4_DERIVED,fc-v1,native,,058e38aec59f4c35,20260918_062941,238,TNSR_20260918_064136_379,TNSRUSDT,BINANCE,FUTURES,OUTSIDE100,738,200,1789713696379,2026-09-18T06:41:36.379+00:00,12,True,1789713696379,1789713696379,57.1,1789713660000,1789713719999,False,36.4,0.03517,0.0284,64.4,PRICE AHEAD,True,500,69.0,57.4,65.7,58.3,-0.00297,0.37,-0.48,0.00146,0.541,1.24,49.0,55.0,-25.9,YOK,11.5,1.0,0.03506585521471201,-0.296,CLV_PROXY_1M,0,0.0033,99.7,64.4,66.9,68.1,61.4,-2.5,-3.7,3.0,-0.00297,-0.00022,6e-05,-0.00161,50.86,45.64,38.8,40.86,5.22,12.06,10.0,61.64,66.33,500,native,50.86,NORMAL,61.64,66.33,True,300,70.8,BULL,BOS UP,HH/MIX,HH/MIX,SQZ,71.5,True,True,499,11,45.0,1789713000000,LOW,0.03507,3.48,,,,0.03507,3.48,2,0,1,0.03521,0.03507,HIGH_SWEEP,13,0.03515,False,False,0.0818,499,native,53.73,NORMAL,64.28,66.0,True,300,58.6,BULL,BOS UP,LH/MIX,HH/MIX,RANGE,67.3,True,True,498,6,70.7,1789712460000,LOW,0.03507,1.53,,,,0.03507,1.53,3,0,1,0.03517,0.03507,HIGH_SWEEP,4,0.03517,False,False,0.1865,499,native,50.32,NORMAL,61.23,60.0,True,300,29.0,BULL,BOS UP,LH/LL,HH/MIX,RANGE,78.1,True,True,498,43,51.5,1789700700000,LOW,0.03481,3.94,,,,0.03454,6.89,2,0,2,0.03536,0.03454,HIGH_SWEEP,48,0.03498,False,False,0.2601,499,native,39.8,NORMAL,39.68,37.33,True,300,84.3,BULL,BOS UP,HH/HL,MIX/HL,RANGE,93.4,True,True,498,19,59.8,1789695900000,LOW,0.03454,3.49,,,,0.034375,4.4,2,0,1,0.03583,0.034375,HIGH_SWEEP,16,0.03497,False,False,0.5142,499,native,74.79,YORGUN,60.73,69.33,True,300,74.8,BULL,BOS UP,MIX/HL,MIX/HL,TR UP,73.8,True,True,498,5,52.8,1789693200000,LOW,0.03405,2.86,,,,,,,0,0,0.03497,0.03438,LOW_SWEEP,36,0.03304,False,False,1.1171,499,native,78.29,YORGUN,78.12,87.33,True,300,76.4,BULL,BOS UP,HH/MIX,HH/HL,RANGE,71.9,True,True,498,1,56.6,1789689600000,LOW,0.03258,3.33,0.037065,2.44,2,0.029225,7.65,2,1,1,0.037065,0.029225,EQH_SWEEP,59,0.037065,False,False,2.178,12642,109,795.44,70.58,724.85,83.7,91.85,95.0,UP,11,6,866.02,3.2,60.0,1.0,True,2,795.44,0,0.0,795.44,20.4,0.059,0.234,1.0,0.789,1339.86,948.71,391.14,17.09,58.55,79.3,UP,77,31,2288.57,11.0,300.0,1.0,True,2,795.44,2,601.32,194.12,36.3,0.181,0.34,1.0,0.958,3367.23,3840.71,-473.48,-6.57,46.72,36.9,DOWN,237,99,7207.94,23.5,900.0,1.0,True,5,1759.85,6,2841.15,-1081.31,50.3,0.32,0.464,1.0,0.986,610.39,-326.21,898.06,-7.89,-4.39,1.0,131.78,0.2702,38.92,0.085,0.3916,NONE,1789713667533,BUY,487.17,0.035177856652874956,1789713600000,ok,1.0,1.0,1.0,continuous,1,4,0,,0,0,0,0,False,496,0.03517,0.03519,5.685,2.459,0.0128,-0.18,18687.94,18216.12,56.85,1789713696241,138,False,,,,
2,v2,v1.2,REALF_PY_V4_2_DERIVED,ZPTDIFAT_PY_V1_4_DERIVED,fc-v1,native,,058e38aec59f4c35,20260918_062941,239,VELVET_20260918_064138_967,VELVETUSDT,BINANCE,FUTURES,OUTSIDE100,761,200,1789713698967,2026-09-18T06:41:38.967+00:00,12,True,1789713698967,1789713698967,57.1,1789713660000,1789713719999,False,39.0,0.05563,-0.1615,54.5,FAIR (DENGE),True,500,53.0,62.8,49.4,50.7,-0.00696,-0.89,-0.45,0.00218,0.396,0.16,23.3,75.0,-21.5,YOK,13.4,0.949,0.05524411086821961,-0.694,CLV_PROXY_1M,0,0.0,100.0,54.5,63.5,63.5,72.1,-9.0,-9.0,-17.6,-0.00696,0.00144,0.00035,0.00257,45.47,48.9,48.3,37.38,-3.43,-2.83,8.09,38.52,35.0,500,native,45.47,NORMAL,38.52,35.0,True,300,49.7,TR-DN,CHOCH DN,MIX/HL,HH/HL,TR-DN,74.0,True,True,499,15,60.6,1789712760000,HIGH,0.05615,3.62,0.056855,8.52,2,0.055404999999999996,1.56,2,1,1,0.056855,0.055404999999999996,EQL_SWEEP,69,0.055625,False,False,0.258,499,native,40.13,NORMAL,35.4,32.67,True,300,64.3,BEAR,BOS DN,HH/HL,HH/MIX,RANGE,81.8,True,True,498,24,40.9,1789709220000,HIGH,0.05649,3.45,,,,,,,0,0,0.05615,0.05556,LOW_SWEEP,4,0.05556,False,False,0.4477,499,native,38.6,NORMAL,38.14,29.67,True,300,17.8,BEAR,BOS DN,LH/LL,HH/MIX,RANGE,83.3,True,True,498,15,49.3,1789709100000,HIGH,0.05671,3.49,,,,0.0515,13.36,2,0,1,0.05649,0.0515,HIGH_SWEEP,27,0.05618,False,False,0.5551,499,native,33.58,NORMAL,35.2,28.0,True,300,85.4,BULL,BOS UP,HH/HL,HH/MIX,RANGE,84.2,True,True,498,8,44.5,1789705800000,LOW,0.05548,0.37,,,,0.0515,7.37,3,0,1,0.05671,0.0515,HIGH_SWEEP,7,0.05649,False,False,1.0214,499,native,33.95,NORMAL,28.39,26.67,True,300,70.4,BULL,BOS UP,HH/MIX,LH/LL,TR UP,75.1,True,True,498,14,40.8,1789660800000,LOW,0.0494,4.68,,,,,,,0,0,0.06014,0.0494,HIGH_SWEEP,13,0.05886,False,False,2.3885,499,native,78.83,YORGUN,66.47,85.0,True,300,48.0,BEAR,BOS DN,MIX/HL,HH/HL,TR DN,65.7,True,True,498,16,34.6,1789473600000,HIGH,0.0633,3.0,,,,,,,0,0,0.0536,0.0494,HIGH_SWEEP,6,0.0536,False,False,4.6002,75,991,1400.04,3553.13,-2153.09,-43.47,28.27,6.7,DOWN,124,50,4953.18,15.8,60.0,1.0,True,3,1268.87,3,3327.72,-2058.85,43.7,0.241,0.424,1.0,0.999,15470.0,13009.78,2460.22,8.64,54.32,66.8,UP,629,266,28479.78,33.2,300.0,1.0,True,16,14226.54,9,10803.59,3422.95,59.8,0.399,0.614,1.0,1.0,50097.67,39475.02,10622.65,11.86,55.93,72.2,UP,1998,941,89572.69,111.6,900.0,1.0,True,47,44481.25,26,33044.82,11436.43,78.7,0.691,0.738,1.0,1.0,-9795.01,-1821.52,-174.27,-60.84,-0.57,1.0,3650.28,0.5358,872.64,0.1532,-0.2389,UP,1789713698515,BUY,258.2,0.05571965472593871,1789713600000,ok,1.0,1.0,1.0,continuous,1,31,0,,0,0,0,0,False,530,0.05571,0.05574,5.384,-1.416,0.2755,0.0889,16733.62,9504.31,36.79,1789713698694,273,False,,AGGRESSIVE_SELLER,,
2,v2,v1.2,REALF_PY_V4_2_DERIVED,ZPTDIFAT_PY_V1_4_DERIVED,fc-v1,native,,058e38aec59f4c35,20260918_062941,240,ZKC_20260918_064141_541,ZKCUSDT,BINANCE,FUTURES,OUTSIDE100,1142,200,1789713701541,2026-09-18T06:41:41.541+00:00,12,True,1789713701541,1789713701541,56.6,1789713660000,1789713719999,False,41.5,0.0384,-0.026,40.4,PRICE LAG,True,500,36.1,42.6,42.3,49.7,0.0031,0.0,0.28,0.00155,0.399,0.1,2.0,50.0,27.5,YOK,6.5,1.0,0.03851909071375373,0.31,CLV_PROXY_1M,0,0.0,100.0,40.4,38.1,43.9,38.8,2.3,-3.5,1.6,0.0031,-2e-05,0.00034,0.00025,62.27,59.0,48.88,38.75,3.27,13.39,23.52,66.69,77.33,500,native,62.27,NORMAL,66.69,77.33,True,300,27.2,BULL,BOS UP,LH/LL,LH/MIX,SQZ,83.3,True,True,499,48,38.3,1789710780000,LOW,0.03831,2.04,,,,,,,0,0,0.03846,0.0383,LOW_SWEEP,6,0.03835,False,False,0.115,499,native,42.67,NORMAL,55.03,56.0,True,300,31.5,BULL,BOS UP,LH/LL,MIX/LL,RANGE,84.8,True,True,498,34,58.8,1789707420000,LOW,0.03801,4.42,,,,0.03749,10.32,2,0,1,0.03855,0.03749,HIGH_SWEEP,32,0.03865,False,False,0.2297,499,native,35.12,NORMAL,43.53,41.33,True,300,67.6,BULL,BOS UP,MIX/HL,LH/LL,RANGE,74.3,True,True,498,21,50.4,1789707300000,LOW,0.03801,3.04,,,,,,,0,0,0.03855,0.03831,HIGH_SWEEP,20,0.03869,False,False,0.3345,499,native,48.13,NORMAL,43.46,46.33,True,300,88.3,BULL,BOS UP,HH/HL,HH/HL,RANGE,90.3,True,True,498,7,52.3,1789706700000,LOW,0.03789,1.89,0.049025,39.38,2,0.037065,4.95,2,1,1,0.049025,0.037065,LOW_SWEEP,152,0.03752,False,False,0.7041,499,native,74.17,YORGUN,65.12,76.67,True,300,58.0,BEAR,BOS DN,MIX/HL,HH/HL,TR DN,64.1,True,True,498,53,61.2,1789520400000,HIGH,0.04772,16.64,0.05792,34.84,2,,,,1,0,0.05792,0.03718,EQH_SWEEP,6,0.03827,False,False,1.4589,499,native,43.77,NORMAL,51.23,58.0,True,300,15.6,BEAR,BOS DN,LH/LL,LH/MIX,TR DN,90.7,True,True,498,18,73.5,1789444800000,HIGH,0.04904,8.45,,,,0.036074999999999996,1.85,2,0,1,0.03878,0.036074999999999996,HIGH_SWEEP,1,0.03878,True,False,3.2744,19679,329,663.21,5.41,657.8,98.38,99.19,95.0,UP,10,6,668.62,2.1,60.0,1.0,True,1,481.07,0,0.0,481.07,16.6,0.041,0.206,1.0,0.672,1788.28,1339.64,448.65,14.34,57.17,75.8,UP,97,55,3127.92,14.2,300.0,1.0,True,3,1211.52,1,480.14,731.38,40.5,0.222,0.374,1.0,0.934,14548.94,9396.11,5152.83,21.52,60.76,83.9,UP,665,310,23945.05,63.0,900.0,1.0,True,17,11213.86,8,5124.31,6089.56,67.6,0.557,0.595,1.0,0.978,1092.31,-1319.26,451.42,73.12,-7.97,1.0,-50.9,-0.0772,-12.1,-0.0193,0.5264,DOWN,1789713659587,BUY,481.07,0.038408758483033933,1789713600000,ok,1.0,1.0,1.0,continuous,1,6,0,,0,0,0,0,False,564,0.03838,0.0384,5.21,0.202,-0.0534,0.1847,19178.92,21341.92,52.1,1789713701391,150,False,,,,
2,v2,v1.2,REALF_PY_V4_2_DERIVED,ZPTDIFAT_PY_V1_4_DERIVED,fc-v1,native,,058e38aec59f4c35,20260918_062941,241,ETH_20260918_064147_115,ETHUSDT,BINANCE,FUTURES,TOP100,2,75000,1789713707115,2026-09-18T06:41:47.115+00:00,12,True,1789713707108,1789713707115,56.6,1789713660000,1789713719999,False,47.1,2484.86,-0.0032,56.2,FAIR (DENGE),True,500,58.8,54.5,55.3,50.3,-0.00124,0.5,0.43,0.00141,0.718,0.23,1.3,60.0,-5.9,YOK,4.3,1.0,2481.7756811192694,-0.124,CLV_PROXY_1M,0,0.0,100.0,56.2,57.2,58.8,58.0,-1.0,-2.6,-1.8,-0.00124,-3e-05,0.00014,2e-05,57.22,52.61,36.75,27.56,4.61,20.47,29.66,67.23,69.67,500,native,57.22,NORMAL,67.23,69.67,True,300,68.4,BULL,BOS UP,HH/MIX,LH/LL,SQZ,72.5,True,True,499,19,63.9,1789712520000,LOW,2481.26,2.17,,,,2469.0299999999997,9.53,2,0,2,2486.88,2469.0299999999997,HIGH_SWEEP,18,2486.11,False,False,0.0668,499,native,53.28,NORMAL,61.26,63.67,True,300,42.9,BULL,BOS UP,MIX/LL,MIX/HL,RANGE,79.1,True,True,498,35,76.1,1789707240000,LOW,2469.0,4.55,2486.685,0.52,2,,,,1,0,2486.685,2477.52,HIGH_SWEEP,6,2486.49,False,False,0.1402,499,native,50.25,NORMAL,55.19,52.67,True,300,84.3,BULL,BOS UP,HH/HL,MIX/LL,TR UP,91.8,True,True,498,18,61.2,1789708200000,LOW,2469.0,3.23,,,,2365.835,24.21,2,0,1,2492.55,2365.835,HIGH_SWEEP,19,2482.2,False,False,0.1978,499,native,66.44,NORMAL,62.32,67.0,True,300,73.3,BULL,BOS UP,HH/MIX,HH/HL,TR UP,74.1,True,True,498,6,39.9,1789707600000,LOW,2435.39,6.06,,,,2435.74,6.01,2,0,1,2492.55,2435.74,HIGH_SWEEP,5,2484.99,False,False,0.3292,499,native,79.89,YORGUN,87.82,97.33,True,300,73.3,BEAR,BOS DN,HH/HL,HH/MIX,TR DN,84.8,True,True,498,65,44.7,1789477200000,HIGH,2614.99,7.62,,,,,,,0,0,2484.0,2435.39,HIGH_SWEEP,1,2484.0,True,False,0.6888,499,native,65.69,NORMAL,77.23,88.33,True,300,51.7,TR-DN,CHOCH DN,MIX/HL,MIX/HL,TR-DN,70.6,True,True,498,14,32.7,1789502400000,HIGH,2614.99,3.26,,,,1862.655,15.61,2,0,2,2614.99,1862.655,HIGH_SWEEP,38,2522.75,False,False,1.6086,-57,7858,683634.62,1245117.42,-561482.8,-29.11,35.44,11.0,DOWN,2432,547,1928752.04,54.1,60.0,1.0,True,1,96365.91,5,656199.09,-559833.17,77.0,0.52,1.0,1.0,1.0,8214626.71,5443885.25,2770741.46,20.29,60.14,82.7,UP,11382,2603,13658511.96,66.2,300.0,1.0,True,24,5567698.58,16,2361525.5,3206173.08,79.9,0.57,1.0,1.0,1.0,21485381.66,26999365.11,-5513983.45,-11.37,44.31,28.6,DOWN,34102,7853,48484746.77,291.7,788.6,0.8762,False,65,13484918.24,73,15943951.94,-2459033.7,91.4,0.854,1.0,0.876,1.0,-746208.89,-2664790.17,,-16.85,-1.79,0.8096,469875.07,0.1474,717416.16,0.2626,0.2044,NONE,1789713705678,SELL,100653.39,2484.103607937018,1789713600000,ok,1.0,1.0,1.0,continuous,1,541,0,,0,0,0,0,False,598,2484.23,2484.24,0.04,-0.0,-0.0705,-0.0182,331523.22,381789.2,0.91,1789713706969,146,False,,,,
2,v2,v1.2,REALF_PY_V4_2_DERIVED,ZPTDIFAT_PY_V1_4_DERIVED,fc-v1,native,,058e38aec59f4c35,20260918_062941,242,BNB_20260918_064149_706,BNBUSDT,BINANCE,FUTURES,TOP100,4,25000,1789713709706,2026-09-18T06:41:49.706+00:00,12,True,1789713709706,1789713709706,56.6,1789713660000,1789713719999,False,49.7,754.18,0.0451,51.9,FAIR (DENGE),True,500,53.9,47.2,53.7,50.4,0.00068,1.32,1.3,0.00104,0.74,0.62,13.3,50.0,-14.2,YOK,6.7,0.566,754.6953050598187,0.068,CLV_PROXY_1M,0,0.0,100.0,51.9,54.7,55.2,52.2,-2.8,-3.3,-0.3,0.00068,6e-05,0.00036,-8e-05,59.74,51.67,33.5,17.29,8.07,26.24,42.45,78.09,79.67,500,native,59.74,NORMAL,78.09,79.67,True,300,44.0,BEAR,BOS DN,HH/MIX,HH/MIX,RANGE,75.1,True,True,499,12,52.5,1789712940000,HIGH,754.74,1.33,,,,735.76,43.59,2,0,1,754.74,735.76,HIGH_SWEEP,19,754.62,False,False,0.0561,499,native,36.92,NORMAL,52.18,38.67,True,300,71.8,BULL,BOS UP,HH/MIX,LH/LL,RANGE,74.2,True,True,498,12,53.9,1789711380000,LOW,751.67,2.49,,,,733.985,20.51,2,0,2,755.98,733.985,HIGH_SWEEP,27,753.4,False,False,0.1302,499,native,49.66,NORMAL,58.38,50.33,True,300,71.0,BULL,BOS UP,HH/MIX,HH/MIX,TR UP,80.5,True,True,498,18,50.9,1789708200000,LOW,749.39,3.24,,,,751.405,1.86,2,0,2,755.98,751.405,HIGH_SWEEP,7,755.08,False,False,0.1933,499,native,58.08,NORMAL,60.72,53.33,True,300,78.6,BULL,BOS UP,HH/HL,HH/HL,TR UP,91.5,True,True,498,29,31.8,1789686900000,LOW,733.95,7.87,,,,,,,0,0,754.71,733.95,HIGH_SWEEP,5,754.71,False,False,0.3404,499,native,94.2,ASIRI,91.21,95.33,True,300,72.9,BULL,BOS UP,HH/MIX,HH/MIX,TR UP,76.1,True,True,498,10,47.2,1789675200000,LOW,721.24,7.15,,,,,,,0,0,732.95,721.24,HIGH_SWEEP,18,729.58,False,False,0.6104,499,native,89.17,ASIRI,96.58,97.0,True,300,40.4,BULL,BOS UP,LH/LL,HH/HL,RANGE,86.1,True,True,498,4,31.3,1789646400000,LOW,704.34,5.29,,,,,,,0,0,725.94,704.34,HIGH_SWEEP,6,725.94,False,False,1.2519,1473,2514,124587.73,47099.64,77488.09,45.13,72.57,93.5,UP,564,115,171687.37,8.9,60.0,1.0,True,1,48155.55,0,0.0,48155.55,44.0,0.151,0.809,1.0,0.975,654922.44,281126.81,373795.63,39.93,69.97,92.7,UP,3390,725,936049.25,85.9,300.0,1.0,True,4,150214.36,1,32700.78,117513.57,83.0,0.632,0.993,1.0,0.995,1488654.6,1982835.01,-494180.41,-14.24,42.88,24.4,DOWN,11754,2267,3471489.61,285.6,900.0,1.0,True,9,352600.83,17,659807.56,-307206.73,93.7,0.851,1.0,1.0,0.998,-102695.2,8253.89,132203.47,-2.97,6.8,1.0,107047.4,0.4543,75825.0,0.405,0.1711,NONE,1789713697953,BUY,48155.55,754.08,1789713600000,ok,1.0,1.0,1.0,continuous,1,113,0,,0,0,0,0,False,632,754.1,754.11,0.133,0.032,-0.0547,0.2957,115732.34,129121.95,2.72,1789713709572,134,False,,AGGRESSIVE_BUYER,,
2,v2,v1.2,REALF_PY_V4_2_DERIVED,ZPTDIFAT_PY_V1_4_DERIVED,fc-v1,native,,058e38aec59f4c35,20260918_062941,243,XRP_20260918_064152_283,XRPUSDT,BINANCE,FUTURES,TOP100,5,25000,1789713712283,2026-09-18T06:41:52.283+00:00,12,True,1789713712267,1789713712283,56.6,1789713660000,1789713719999,False,52.3,1.3233,-0.0076,61.1,PRICE AHEAD,True,500,64.9,60.4,57.9,52.0,-0.00389,0.3,-0.07,0.00164,0.746,0.35,15.3,50.0,0.9,YOK,7.0,1.0,1.318161073786643,-0.388,CLV_PROXY_1M,0,0.0,100.0,61.1,67.6,63.4,62.7,-6.5,-2.3,-1.6,-0.00389,0.0004,-0.00018,-0.00034,73.61,69.77,60.47,56.65,3.84,13.14,16.96,81.69,84.67,500,native,73.61,YORGUN,81.69,84.67,True,300,73.4,BEAR,BOS DN,HH/HL,HH/HL,SQZ,85.2,True,True,499,56,52.6,1789710300000,HIGH,1.3237,0.29,,,,1.3032,14.64,2,0,2,1.3232,1.3032,HIGH_SWEEP,5,1.3232,False,False,0.1037,499,native,73.02,YORGUN,80.4,91.0,True,300,29.1,BULL,BOS UP,LH/LL,HH/HL,RANGE,90.5,True,True,498,35,58.0,1789707240000,LOW,1.3133,3.89,,,,,,,0,0,1.3228,1.3164,HIGH_SWEEP,4,1.3228,False,False,0.1943,499,native,65.19,NORMAL,78.08,83.33,True,300,61.0,BULL,BOS UP,MIX/HL,LH/LL,RANGE,74.0,True,True,498,35,67.7,1789703100000,LOW,1.3045,5.46,,,,,,,0,0,1.3228,1.3164,HIGH_SWEEP,3,1.3228,False,False,0.2603,499,native,58.49,NORMAL,59.05,65.67,True,300,76.7,TR-UP,CHOCH UP,HH/HL,MIX/HL,TR-UP,84.3,True,True,498,22,25.8,1789693200000,LOW,1.2867,6.5,,,,,,,0,0,1.3286,1.3133,HIGH_SWEEP,23,1.3002,False,False,0.4261,499,native,81.07,YORGUN,81.65,93.0,True,300,74.1,TR-UP,CHOCH UP,HH/MIX,HH/MIX,TR-UP,74.3,True,True,498,3,82.2,1789700400000,LOW,1.2867,3.02,,,,,,,0,0,1.3201,1.2867,HIGH_SWEEP,1,1.3201,True,False,0.9194,499,native,49.77,NORMAL,59.17,75.67,True,300,47.1,TR-DN,CHOCH DN,HH/MIX,MIX/LL,TR-DN,75.8,True,True,498,15,73.1,1789488000000,HIGH,1.4916,5.29,1.5507,7.15,2,0.98775,10.55,2,1,1,1.5507,0.98775,EQH_SWEEP,57,1.43175,False,False,2.3989,109,2641,130047.78,254113.92,-124066.13,-32.3,33.85,9.5,DOWN,1212,124,384161.7,18.9,60.0,1.0,True,0,0.0,3,151562.48,-151562.48,57.6,0.274,0.896,1.0,0.998,1852289.43,841800.84,1010488.59,37.51,68.75,92.1,UP,5788,625,2694090.27,83.2,300.0,1.0,True,18,1196026.39,8,313990.03,882036.36,82.8,0.624,1.0,1.0,1.0,6086125.82,4766143.75,1319982.07,12.16,56.08,72.6,UP,20853,2370,10852269.57,321.7,900.0,1.0,True,67,4047293.96,46,2558893.49,1488400.47,94.4,0.865,1.0,1.0,1.0,-1007575.75,-1006855.4,-8309.76,-46.15,2.98,1.0,328916.36,0.4688,239634.08,0.4447,0.2126,NONE,1789713705669,SELL,59688.89,1.3229625212777274,1789713600000,ok,1.0,1.0,1.0,continuous,1,117,0,,0,0,0,0,False,666,1.3233,1.3234,0.756,-0.217,-0.1196,-0.2468,951308.74,1209694.84,14.74,1789713712152,131,False,,,,
2,v2,v1.2,REALF_PY_V4_2_DERIVED,ZPTDIFAT_PY_V1_4_DERIVED,fc-v1,native,,058e38aec59f4c35,20260918_062941,244,DOGE_20260918_064155_286,DOGEUSDT,BINANCE,FUTURES,TOP100,12,15000,1789713715286,2026-09-18T06:41:55.286+00:00,12,True,1789713715286,1789713715286,56.7,1789713660000,1789713719999,False,55.3,0.08429,-0.083,57.4,FAIR (DENGE),True,500,60.4,55.6,56.0,51.0,-0.00192,-0.12,-0.22,0.00154,0.68,0.34,9.3,50.0,-11.8,YOK,4.8,1.0,0.0841279420251769,-0.192,CLV_PROXY_1M,0,0.0,100.0,57.4,64.4,63.2,61.2,-7.0,-5.8,-3.8,-0.00192,0.00047,0.00044,-4e-05,57.92,59.92,47.36,38.99,-2.0,10.56,18.93,55.64,47.67,500,native,57.92,NORMAL,55.64,47.67,True,300,66.4,BEAR,BOS DN,HH/HL,HH/HL,SQZ,88.9,True,True,499,23,38.7,1789712280000,HIGH,0.08443,1.76,0.084395,1.32,2,0.08135,36.97,2,1,1,0.084395,0.08135,EQH_SWEEP,5,0.084395,False,False,0.0943,499,native,50.38,NORMAL,53.89,46.33,True,300,61.5,BULL,BOS UP,MIX/HL,MIX/HL,RANGE,73.3,True,True,498,34,48.5,1789707420000,LOW,0.08373,3.65,0.08449000000000001,1.3,2,,,,1,0,0.08449000000000001,0.08417,LOW_SWEEP,13,0.08419,False,False,0.182,499,native,43.02,NORMAL,47.76,35.67,True,300,62.6,BULL,BOS UP,MIX/HL,MIX/HL,TR UP,80.0,True,True,498,35,93.1,1789703100000,LOW,0.08223,9.36,,,,0.07986,20.12,2,0,1,0.08448,0.07986,HIGH_SWEEP,19,0.08459,False,False,0.261,499,native,60.55,NORMAL,55.38,56.67,True,300,79.8,BULL,BOS UP,HH/HL,HH/HL,TR UP,84.7,True,True,498,21,43.6,1789694100000,LOW,0.08114,8.71,,,,0.080555,10.33,2,0,1,0.08469,0.080555,HIGH_SWEEP,64,0.08179,False,False,0.4296,499,native,89.0,ASIRI,85.49,96.67,True,300,89.8,BULL,BOS UP,HH/HL,LH/LL,TR UP,90.7,True,True,498,4,51.5,1789696800000,LOW,0.08114,4.35,,,,,,,0,0,0.08253,0.08114,HIGH_SWEEP,21,0.08134,False,False,0.8609,499,native,72.98,YORGUN,86.27,92.33,True,300,47.5,BEAR,BOS DN,HH/MIX,LH/MIX,TR DN,73.2,True,True,498,16,26.7,1789473600000,HIGH,0.08616,1.22,,,,0.07835,3.89,2,0,1,0.08616,0.07835,HIGH_SWEEP,20,0.08534,False,False,1.8093,175,1639,19200.23,81107.54,-61907.31,-61.72,19.14,5.3,DOWN,664,72,100307.77,9.7,60.0,1.0,True,0,0.0,2,36299.71,-36299.71,44.3,0.162,0.75,1.0,0.997,354489.58,286557.12,67932.46,10.6,55.3,70.1,UP,3409,388,641046.71,47.1,300.0,1.0,True,7,172260.35,4,102965.53,69294.82,73.8,0.485,0.952,1.0,0.999,1914591.25,2170588.55,-255997.3,-6.27,46.87,37.5,DOWN,11147,1309,4085179.81,175.1,900.0,1.0,True,31,1151001.1,36,1230235.8,-79234.7,90.4,0.778,1.0,1.0,1.0,-210676.89,-340770.61,-61443.17,-54.62,-7.57,1.0,37990.65,0.2428,24050.31,0.1876,0.1891,NONE,1789713705690,SELL,17394.04,0.0843,1789713600000,ok,1.0,1.0,1.0,continuous,1,68,0,,0,0,0,0,False,700,0.0843,0.08431,1.186,-0.075,-0.3332,-0.763,1070332.19,2139826.16,23.13,1789713714671,615,False,,AGGRESSIVE_SELLER,,
2,v2,v1.2,REALF_PY_V4_2_DERIVED,ZPTDIFAT_PY_V1_4_DERIVED,fc-v1,native,,058e38aec59f4c35,20260918_062941,245,LINK_20260918_064158_389,LINKUSDT,BINANCE,FUTURES,TOP100,17,10000,1789713718389,2026-09-18T06:41:58.389+00:00,12,True,1789713717949,1789713718389,57.2,1789713660000,1789713719999,False,57.9,11.826,0.0,56.3,FAIR (DENGE),True,500,59.0,53.6,55.8,52.1,-0.00161,0.2,-0.04,0.00191,0.674,0.57,32.0,50.0,20.5,YOK,5.4,1.0,11.806979254963645,-0.161,CLV_PROXY_1M,0,0.0,100.0,56.3,54.9,53.5,57.0,1.4,2.8,-0.7,-0.00161,-0.00064,-0.00082,-0.00053,76.84,74.62,70.32,64.62,2.22,6.52,12.22,82.48,81.0,500,native,76.84,YORGUN,82.48,81.0,True,300,90.4,BULL,BOS UP,HH/HL,HH/HL,RANGE,92.9,True,True,499,5,55.7,1789713360000,LOW,11.772,3.69,,,,11.377500000000001,30.65,2,0,1,11.811,11.377500000000001,HIGH_SWEEP,24,11.779,False,False,0.1237,499,native,81.42,YORGUN,84.93,92.67,True,300,45.2,BULL,BOS UP,LH/LL,HH/MIX,RANGE,88.3,True,True,498,6,67.9,1789712460000,LOW,11.705,4.15,,,,,,,0,0,11.776,11.705,HIGH_SWEEP,11,11.776,False,False,0.2466,499,native,75.59,YORGUN,86.7,92.33,True,300,76.6,BULL,BOS UP,HH/MIX,LH/LL,TR UP,75.7,True,True,498,1,46.5,1789713300000,LOW,11.705,3.01,,,,,,,0,0,11.817,11.705,HIGH_SWEEP,21,11.802,False,False,0.3401,499,native,64.74,NORMAL,68.92,71.67,True,300,77.6,BULL,BOS UP,HH/HL,HH/HL,TR UP,87.9,True,True,498,29,54.8,1789686900000,LOW,11.25,8.98,,,,11.0905,11.47,2,0,1,11.817,11.0905,HIGH_SWEEP,64,11.34,False,False,0.544,499,native,90.78,ASIRI,89.16,95.67,True,300,83.3,TR-UP,CHOCH UP,HH/HL,MIX/LL,TR-UP,86.0,True,True,498,5,51.0,1789693200000,LOW,11.089,6.11,12.7855,7.96,2,,,,1,0,12.7855,11.25,LOW_SWEEP,37,10.67,False,False,1.0287,499,native,76.04,YORGUN,89.18,93.33,True,300,17.7,BEAR,BOS DN,LH/LL,HH/MIX,RANGE,86.2,True,True,498,15,24.8,1789488000000,HIGH,11.961,0.54,,,,8.062,15.01,2,0,1,11.961,8.062,EQH_SWEEP,83,12.035499999999999,False,False,2.133,2068,1333,24106.81,59953.02,-35846.21,-42.64,28.68,6.8,DOWN,361,72,84059.84,16.8,60.0,1.0,True,0,0.0,3,34929.76,-34929.76,52.2,0.252,0.731,1.0,0.966,288612.66,218330.31,70282.35,13.86,56.93,75.1,UP,2000,368,506942.98,94.4,300.0,1.0,True,6,85818.71,6,70251.79,15566.92,82.4,0.654,0.926,1.0,0.993,1123516.51,785930.06,337586.46,17.68,58.84,80.0,UP,6798,1177,1909446.57,266.3,900.0,1.0,True,18,468931.64,14,246624.72,222306.93,93.3,0.842,1.0,1.0,0.998,-96958.26,-363980.43,-30866.06,-39.74,-12.79,1.0,14473.77,0.1299,19870.29,0.196,0.3892,NONE,1789713706749,SELL,10009.53,11.826,1789713600000,ok,1.0,1.0,1.0,continuous,1,71,0,,0,0,0,0,False,734,11.824,11.825,0.846,-0.115,0.0438,-0.0433,214033.77,196053.54,16.49,1789713717672,717,False,,AGGRESSIVE_SELLER,,
2,v2,v1.2,REALF_PY_V4_2_DERIVED,ZPTDIFAT_PY_V1_4_DERIVED,fc-v1,native,,058e38aec59f4c35,20260918_062941,246,ADA_20260918_064201_417,ADAUSDT,BINANCE,FUTURES,TOP100,19,10000,1789713721417,2026-09-18T06:42:01.417+00:00,12,True,1789713720958,1789713721417,57.3,1789713660000,1789713719999,True,61.0,0.2137,0.0468,47.6,FAIR (DENGE),True,500,48.1,42.7,51.9,48.6,0.00279,0.81,0.86,0.00161,0.628,1.25,48.0,60.0,4.8,YOK,9.2,0.747,0.21429623472038214,0.279,CLV_PROXY_1M,0,0.0,100.0,47.6,49.7,41.9,44.8,-2.1,5.7,2.8,0.00279,-0.00013,-0.00101,-0.00038,54.45,49.5,46.59,53.89,4.95,7.86,0.56,67.57,62.33,500,native,54.45,NORMAL,67.57,62.33,True,300,77.0,TR-UP,CHOCH UP,HH/HL,HH/MIX,SQZ,87.5,True,True,499,26,50.5,1789712100000,LOW,0.2126,3.59,0.2138,0.33,2,,,,2,0,0.2138,0.213,EQH_SWEEP,5,0.2138,False,False,0.1433,499,native,72.61,YORGUN,74.61,75.0,True,300,21.7,BEAR,BOS DN,LH/LL,MIX/HL,RANGE,86.5,True,True,498,27,70.8,1789708680000,HIGH,0.2173,6.49,,,,,,,0,0,0.2151,0.2121,LOW_SWEEP,47,0.2143,False,False,0.2601,499,native,57.69,NORMAL,67.76,68.67,True,300,20.0,TR-DN,CHOCH DN,LH/LL,LH/LL,TR-DN,85.4,True,True,498,10,28.1,1789710600000,HIGH,0.2151,1.86,,,,0.1903,31.13,3,0,1,0.2151,0.1903,HIGH_SWEEP,34,0.2159,False,False,0.3519,499,native,45.67,NORMAL,44.94,40.67,True,300,66.8,BULL,BOS UP,MIX/HL,LH/LL,TR UP,78.2,True,True,498,26,55.4,1789689600000,LOW,0.1997,9.12,0.21739999999999998,2.41,2,0.1972,10.75,2,1,2,0.21739999999999998,0.1972,HIGH_SWEEP,27,0.2027,False,False,0.7191,499,native,86.2,ASIRI,76.54,89.33,True,300,87.0,BULL,BOS UP,HH/HL,HH/HL,EXP UP,84.6,True,True,498,6,53.5,1789689600000,LOW,0.1901,7.62,,,,,,,0,0,0.2042,0.1997,EQH_SWEEP,29,0.19690000000000002,False,False,1.4575,499,native,75.84,YORGUN,88.39,90.33,True,300,41.5,TR-UP,CHOCH UP,LH/LL,LH/LL,TR-UP,84.5,True,True,498,1,52.5,1789689600000,LOW,0.1901,4.33,,,,,,,0,0,0.2159,0.1901,LOW_SWEEP,52,0.2148,False,True,2.5151,469,1036,51904.07,125633.88,-73729.81,-41.53,29.24,7.0,DOWN,263,58,177537.96,4.9,60.0,1.0,True,2,48329.68,2,112844.41,-64514.74,35.7,0.089,0.812,1.0,0.992,447185.49,209107.77,238077.72,36.28,68.14,91.8,UP,1321,268,656293.26,14.7,300.0,1.0,True,10,398923.26,5,157151.57,241771.69,54.5,0.227,0.954,1.0,0.998,1047299.32,948075.53,99223.78,4.97,52.49,60.0,UP,4440,888,1995374.85,58.0,900.0,1.0,True,28,858233.39,21,737954.49,120278.9,78.0,0.537,1.0,1.0,0.999,-167278.31,63794.89,-75759.38,-51.34,6.02,1.0,27102.66,0.2031,47198.4,0.3596,0.1783,NONE,1789713702250,SELL,53417.21,0.21366882760000003,1789713600000,ok,1.0,1.0,1.0,continuous,1,57,0,,0,0,0,0,False,34,0.2136,0.2137,4.681,-0.601,0.05,-0.0734,2293172.51,2074918.42,91.27,1789713720828,589,False,,AGGRESSIVE_SELLER,,
2,v2,v1.2,REALF_PY_V4_2_DERIVED,ZPTDIFAT_PY_V1_4_DERIVED,fc-v1,native,,058e38aec59f4c35,20260918_062941,247,LTC_20260918_064204_194,LTCUSDT,BINANCE,FUTURES,TOP100,25,10000,1789713724194,2026-09-18T06:42:04.194+00:00,12,True,1789713723975,1789713724194,57.3,1789713660000,1789713719999,True,64.0,54.91,-0.0728,57.6,FAIR (DENGE),True,500,59.9,56.7,55.2,54.7,-0.0024,-0.0,0.09,0.00123,0.564,1.1,63.7,45.0,-19.6,YOK,4.7,1.0,54.778190222514155,-0.24,CLV_PROXY_1M,0,0.0,100.0,57.6,62.8,65.2,62.4,-5.2,-7.6,-4.8,-0.0024,0.00041,0.00088,0.0007,57.93,60.54,54.73,56.52,-2.61,3.2,1.41,51.2,53.33,500,native,57.93,NORMAL,51.2,53.33,True,300,84.7,BULL,BOS UP,HH/HL,MIX/HL,TR UP,86.9,True,True,499,14,64.2,1789712820000,LOW,54.78,2.63,,,,54.76,3.03,2,0,2,55.02,54.76,HIGH_SWEEP,38,54.92,False,False,0.0901,499,native,63.05,NORMAL,66.05,67.33,True,300,63.7,BULL,BOS UP,MIX/HL,HH/HL,RANGE,81.4,True,True,498,35,50.6,1789707240000,LOW,54.29,6.01,54.974999999999994,0.63,2,,,,2,0,54.974999999999994,54.78,EQH_SWEEP,4,55.0,False,False,0.1878,499,native,57.44,NORMAL,61.07,49.67,True,300,76.3,BULL,BOS UP,HH/HL,HH/HL,TR UP,86.1,True,True,498,35,51.2,1789703100000,LOW,54.32,4.16,,,,53.86,7.46,2,0,3,55.0,53.86,HIGH_SWEEP,3,55.0,False,False,0.2539,499,native,72.87,YORGUN,71.4,77.67,True,300,71.1,BULL,BOS UP,MIX/HL,HH/MIX,TR UP,85.7,True,True,498,24,95.3,1789691400000,LOW,53.59,5.8,,,,,,,0,0,53.98,54.29,EQH_SWEEP,26,53.989999999999995,False,False,0.4112,499,native,87.54,ASIRI,87.38,95.0,True,300,88.0,BULL,BOS UP,HH/HL,HH/HL,TR UP,83.5,True,True,498,6,68.8,1789689600000,LOW,52.46,5.61,,,,,,,0,0,54.0,52.46,HIGH_SWEEP,21,52.81,False,False,0.7963,499,native,81.25,YORGUN,88.94,93.0,True,300,51.6,TR-DN,CHOCH DN,HH/MIX,LH/LL,TR-DN,72.3,True,True,498,14,38.2,1789502400000,HIGH,55.24,0.4,,,,,,,0,0,55.24,50.13,HIGH_SWEEP,30,54.28,False,False,1.559,997,621,6049.29,59605.62,-53556.33,-81.57,9.21,5.1,DOWN,168,31,65654.92,6.1,60.0,1.0,True,0,0.0,2,35578.93,-35578.93,37.1,0.11,0.704,1.0,0.983,143939.58,102253.76,41685.83,16.93,58.47,79.1,UP,723,136,246193.34,23.1,300.0,1.0,True,5,109199.29,3,45620.92,63578.38,60.0,0.316,0.848,1.0,0.997,478062.7,458492.7,19570.0,2.09,51.04,54.3,FLAT,2959,524,936555.41,72.9,900.0,1.0,True,12,265598.43,13,221240.72,44357.71,81.0,0.593,0.993,1.0,0.999,-73629.42,-38967.18,-109231.83,-62.3,-10.82,1.0,8335.15,0.1394,14409.48,0.2926,0.1032,NONE,1789713689098,SELL,10401.71,54.91,1789713600000,ok,1.0,1.0,1.0,continuous,1,31,0,,0,0,0,0,False,68,54.9,54.91,1.821,0.497,0.1742,0.1207,929569.54,653708.22,35.52,1789713723795,399,False,,AGGRESSIVE_SELLER,,
2,v2,v1.2,REALF_PY_V4_2_DERIVED,ZPTDIFAT_PY_V1_4_DERIVED,fc-v1,native,,058e38aec59f4c35,20260918_062941,248,AVAX_20260918_064206_782,AVAXUSDT,BINANCE,FUTURES,TOP100,31,5000,1789713726782,2026-09-18T06:42:06.782+00:00,12,True,1789713726750,1789713726782,57.3,1789713660000,1789713719999,True,66.8,7.895,-0.0253,48.5,FAIR (DENGE),True,500,49.5,42.3,53.4,49.8,0.00261,0.29,0.05,0.00129,0.603,0.44,9.7,45.0,4.3,YOK,11.1,0.515,7.915632186755048,0.261,CLV_PROXY_1M,0,0.0,100.0,48.5,52.7,49.7,46.6,-4.2,-1.2,1.9,0.00261,0.00017,-0.00043,-0.0009,65.56,65.35,60.4,60.2,0.21,5.16,5.36,66.93,64.0,500,native,65.56,NORMAL,66.93,64.0,True,300,72.2,BEAR,BOS DN,HH/HL,HH/HL,SQZ,81.5,True,True,499,61,64.9,1789710000000,HIGH,7.93,5.14,7.9415,6.82,2,,,,1,0,7.9415,7.88,LOW_SWEEP,20,7.873,False,False,0.0863,499,native,67.03,NORMAL,72.19,74.67,True,300,59.1,BULL,BOS UP,MIX/HL,HH/MIX,RANGE,69.2,True,True,498,72,79.7,1789700760000,LOW,7.677,14.54,,,,7.6285,17.77,2,0,1,7.903,7.6285,HIGH_SWEEP,81,7.723,False,False,0.1899,499,native,41.52,NORMAL,52.14,44.0,True,300,60.7,BULL,BOS UP,MIX/HL,MIX/HL,RANGE,74.1,True,True,498,43,66.0,1789700700000,LOW,7.677,9.5,,,,,,,0,0,7.942,7.857,HIGH_SWEEP,48,7.723,False,False,0.2907,499,native,55.63,NORMAL,53.27,49.67,True,300,79.5,BULL,BOS UP,HH/HL,MIX/HL,TR UP,85.4,True,True,498,23,54.9,1789692300000,LOW,7.545,8.32,,,,,,,0,0,7.968,7.584,EQH_SWEEP,23,7.648,False,False,0.534,499,native,87.54,ASIRI,81.95,89.0,True,300,91.4,TR-UP,CHOCH UP,HH/HL,LH/LL,TR-UP,94.6,True,True,498,3,96.7,1789700400000,LOW,7.545,4.35,8.192,3.69,3,7.186,8.8,2,1,1,8.192,7.186,EQL_SWEEP,37,7.186,False,False,1.023,499,native,84.7,ASIRI,90.44,93.0,True,300,78.7,BULL,BOS UP,HH/MIX,HH/MIX,RANGE,76.8,True,True,498,1,80.2,1789689600000,LOW,7.171,4.77,,,,7.173500000000001,4.75,2,0,1,7.8,7.173500000000001,LOW_SWEEP,15,7.243,False,False,1.9116,1670,754,8756.28,19035.36,-10279.08,-36.99,31.51,8.0,DOWN,211,50,27791.63,8.2,60.0,1.0,True,0,0.0,1,6869.52,-6869.52,39.2,0.14,0.611,1.0,0.972,80602.82,82758.73,-2155.92,-1.32,49.34,47.3,FLAT,1016,202,163361.55,38.1,300.0,1.0,True,4,29312.99,5,46347.16,-17034.17,66.9,0.432,0.803,1.0,0.994,416254.98,353310.23,62944.74,8.18,54.09,66.0,UP,3776,657,769565.21,127.8,900.0,1.0,True,17,158054.37,22,193577.54,-35523.16,86.9,0.719,0.972,1.0,0.998,-27283.43,9707.64,-2228.22,-35.17,1.65,1.0,-1986.04,-0.0477,-238.12,-0.0073,-0.0538,NONE,1789713678178,SELL,6869.52,7.895999999999999,1789713600000,ok,1.0,1.0,1.0,continuous,1,49,0,,0,0,0,0,False,102,7.894,7.895,1.267,0.417,-0.0218,-0.056,323085.75,337497.43,24.7,1789713726584,198,False,,,,
2,v2,v1.2,REALF_PY_V4_2_DERIVED,ZPTDIFAT_PY_V1_4_DERIVED,fc-v1,native,,058e38aec59f4c35,20260918_062941,249,SUI_20260918_064209_559,SUIUSDT,BINANCE,FUTURES,TOP100,35,5000,1789713729559,2026-09-18T06:42:09.559+00:00,12,True,1789713729344,1789713729559,57.5,1789713720000,1789713779999,False,9.3,0.7789,0.0,57.9,FAIR (DENGE),True,500,61.8,51.7,60.7,50.1,-0.00074,0.46,-0.03,0.00209,0.588,0.03,0.3,55.0,-18.0,YOK,10.1,1.0,0.7783248402315974,-0.074,CLV_PROXY_1M,0,0.0,100.0,57.9,57.1,58.7,54.6,0.8,-0.8,3.3,-0.00074,-2e-05,-0.00048,-0.00114,81.53,80.68,75.42,71.19,0.85,6.11,10.34,83.18,84.33,500,native,81.53,YORGUN,83.18,84.33,True,300,87.1,BULL,BOS UP,HH/HL,HH/HL,SQZ,87.8,True,True,499,4,20.7,1789713480000,LOW,0.775,3.72,,,,,,,0,0,0.7798,0.775,HIGH_SWEEP,20,0.777,False,False,0.1346,499,native,77.74,YORGUN,83.52,91.0,True,300,71.7,BULL,BOS UP,MIX/HL,MIX/HL,RANGE,68.4,True,True,498,2,18.5,1789713360000,LOW,0.7738,2.39,,,,0.7292,23.33,2,0,3,0.7778,0.7292,HIGH_SWEEP,53,0.7849,False,False,0.2735,499,native,56.11,NORMAL,75.69,76.33,True,300,60.8,BULL,BOS UP,MIX/HL,MIX/HL,RANGE,74.3,True,True,498,42,48.0,1789701000000,LOW,0.7643,4.73,,,,0.71575,20.46,2,0,2,0.7849,0.71575,HIGH_SWEEP,92,0.7365,False,False,0.3965,499,native,47.94,NORMAL,51.95,42.0,True,300,78.5,BULL,BOS UP,HH/HL,MIX/HL,TR UP,90.8,True,True,498,29,53.6,1789686900000,LOW,0.7287,8.57,,,,0.7289,8.54,2,0,1,0.7899,0.7289,HIGH_SWEEP,58,0.7351,False,False,0.7551,499,native,88.11,ASIRI,76.74,86.33,True,300,83.0,TR-UP,CHOCH UP,HH/HL,HH/MIX,TR-UP,88.9,True,True,498,6,40.0,1789689600000,LOW,0.7157,5.74,0.8336,4.97,2,,,,2,0,0.8336,0.7157,LOW_SWEEP,37,0.6814,False,False,1.4211,499,native,86.47,ASIRI,91.58,95.33,True,300,89.3,TR-UP,CHOCH UP,HH/HL,MIX/HL,TR-UP,85.4,True,True,498,1,97.1,1789689600000,LOW,0.6773,5.39,,,,,,,0,0,0.7479,0.6773,LOW_SWEEP,16,0.692,False,False,2.3923,359,1818,36672.02,15505.88,21166.14,40.57,70.28,92.8,UP,446,104,52177.9,14.0,60.0,1.0,True,2,14461.17,0,0.0,14461.17,48.4,0.218,0.679,1.0,0.994,254614.17,198526.35,56087.81,12.38,56.19,72.9,UP,2612,466,453140.52,55.4,300.0,1.0,True,14,153401.87,8,125878.81,27523.06,75.3,0.526,0.914,1.0,0.999,1449120.88,1227519.39,221601.48,8.28,54.14,66.2,UP,10267,1685,2676640.27,274.6,900.0,1.0,True,72,998157.79,63,798356.01,199801.78,93.5,0.846,1.0,1.0,1.0,-4467.25,41848.18,-296.36,15.38,5.28,1.0,15116.48,0.1233,10337.97,0.1141,-0.0084,NONE,1789713686355,BUY,8868.84,0.7790000000000001,1789713600000,ok,1.0,1.0,1.0,continuous,1,97,0,,0,0,0,0,False,136,0.7784,0.7785,1.285,0.181,-0.1198,-0.2899,286817.41,364903.05,25.05,1789713729218,341,False,,AGGRESSIVE_BUYER,,
2,v2,v1.2,REALF_PY_V4_2_DERIVED,ZPTDIFAT_PY_V1_4_DERIVED,fc-v1,native,,058e38aec59f4c35,20260918_062941,250,AKE_20260918_064212_348,AKEUSDT,BINANCE,FUTURES,TOP100,94,2000,1789713732348,2026-09-18T06:42:12.348+00:00,12,True,1789713732130,1789713732348,57.2,1789713720000,1789713779999,False,12.1,0.023118,0.1994,66.9,PRICE AHEAD,True,500,72.2,66.9,63.1,50.5,-0.03181,0.38,0.05,0.00744,0.603,0.03,4.3,60.0,16.5,YOK,9.1,1.0,0.02239422835986776,-3.131,CLV_PROXY_1M,0,0.0,100.0,66.9,65.2,59.9,55.9,1.7,7.0,11.0,-0.03181,-0.001,-0.00144,0.00015,52.99,53.33,58.0,65.38,-0.34,-5.01,-12.39,52.0,52.67,500,native,52.99,NORMAL,52.0,52.67,True,300,86.3,BULL,BOS UP,HH/HL,MIX/HL,TR UP,95.7,True,True,499,19,90.2,1789712580000,LOW,0.021423,7.72,,,,0.021402499999999998,7.82,2,0,1,0.023636,0.021402499999999998,HIGH_SWEEP,40,0.021605,False,False,0.9513,499,native,83.22,ASIRI,75.44,85.33,True,300,91.0,BULL,BOS UP,HH/HL,HH/HL,EXP UP,93.3,True,True,498,7,71.4,1789712460000,LOW,0.021423,5.45,,,,,,,0,0,0.021898,0.021646,LOW_SWEEP,36,0.021228,False,False,1.344,499,native,88.59,ASIRI,81.81,92.33,True,300,77.3,BULL,BOS UP,MIX/HL,HH/HL,EXP UP,79.7,True,True,498,7,67.7,1789711500000,LOW,0.0214,5.27,,,,,,,0,0,0.02168,0.021423,EQH_SWEEP,35,0.021653,False,False,1.4164,499,native,82.04,YORGUN,95.21,97.0,True,300,42.0,BEAR,BOS DN,LH/MIX,MIX/HL,RANGE,66.1,True,True,498,153,97.0,1789575300000,HIGH,0.028247,12.02,0.029421000000000003,14.77,2,0.0209945,4.95,2,1,3,0.029421000000000003,0.0209945,EQL_SWEEP,56,0.020765,False,False,1.8233,499,native,75.88,YORGUN,95.44,98.0,True,300,70.7,BULL,BOS UP,HH/HL,HH/MIX,RANGE,69.6,True,True,498,74,56.3,1789444800000,LOW,0.014658,9.81,0.029844000000000002,7.82,2,0.012500500000000001,12.32,3,1,2,0.029844000000000002,0.012500500000000001,HIGH_SWEEP,75,0.0165,False,False,3.9837,499,native,41.58,NORMAL,45.58,46.67,True,300,84.7,BULL,BOS UP,HH/HL,MIX/HL,TR UP,90.5,True,True,498,18,80.8,1789444800000,LOW,0.013069,3.94,,,,0.0128725,4.02,2,0,3,0.029888,0.0128725,EQL_SWEEP,67,0.0128725,False,False,11.7969,187,25897,23119.24,22421.91,697.33,1.53,50.77,53.1,FLAT,1851,956,45541.14,160.3,60.0,1.0,True,0,0.0,2,5744.81,-5744.81,79.3,0.762,0.665,1.0,0.997,145468.83,160347.57,-14878.75,-4.87,47.57,40.2,DOWN,11226,5681,305816.4,319.8,300.0,1.0,True,10,27713.99,13,61874.38,-34160.39,90.5,0.865,0.871,1.0,0.999,749372.96,929604.3,-180231.34,-10.73,44.63,29.6,DOWN,49182,25897,1678977.27,1093.9,768.0,0.8534,False,68,224045.25,84,367152.8,-143107.55,95.2,0.956,1.0,0.853,1.0,15690.21,15388.55,,11.94,2.01,0.7867,-7643.89,-0.1282,-3805.81,-0.0622,-0.0366,NONE,1789713683282,SELL,2588.9,0.022987317998987768,1789713660000,ok,1.0,1.0,1.0,continuous,1,935,0,,0,0,0,0,False,170,0.023104,0.023109,2.164,0.84,0.2367,0.9221,4246.19,2620.76,9.3,1789713731987,361,False,,FATIGUE_EXTREME,,
2,v2,v1.2,REALF_PY_V4_2_DERIVED,ZPTDIFAT_PY_V1_4_DERIVED,fc-v1,native,,058e38aec59f4c35,20260918_062941,251,PONS_20260918_064214_952,PONSUSDT,BINANCE,FUTURES,OUTSIDE100,112,2000,1789713734952,2026-09-18T06:42:14.952+00:00,12,True,1789713734937,1789713734952,57.0,1789713720000,1789713779999,False,14.9,0.7295,-0.0137,53.8,FAIR (DENGE),True,500,54.4,54.9,53.0,50.1,-0.00542,-0.02,-0.13,0.00549,0.609,0.1,0.3,55.0,-19.3,YOK,1.9,1.0,0.7255544947100872,-0.541,CLV_PROXY_1M,0,0.0,100.0,53.8,56.4,61.3,51.7,-2.6,-7.5,2.1,-0.00542,0.00082,0.00201,0.00028,26.36,21.58,14.42,15.84,4.78,11.94,10.52,40.04,31.67,500,native,26.36,DINLENMIS,40.04,31.67,True,300,8.7,BEAR,BOS DN,LH/LL,LH/LL,RANGE,89.6,True,True,499,3,65.6,1789713540000,HIGH,0.7364,3.11,,,,0.7134,7.26,2,0,1,0.7321,0.7134,EQL_SWEEP,12,0.73295,False,False,0.3039,499,native,31.66,NORMAL,26.05,19.0,True,300,26.2,BULL,BOS UP,LH/LL,MIX/HL,RANGE,86.5,True,True,498,77,26.3,1789699860000,LOW,0.6834,9.4,0.7777000000000001,9.99,3,0.63845,18.64,2,1,1,0.7777000000000001,0.63845,HIGH_SWEEP,92,0.6964,False,False,0.6665,499,native,34.02,NORMAL,31.04,22.67,True,300,13.9,BEAR,BOS DN,LH/LL,LH/LL,RANGE,88.2,True,True,498,11,56.1,1789710300000,HIGH,0.7473,2.45,0.7778,6.56,2,,,,1,0,0.7778,0.7235,LOW_SWEEP,9,0.729,False,False,1.022,499,native,44.35,NORMAL,37.96,34.33,True,300,86.2,BULL,BOS UP,HH/HL,MIX/LL,TR UP,93.8,True,True,498,17,77.8,1789697700000,LOW,0.6551,5.18,,,,,,,0,0,0.7781,0.6551,HIGH_SWEEP,18,0.6959,False,False,1.948,289,native,80.96,YORGUN,69.08,77.32,False,269,88.1,BULL,BOS UP,HH/HL,HH/HL,TR UP,88.8,True,True,288,7,54.7,1789686000000,LOW,0.6099,3.94,,,,,,,0,0,0.6721,0.6099,HIGH_SWEEP,6,0.6721,False,False,4.1259,73,native,83.78,ASIRI,83.01,98.11,False,53,74.7,TR-UP,CHOCH UP,HH/MIX,HH/HL,TR-UP,76.3,True,False,72,1,84.3,1789689600000,LOW,0.5483,3.38,,,,,,,0,0,0.6992,0.5483,LOW_SWEEP,12,0.5821,False,False,6.9476,2394,2671,10214.69,19499.61,-9284.91,-31.25,34.38,10.0,DOWN,291,113,29714.3,17.7,60.0,1.0,True,1,2843.64,2,7683.41,-4839.77,50.4,0.261,0.618,1.0,0.96,118249.75,219068.51,-100818.76,-29.89,35.06,10.6,DOWN,2957,861,337318.26,181.3,300.0,1.0,True,11,46220.79,23,133466.42,-87245.64,87.3,0.784,0.882,1.0,0.992,326874.89,491531.56,-164656.67,-20.12,39.94,17.5,DOWN,8181,2456,818406.45,446.1,900.0,1.0,True,36,128809.27,50,271471.31,-142662.04,95.2,0.899,0.978,1.0,0.997,-8698.71,6896.74,-27247.53,-15.28,0.81,1.0,-18744.11,-0.2565,-23776.75,-0.3524,-0.3223,NONE,1789713705545,SELL,2641.15,0.7298,1789713660000,ok,1.0,1.0,1.0,continuous,1,110,0,,0,0,0,0,False,204,0.7292,0.7293,1.371,0.666,0.0867,0.4786,38279.2,32171.81,26.74,1789713734740,212,False,,FATIGUE_RESTED_1M,,
2,v2,v1.2,REALF_PY_V4_2_DERIVED,ZPTDIFAT_PY_V1_4_DERIVED,fc-v1,native,,058e38aec59f4c35,20260918_062941,252,SKR_20260918_064217_528,SKRUSDT,BINANCE,FUTURES,OUTSIDE100,227,500,1789713737528,2026-09-18T06:42:17.528+00:00,12,True,1789713737528,1789713737528,57.0,1789713720000,1789713779999,False,17.5,0.019134,-0.0418,39.8,PRICE LAG,True,500,36.5,42.0,40.5,48.0,0.00414,-0.98,-0.06,0.00182,0.427,0.26,25.7,45.0,12.3,YOK,5.5,1.0,0.019213337246660286,0.415,CLV_PROXY_1M,0,0.0,100.0,39.8,41.7,42.0,49.5,-1.9,-2.2,-9.7,0.00414,-0.00014,-7e-05,0.00197,71.02,76.25,84.64,87.86,-5.23,-13.62,-16.84,58.3,60.0,500,native,71.02,NORMAL,58.3,60.0,True,300,87.3,BULL,BOS UP,HH/HL,HH/HL,TR UP,90.7,True,True,499,6,33.7,1789713360000,LOW,0.019028,3.34,0.019363,7.21,2,,,,1,0,0.019363,0.019028,EQH_SWEEP,51,0.0189665,False,False,0.1659,499,native,70.82,NORMAL,68.63,68.0,True,300,72.4,BULL,BOS UP,HH/MIX,MIX/HL,TR UP,69.4,True,True,498,2,30.5,1789713360000,LOW,0.018839,5.1,0.020296500000000002,20.18,2,0.0188425,5.04,2,1,1,0.020296500000000002,0.0188425,LOW_SWEEP,25,0.018846,False,False,0.3012,499,native,79.83,YORGUN,78.15,84.0,True,300,86.8,BULL,BOS UP,HH/HL,HH/MIX,RANGE,83.4,True,True,498,1,34.0,1789713300000,LOW,0.018839,3.94,0.020296500000000002,15.53,2,,,,1,0,0.020296500000000002,0.018839,LOW_SWEEP,26,0.018732,False,False,0.3906,499,native,79.27,YORGUN,92.49,94.67,True,300,74.6,BULL,BOS UP,MIX/HL,MIX/HL,SQZ,69.3,True,True,498,1,49.0,1789712100000,LOW,0.018719,2.84,,,,0.017547,10.85,2,0,2,0.019011,0.017547,HIGH_SWEEP,35,0.019329,False,False,0.7671,499,native,44.25,NORMAL,53.65,64.0,True,300,39.3,BULL,BOS UP,LH/LL,HH/MIX,RANGE,84.4,True,True,498,21,72.8,1789635600000,LOW,0.017378,4.62,0.025375500000000002,16.43,2,,,,1,0,0.025375500000000002,0.018321,LOW_SWEEP,6,0.018554,False,False,2.0012,499,native,73.47,YORGUN,69.42,78.0,True,300,72.9,BULL,BOS UP,HH/HL,HH/HL,TR UP,83.6,True,True,498,114,36.2,1788062400000,LOW,0.008858,11.58,,,,0.017043000000000003,2.36,2,0,1,0.020299,0.017043000000000003,HIGH_SWEEP,4,0.019684,False,False,4.7097,541,574,955.24,3879.93,-2924.69,-60.49,19.76,5.4,DOWN,52,39,4835.18,3.0,60.0,1.0,True,0,0.0,2,3298.76,-3298.76,24.5,0.057,0.421,1.0,0.991,3496.57,11950.62,-8454.05,-54.73,22.64,5.6,DOWN,253,166,15447.19,17.2,300.0,1.0,True,0,0.0,4,9253.26,-9253.26,48.4,0.256,0.547,1.0,0.998,21824.05,27129.36,-5305.31,-10.84,44.58,29.5,DOWN,774,532,48953.41,57.1,900.0,1.0,True,5,8497.63,8,16112.79,-7615.16,69.0,0.533,0.672,1.0,0.999,-3349.89,2667.26,-3514.78,-50.59,3.71,1.0,-549.39,-0.254,-1672.56,-0.5414,-0.6679,NONE,1789713729019,SELL,578.48,0.019135229036419572,1789713660000,ok,1.0,1.0,1.0,continuous,1,38,0,,0,0,0,0,False,238,0.01914,0.019148,4.179,-0.614,-0.1028,-0.1004,2478.82,3046.7,13.58,1789713737375,153,False,,AGGRESSIVE_SELLER,,
2,v2,v1.2,REALF_PY_V4_2_DERIVED,ZPTDIFAT_PY_V1_4_DERIVED,fc-v1,native,,058e38aec59f4c35,20260918_062941,253,PROM_20260918_064220_102,PROMUSDT,BINANCE,FUTURES,OUTSIDE100,266,1000,1789713740102,2026-09-18T06:42:20.102+00:00,12,True,1789713740087,1789713740102,57.0,1789713720000,1789713779999,False,20.1,5.396,0.0,48.6,FAIR (DENGE),True,500,47.8,51.7,45.6,50.0,-0.00085,-0.86,-0.49,0.00233,0.501,0.09,1.3,70.0,-8.6,YOK,6.2,0.619,5.391434775219111,-0.085,CLV_PROXY_1M,0,0.0,100.0,48.6,47.7,61.4,57.9,0.9,-12.8,-9.3,-0.00085,-0.00023,0.00283,0.00183,17.45,21.27,34.16,37.07,-3.82,-16.71,-19.62,11.06,2.67,500,native,17.45,DINLENMIS,11.06,2.67,True,300,20.5,BEAR,BOS DN,LH/MIX,LH/LL,TR DN,82.5,True,True,499,2,57.3,1789713600000,HIGH,5.424,2.94,,,,,,,0,0,5.424,5.41,LOW_SWEEP,27,5.427,False,False,0.1765,499,native,25.57,DINLENMIS,26.17,19.0,True,300,9.5,BEAR,BOS DN,LH/LL,LH/MIX,EXP DN,90.3,True,True,498,1,47.1,1789713540000,HIGH,5.541,7.37,,,,5.3934999999999995,0.13,2,0,1,5.541,5.3934999999999995,EQL_SWEEP,1,5.3934999999999995,True,False,0.3648,499,native,14.44,DINLENMIS,15.79,8.67,True,300,44.8,TR-DN,CHOCH DN,MIX/HL,LH/LL,TR-DN,75.6,True,True,498,6,58.5,1789711800000,HIGH,5.541,6.09,,,,5.3919999999999995,0.17,2,0,2,5.541,5.3919999999999995,HIGH_SWEEP,29,5.589,False,True,0.4404,499,native,27.22,DINLENMIS,13.09,5.67,True,300,59.7,TR-DN,CHOCH DN,HH/HL,MIX/HL,TR-DN,88.0,True,True,498,2,54.5,1789711200000,HIGH,5.594,4.6,5.7285,7.72,2,,,,2,1,5.7285,5.4015,LOW_SWEEP,171,5.332,False,False,0.7958,499,native,52.2,NORMAL,26.19,18.0,True,300,59.0,BEAR,BOS DN,MIX/HL,MIX/HL,SQZ,69.1,True,True,498,46,75.0,1789545600000,HIGH,5.729,3.96,5.8375,5.25,3,4.906499999999999,5.82,2,2,1,5.8375,4.906499999999999,EQL_SWEEP,94,5.5815,False,False,1.5355,499,native,47.06,NORMAL,45.57,35.0,True,300,26.5,BULL,BOS UP,LH/LL,MIX/HL,SQZ,85.6,True,True,498,58,11.5,1788868800000,LOW,4.913,2.62,,,,4.4025,5.4,2,0,2,5.659,4.4025,HIGH_SWEEP,57,5.986,False,False,3.3065,6318,812,549.01,1412.18,-863.16,-44.01,27.99,6.6,DOWN,64,38,1961.19,11.2,60.0,1.0,True,0,0.0,0,0.0,0.0,35.7,0.183,0.323,1.0,0.895,10802.46,65742.89,-54940.43,-71.78,14.11,5.1,DOWN,742,305,76545.35,26.0,300.0,1.0,True,4,5750.68,4,50560.45,-44809.77,58.9,0.342,0.721,1.0,0.979,31040.64,88176.38,-57135.73,-47.93,26.04,6.1,DOWN,1668,727,119217.02,54.6,900.0,1.0,True,7,10532.47,9,58888.09,-48355.62,71.2,0.522,0.769,1.0,0.993,48809.07,151.41,216.2,14.53,-1.28,1.0,-20979.34,-0.8533,-12458.38,-0.8138,-0.3454,NONE,1789713646509,BUY,1179.16,5.401542372881356,1789713660000,ok,1.0,1.0,1.0,continuous,1,38,0,,0,0,0,0,False,272,5.396,5.397,1.853,-0.651,0.154,-0.0159,17462.05,12801.97,36.13,1789713739938,164,False,,FATIGUE_RESTED_1M,,
2,v2,v1.2,REALF_PY_V4_2_DERIVED,ZPTDIFAT_PY_V1_4_DERIVED,fc-v1,native,,058e38aec59f4c35,20260918_062941,254,UAI_20260918_064222_890,UAIUSDT,BINANCE,FUTURES,OUTSIDE100,296,2000,1789713742890,2026-09-18T06:42:22.890+00:00,12,True,1789713742675,1789713742890,57.3,1789713720000,1789713779999,False,22.7,0.417,-0.0719,55.2,FAIR (DENGE),True,500,56.9,54.1,55.3,50.1,-0.0038,-0.05,-0.37,0.00449,0.66,0.07,0.3,50.0,-6.9,YOK,2.8,1.0,0.41541771481577405,-0.379,CLV_PROXY_1M,0,0.0,100.0,55.2,55.2,53.4,52.5,0.0,1.8,2.7,-0.0038,0.00062,-0.00051,-0.00111,69.6,70.88,67.31,60.65,-1.28,2.29,8.95,62.86,75.33,500,native,69.6,NORMAL,62.86,75.33,True,300,42.9,BEAR,BOS DN,MIX/HL,MIX/HL,RANGE,79.4,True,True,499,17,90.8,1789712700000,HIGH,0.4198,2.37,0.42315,5.2,2,0.40785,7.73,3,1,1,0.42315,0.40785,HIGH_SWEEP,95,0.4247,False,False,0.2836,499,native,37.62,NORMAL,48.95,37.0,True,300,28.6,BULL,BOS UP,LH/LL,LH/LL,RANGE,79.1,True,True,498,67,61.1,1789701660000,LOW,0.4075,3.96,0.43455,7.31,2,,,,1,0,0.43455,0.4129,LOW_SWEEP,3,0.4166,False,False,0.5753,499,native,29.35,DINLENMIS,36.81,17.0,True,300,56.0,TR-DN,CHOCH DN,MIX/HL,LH/LL,TR-DN,72.0,True,True,498,49,58.0,1789698900000,HIGH,0.4354,5.11,,,,0.3559,16.96,3,0,1,0.4232,0.3559,HIGH_SWEEP,102,0.4106,False,False,0.863,499,native,35.55,NORMAL,34.52,26.67,True,300,69.0,BULL,BOS UP,MIX/HL,MIX/HL,RANGE,79.5,True,True,498,20,30.6,1789695000000,LOW,0.3901,3.59,0.43505,2.41,2,0.3838,4.43,2,2,2,0.43505,0.3838,LOW_SWEEP,173,0.3294,False,False,1.8091,499,native,65.44,NORMAL,56.22,57.0,True,300,86.6,BULL,BOS UP,HH/HL,HH/HL,SQZ,87.3,True,True,498,6,38.6,1789689600000,LOW,0.3838,2.05,,,,,,,0,0,0.4354,0.3838,HIGH_SWEEP,4,0.418,False,False,3.8614,499,native,64.99,NORMAL,72.73,76.0,True,300,18.4,BEAR,BOS DN,LH/LL,HH/HL,RANGE,87.8,True,True,498,19,42.0,1789430400000,HIGH,0.5943,4.04,,,,,,,0,0,0.5943,0.322,LOW_SWEEP,20,0.4503,False,False,10.3453,3519,1041,614.88,4162.64,-3547.76,-74.26,12.87,5.1,DOWN,93,46,4777.53,4.2,60.0,1.0,True,0,0.0,1,2230.26,-2230.26,27.5,0.077,0.42,1.0,0.941,6360.22,8247.15,-1886.93,-12.92,43.54,26.2,DOWN,472,203,14607.37,27.4,300.0,1.0,True,0,0.0,1,2230.26,-2230.26,54.8,0.354,0.541,1.0,0.988,57843.75,41598.93,16244.82,16.34,58.17,78.4,UP,1988,789,99442.68,126.0,900.0,1.0,True,4,27059.78,3,9397.45,17662.33,80.2,0.716,0.749,1.0,0.996,-4067.79,-584.03,-623.63,-62.94,-1.73,1.0,-662.09,-0.26,-44.26,-0.0152,-0.2242,NONE,1789713684104,SELL,2230.26,0.4182,1789713660000,ok,1.0,1.0,1.0,continuous,1,39,0,,0,0,0,0,False,306,0.4169,0.4171,4.796,-1.466,-0.008,-0.1774,12288.6,12485.63,47.96,1789713742210,680,False,,AGGRESSIVE_SELLER,,
2,v2,v1.2,REALF_PY_V4_2_DERIVED,ZPTDIFAT_PY_V1_4_DERIVED,fc-v1,native,,058e38aec59f4c35,20260918_062941,255,BULLA_20260918_064225_465,BULLAUSDT,BINANCE,FUTURES,OUTSIDE100,339,5000,1789713745465,2026-09-18T06:42:25.465+00:00,12,True,1789713745465,1789713745465,57.2,1789713720000,1789713779999,False,25.5,0.10061,0.0696,45.1,FAIR (DENGE),True,500,42.5,50.2,42.0,49.7,-0.00027,-1.66,-0.88,0.00601,0.552,0.17,3.0,55.0,-20.5,YOK,8.2,0.977,0.10058328330584346,-0.027,CLV_PROXY_1M,0,0.0,100.0,45.1,44.9,59.9,61.4,0.2,-14.8,-16.3,-0.00027,-0.00076,0.00601,0.0058,33.67,42.73,72.5,63.83,-9.06,-38.83,-30.16,15.9,4.67,500,native,33.67,NORMAL,15.9,4.67,True,300,47.3,TR-DN,CHOCH DN,HH/MIX,HH/MIX,TR-DN,72.8,True,True,499,2,44.8,1789713600000,HIGH,0.10172,2.4,0.10206,3.14,3,0.100455,0.34,2,1,2,0.10206,0.100455,EQL_SWEEP,45,0.100455,False,False,0.4592,499,native,43.29,NORMAL,30.72,19.0,True,300,29.7,BULL,BOS UP,LH/LL,HH/MIX,TR UP,86.6,True,True,498,39,89.1,1789706700000,LOW,0.096433,4.6,,,,0.0964015,4.63,2,0,2,0.10203,0.0964015,HIGH_SWEEP,25,0.10206,False,False,0.9036,499,native,51.89,NORMAL,32.93,26.33,True,300,47.7,BULL,BOS UP,LH/MIX,LH/LL,TR UP,64.3,True,True,498,23,22.3,1789706700000,LOW,0.09539,4.53,,,,0.10001,0.52,2,0,1,0.10203,0.10001,HIGH_SWEEP,21,0.10114,False,False,1.1304,499,native,72.34,YORGUN,61.91,65.33,True,300,74.6,BEAR,BOS DN,HH/HL,HH/HL,TR DN,88.7,True,True,498,64,27.4,1789655400000,HIGH,0.10999,4.0,0.109785,3.91,2,,,,1,0,0.109785,0.094,LOW_SWEEP,66,0.1007,False,False,2.3168,499,native,64.99,NORMAL,70.33,85.67,True,300,26.8,BULL,BOS UP,LH/LL,MIX/HL,RANGE,84.5,True,True,498,44,42.2,1789552800000,LOW,0.060024,6.24,,,,0.060025499999999996,6.24,2,0,1,0.121362,0.060025499999999996,HIGH_SWEEP,45,0.076341,False,False,6.4384,499,native,57.61,NORMAL,57.17,58.0,True,300,75.0,BULL,BOS UP,HH/MIX,HH/HL,EXP UP,78.0,True,True,498,11,96.7,1789545600000,LOW,0.0675,2.22,,,,0.0154205,5.71,2,0,1,0.139078,0.0154205,HIGH_SWEEP,52,0.085989,False,False,15.2143,9349,2155,4931.55,3460.07,1471.48,17.54,58.77,79.8,UP,149,83,8391.63,17.6,60.0,1.0,True,0,0.0,0,0.0,0.0,46.1,0.26,0.481,1.0,0.844,29782.9,57782.12,-27999.22,-31.98,34.01,9.7,DOWN,1669,903,87565.02,143.0,300.0,1.0,True,0,0.0,2,35515.93,-35515.93,80.6,0.741,0.736,1.0,0.969,63561.09,91114.44,-27553.36,-17.81,41.09,19.9,DOWN,3747,2048,154675.53,300.9,900.0,1.0,True,0,0.0,2,35515.93,-35515.93,87.8,0.858,0.797,1.0,0.99,6928.48,-114.8,-675.86,21.5,0.74,1.0,-8209.68,-0.3118,-6944.52,-0.3965,-0.1157,NONE,1789713645633,SELL,8899.92,0.10051179880514083,1789713660000,ok,1.0,1.0,1.0,continuous,1,78,0,,0,0,0,0,False,340,0.10061,0.10065,3.975,-0.819,0.0772,0.2943,3435.82,2943.31,23.85,1789713745258,207,False,,,,
2,v2,v1.2,REALF_PY_V4_2_DERIVED,ZPTDIFAT_PY_V1_4_DERIVED,fc-v1,native,,058e38aec59f4c35,20260918_062941,256,OG_20260918_064228_472,OGUSDT,BINANCE,FUTURES,OUTSIDE100,523,500,1789713748472,2026-09-18T06:42:28.472+00:00,12,True,1789713748051,1789713748472,57.2,1789713720000,1789713779999,False,28.1,2.75,-0.0364,33.1,PRICE LAG,True,500,27.1,36.9,33.5,49.6,0.00506,0.0,1.32,0.00083,0.265,0.03,3.3,50.0,33.3,YOK,9.8,1.0,2.76394238859959,0.507,CLV_PROXY_1M,0,0.0,100.0,33.1,34.0,30.8,43.1,-0.9,2.3,-10.0,0.00506,0.00025,0.00025,0.00181,43.9,48.6,48.87,40.27,-4.7,-4.97,3.63,38.05,21.0,500,native,43.9,NORMAL,38.05,21.0,True,300,53.5,BULL,BOS UP,EQ/RANGE,MIX/HL,SQZ,68.2,True,True,499,32,66.1,1789711800000,LOW,2.747,1.38,2.754,1.85,2,2.748,0.92,2,1,3,2.754,2.748,HIGH_SWEEP,67,2.76,False,False,0.0788,499,native,39.23,NORMAL,35.64,17.0,True,300,41.6,BULL,BOS UP,LH/MIX,MIX/HL,RANGE,78.3,True,True,498,35,46.9,1789707420000,LOW,2.739,2.5,,,,2.746,0.91,2,0,3,2.754,2.746,HIGH_SWEEP,54,2.746,False,False,0.16,499,native,35.45,NORMAL,34.21,15.67,True,300,68.2,BULL,BOS UP,MIX/HL,LH/MIX,TR UP,73.6,True,True,498,18,39.4,1789708200000,LOW,2.732,2.9,,,,2.679,11.45,2,0,2,2.756,2.679,HIGH_SWEEP,20,2.759,False,False,0.2253,499,native,60.28,NORMAL,53.63,48.33,True,300,86.3,BULL,BOS UP,HH/HL,HH/HL,TR UP,87.3,True,True,498,6,35.2,1789707600000,LOW,2.679,6.98,,,,2.6635,8.5,2,0,1,2.769,2.6635,HIGH_SWEEP,5,2.759,False,False,0.3699,499,native,90.37,ASIRI,87.68,93.67,True,300,74.4,BULL,BOS UP,MIX/HL,MIX/HL,RANGE,73.4,True,True,498,7,58.0,1789686000000,LOW,2.662,4.45,,,,2.6,7.59,2,0,1,2.7,2.6,HIGH_SWEEP,30,2.712,False,False,0.7193,499,native,78.7,YORGUN,87.43,92.67,True,300,75.1,BULL,BOS UP,MIX/HL,HH/HL,SQZ,73.2,True,True,498,1,52.4,1789689600000,LOW,2.61,3.16,2.9825,5.24,3,2.5975,3.44,2,2,2,2.9825,2.5975,EQH_SWEEP,87,2.9425,False,False,1.6159,9799,74,0.0,6.05,-6.05,-100.0,0.0,5.0,DOWN,1,1,6.05,1.0,60.0,1.0,True,0,0.0,0,0.0,0.0,0.0,0.02,0.0,1.0,0.837,1685.46,48.12,1637.34,94.45,97.22,95.0,UP,108,30,1733.57,5.6,300.0,1.0,True,1,592.48,0,0.0,592.48,27.9,0.1,0.31,1.0,0.967,2894.54,1389.21,1505.34,35.14,67.57,91.5,UP,209,66,4283.75,9.7,900.0,1.0,True,2,1578.71,0,0.0,1578.71,36.9,0.163,0.408,1.0,0.989,-71.25,-19.81,-106.85,-92.17,0.91,1.0,140.35,0.8728,282.75,0.8155,1.1009,NONE,1789713502989,BUY,592.48,2.7518843474222012,1789713660000,ok,1.0,1.0,1.0,continuous,1,1,0,,0,0,0,0,False,374,2.75,2.751,3.636,1.07,0.2318,0.1373,22147.76,13811.54,70.9,1789713742690,5782,True,,,,
2,v2,v1.2,REALF_PY_V4_2_DERIVED,ZPTDIFAT_PY_V1_4_DERIVED,fc-v1,native,,058e38aec59f4c35,20260918_062941,257,ZORA_20260918_064231_049,ZORAUSDT,BINANCE,FUTURES,OUTSIDE100,612,500,1789713751049,2026-09-18T06:42:31.049+00:00,12,True,1789713751049,1789713751049,57.2,1789713720000,1789713779999,False,31.0,0.007894,-0.0886,49.3,FAIR (DENGE),True,500,48.6,50.8,49.0,49.8,-0.00041,0.82,0.98,0.00179,0.57,0.54,37.7,50.0,4.0,YOK,2.3,0.613,0.00789079250720906,-0.041,CLV_PROXY_1M,0,0.0,100.0,49.3,54.2,56.7,56.2,-4.9,-7.4,-6.9,-0.00041,0.00063,0.00083,0.00059,86.06,86.86,76.58,66.62,-0.8,9.48,19.44,81.97,89.33,500,native,86.06,ASIRI,81.97,89.33,True,300,72.6,TR-UP,CHOCH UP,MIX/HL,MIX/HL,TR-UP,73.8,True,True,499,2,64.1,1789713600000,LOW,0.007851,4.55,,,,0.007775499999999999,12.54,2,0,1,0.007876,0.007775499999999999,HIGH_SWEEP,6,0.007876,False,False,0.1196,499,native,65.25,NORMAL,75.04,76.0,True,300,90.6,BULL,BOS UP,HH/HL,MIX/HL,RANGE,87.7,True,True,498,1,56.3,1789713540000,LOW,0.007842,2.65,,,,,,,0,0,0.007897,0.007842,HIGH_SWEEP,9,0.007876,False,True,0.2488,499,native,65.99,NORMAL,80.74,85.67,True,300,73.3,BULL,BOS UP,HH/MIX,HH/HL,RANGE,74.0,True,True,498,8,63.8,1789711200000,LOW,0.007813,3.1,,,,,,,0,0,0.007897,0.007813,HIGH_SWEEP,5,0.007876,False,True,0.3311,499,native,44.3,NORMAL,48.22,47.67,True,300,82.4,BULL,BOS UP,HH/HL,MIX/HL,TR UP,87.5,True,True,498,20,74.9,1789695000000,LOW,0.007527,6.95,,,,,,,0,0,0.00802,0.007813,LOW_SWEEP,24,0.007571,False,False,0.6729,499,native,79.66,YORGUN,74.26,87.0,True,300,73.8,BEAR,BOS DN,HH/HL,HH/MIX,TR DN,86.4,True,True,498,69,59.5,1789462800000,HIGH,0.007987,0.76,0.009008,9.12,2,0.007187,5.79,2,1,1,0.009008,0.007187,LOW_SWEEP,126,0.008102,False,False,1.5567,499,native,71.77,NORMAL,78.21,86.33,True,300,18.0,TR-DN,CHOCH DN,LH/LL,LH/LL,TR-DN,90.3,True,True,498,16,65.9,1789473600000,HIGH,0.008968,4.06,,,,0.0058755000000000005,7.62,2,0,2,0.008336,0.0058755000000000005,HIGH_SWEEP,29,0.008437,False,False,3.3227,511,293,573.56,906.3,-332.74,-22.48,38.76,15.3,DOWN,49,26,1479.87,8.8,60.0,1.0,True,0,0.0,1,605.78,-605.78,32.4,0.15,0.293,1.0,0.991,6900.69,2396.33,4504.37,48.45,74.22,93.9,UP,251,102,9297.02,26.7,300.0,1.0,True,4,3496.89,2,1634.01,1862.89,53.0,0.348,0.492,1.0,0.998,15065.28,10535.67,4529.61,17.69,58.85,80.0,UP,596,273,25600.94,39.8,900.0,1.0,True,9,9443.81,6,5340.3,4103.51,62.0,0.443,0.602,1.0,0.999,-2991.29,1926.99,-619.21,-36.91,11.61,1.0,1044.62,0.4438,1046.5,0.5628,-0.0536,UP,1789713736724,SELL,605.78,0.007892140219911931,1789713660000,ok,1.0,1.0,1.0,continuous,1,26,0,,0,0,0,0,False,408,0.007893,0.007896,3.8,-0.662,0.2233,0.3938,19898.17,12633.15,25.97,1789713750883,166,False,,FATIGUE_EXTREME,,
2,v2,v1.2,REALF_PY_V4_2_DERIVED,ZPTDIFAT_PY_V1_4_DERIVED,fc-v1,native,,058e38aec59f4c35,20260918_062941,258,TNSR_20260918_064233_833,TNSRUSDT,BINANCE,FUTURES,OUTSIDE100,738,200,1789713753833,2026-09-18T06:42:33.833+00:00,12,True,1789713753623,1789713753833,57.5,1789713720000,1789713779999,False,33.6,0.03515,-0.0569,61.6,PRICE AHEAD,True,500,65.9,56.4,63.6,50.7,-0.00242,0.25,-0.47,0.00144,0.537,0.09,6.0,60.0,-43.1,YOK,9.5,1.0,0.035065106799767445,-0.242,CLV_PROXY_1M,0,0.0033,99.7,61.6,64.4,68.5,58.7,-2.8,-6.9,2.9,-0.00242,0.00055,0.00096,-0.00121,51.15,50.86,42.26,38.43,0.29,8.89,12.72,51.46,52.67,500,native,51.15,NORMAL,51.46,52.67,True,300,70.3,BULL,BOS UP,HH/MIX,HH/MIX,SQZ,71.5,True,True,499,12,45.0,1789713000000,LOW,0.03507,2.84,,,,0.03507,2.84,2,0,1,0.03521,0.03507,HIGH_SWEEP,14,0.03515,False,False,0.08,499,native,55.46,NORMAL,59.69,59.0,True,300,75.9,BULL,BOS UP,HH/MIX,HH/HL,RANGE,70.5,True,True,498,7,70.7,1789712460000,LOW,0.03507,1.24,,,,0.03507,1.24,3,0,1,0.03521,0.03507,HIGH_SWEEP,5,0.03517,False,False,0.1831,499,native,47.76,NORMAL,53.77,49.0,True,300,29.0,BULL,BOS UP,LH/LL,HH/MIX,RANGE,78.1,True,True,498,43,51.5,1789700700000,LOW,0.03481,3.72,,,,0.03454,6.67,2,0,2,0.03536,0.03454,HIGH_SWEEP,48,0.03498,False,False,0.2601,499,native,39.26,NORMAL,38.13,35.0,True,300,84.3,BULL,BOS UP,HH/HL,MIX/HL,RANGE,93.4,True,True,498,19,59.8,1789695900000,LOW,0.03454,3.38,,,,0.034375,4.29,2,0,1,0.03583,0.034375,HIGH_SWEEP,16,0.03497,False,False,0.5142,499,native,74.53,YORGUN,59.93,68.33,True,300,74.8,BULL,BOS UP,MIX/HL,MIX/HL,TR UP,73.8,True,True,498,5,52.8,1789693200000,LOW,0.03405,2.81,,,,,,,0,0,0.03497,0.03438,LOW_SWEEP,36,0.03304,False,False,1.1171,499,native,78.2,YORGUN,77.71,87.33,True,300,76.4,BULL,BOS UP,HH/MIX,HH/HL,RANGE,71.9,True,True,498,1,56.6,1789689600000,LOW,0.03258,3.31,0.037065,2.46,2,0.029225,7.62,2,1,1,0.037065,0.029225,EQH_SWEEP,59,0.037065,False,False,2.178,10237,108,0.0,37.31,-37.31,-100.0,0.0,5.0,DOWN,4,2,37.31,1.6,60.0,1.0,True,0,0.0,0,0.0,0.0,0.0,0.032,0.0,1.0,0.829,1228.44,592.71,635.73,34.91,67.45,91.4,UP,64,26,1821.14,8.6,300.0,1.0,True,2,795.44,1,343.59,451.85,32.7,0.147,0.315,1.0,0.966,3337.08,3833.07,-495.99,-6.92,46.54,36.3,DOWN,233,94,7170.14,23.3,900.0,1.0,True,5,1759.85,6,2841.15,-1081.31,50.2,0.318,0.464,1.0,0.989,-762.17,244.58,-22.51,-91.85,8.91,1.0,313.09,0.9223,128.47,0.3527,-0.2461,UP,1789713667533,BUY,487.17,0.035177856652874956,1789713660000,ok,1.0,1.0,1.0,continuous,1,2,0,,0,0,0,0,False,442,0.03514,0.03516,5.69,-0.565,0.0544,-0.0289,19104.36,17132.71,56.9,1789713753273,560,False,,,,
2,v2,v1.2,REALF_PY_V4_2_DERIVED,ZPTDIFAT_PY_V1_4_DERIVED,fc-v1,native,,058e38aec59f4c35,20260918_062941,259,VELVET_20260918_064236_405,VELVETUSDT,BINANCE,FUTURES,OUTSIDE100,761,200,1789713756405,2026-09-18T06:42:36.405+00:00,12,True,1789713756405,1789713756405,57.4,1789713720000,1789713779999,False,36.4,0.05568,-0.0897,49.1,FAIR (DENGE),True,500,45.7,60.5,42.5,49.2,-0.00578,-0.7,0.04,0.00211,0.382,1.78,94.0,70.0,-18.5,WHALE BUY L1,17.9,0.135,0.055359251643119986,-0.576,CLV_PROXY_1M,0,0.0,100.0,49.1,57.6,65.4,68.2,-8.5,-16.3,-19.1,-0.00578,0.00213,0.00196,0.00371,49.26,50.23,48.48,46.67,-0.97,0.78,2.59,47.27,46.33,500,native,49.26,NORMAL,47.27,46.33,True,300,50.0,TR-DN,CHOCH DN,MIX/HL,HH/HL,TR-DN,74.0,True,True,499,16,60.6,1789712760000,HIGH,0.05615,3.32,0.056855,8.31,2,0.055404999999999996,1.95,2,1,1,0.056855,0.055404999999999996,EQL_SWEEP,70,0.055625,False,False,0.2537,499,native,43.72,NORMAL,41.15,40.67,True,300,50.9,BEAR,BOS DN,HH/MIX,LH/LL,RANGE,72.7,True,True,498,25,40.9,1789709220000,HIGH,0.05649,3.35,,,,,,,0,0,0.05615,0.05544,LOW_SWEEP,5,0.05556,False,False,0.4398,499,native,40.08,NORMAL,42.21,36.67,True,300,17.8,BEAR,BOS DN,LH/LL,HH/MIX,RANGE,83.3,True,True,498,15,49.3,1789709100000,HIGH,0.05671,3.33,,,,0.0515,13.52,2,0,1,0.05649,0.0515,HIGH_SWEEP,27,0.05618,False,False,0.5551,499,native,33.42,NORMAL,34.71,27.33,True,300,85.4,BULL,BOS UP,HH/HL,HH/MIX,RANGE,84.2,True,True,498,8,44.5,1789705800000,LOW,0.05548,0.35,,,,0.0515,7.36,3,0,1,0.05671,0.0515,HIGH_SWEEP,7,0.05649,False,False,1.0214,499,native,34.19,NORMAL,29.0,28.0,True,300,70.4,BULL,BOS UP,HH/MIX,LH/LL,TR UP,75.1,True,True,498,14,40.8,1789660800000,LOW,0.0494,4.72,,,,,,,0,0,0.06014,0.0494,HIGH_SWEEP,13,0.05886,False,False,2.3885,499,native,78.89,YORGUN,66.77,85.0,True,300,48.0,BEAR,BOS DN,MIX/HL,HH/HL,TR DN,65.7,True,True,498,16,34.6,1789473600000,HIGH,0.0633,2.98,,,,,,,0,0,0.0536,0.0494,HIGH_SWEEP,6,0.0536,False,False,4.6002,1328,1032,2669.44,9506.71,-6837.27,-56.15,21.92,5.5,DOWN,185,62,12176.15,13.4,60.0,1.0,True,5,2335.19,1,9381.14,-7045.95,44.1,0.212,0.521,1.0,0.978,17721.57,22324.09,-4602.52,-11.49,44.25,28.4,DOWN,780,309,40045.66,45.4,300.0,1.0,True,20,16303.53,10,20184.73,-3881.2,65.3,0.476,0.651,1.0,0.996,52209.93,48565.9,3644.02,3.62,51.81,57.3,UP,2139,980,100775.83,122.6,900.0,1.0,True,51,46558.24,27,42425.96,4132.27,80.0,0.71,0.751,1.0,0.999,-4608.5,-5851.8,-7381.34,-8.39,-7.46,1.0,-715.09,-0.0806,355.2,0.0443,-0.2593,NONE,1789713730843,BUY,463.22,0.05570169552669553,1789713660000,ok,1.0,1.0,1.0,continuous,1,58,0,,0,0,0,0,False,476,0.05567,0.05569,3.592,0.025,0.0917,-0.0289,14121.05,11747.81,37.72,1789713756080,325,False,,AGGRESSIVE_SELLER,,
2,v2,v1.2,REALF_PY_V4_2_DERIVED,ZPTDIFAT_PY_V1_4_DERIVED,fc-v1,native,,058e38aec59f4c35,20260918_062941,260,ZKC_20260918_064238_977,ZKCUSDT,BINANCE,FUTURES,OUTSIDE100,1142,200,1789713758977,2026-09-18T06:42:38.977+00:00,12,True,1789713758977,1789713758977,57.4,1789713720000,1789713779999,False,39.0,0.03838,-0.0521,43.6,FAIR (DENGE),True,500,42.3,41.3,46.4,49.8,0.00351,0.23,0.45,0.00155,0.399,0.13,1.3,55.0,-2.7,YOK,5.2,1.0,0.038515020152661776,0.352,CLV_PROXY_1M,0,0.0,100.0,43.6,39.5,43.4,39.3,4.1,0.2,4.3,0.00351,0.00023,0.00082,0.00013,62.12,62.27,53.11,42.47,-0.15,9.01,19.65,59.27,67.67,500,native,62.12,NORMAL,59.27,67.67,True,300,27.2,BULL,BOS UP,LH/LL,LH/MIX,SQZ,83.3,True,True,499,49,38.3,1789710780000,LOW,0.03831,1.65,,,,,,,0,0,0.03846,0.0383,LOW_SWEEP,7,0.03835,False,False,0.1106,499,native,44.61,NORMAL,48.78,50.0,True,300,31.1,BULL,BOS UP,LH/LL,EQ/RANGE,RANGE,84.8,True,True,498,35,58.8,1789707420000,LOW,0.03801,4.4,,,,0.03749,10.59,2,0,1,0.03855,0.03749,HIGH_SWEEP,33,0.03865,False,False,0.2188,499,native,33.59,NORMAL,38.8,35.33,True,300,67.6,BULL,BOS UP,MIX/HL,LH/LL,RANGE,74.3,True,True,498,21,50.4,1789707300000,LOW,0.03801,2.88,,,,,,,0,0,0.03855,0.03831,HIGH_SWEEP,20,0.03869,False,False,0.3345,499,native,47.38,NORMAL,41.62,42.33,True,300,88.3,BULL,BOS UP,HH/HL,HH/HL,RANGE,90.3,True,True,498,7,52.3,1789706700000,LOW,0.03789,1.82,0.049025,39.45,2,0.037065,4.87,2,1,1,0.049025,0.037065,LOW_SWEEP,152,0.03752,False,False,0.7041,499,native,73.83,YORGUN,64.35,74.67,True,300,58.0,BEAR,BOS DN,MIX/HL,HH/HL,TR DN,64.1,True,True,498,53,61.2,1789520400000,HIGH,0.04772,16.67,0.05792,34.88,2,,,,1,0,0.05792,0.03718,EQH_SWEEP,6,0.03827,False,False,1.4589,499,native,43.71,NORMAL,51.08,57.67,True,300,15.6,BEAR,BOS DN,LH/LL,LH/MIX,TR DN,90.7,True,True,498,18,73.5,1789444800000,HIGH,0.04904,8.47,,,,0.036074999999999996,1.83,2,0,1,0.03878,0.036074999999999996,HIGH_SWEEP,1,0.03878,True,False,3.2744,80,341,340.04,89.78,250.26,58.23,79.11,94.5,UP,28,18,429.82,7.5,60.0,1.0,True,0,0.0,0,0.0,0.0,25.4,0.13,0.158,1.0,0.999,1379.3,1277.46,101.84,3.83,51.92,57.8,UP,91,54,2656.76,12.0,300.0,1.0,True,2,711.09,1,480.14,230.94,38.1,0.194,0.356,1.0,1.0,14572.56,9022.31,5550.26,23.52,61.76,85.5,UP,668,311,23594.87,61.7,900.0,1.0,True,17,11213.86,7,4916.25,6297.61,67.4,0.552,0.593,1.0,1.0,-407.53,-346.8,422.82,-20.08,-5.25,1.0,210.02,0.3129,0.21,0.0004,0.1031,NONE,1789713659587,BUY,481.07,0.038408758483033933,1789713660000,ok,1.0,1.0,1.0,continuous,1,18,0,,0,0,0,0,False,510,0.03838,0.03839,2.605,0.895,-0.0383,0.3336,19269.62,20804.16,50.8,1789713756528,2449,False,,,,
2,v2,v1.2,REALF_PY_V4_2_DERIVED,ZPTDIFAT_PY_V1_4_DERIVED,fc-v1,native,,058e38aec59f4c35,20260918_062941,261,ETH_20260918_064244_565,ETHUSDT,BINANCE,FUTURES,TOP100,2,75000,1789713764565,2026-09-18T06:42:44.565+00:00,12,True,1789713764549,1789713764565,57.5,1789713720000,1789713779999,False,44.5,2484.01,-0.0197,55.5,FAIR (DENGE),True,500,57.7,54.1,54.8,50.1,-0.00109,0.21,0.2,0.00142,0.72,0.17,0.3,65.0,-17.6,YOK,3.6,1.0,2481.304676194592,-0.109,CLV_PROXY_1M,0,0.0,100.0,55.5,55.3,60.8,56.8,0.2,-5.3,-1.3,-0.00109,1e-05,0.00056,0.00014,56.37,55.93,46.13,31.31,0.44,10.24,25.06,57.98,56.0,500,native,56.37,NORMAL,57.98,56.0,True,300,67.9,BULL,BOS UP,HH/MIX,HH/MIX,SQZ,72.5,True,True,499,20,63.9,1789712520000,LOW,2481.26,1.69,,,,2469.0299999999997,9.19,2,0,2,2486.88,2469.0299999999997,HIGH_SWEEP,19,2486.11,False,False,0.0656,499,native,53.98,NORMAL,57.62,58.0,True,300,42.3,BULL,BOS UP,MIX/LL,EQ/RANGE,RANGE,79.1,True,True,498,36,76.1,1789707240000,LOW,2469.0,4.39,2486.685,0.78,2,,,,1,0,2486.685,2477.52,HIGH_SWEEP,7,2486.49,False,False,0.1376,499,native,48.35,NORMAL,49.86,44.0,True,300,84.3,BULL,BOS UP,HH/HL,MIX/LL,TR UP,91.8,True,True,498,18,61.2,1789708200000,LOW,2469.0,3.05,,,,2365.835,24.04,2,0,1,2492.55,2365.835,HIGH_SWEEP,19,2482.2,False,False,0.1978,499,native,65.71,NORMAL,60.87,62.33,True,300,73.3,BULL,BOS UP,HH/MIX,HH/HL,TR UP,74.1,True,True,498,6,39.9,1789707600000,LOW,2435.39,5.95,,,,2435.74,5.91,2,0,1,2492.55,2435.74,HIGH_SWEEP,5,2484.99,False,False,0.3292,499,native,79.67,YORGUN,87.06,96.67,True,300,73.3,BEAR,BOS DN,HH/HL,HH/MIX,TR DN,84.8,True,True,498,65,44.7,1789477200000,HIGH,2614.99,7.67,,,,,,,0,0,2484.0,2435.39,HIGH_SWEEP,1,2484.0,True,False,0.6888,499,native,65.57,NORMAL,76.84,88.0,True,300,51.7,TR-DN,CHOCH DN,MIX/HL,MIX/HL,TR-DN,70.6,True,True,498,14,32.7,1789502400000,HIGH,2614.99,3.29,,,,1862.655,15.59,2,0,2,2614.99,1862.655,HIGH_SWEEP,38,2522.75,False,False,1.6086,123,8164,225123.59,1290616.78,-1065493.19,-70.3,14.85,5.2,DOWN,1880,439,1515740.37,45.1,60.0,1.0,True,0,0.0,5,647662.68,-647662.68,74.2,0.474,1.0,1.0,0.998,7234207.19,5358979.23,1875227.96,14.89,57.45,76.5,UP,10594,2488,12593186.42,58.0,300.0,1.0,True,21,4833418.66,15,2234400.44,2599018.22,78.0,0.537,1.0,1.0,1.0,21656665.57,27614593.76,-5957928.19,-12.09,43.95,27.5,DOWN,35306,8164,49271259.33,300.4,846.1,0.9401,False,65,13484918.24,74,16023915.62,-2538997.38,92.9,0.857,1.0,0.94,1.0,-1150191.16,-1561940.35,,-38.55,-5.79,0.8734,-261394.2,-0.1149,452702.12,0.1797,0.4152,DOWN,1789713728927,SELL,79963.68,2484.27,1789713660000,ok,1.0,1.0,1.0,continuous,1,306,0,,0,0,0,0,False,544,2484.0,2484.01,0.04,0.003,0.1327,0.1433,307942.82,235792.94,0.83,1789713764413,152,False,,AGGRESSIVE_SELLER,,
2,v2,v1.2,REALF_PY_V4_2_DERIVED,ZPTDIFAT_PY_V1_4_DERIVED,fc-v1,native,,058e38aec59f4c35,20260918_062941,262,BNB_20260918_064247_145,BNBUSDT,BINANCE,FUTURES,TOP100,4,25000,1789713767145,2026-09-18T06:42:47.145+00:00,12,True,1789713767132,1789713767145,57.4,1789713720000,1789713779999,False,47.1,753.88,-0.0305,51.8,FAIR (DENGE),True,500,53.3,48.3,53.3,50.3,0.0004,0.69,0.65,0.00104,0.739,0.59,10.0,55.0,-23.7,YOK,5.0,0.668,754.1797682752622,0.04,CLV_PROXY_1M,0,0.0,100.0,51.8,52.6,54.0,53.3,-0.8,-2.2,-1.5,0.0004,-0.00019,-0.0002,-7e-05,62.6,59.23,43.89,23.29,3.37,18.71,39.31,70.8,69.67,500,native,62.6,NORMAL,70.8,69.67,True,300,44.4,BEAR,BOS DN,HH/MIX,HH/MIX,RANGE,75.1,True,True,499,13,52.5,1789712940000,HIGH,754.74,2.06,,,,735.76,43.49,2,0,1,754.74,735.76,HIGH_SWEEP,20,754.62,False,False,0.0552,499,native,40.02,NORMAL,51.54,37.33,True,300,71.4,BULL,BOS UP,HH/MIX,MIX/HL,RANGE,74.2,True,True,498,13,53.9,1789711380000,LOW,751.67,2.32,,,,733.985,20.86,2,0,2,755.98,733.985,HIGH_SWEEP,28,753.4,False,False,0.1265,499,native,47.72,NORMAL,52.25,43.0,True,300,71.0,BULL,BOS UP,HH/MIX,HH/MIX,TR UP,80.5,True,True,498,18,50.9,1789708200000,LOW,749.39,2.98,,,,751.405,1.6,2,0,2,755.98,751.405,HIGH_SWEEP,7,755.08,False,False,0.1933,499,native,57.6,NORMAL,59.43,51.0,True,300,78.6,BULL,BOS UP,HH/HL,HH/HL,TR UP,91.5,True,True,498,29,31.8,1789686900000,LOW,733.95,7.78,,,,,,,0,0,754.71,733.95,HIGH_SWEEP,5,754.71,False,False,0.3404,499,native,94.11,ASIRI,90.79,95.33,True,300,72.9,BULL,BOS UP,HH/MIX,HH/MIX,TR UP,76.1,True,True,498,10,47.2,1789675200000,LOW,721.24,7.07,,,,,,,0,0,732.95,721.24,HIGH_SWEEP,18,729.58,False,False,0.6104,499,native,88.99,ASIRI,96.29,95.67,True,300,40.4,BULL,BOS UP,LH/LL,HH/HL,RANGE,86.1,True,True,498,4,31.3,1789646400000,LOW,704.34,5.25,,,,,,,0,0,725.94,704.34,HIGH_SWEEP,6,725.94,False,False,1.2519,1921,2491,20427.77,198936.77,-178509.0,-81.38,9.31,5.1,DOWN,399,99,219364.54,7.8,60.0,1.0,True,0,0.0,3,143959.77,-143959.77,42.3,0.135,0.835,1.0,0.968,587609.0,439945.72,147663.29,14.37,57.19,75.8,UP,3103,674,1027554.72,68.4,300.0,1.0,True,4,150214.36,4,176660.55,-26446.2,80.2,0.578,1.0,1.0,0.994,1490408.84,2085446.02,-595037.18,-16.64,41.68,21.2,DOWN,11578,2266,3575854.86,274.4,900.0,1.0,True,9,352600.83,18,745151.31,-392550.48,93.5,0.846,1.0,1.0,0.998,-255876.4,-225680.3,-100675.78,-63.24,-12.76,1.0,29459.3,0.1174,52267.73,0.2543,0.2887,NONE,1789713764707,SELL,85459.23,753.8746383203951,1789713660000,ok,1.0,1.0,1.0,continuous,1,98,0,,0,0,0,0,False,578,753.74,753.75,0.133,-0.053,-0.4672,-0.8728,70960.93,195424.54,2.59,1789713766998,147,False,,AGGRESSIVE_SELLER,,
2,v2,v1.2,REALF_PY_V4_2_DERIVED,ZPTDIFAT_PY_V1_4_DERIVED,fc-v1,native,,058e38aec59f4c35,20260918_062941,263,XRP_20260918_064249_712,XRPUSDT,BINANCE,FUTURES,TOP100,5,25000,1789713769712,2026-09-18T06:42:49.712+00:00,12,True,1789713769712,1789713769712,57.4,1789713720000,1789713779999,False,49.7,1.3225,-0.0605,59.2,PRICE AHEAD,True,500,62.5,59.4,56.1,50.5,-0.0035,0.19,-0.07,0.00165,0.747,0.2,2.0,50.0,-13.8,YOK,6.4,1.0,1.3178849993772586,-0.349,CLV_PROXY_1M,0,0.0,100.0,59.2,61.1,64.6,60.8,-1.9,-5.4,-1.6,-0.0035,0.00039,0.00053,-9e-05,71.33,73.61,64.75,57.93,-2.28,6.58,13.4,65.73,66.67,500,native,71.33,NORMAL,65.73,66.67,True,300,73.4,BEAR,BOS DN,HH/HL,HH/HL,SQZ,85.2,True,True,499,57,52.6,1789710300000,HIGH,1.3237,0.9,,,,1.3032,14.41,2,0,2,1.3232,1.3032,HIGH_SWEEP,6,1.3232,False,True,0.1012,499,native,74.08,YORGUN,73.94,82.67,True,300,41.4,BULL,BOS UP,LH/LL,HH/HL,RANGE,87.7,True,True,498,1,29.6,1789713540000,LOW,1.3164,2.42,,,,,,,0,0,1.3228,1.3164,HIGH_SWEEP,5,1.3228,False,True,0.1933,499,native,63.63,NORMAL,72.95,78.0,True,300,61.0,BULL,BOS UP,MIX/HL,LH/LL,RANGE,74.0,True,True,498,35,67.7,1789703100000,LOW,1.3045,5.26,,,,,,,0,0,1.3228,1.3164,HIGH_SWEEP,3,1.3228,False,True,0.2603,499,native,57.99,NORMAL,57.55,63.67,True,300,76.7,TR-UP,CHOCH UP,HH/HL,MIX/HL,TR-UP,84.3,True,True,498,22,25.8,1789693200000,LOW,1.2867,6.38,,,,,,,0,0,1.3286,1.3133,HIGH_SWEEP,23,1.3002,False,False,0.4261,499,native,80.8,YORGUN,80.82,92.0,True,300,74.1,TR-UP,CHOCH UP,HH/MIX,HH/MIX,TR-UP,74.3,True,True,498,3,82.2,1789700400000,LOW,1.2867,2.96,,,,,,,0,0,1.3201,1.2867,HIGH_SWEEP,1,1.3201,True,False,0.9194,499,native,49.65,NORMAL,58.87,75.0,True,300,47.1,TR-DN,CHOCH DN,HH/MIX,MIX/LL,TR-DN,75.8,True,True,498,15,73.1,1789488000000,HIGH,1.4916,5.31,1.5507,7.17,2,0.98775,10.53,2,1,1,1.5507,0.98775,EQH_SWEEP,57,1.43175,False,False,2.3989,1413,2628,74577.8,70568.1,4009.7,2.76,51.38,55.6,FLAT,675,113,145145.9,10.3,60.0,1.0,True,1,34550.28,0,0.0,34550.28,45.8,0.171,0.79,1.0,0.976,1754419.04,774556.57,979862.47,38.75,69.37,92.4,UP,5606,625,2528975.6,76.8,300.0,1.0,True,18,1177960.07,7,273466.84,904493.24,81.8,0.606,1.0,1.0,0.995,5880052.12,4728392.08,1151660.04,10.86,55.43,70.6,UP,20507,2333,10608444.2,313.0,900.0,1.0,True,65,3947826.07,46,2558893.49,1388932.59,94.2,0.862,1.0,1.0,0.998,109900.18,-151.66,-172099.64,14.7,1.39,1.0,218952.8,0.3285,238357.46,0.4713,0.2669,NONE,1789713754017,BUY,34550.28,1.3225999999999998,1789713660000,ok,1.0,1.0,1.0,continuous,1,104,0,,0,0,0,0,False,612,1.3225,1.3226,0.756,0.009,0.0973,0.1391,1315677.11,1082289.81,14.74,1789713769566,146,False,,,,
2,v2,v1.2,REALF_PY_V4_2_DERIVED,ZPTDIFAT_PY_V1_4_DERIVED,fc-v1,native,,058e38aec59f4c35,20260918_062941,264,DOGE_20260918_064252_283,DOGEUSDT,BINANCE,FUTURES,TOP100,12,15000,1789713772283,2026-09-18T06:42:52.283+00:00,12,True,1789713772278,1789713772283,57.0,1789713720000,1789713779999,False,52.3,0.08425,-0.0475,55.5,FAIR (DENGE),True,500,57.4,55.2,53.8,50.9,-0.00171,-0.12,-0.1,0.00154,0.682,0.4,10.7,55.0,-24.8,YOK,3.5,1.0,0.08410598807153288,-0.171,CLV_PROXY_1M,0,0.0,100.0,55.5,57.7,62.6,60.1,-2.2,-7.1,-4.6,-0.00171,0.00027,0.00105,0.00018,52.05,57.92,53.99,40.91,-5.87,-1.94,11.14,43.23,27.0,500,native,52.05,NORMAL,43.23,27.0,True,300,66.8,BEAR,BOS DN,HH/HL,HH/HL,SQZ,88.9,True,True,499,24,38.7,1789712280000,HIGH,0.08443,2.26,0.084395,1.82,2,0.08135,36.45,2,1,1,0.084395,0.08135,EQH_SWEEP,6,0.084395,False,False,0.0944,499,native,48.6,NORMAL,46.63,39.33,True,300,61.0,BULL,BOS UP,MIX/HL,MIX/HL,RANGE,73.3,True,True,498,35,48.5,1789707420000,LOW,0.08373,3.44,0.08449000000000001,1.59,2,,,,1,0,0.08449000000000001,0.08417,LOW_SWEEP,14,0.08419,False,False,0.1793,499,native,41.51,NORMAL,41.86,32.67,True,300,62.6,BULL,BOS UP,MIX/HL,MIX/HL,TR UP,80.0,True,True,498,35,93.1,1789703100000,LOW,0.08223,9.18,,,,0.07986,19.94,2,0,1,0.08448,0.07986,HIGH_SWEEP,19,0.08459,False,False,0.261,499,native,60.27,NORMAL,54.43,55.67,True,300,79.8,BULL,BOS UP,HH/HL,HH/HL,TR UP,84.7,True,True,498,21,43.6,1789694100000,LOW,0.08114,8.6,,,,0.080555,10.21,2,0,1,0.08469,0.080555,HIGH_SWEEP,64,0.08179,False,False,0.4296,499,native,88.9,ASIRI,85.04,96.67,True,300,89.8,BULL,BOS UP,HH/HL,LH/LL,TR UP,90.7,True,True,498,4,51.5,1789696800000,LOW,0.08114,4.29,,,,,,,0,0,0.08253,0.08114,HIGH_SWEEP,21,0.08134,False,False,0.8609,499,native,72.88,YORGUN,85.79,92.33,True,300,47.5,BEAR,BOS DN,HH/MIX,LH/MIX,TR DN,73.2,True,True,498,16,26.7,1789473600000,HIGH,0.08616,1.25,,,,0.07835,3.86,2,0,1,0.08616,0.07835,HIGH_SWEEP,20,0.08534,False,False,1.8093,5033,1555,17061.12,92693.62,-75632.5,-68.91,15.54,5.2,DOWN,562,83,109754.73,3.2,60.0,1.0,True,0,0.0,1,59573.75,-59573.75,29.5,0.059,0.76,1.0,0.916,326261.93,296950.75,29311.18,4.7,52.35,59.5,UP,3319,392,623212.68,36.3,300.0,1.0,True,7,172260.35,4,111076.49,61183.87,69.5,0.421,0.949,1.0,0.983,1820488.53,2233565.11,-413076.59,-10.19,44.91,30.5,DOWN,11327,1330,4054053.64,170.0,900.0,1.0,True,30,1078772.86,37,1289809.55,-211036.69,90.1,0.773,1.0,1.0,0.994,-12561.19,-36941.75,-154995.0,-2.51,-2.83,1.0,-3500.63,-0.0202,14879.91,0.1194,-0.035,NONE,1789713738419,SELL,59573.75,0.08427,1789713660000,ok,1.0,1.0,1.0,continuous,1,77,0,,0,0,0,0,False,646,0.08424,0.08425,1.187,-0.104,-0.1242,-0.089,1712759.14,2198561.81,23.15,1789713772160,123,False,,AGGRESSIVE_SELLER,,
2,v2,v1.2,REALF_PY_V4_2_DERIVED,ZPTDIFAT_PY_V1_4_DERIVED,fc-v1,native,,058e38aec59f4c35,20260918_062941,265,LINK_20260918_064254_893,LINKUSDT,BINANCE,FUTURES,TOP100,17,10000,1789713774893,2026-09-18T06:42:54.893+00:00,12,True,1789713774863,1789713774893,56.5,1789713720000,1789713779999,False,54.9,11.822,-0.0169,56.2,FAIR (DENGE),True,500,59.1,53.5,56.1,50.6,-0.00164,0.27,-0.14,0.00191,0.675,0.3,5.7,45.0,9.6,YOK,5.6,1.0,11.802645168329562,-0.164,CLV_PROXY_1M,0,0.0,100.0,56.2,56.7,55.8,53.8,-0.5,0.4,2.4,-0.00164,6e-05,-0.00017,-0.00089,76.1,76.16,72.21,66.67,-0.06,3.89,9.43,76.36,75.0,500,native,76.1,YORGUN,76.36,75.0,True,300,90.0,BULL,BOS UP,HH/HL,HH/HL,RANGE,92.9,True,True,499,6,55.7,1789713360000,LOW,11.772,3.51,,,,11.377500000000001,31.24,2,0,1,11.811,11.377500000000001,HIGH_SWEEP,25,11.779,False,False,0.1204,499,native,81.91,YORGUN,81.67,88.33,True,300,44.7,BULL,BOS UP,LH/LL,HH/MIX,RANGE,88.3,True,True,498,7,67.9,1789712460000,LOW,11.705,4.11,,,,,,,0,0,11.776,11.705,HIGH_SWEEP,12,11.776,False,False,0.241,499,native,75.24,YORGUN,85.35,91.67,True,300,76.6,BULL,BOS UP,HH/MIX,LH/LL,TR UP,75.7,True,True,498,1,46.5,1789713300000,LOW,11.705,2.91,,,,,,,0,0,11.817,11.705,HIGH_SWEEP,21,11.802,False,False,0.3401,499,native,64.71,NORMAL,68.78,71.67,True,300,77.6,BULL,BOS UP,HH/HL,HH/HL,TR UP,87.9,True,True,498,29,54.8,1789686900000,LOW,11.25,8.96,,,,11.0905,11.45,2,0,1,11.817,11.0905,HIGH_SWEEP,64,11.34,False,False,0.544,499,native,90.75,ASIRI,89.03,95.67,True,300,83.3,TR-UP,CHOCH UP,HH/HL,MIX/LL,TR-UP,86.0,True,True,498,5,51.0,1789693200000,LOW,11.089,6.1,12.7855,7.98,2,,,,1,0,12.7855,11.25,LOW_SWEEP,37,10.67,False,False,1.0287,499,native,75.98,YORGUN,89.04,93.0,True,300,17.7,BEAR,BOS DN,LH/LL,HH/MIX,RANGE,86.2,True,True,498,15,24.8,1789488000000,HIGH,11.961,0.55,,,,8.062,14.99,2,0,1,11.961,8.062,EQH_SWEEP,83,12.035499999999999,False,False,2.133,53,1321,41608.49,21080.76,20527.73,32.75,66.37,90.6,UP,319,55,62689.25,14.0,60.0,1.0,True,1,11831.38,0,0.0,11831.38,48.9,0.218,0.699,1.0,0.999,298415.28,197617.19,100798.09,20.32,60.16,82.7,UP,1934,346,496032.47,92.8,300.0,1.0,True,7,97650.09,5,55865.43,41784.66,82.2,0.65,0.924,1.0,1.0,1133919.03,798885.96,335033.07,17.33,58.67,79.6,UP,6914,1184,1932804.99,269.9,900.0,1.0,True,19,480763.02,14,246624.72,234138.31,93.4,0.844,1.0,1.0,1.0,54013.46,23283.96,-8862.42,36.39,2.55,1.0,11410.6,0.1099,19727.45,0.1989,0.2132,NONE,1789713774840,BUY,11831.38,11.825940507366612,1789713660000,ok,1.0,1.0,1.0,continuous,1,52,0,,0,0,0,0,False,680,11.824,11.825,0.846,0.242,0.1028,-0.0074,218175.59,177482.8,16.49,1789713774719,174,False,,,,
2,v2,v1.2,REALF_PY_V4_2_DERIVED,ZPTDIFAT_PY_V1_4_DERIVED,fc-v1,native,,058e38aec59f4c35,20260918_062941,266,ADA_20260918_064257_463,ADAUSDT,BINANCE,FUTURES,TOP100,19,10000,1789713777463,2026-09-18T06:42:57.463+00:00,12,True,1789713777447,1789713777463,56.0,1789713720000,1789713779999,False,57.4,0.2136,0.0,52.3,FAIR (DENGE),True,500,54.7,45.0,56.8,50.3,0.00228,0.21,-0.27,0.0016,0.634,0.43,8.3,40.0,-16.4,YOK,11.8,0.471,0.2140877681946675,0.228,CLV_PROXY_1M,0,0.0,100.0,52.3,50.0,46.3,39.3,2.3,6.0,13.0,0.00228,-5e-05,-0.00072,-0.00156,52.27,51.05,48.18,51.46,1.22,4.09,0.81,56.62,51.67,500,native,52.27,NORMAL,56.62,51.67,True,300,77.4,TR-UP,CHOCH UP,HH/HL,HH/MIX,SQZ,89.8,True,True,499,27,50.5,1789712100000,LOW,0.2126,3.27,0.2138,0.65,2,,,,2,0,0.2138,0.2132,EQH_SWEEP,6,0.2138,False,False,0.1431,499,native,71.75,NORMAL,72.41,73.0,True,300,22.3,BEAR,BOS DN,LH/LL,MIX/HL,RANGE,86.5,True,True,498,28,70.8,1789708680000,HIGH,0.2173,6.62,,,,,,,0,0,0.2151,0.2121,LOW_SWEEP,48,0.2143,False,False,0.2547,499,native,57.69,NORMAL,67.76,68.67,True,300,20.0,TR-DN,CHOCH DN,LH/LL,LH/LL,TR-DN,85.4,True,True,498,10,28.1,1789710600000,HIGH,0.2151,1.86,,,,0.1903,31.13,3,0,1,0.2151,0.1903,HIGH_SWEEP,34,0.2159,False,False,0.3519,499,native,45.67,NORMAL,44.94,40.67,True,300,66.8,BULL,BOS UP,MIX/HL,LH/LL,TR UP,78.2,True,True,498,26,55.4,1789689600000,LOW,0.1997,9.12,0.21739999999999998,2.41,2,0.1972,10.75,2,1,2,0.21739999999999998,0.1972,HIGH_SWEEP,27,0.2027,False,False,0.7191,499,native,86.2,ASIRI,76.54,89.33,True,300,87.0,BULL,BOS UP,HH/HL,HH/HL,EXP UP,84.6,True,True,498,6,53.5,1789689600000,LOW,0.1901,7.62,,,,,,,0,0,0.2042,0.1997,EQH_SWEEP,29,0.19690000000000002,False,False,1.4575,499,native,75.84,YORGUN,88.39,90.33,True,300,41.5,TR-UP,CHOCH UP,LH/LL,LH/LL,TR-UP,84.5,True,True,498,1,52.5,1789689600000,LOW,0.1901,4.33,,,,,,,0,0,0.2159,0.1901,LOW_SWEEP,52,0.2148,False,True,2.5151,196,1023,47288.68,5280.39,42008.3,79.91,89.96,94.9,UP,160,77,52569.07,2.2,60.0,1.0,True,2,44044.5,0,0.0,44044.5,25.1,0.042,0.68,1.0,0.997,298860.39,189622.54,109237.85,22.36,61.18,84.6,UP,1177,273,488482.93,14.6,300.0,1.0,True,8,253910.16,4,144683.33,109226.83,53.9,0.226,0.922,1.0,0.999,1037830.94,944782.05,93048.89,4.69,52.35,59.5,UP,4386,906,1982612.99,57.7,900.0,1.0,True,29,861031.59,21,737954.49,123077.1,77.9,0.536,1.0,1.0,1.0,115693.9,-130029.07,-21073.26,60.7,-7.02,1.0,11425.34,0.0893,23373.8,0.2392,0.6108,NONE,1789713738214,BUY,33707.76,0.2137,1789713660000,ok,1.0,1.0,1.0,continuous,1,73,0,,0,0,0,0,False,714,0.2136,0.2137,4.681,0.602,0.0546,0.091,2258150.64,2024389.33,91.27,1789713777321,142,False,,AGGRESSIVE_BUYER,,
2,v2,v1.2,REALF_PY_V4_2_DERIVED,ZPTDIFAT_PY_V1_4_DERIVED,fc-v1,native,,058e38aec59f4c35,20260918_062941,267,LTC_20260918_064300_325,LTCUSDT,BINANCE,FUTURES,TOP100,25,10000,1789713780325,2026-09-18T06:43:00.325+00:00,12,True,1789713780106,1789713780325,56.1,1789713720000,1789713779999,True,60.1,55.01,0.2004,64.5,PRICE AHEAD,True,500,69.3,59.7,63.1,57.3,-0.00364,0.94,0.3,0.00126,0.569,0.83,55.0,45.0,-19.5,YOK,9.6,1.0,54.80990635517446,-0.364,CLV_PROXY_1M,0,0.0,100.0,64.5,58.2,64.2,61.3,6.3,0.3,3.2,-0.00364,-0.00114,-0.0007,-0.00075,65.86,56.22,56.52,55.24,9.64,9.34,10.62,86.65,92.33,500,native,65.86,NORMAL,86.65,92.33,True,300,84.2,BULL,BOS UP,HH/HL,MIX/HL,TR UP,86.9,True,True,499,15,64.2,1789712820000,LOW,54.78,4.51,,,,54.76,4.91,2,0,2,55.02,54.76,HIGH_SWEEP,39,54.92,False,False,0.0928,499,native,69.9,NORMAL,86.3,93.0,True,300,75.7,BULL,BOS UP,HH/HL,HH/HL,RANGE,91.8,True,True,498,36,50.6,1789707240000,LOW,54.29,7.05,55.0,0.0,2,,,,2,0,54.974999999999994,54.78,EQH_SWEEP,5,55.0,False,False,0.1835,499,native,63.78,NORMAL,78.11,80.33,True,300,76.3,BULL,BOS UP,HH/HL,HH/HL,TR UP,86.1,True,True,498,35,51.2,1789703100000,LOW,54.32,4.66,,,,53.86,7.96,2,0,3,55.0,53.86,HIGH_SWEEP,3,55.0,False,False,0.2539,499,native,75.06,YORGUN,79.11,84.0,True,300,71.1,BULL,BOS UP,MIX/HL,HH/MIX,TR UP,85.7,True,True,498,24,95.3,1789691400000,LOW,53.59,6.24,,,,,,,0,0,53.98,54.29,EQH_SWEEP,26,53.989999999999995,False,False,0.4112,499,native,88.04,ASIRI,89.07,96.67,True,300,88.0,BULL,BOS UP,HH/HL,HH/HL,TR UP,83.5,True,True,498,6,68.8,1789689600000,LOW,52.46,5.84,,,,,,,0,0,54.0,52.46,HIGH_SWEEP,21,52.81,False,False,0.7963,499,native,81.45,YORGUN,89.79,93.33,True,300,51.6,TR-DN,CHOCH DN,HH/MIX,LH/LL,TR-DN,72.3,True,True,498,14,38.2,1789502400000,HIGH,55.24,0.28,,,,,,,0,0,55.24,50.13,HIGH_SWEEP,30,54.28,False,False,1.559,1551,631,40543.44,10954.05,29589.4,57.46,78.73,94.5,UP,210,44,51497.49,10.9,60.0,1.0,True,0,0.0,0,0.0,0.0,44.5,0.178,0.678,1.0,0.974,160912.96,104359.39,56553.58,21.32,60.66,83.7,UP,825,158,265272.35,26.6,300.0,1.0,True,4,89758.92,3,45620.92,44138.0,62.5,0.347,0.856,1.0,0.995,437886.26,400969.19,36917.06,4.4,52.2,58.9,UP,2825,518,838855.45,88.9,900.0,1.0,True,11,215465.15,12,172319.84,43145.31,83.2,0.64,0.981,1.0,0.998,83115.54,14392.33,17495.31,69.47,2.11,1.0,-6340.3,-0.1153,9606.24,0.1811,0.5433,DOWN,1789713689098,SELL,10401.71,54.91,1789713660000,ok,1.0,1.0,1.0,continuous,1,43,0,,0,0,0,0,False,20,55.0,55.01,1.818,-0.015,-0.0491,-0.2836,647482.31,714300.78,35.45,1789713779962,363,False,,AGGRESSIVE_BUYER,,
2,v2,v1.2,REALF_PY_V4_2_DERIVED,ZPTDIFAT_PY_V1_4_DERIVED,fc-v1,native,,058e38aec59f4c35,20260918_062941,268,AVAX_20260918_064303_424,AVAXUSDT,BINANCE,FUTURES,TOP100,31,5000,1789713783424,2026-09-18T06:43:03.424+00:00,12,True,1789713783403,1789713783424,56.6,1789713720000,1789713779999,True,63.4,7.894,-0.0127,48.4,FAIR (DENGE),True,500,49.5,41.9,53.7,49.8,0.00251,0.21,0.04,0.00129,0.604,0.38,5.0,55.0,-9.6,YOK,11.8,0.512,7.913818477644311,0.251,CLV_PROXY_1M,0,0.0,100.0,48.4,48.5,51.6,47.4,-0.1,-3.2,1.0,0.00251,-0.0001,0.0,-0.00076,64.2,65.56,62.5,58.85,-1.36,1.7,5.35,62.04,58.67,500,native,64.2,NORMAL,62.04,58.67,True,300,72.2,BEAR,BOS DN,HH/HL,MIX/HL,SQZ,81.5,True,True,499,62,64.9,1789710000000,HIGH,7.93,5.44,7.9415,7.18,2,,,,1,0,7.9415,7.88,LOW_SWEEP,21,7.873,False,False,0.0838,499,native,66.13,NORMAL,70.31,69.0,True,300,59.1,BULL,BOS UP,MIX/HL,HH/MIX,RANGE,69.2,True,True,498,72,79.7,1789700760000,LOW,7.677,14.47,,,,7.6285,17.71,2,0,1,7.903,7.6285,HIGH_SWEEP,81,7.723,False,False,0.1899,499,native,41.18,NORMAL,51.22,42.33,True,300,60.7,BULL,BOS UP,MIX/HL,MIX/HL,RANGE,74.1,True,True,498,43,66.0,1789700700000,LOW,7.677,9.45,,,,,,,0,0,7.942,7.857,HIGH_SWEEP,48,7.723,False,False,0.2907,499,native,55.53,NORMAL,53.07,49.0,True,300,79.5,BULL,BOS UP,HH/HL,MIX/HL,TR UP,85.4,True,True,498,23,54.9,1789692300000,LOW,7.545,8.29,,,,,,,0,0,7.968,7.584,EQH_SWEEP,23,7.648,False,False,0.534,499,native,87.52,ASIRI,81.85,89.0,True,300,91.4,TR-UP,CHOCH UP,HH/HL,LH/LL,TR-UP,94.6,True,True,498,3,96.7,1789700400000,LOW,7.545,4.33,8.192,3.7,3,7.186,8.79,2,1,1,8.192,7.186,EQL_SWEEP,37,7.186,False,False,1.023,499,native,84.68,ASIRI,90.37,93.0,True,300,78.7,BULL,BOS UP,HH/MIX,HH/MIX,RANGE,76.8,True,True,498,1,80.2,1789689600000,LOW,7.171,4.76,,,,7.173500000000001,4.74,2,0,1,7.8,7.173500000000001,LOW_SWEEP,15,7.243,False,False,1.9116,10954,729,6820.83,11429.81,-4608.97,-25.25,37.37,13.2,DOWN,149,34,18250.64,7.2,60.0,1.0,True,0,0.0,0,0.0,0.0,36.1,0.126,0.565,1.0,0.817,77851.37,85586.43,-7735.06,-4.73,47.63,40.5,DOWN,1041,206,163437.8,39.7,300.0,1.0,True,4,29312.99,4,39181.22,-9868.24,67.3,0.442,0.803,1.0,0.963,417777.39,362347.6,55429.78,7.11,53.55,64.0,UP,3839,657,780124.99,130.3,900.0,1.0,True,17,158054.37,22,193577.54,-35523.16,87.0,0.723,0.973,1.0,0.988,5725.37,-5547.55,-7467.59,5.99,-1.7,1.0,-3319.27,-0.0918,-1953.09,-0.0598,0.0479,DOWN,1789713678178,SELL,6869.52,7.895999999999999,1789713660000,ok,1.0,1.0,1.0,continuous,1,30,0,,0,0,0,0,False,54,7.893,7.894,1.267,-0.449,0.012,-0.3503,367207.7,358484.76,24.7,1789713782833,591,False,,,,
2,v2,v1.2,REALF_PY_V4_2_DERIVED,ZPTDIFAT_PY_V1_4_DERIVED,fc-v1,native,,058e38aec59f4c35,20260918_062941,269,SUI_20260918_064305_987,SUIUSDT,BINANCE,FUTURES,TOP100,35,5000,1789713785987,2026-09-18T06:43:05.987+00:00,12,True,1789713785987,1789713785987,56.4,1789713780000,1789713839999,False,6.0,0.778,-0.0129,53.4,FAIR (DENGE),True,500,55.5,49.9,54.7,50.1,4e-05,-0.05,-0.12,0.00208,0.586,0.23,1.3,50.0,-19.0,YOK,5.6,0.986,0.7780335604243598,0.004,CLV_PROXY_1M,0,0.0,100.0,53.4,55.1,61.0,56.9,-1.7,-7.6,-3.5,4e-05,0.00013,0.00047,-7e-05,72.87,77.13,78.09,73.3,-4.26,-5.22,-0.43,63.03,62.67,500,native,72.87,YORGUN,63.03,62.67,True,300,86.7,BULL,BOS UP,HH/HL,MIX/HL,SQZ,87.8,True,True,499,5,20.7,1789713480000,LOW,0.775,2.81,,,,,,,0,0,0.7798,0.775,HIGH_SWEEP,21,0.777,False,False,0.1371,499,native,74.75,YORGUN,75.02,77.67,True,300,71.7,BULL,BOS UP,MIX/HL,MIX/HL,RANGE,68.4,True,True,498,2,18.5,1789713360000,LOW,0.7738,1.97,,,,0.7292,22.91,2,0,3,0.7778,0.7292,HIGH_SWEEP,53,0.7849,False,False,0.2735,499,native,53.58,NORMAL,68.75,64.33,True,300,60.8,BULL,BOS UP,MIX/HL,MIX/HL,RANGE,74.3,True,True,498,42,48.0,1789701000000,LOW,0.7643,4.44,,,,0.71575,20.17,2,0,2,0.7849,0.71575,HIGH_SWEEP,92,0.7365,False,False,0.3965,499,native,47.3,NORMAL,50.04,39.33,True,300,78.5,BULL,BOS UP,HH/HL,MIX/HL,TR UP,90.8,True,True,498,29,53.6,1789686900000,LOW,0.7287,8.42,,,,0.7289,8.38,2,0,1,0.7899,0.7289,HIGH_SWEEP,58,0.7351,False,False,0.7551,499,native,87.89,ASIRI,76.09,85.33,True,300,83.0,TR-UP,CHOCH UP,HH/HL,HH/MIX,TR-UP,88.9,True,True,498,6,40.0,1789689600000,LOW,0.7157,5.65,0.8336,5.06,2,,,,2,0,0.8336,0.7157,LOW_SWEEP,37,0.6814,False,False,1.4211,499,native,86.36,ASIRI,91.04,95.33,True,300,89.3,TR-UP,CHOCH UP,HH/HL,MIX/HL,TR-UP,85.4,True,True,498,1,97.1,1789689600000,LOW,0.6773,5.33,,,,,,,0,0,0.7479,0.6773,LOW_SWEEP,16,0.692,False,False,2.3923,1164,1886,29396.25,69380.25,-39984.0,-40.48,29.76,7.2,DOWN,538,133,98776.5,7.4,60.0,1.0,True,2,15552.32,2,48240.48,-32688.16,40.4,0.129,0.749,1.0,0.981,258367.84,247722.77,10645.07,2.1,51.05,54.3,FLAT,2629,497,506090.61,52.6,300.0,1.0,True,16,168954.19,9,165448.83,3505.37,74.8,0.513,0.926,1.0,0.996,1378496.39,1229426.23,149070.16,5.72,52.86,61.4,UP,10239,1713,2607922.62,280.9,900.0,1.0,True,70,930424.58,62,814339.32,116085.26,93.6,0.849,1.0,1.0,0.999,-62135.77,-47364.24,-73625.0,-42.5,-5.37,1.0,4554.62,0.0333,6018.41,0.0595,0.0799,NONE,1789713780048,SELL,32676.0,0.778,1789713660000,ok,1.0,1.0,1.0,continuous,1,118,0,,0,0,0,0,False,88,0.7779,0.778,1.285,-0.045,0.03,-0.2425,350517.89,330128.56,25.07,1789713785842,145,False,,AGGRESSIVE_SELLER,,
2,v2,v1.2,REALF_PY_V4_2_DERIVED,ZPTDIFAT_PY_V1_4_DERIVED,fc-v1,native,,058e38aec59f4c35,20260918_062941,270,AKE_20260918_064308_782,AKEUSDT,BINANCE,FUTURES,TOP100,94,2000,1789713788782,2026-09-18T06:43:08.782+00:00,12,True,1789713788561,1789713788782,56.4,1789713780000,1789713839999,False,8.6,0.023072,-0.0736,63.6,PRICE AHEAD,True,500,67.9,64.8,59.0,50.0,-0.02871,0.18,0.01,0.00744,0.603,0.0,0.3,55.0,13.1,YOK,8.8,1.0,0.022419129637676165,-2.83,CLV_PROXY_1M,0,0.0,100.0,63.6,65.8,62.0,58.2,-2.2,1.6,5.4,-0.02871,0.00141,-2e-05,0.00203,51.31,52.48,54.77,61.4,-1.17,-3.46,-10.09,49.14,47.33,500,native,51.31,NORMAL,49.14,47.33,True,300,85.7,BULL,BOS UP,HH/HL,MIX/HL,TR UP,95.7,True,True,499,20,90.2,1789712580000,LOW,0.021423,7.75,,,,0.021402499999999998,7.85,2,0,1,0.023636,0.021402499999999998,HIGH_SWEEP,41,0.021605,False,False,0.9217,499,native,82.75,YORGUN,73.9,83.67,True,300,91.0,BULL,BOS UP,HH/HL,HH/HL,EXP UP,93.3,True,True,498,7,71.4,1789712460000,LOW,0.021423,5.25,,,,,,,0,0,0.021898,0.021646,LOW_SWEEP,36,0.021228,False,False,1.344,499,native,88.15,ASIRI,80.29,91.0,True,300,77.3,BULL,BOS UP,MIX/HL,HH/HL,EXP UP,79.7,True,True,498,7,67.7,1789711500000,LOW,0.0214,5.03,,,,,,,0,0,0.02168,0.021423,EQH_SWEEP,35,0.021653,False,False,1.4164,499,native,81.66,YORGUN,93.82,96.0,True,300,42.0,BEAR,BOS DN,LH/MIX,MIX/HL,RANGE,66.1,True,True,498,153,97.0,1789575300000,HIGH,0.028247,12.16,0.029421000000000003,14.91,2,0.0209945,4.81,2,1,3,0.029421000000000003,0.0209945,EQL_SWEEP,56,0.020765,False,False,1.8233,499,native,75.85,YORGUN,95.29,98.0,True,300,70.7,BULL,BOS UP,HH/HL,HH/MIX,RANGE,69.6,True,True,498,74,56.3,1789444800000,LOW,0.014658,9.73,0.029844000000000002,7.9,2,0.012500500000000001,12.24,3,1,2,0.029844000000000002,0.012500500000000001,HIGH_SWEEP,75,0.0165,False,False,3.9837,499,native,41.39,NORMAL,45.25,45.33,True,300,84.7,BULL,BOS UP,HH/HL,MIX/HL,TR UP,90.5,True,True,498,18,80.8,1789444800000,LOW,0.013069,3.91,,,,0.0128725,3.99,2,0,3,0.029888,0.0128725,EQL_SWEEP,67,0.0128725,False,False,11.7969,213,26747,34412.16,31570.15,2842.01,4.31,52.15,58.7,UP,1871,894,65982.31,78.0,60.0,1.0,True,4,12846.41,3,15974.37,-3127.96,73.8,0.609,0.705,1.0,0.996,142191.69,167269.57,-25077.88,-8.1,45.95,34.1,DOWN,10781,5296,309461.26,305.6,300.0,1.0,True,10,31736.12,15,75221.59,-43485.48,90.3,0.859,0.873,1.0,0.999,783152.23,960521.92,-177369.69,-10.17,44.91,30.6,DOWN,50972,26747,1743674.15,1154.9,824.5,0.9161,False,72,236891.65,87,383127.17,-146235.51,96.6,0.959,1.0,0.916,1.0,3857.64,-10947.22,,3.25,-1.77,0.8494,-3005.62,-0.0503,-5134.68,-0.083,-0.0282,NONE,1789713788503,BUY,4522.91,0.023073000000000003,1789713660000,ok,1.0,1.0,1.0,continuous,1,850,0,,0,0,0,0,False,122,0.023039,0.023043,1.736,0.854,0.1489,0.877,3668.15,2717.38,9.11,1789713788422,360,False,,FATIGUE_EXTREME,,
2,v2,v1.2,REALF_PY_V4_2_DERIVED,ZPTDIFAT_PY_V1_4_DERIVED,fc-v1,native,,058e38aec59f4c35,20260918_062941,271,PONS_20260918_064311_377,PONSUSDT,BINANCE,FUTURES,OUTSIDE100,112,2000,1789713791377,2026-09-18T06:43:11.377+00:00,12,True,1789713791361,1789713791377,56.4,1789713780000,1789713839999,False,11.4,0.7303,-0.0274,51.7,FAIR (DENGE),True,500,51.4,54.3,50.2,50.0,-0.00475,0.13,0.28,0.00548,0.611,0.06,0.3,55.0,-15.0,YOK,4.1,1.0,0.726836599988904,-0.474,CLV_PROXY_1M,0,0.0,100.0,51.7,53.4,60.4,56.8,-1.7,-8.7,-5.1,-0.00475,0.00033,0.00205,0.00195,34.63,28.64,17.01,16.98,5.99,17.62,17.65,50.29,44.67,500,native,34.63,NORMAL,50.29,44.67,True,300,9.2,BEAR,BOS DN,LH/LL,LH/LL,RANGE,89.6,True,True,499,4,65.6,1789713540000,HIGH,0.7364,2.71,,,,0.7134,7.51,2,0,1,0.7321,0.7134,EQL_SWEEP,13,0.73295,False,False,0.3082,499,native,33.6,NORMAL,32.14,26.33,True,300,26.2,BULL,BOS UP,LH/LL,MIX/HL,RANGE,86.5,True,True,498,77,26.3,1789699860000,LOW,0.6834,9.65,0.7777000000000001,9.75,3,0.63845,18.89,2,1,1,0.7777000000000001,0.63845,HIGH_SWEEP,92,0.6964,False,False,0.6665,499,native,35.52,NORMAL,35.6,28.67,True,300,13.9,BEAR,BOS DN,LH/LL,LH/LL,RANGE,88.2,True,True,498,11,56.1,1789710300000,HIGH,0.7473,2.29,0.7778,6.39,2,,,,1,0,0.7778,0.7235,LOW_SWEEP,9,0.729,False,False,1.022,499,native,44.69,NORMAL,39.14,35.33,True,300,86.2,BULL,BOS UP,HH/HL,MIX/LL,TR UP,93.8,True,True,498,17,77.8,1789697700000,LOW,0.6551,5.29,,,,,,,0,0,0.7781,0.6551,HIGH_SWEEP,18,0.6959,False,False,1.948,289,native,81.1,YORGUN,69.61,77.7,False,269,88.1,BULL,BOS UP,HH/HL,HH/HL,TR UP,88.8,True,True,288,7,54.7,1789686000000,LOW,0.6099,3.99,,,,,,,0,0,0.6721,0.6099,HIGH_SWEEP,6,0.6721,False,False,4.1259,73,native,83.87,ASIRI,83.4,98.11,False,53,74.7,TR-UP,CHOCH UP,HH/MIX,HH/HL,TR-UP,76.3,True,False,72,1,84.3,1789689600000,LOW,0.5483,3.4,,,,,,,0,0,0.6992,0.5483,LOW_SWEEP,12,0.5821,False,False,6.9476,692,2782,48733.31,52589.46,-3856.15,-3.81,48.1,42.3,DOWN,693,225,101322.78,26.9,60.0,1.0,True,5,35561.5,6,40509.18,-4947.67,60.2,0.35,0.751,1.0,0.988,159791.94,262724.14,-102932.2,-24.36,37.82,13.9,DOWN,3416,987,422516.07,178.2,300.0,1.0,True,16,81782.29,28,171025.66,-89243.37,87.9,0.781,0.906,1.0,0.998,355791.74,529457.31,-173665.57,-19.62,40.19,17.9,DOWN,8479,2553,885249.05,428.9,900.0,1.0,True,39,154392.91,54,304788.73,-150395.82,95.3,0.896,0.987,1.0,0.999,5887.58,-2354.12,-8998.31,14.26,2.67,1.0,-4817.59,-0.0664,-19911.99,-0.2356,-0.4226,NONE,1789713774131,BUY,3490.26,0.7301799163179917,1789713720000,ok,1.0,1.0,1.0,continuous,1,220,0,,0,0,0,0,False,156,0.7308,0.7309,1.368,0.054,0.02,0.2089,28191.5,27085.21,26.68,1789713791216,161,False,,,,
2,v2,v1.2,REALF_PY_V4_2_DERIVED,ZPTDIFAT_PY_V1_4_DERIVED,fc-v1,native,,058e38aec59f4c35,20260918_062941,272,SKR_20260918_064313_936,SKRUSDT,BINANCE,FUTURES,OUTSIDE100,227,500,1789713793936,2026-09-18T06:43:13.936+00:00,12,True,1789713793936,1789713793936,56.4,1789713780000,1789713839999,False,13.9,0.019157,0.0,40.1,PRICE LAG,True,500,36.7,42.1,40.3,50.0,0.0039,-0.08,0.79,0.00183,0.428,0.0,0.3,50.0,22.1,YOK,5.4,1.0,0.01923176607597248,0.39,CLV_PROXY_1M,0,0.0033,99.7,40.1,40.1,43.4,52.3,0.0,-3.3,-12.2,0.0039,-7e-05,-0.0003,0.00166,72.2,74.09,80.83,86.82,-1.89,-8.63,-14.62,65.99,72.0,500,native,72.2,YORGUN,65.99,72.0,True,300,87.2,BULL,BOS UP,HH/HL,HH/HL,TR UP,91.5,True,True,499,7,33.7,1789713360000,LOW,0.019028,4.06,0.019363,6.48,2,,,,1,0,0.019363,0.019028,EQH_SWEEP,52,0.0189665,False,False,0.1659,499,native,72.79,YORGUN,74.0,77.33,True,300,72.4,BULL,BOS UP,HH/MIX,MIX/HL,TR UP,69.4,True,True,498,2,30.5,1789713360000,LOW,0.018839,5.52,0.020296500000000002,19.77,2,0.0188425,5.46,2,1,1,0.020296500000000002,0.0188425,LOW_SWEEP,25,0.018846,False,False,0.3012,499,native,81.39,YORGUN,83.01,90.0,True,300,86.8,BULL,BOS UP,HH/HL,HH/MIX,RANGE,83.4,True,True,498,1,34.0,1789713300000,LOW,0.018839,4.25,0.020296500000000002,15.23,2,,,,1,0,0.020296500000000002,0.018839,LOW_SWEEP,26,0.018732,False,False,0.3906,499,native,79.78,YORGUN,94.63,95.33,True,300,74.6,BULL,BOS UP,MIX/HL,MIX/HL,SQZ,69.3,True,True,498,1,49.0,1789712100000,LOW,0.018719,2.99,,,,0.017547,11.01,2,0,2,0.019011,0.017547,HIGH_SWEEP,35,0.019329,False,False,0.7671,499,native,44.71,NORMAL,55.11,65.67,True,300,39.3,BULL,BOS UP,LH/LL,HH/MIX,RANGE,84.4,True,True,498,21,72.8,1789635600000,LOW,0.017378,4.68,0.025375500000000002,16.37,2,,,,1,0,0.025375500000000002,0.018321,LOW_SWEEP,6,0.018554,False,False,2.0012,499,native,73.6,YORGUN,69.91,78.33,True,300,72.9,BULL,BOS UP,HH/HL,HH/HL,TR UP,83.6,True,True,498,114,36.2,1788062400000,LOW,0.008858,11.61,,,,0.017043000000000003,2.38,2,0,1,0.020299,0.017043000000000003,HIGH_SWEEP,4,0.019684,False,False,4.7097,20526,577,1054.93,29.39,1025.54,94.58,97.29,95.0,UP,32,26,1084.31,14.6,60.0,1.0,True,0,0.0,0,0.0,0.0,35.3,0.226,0.259,1.0,0.658,3238.09,11359.62,-8121.53,-55.64,22.18,5.6,DOWN,228,152,14597.7,15.6,300.0,1.0,True,0,0.0,4,9253.26,-9253.26,46.5,0.238,0.541,1.0,0.932,22279.71,26437.23,-4157.52,-8.53,45.73,33.4,DOWN,771,531,48716.94,56.6,900.0,1.0,True,5,8497.63,8,16112.79,-7615.16,68.7,0.531,0.672,1.0,0.977,4443.08,827.54,1640.64,86.83,2.03,1.0,-931.79,-0.4333,-1719.8,-0.5891,-0.6344,NONE,1789713729019,SELL,578.48,0.019135229036419572,1789713720000,ok,1.0,1.0,1.0,continuous,1,18,0,,0,0,0,0,False,190,0.019157,0.019164,3.653,0.441,-0.414,-0.2389,1659.98,4005.44,13.83,1789713793665,271,False,,,,
2,v2,v1.2,REALF_PY_V4_2_DERIVED,ZPTDIFAT_PY_V1_4_DERIVED,fc-v1,native,,058e38aec59f4c35,20260918_062941,273,PROM_20260918_064316_948,PROMUSDT,BINANCE,FUTURES,OUTSIDE100,266,1000,1789713796948,2026-09-18T06:43:16.948+00:00,12,True,1789713796504,1789713796948,56.8,1789713780000,1789713839999,False,16.5,5.396,0.0,46.9,FAIR (DENGE),True,500,45.7,50.5,44.0,49.7,-0.00022,-0.89,-0.38,0.00224,0.474,0.19,10.7,70.0,-9.5,YOK,6.5,0.928,5.3948095712340205,-0.022,CLV_PROXY_1M,0,0.0,100.0,46.9,48.9,47.4,57.4,-2.0,-0.5,-10.5,-0.00022,0.00071,0.00024,0.00241,15.46,17.45,26.78,36.11,-1.99,-11.32,-20.65,13.28,5.0,500,native,15.46,DINLENMIS,13.28,5.0,True,300,20.9,BEAR,BOS DN,LH/MIX,LH/LL,TR DN,82.5,True,True,499,3,57.3,1789713600000,HIGH,5.424,3.09,,,,,,,0,0,5.424,5.41,LOW_SWEEP,28,5.427,False,False,0.1678,499,native,25.57,DINLENMIS,26.17,19.0,True,300,9.5,BEAR,BOS DN,LH/LL,LH/MIX,EXP DN,90.3,True,True,498,1,47.1,1789713540000,HIGH,5.541,7.37,,,,5.3934999999999995,0.13,2,0,1,5.541,5.3934999999999995,EQL_SWEEP,1,5.3934999999999995,True,False,0.3648,499,native,14.44,DINLENMIS,15.79,8.67,True,300,44.8,TR-DN,CHOCH DN,MIX/HL,LH/LL,TR-DN,75.6,True,True,498,6,58.5,1789711800000,HIGH,5.541,6.09,,,,5.3919999999999995,0.17,2,0,2,5.541,5.3919999999999995,HIGH_SWEEP,29,5.589,False,True,0.4404,499,native,27.22,DINLENMIS,13.09,5.67,True,300,59.7,TR-DN,CHOCH DN,HH/HL,MIX/HL,TR-DN,88.0,True,True,498,2,54.5,1789711200000,HIGH,5.594,4.6,5.7285,7.72,2,,,,2,1,5.7285,5.4015,LOW_SWEEP,171,5.332,False,False,0.7958,499,native,52.2,NORMAL,26.19,18.0,True,300,59.0,BEAR,BOS DN,MIX/HL,MIX/HL,SQZ,69.1,True,True,498,46,75.0,1789545600000,HIGH,5.729,3.96,5.8375,5.25,3,4.906499999999999,5.82,2,2,1,5.8375,4.906499999999999,EQL_SWEEP,94,5.5815,False,False,1.5355,499,native,47.06,NORMAL,45.57,35.0,True,300,26.5,BULL,BOS UP,LH/LL,MIX/HL,SQZ,85.6,True,True,498,58,11.5,1788868800000,LOW,4.913,2.62,,,,4.4025,5.4,2,0,2,5.659,4.4025,HIGH_SWEEP,57,5.986,False,False,3.3065,531,821,6439.06,2444.41,3994.65,44.97,72.48,93.5,UP,157,51,8883.48,16.3,60.0,1.0,True,2,4450.46,0,0.0,4450.46,46.0,0.246,0.487,1.0,0.991,16908.6,66666.55,-49757.95,-59.54,20.23,5.4,DOWN,822,308,83575.16,30.3,300.0,1.0,True,6,10201.14,4,50560.45,-40359.3,61.6,0.378,0.731,1.0,0.998,33494.73,89287.43,-55792.7,-45.44,27.28,6.4,DOWN,1697,722,122782.16,57.3,900.0,1.0,True,9,14982.94,9,58888.09,-43905.15,72.0,0.534,0.772,1.0,0.999,4866.98,5198.72,1393.92,44.62,6.12,1.0,-14049.46,-0.5347,-13103.6,-0.7839,-0.6177,NONE,1789713793776,BUY,3292.48,5.401055118110237,1789713720000,ok,1.0,1.0,1.0,continuous,1,51,0,,0,0,0,0,False,224,5.396,5.398,3.706,-0.955,-0.0745,0.1038,17383.27,20183.89,37.06,1789713796380,568,False,,FATIGUE_RESTED_1M|AGGRESSIVE_BUYER,,
2,v2,v1.2,REALF_PY_V4_2_DERIVED,ZPTDIFAT_PY_V1_4_DERIVED,fc-v1,native,,058e38aec59f4c35,20260918_062941,274,UAI_20260918_064319_519,UAIUSDT,BINANCE,FUTURES,OUTSIDE100,296,2000,1789713799519,2026-09-18T06:43:19.519+00:00,12,True,1789713799500,1789713799519,56.6,1789713780000,1789713839999,False,19.5,0.4179,0.1198,54.8,FAIR (DENGE),True,500,56.2,54.0,54.7,50.1,-0.00389,0.09,-0.15,0.00441,0.658,0.1,0.3,45.0,-4.9,YOK,2.2,1.0,0.41627668495962855,-0.388,CLV_PROXY_1M,0,0.0,100.0,54.8,54.2,55.7,52.5,0.6,-0.9,2.3,-0.00389,-0.00055,0.00051,-0.00052,72.84,71.15,70.95,65.06,1.69,1.89,7.78,72.71,86.33,500,native,72.84,YORGUN,72.71,86.33,True,300,43.5,BEAR,BOS DN,MIX/HL,MIX/HL,RANGE,79.4,True,True,499,18,90.8,1789712700000,HIGH,0.4198,1.66,0.42315,4.6,2,0.40785,8.8,3,1,1,0.42315,0.40785,HIGH_SWEEP,96,0.4247,False,False,0.2735,499,native,40.46,NORMAL,56.89,50.0,True,300,28.6,BULL,BOS UP,LH/LL,LH/LL,RANGE,79.1,True,True,498,67,61.1,1789701660000,LOW,0.4075,4.33,0.43455,6.94,2,,,,1,0,0.43455,0.4129,LOW_SWEEP,3,0.4166,False,False,0.5753,499,native,31.48,NORMAL,43.37,25.33,True,300,56.0,TR-DN,CHOCH DN,MIX/HL,LH/LL,TR-DN,72.0,True,True,498,49,58.0,1789698900000,HIGH,0.4354,4.83,,,,0.3559,17.24,3,0,1,0.4232,0.3559,HIGH_SWEEP,102,0.4106,False,False,0.863,499,native,36.39,NORMAL,36.97,30.33,True,300,69.0,BULL,BOS UP,MIX/HL,MIX/HL,RANGE,79.5,True,True,498,20,30.6,1789695000000,LOW,0.3901,3.71,0.43505,2.29,2,0.3838,4.55,2,2,2,0.43505,0.3838,LOW_SWEEP,173,0.3294,False,False,1.8091,499,native,65.88,NORMAL,57.47,59.0,True,300,86.6,BULL,BOS UP,HH/HL,HH/HL,SQZ,87.3,True,True,498,6,38.6,1789689600000,LOW,0.3838,2.11,,,,,,,0,0,0.4354,0.3838,HIGH_SWEEP,4,0.418,False,False,3.8614,499,native,65.21,NORMAL,73.23,77.33,True,300,18.4,BEAR,BOS DN,LH/LL,HH/HL,RANGE,87.8,True,True,498,19,42.0,1789430400000,HIGH,0.5943,4.02,,,,,,,0,0,0.5943,0.322,LOW_SWEEP,20,0.4503,False,False,10.3453,1276,891,2257.1,342.98,1914.12,73.62,86.81,94.9,UP,62,27,2600.08,5.5,60.0,1.0,True,0,0.0,0,0.0,0.0,29.1,0.1,0.354,1.0,0.979,7020.81,6241.75,779.07,5.87,52.94,61.7,UP,426,184,13262.56,22.4,300.0,1.0,True,0,0.0,1,2230.26,-2230.26,51.7,0.31,0.531,1.0,0.996,57689.46,38394.65,19294.81,20.08,60.04,82.5,UP,1941,772,96084.1,118.7,900.0,1.0,True,4,27059.78,3,9397.45,17662.33,79.6,0.704,0.746,1.0,0.999,5468.98,2666.0,3065.35,73.96,9.4,1.0,-689.57,-0.2467,-77.67,-0.0293,0.1587,DOWN,1789713684104,SELL,2230.26,0.4182,1789713720000,ok,1.0,1.0,1.0,continuous,1,27,0,,0,0,0,0,False,258,0.4178,0.4181,7.178,-2.364,-0.046,-0.1832,12318.98,13506.19,49.05,1789713799369,150,False,,AGGRESSIVE_BUYER,,
2,v2,v1.2,REALF_PY_V4_2_DERIVED,ZPTDIFAT_PY_V1_4_DERIVED,fc-v1,native,,058e38aec59f4c35,20260918_062941,275,BULLA_20260918_064322_081,BULLAUSDT,BINANCE,FUTURES,OUTSIDE100,339,5000,1789713802081,2026-09-18T06:43:22.081+00:00,12,True,1789713802081,1789713802081,56.6,1789713780000,1789713839999,False,22.1,0.10069,0.0696,45.8,FAIR (DENGE),True,500,43.6,50.5,42.6,49.8,-0.00062,-1.52,-0.67,0.00602,0.558,0.18,3.0,50.0,-21.6,YOK,7.9,0.942,0.1006277028816856,-0.062,CLV_PROXY_1M,0,0.0,100.0,45.8,45.1,47.7,60.5,0.7,-1.9,-14.7,-0.00062,-0.00032,0.0001,0.00591,28.92,33.8,55.6,67.58,-4.88,-26.68,-38.66,21.35,8.67,500,native,28.92,DINLENMIS,21.35,8.67,True,300,47.6,TR-DN,CHOCH DN,HH/MIX,MIX/LL,TR-DN,72.8,True,True,499,3,44.8,1789713600000,HIGH,0.10172,2.33,0.10206,3.1,3,0.100455,0.53,2,1,2,0.10206,0.100455,EQL_SWEEP,46,0.100455,False,False,0.4389,499,native,43.99,NORMAL,33.35,20.67,True,300,29.7,BULL,BOS UP,LH/LL,HH/MIX,TR UP,86.6,True,True,498,39,89.1,1789706700000,LOW,0.096433,4.69,,,,0.0964015,4.72,2,0,2,0.10203,0.0964015,HIGH_SWEEP,25,0.10206,False,False,0.9036,499,native,52.49,NORMAL,34.97,28.33,True,300,47.7,BULL,BOS UP,LH/MIX,LH/LL,TR UP,64.3,True,True,498,23,22.3,1789706700000,LOW,0.09539,4.6,,,,0.10001,0.59,2,0,1,0.10203,0.10001,HIGH_SWEEP,21,0.10114,False,False,1.1304,499,native,72.54,YORGUN,62.6,66.0,True,300,74.6,BEAR,BOS DN,HH/HL,HH/HL,TR DN,88.7,True,True,498,64,27.4,1789655400000,HIGH,0.10999,3.97,0.109785,3.88,2,,,,1,0,0.109785,0.094,LOW_SWEEP,66,0.1007,False,False,2.3168,499,native,65.11,NORMAL,70.62,86.33,True,300,26.8,BULL,BOS UP,LH/LL,MIX/HL,RANGE,84.5,True,True,498,44,42.2,1789552800000,LOW,0.060024,6.25,,,,0.060025499999999996,6.25,2,0,1,0.121362,0.060025499999999996,HIGH_SWEEP,45,0.076341,False,False,6.4384,499,native,57.62,NORMAL,57.25,58.0,True,300,75.0,BULL,BOS UP,HH/MIX,HH/HL,EXP UP,78.0,True,True,498,11,96.7,1789545600000,LOW,0.0675,2.22,,,,0.0154205,5.71,2,0,1,0.139078,0.0154205,HIGH_SWEEP,52,0.085989,False,False,15.2143,1496,2179,3930.95,1229.71,2701.25,52.34,76.17,94.2,UP,115,56,5160.66,18.5,60.0,1.0,True,0,0.0,0,0.0,0.0,45.8,0.27,0.428,1.0,0.975,31705.52,54655.85,-22950.32,-26.57,36.71,12.4,DOWN,1624,866,86361.37,142.3,300.0,1.0,True,0,0.0,2,35515.93,-35515.93,80.8,0.74,0.734,1.0,0.995,66776.94,91591.53,-24814.59,-15.67,42.17,22.5,DOWN,3777,2058,158368.48,310.3,900.0,1.0,True,0,0.0,2,35515.93,-35515.93,88.1,0.861,0.8,1.0,0.998,607.19,5170.43,2738.76,14.61,2.71,1.0,-117.36,-0.01,-5638.77,-0.3265,-0.3788,NONE,1789713645633,SELL,8899.92,0.10051179880514083,1789713720000,ok,1.0,1.0,1.0,continuous,1,56,0,,0,0,0,0,False,292,0.10072,0.10078,5.955,-0.411,0.029,0.1665,3038.69,2867.34,21.84,1789713801938,143,False,,FATIGUE_RESTED_1M|AGGRESSIVE_BUYER,,
2,v2,v1.2,REALF_PY_V4_2_DERIVED,ZPTDIFAT_PY_V1_4_DERIVED,fc-v1,native,,058e38aec59f4c35,20260918_062941,276,OG_20260918_064324_662,OGUSDT,BINANCE,FUTURES,OUTSIDE100,523,500,1789713804662,2026-09-18T06:43:24.662+00:00,12,True,1789713804662,1789713804662,56.2,1789713780000,1789713839999,False,24.7,2.75,0.0,37.6,PRICE LAG,True,500,33.8,37.6,40.2,49.7,0.00502,-0.36,0.24,0.00084,0.264,0.03,3.7,45.0,33.0,YOK,6.4,1.0,2.7638284801675015,0.503,CLV_PROXY_1M,0,0.0,100.0,37.6,33.1,31.9,31.9,4.5,5.7,5.7,0.00502,-4e-05,0.00023,0.00035,39.86,43.9,49.07,44.85,-4.04,-9.21,-4.99,35.64,18.33,500,native,39.86,NORMAL,35.64,18.33,True,300,62.7,BULL,BOS UP,MIX/HL,MIX/HL,SQZ,76.0,True,True,499,33,66.1,1789711800000,LOW,2.747,1.44,2.754,1.92,2,2.748,0.96,2,1,3,2.754,2.748,HIGH_SWEEP,68,2.76,False,False,0.0758,499,native,39.23,NORMAL,35.64,17.0,True,300,41.6,BULL,BOS UP,LH/MIX,MIX/HL,RANGE,78.3,True,True,498,35,46.9,1789707420000,LOW,2.739,2.5,,,,2.746,0.91,2,0,3,2.754,2.746,HIGH_SWEEP,54,2.746,False,False,0.16,499,native,35.45,NORMAL,34.21,15.67,True,300,68.2,BULL,BOS UP,MIX/HL,LH/MIX,TR UP,73.6,True,True,498,18,39.4,1789708200000,LOW,2.732,2.9,,,,2.679,11.45,2,0,2,2.756,2.679,HIGH_SWEEP,20,2.759,False,False,0.2253,499,native,60.28,NORMAL,53.63,48.33,True,300,86.3,BULL,BOS UP,HH/HL,HH/HL,TR UP,87.3,True,True,498,6,35.2,1789707600000,LOW,2.679,6.98,,,,2.6635,8.5,2,0,1,2.769,2.6635,HIGH_SWEEP,5,2.759,False,False,0.3699,499,native,90.37,ASIRI,87.68,93.67,True,300,74.4,BULL,BOS UP,MIX/HL,MIX/HL,RANGE,73.4,True,True,498,7,58.0,1789686000000,LOW,2.662,4.45,,,,2.6,7.59,2,0,1,2.7,2.6,HIGH_SWEEP,30,2.712,False,False,0.7193,499,native,78.7,YORGUN,87.43,92.67,True,300,75.1,BULL,BOS UP,MIX/HL,HH/HL,SQZ,73.2,True,True,498,1,52.4,1789689600000,LOW,2.61,3.16,2.9825,5.24,3,2.5975,3.44,2,2,2,2.9825,2.5975,EQH_SWEEP,87,2.9425,False,False,1.6159,6055,73,0.0,6.05,-6.05,-100.0,0.0,5.0,DOWN,2,1,6.05,1.0,60.0,1.0,True,0,0.0,0,0.0,0.0,0.0,0.02,0.0,1.0,0.899,464.24,35.48,428.76,85.8,92.9,95.0,UP,37,14,499.71,2.2,300.0,1.0,True,0,0.0,0,0.0,0.0,16.6,0.042,0.175,1.0,0.98,2886.56,921.53,1965.03,51.6,75.8,94.2,UP,202,63,3808.09,8.2,900.0,1.0,True,2,1578.71,0,0.0,1578.71,34.5,0.141,0.395,1.0,0.993,0.0,-1214.08,459.69,0.0,-4.33,1.0,15.33,0.5143,101.35,1.0141,0.8588,NONE,1789713502989,BUY,592.48,2.7518843474222012,1789713720000,ok,1.0,1.0,,continuous,1,1,0,,0,0,0,0,False,326,2.75,2.751,3.636,0.906,0.2166,0.1293,22377.83,14410.29,70.9,1789713798641,6021,True,,,,
2,v2,v1.2,REALF_PY_V4_2_DERIVED,ZPTDIFAT_PY_V1_4_DERIVED,fc-v1,native,,058e38aec59f4c35,20260918_062941,277,ZORA_20260918_064327_235,ZORAUSDT,BINANCE,FUTURES,OUTSIDE100,612,500,1789713807235,2026-09-18T06:43:27.235+00:00,12,True,1789713807235,1789713807235,56.2,1789713780000,1789713839999,False,27.2,0.007894,0.0,50.1,FAIR (DENGE),True,500,49.8,50.7,50.1,50.0,-0.00038,0.77,0.99,0.00183,0.58,0.0,0.3,40.0,-8.8,YOK,0.9,0.321,0.00789099281340638,-0.038,CLV_PROXY_1M,0,0.0033,99.7,50.1,49.5,58.2,58.2,0.6,-8.1,-8.1,-0.00038,6e-05,0.00058,0.00074,84.39,86.06,83.33,71.4,-1.67,1.06,12.99,78.29,85.67,500,native,84.39,ASIRI,78.29,85.67,True,300,72.2,TR-UP,CHOCH UP,MIX/HL,MIX/HL,TR-UP,73.8,True,True,499,3,64.1,1789713600000,LOW,0.007851,4.53,,,,0.007775499999999999,12.49,2,0,1,0.007876,0.007775499999999999,HIGH_SWEEP,7,0.007876,False,False,0.1202,499,native,65.25,NORMAL,75.04,76.0,True,300,90.6,BULL,BOS UP,HH/HL,MIX/HL,RANGE,87.7,True,True,498,1,56.3,1789713540000,LOW,0.007842,2.65,,,,,,,0,0,0.007897,0.007842,HIGH_SWEEP,9,0.007876,False,True,0.2488,499,native,65.99,NORMAL,80.74,85.67,True,300,73.3,BULL,BOS UP,HH/MIX,HH/HL,RANGE,74.0,True,True,498,8,63.8,1789711200000,LOW,0.007813,3.1,,,,,,,0,0,0.007897,0.007813,HIGH_SWEEP,5,0.007876,False,True,0.3311,499,native,44.3,NORMAL,48.22,47.67,True,300,82.4,BULL,BOS UP,HH/HL,MIX/HL,TR UP,87.5,True,True,498,20,74.9,1789695000000,LOW,0.007527,6.95,,,,,,,0,0,0.00802,0.007813,LOW_SWEEP,24,0.007571,False,False,0.6729,499,native,79.66,YORGUN,74.26,87.0,True,300,73.8,BEAR,BOS DN,HH/HL,HH/MIX,TR DN,86.4,True,True,498,69,59.5,1789462800000,HIGH,0.007987,0.76,0.009008,9.12,2,0.007187,5.79,2,1,1,0.009008,0.007187,LOW_SWEEP,126,0.008102,False,False,1.5567,499,native,71.77,NORMAL,78.21,86.33,True,300,18.0,TR-DN,CHOCH DN,LH/LL,LH/LL,TR-DN,90.3,True,True,498,16,65.9,1789473600000,HIGH,0.008968,4.06,,,,0.0058755000000000005,7.62,2,0,2,0.008336,0.0058755000000000005,HIGH_SWEEP,29,0.008437,False,False,3.3227,40395,284,26.14,161.64,-135.5,-72.16,13.92,5.1,DOWN,12,10,187.78,5.4,60.0,1.0,True,0,0.0,0,0.0,0.0,15.8,0.098,0.068,1.0,0.327,6613.92,2464.13,4149.79,45.71,72.86,93.6,UP,231,90,9078.05,25.6,300.0,1.0,True,4,3496.89,2,1634.01,1862.89,51.6,0.339,0.489,1.0,0.865,15059.27,10504.63,4554.64,17.82,58.91,80.1,UP,591,269,25563.9,39.7,900.0,1.0,True,9,9443.81,6,5340.3,4103.51,61.7,0.443,0.602,1.0,0.955,191.03,-360.79,18.82,-24.59,-1.56,1.0,620.46,0.2734,925.35,0.5097,0.9026,NONE,1789713736724,SELL,605.78,0.007892140219911931,1789713720000,ok,1.0,1.0,1.0,continuous,1,4,0,,0,0,0,0,False,360,0.007892,0.007894,2.534,-0.38,0.2334,-0.1571,19257.04,11970.04,25.34,1789713806526,709,False,,FATIGUE_EXTREME,,
2,v2,v1.2,REALF_PY_V4_2_DERIVED,ZPTDIFAT_PY_V1_4_DERIVED,fc-v1,native,,058e38aec59f4c35,20260918_062941,278,TNSR_20260918_064330_005,TNSRUSDT,BINANCE,FUTURES,OUTSIDE100,738,200,1789713810005,2026-09-18T06:43:30.005+00:00,12,True,1789713809803,1789713810005,56.2,1789713780000,1789713839999,False,29.8,0.03516,0.0284,57.3,FAIR (DENGE),True,500,59.4,57.0,56.6,50.1,-0.00265,0.25,0.24,0.00146,0.546,0.02,1.7,60.0,-51.3,YOK,2.8,1.0,0.035067114701959674,-0.264,CLV_PROXY_1M,0,0.0033,99.7,57.3,61.6,66.9,68.1,-4.3,-9.6,-10.8,-0.00265,-0.00023,0.0001,0.00038,53.69,51.15,45.64,38.8,2.54,8.05,14.89,58.44,62.33,500,native,53.69,NORMAL,58.44,62.33,True,300,69.9,BULL,BOS UP,HH/MIX,HH/HL,SQZ,71.5,True,True,499,13,45.0,1789713000000,LOW,0.03507,3.27,,,,0.03507,3.27,2,0,1,0.03521,0.03507,HIGH_SWEEP,15,0.03515,False,False,0.0784,499,native,56.87,NORMAL,63.56,65.67,True,300,75.9,BULL,BOS UP,HH/MIX,HH/HL,RANGE,70.5,True,True,498,7,70.7,1789712460000,LOW,0.03507,1.4,,,,0.03507,1.4,3,0,1,0.03521,0.03507,HIGH_SWEEP,5,0.03517,False,False,0.1831,499,native,49.08,NORMAL,57.46,55.0,True,300,29.0,BULL,BOS UP,LH/LL,HH/MIX,RANGE,78.1,True,True,498,43,51.5,1789700700000,LOW,0.03481,3.83,,,,0.03454,6.78,2,0,2,0.03536,0.03454,HIGH_SWEEP,48,0.03498,False,False,0.2601,499,native,39.52,NORMAL,38.91,36.0,True,300,84.3,BULL,BOS UP,HH/HL,MIX/HL,RANGE,93.4,True,True,498,19,59.8,1789695900000,LOW,0.03454,3.43,,,,0.034375,4.34,2,0,1,0.03583,0.034375,HIGH_SWEEP,16,0.03497,False,False,0.5142,499,native,74.67,YORGUN,60.33,69.0,True,300,74.8,BULL,BOS UP,MIX/HL,MIX/HL,TR UP,73.8,True,True,498,5,52.8,1789693200000,LOW,0.03405,2.83,,,,,,,0,0,0.03497,0.03438,LOW_SWEEP,36,0.03304,False,False,1.1171,499,native,78.24,YORGUN,77.91,87.33,True,300,76.4,BULL,BOS UP,HH/MIX,HH/HL,RANGE,71.9,True,True,498,1,56.6,1789689600000,LOW,0.03258,3.32,0.037065,2.45,2,0.029225,7.64,2,1,1,0.037065,0.029225,EQH_SWEEP,59,0.037065,False,False,2.178,28307,104,5.57,0.34,5.23,88.58,94.29,95.0,UP,4,3,5.91,1.3,60.0,1.0,True,0,0.0,0,0.0,0.0,0.0,0.025,0.0,1.0,0.528,937.71,568.67,369.04,24.5,62.25,86.2,UP,52,24,1506.38,6.4,300.0,1.0,True,2,795.44,1,343.59,451.85,28.7,0.113,0.294,1.0,0.906,3202.02,2753.06,448.96,7.54,53.77,64.8,UP,227,89,5955.08,25.8,900.0,1.0,True,5,1759.85,5,1949.07,-189.22,50.7,0.34,0.444,1.0,0.969,42.55,-266.69,979.24,94.29,-5.2,1.0,204.07,0.6733,142.4,0.4727,-0.1949,UP,1789713667533,BUY,487.17,0.035177856652874956,1789713720000,ok,1.0,1.0,,continuous,1,3,0,,0,0,0,0,False,394,0.03513,0.03515,5.692,2.483,0.0688,0.2526,19604.87,17079.85,56.92,1789713807044,2961,False,,,,
2,v2,v1.2,REALF_PY_V4_2_DERIVED,ZPTDIFAT_PY_V1_4_DERIVED,fc-v1,native,,058e38aec59f4c35,20260918_062941,279,VELVET_20260918_064332_595,VELVETUSDT,BINANCE,FUTURES,OUTSIDE100,761,200,1789713812595,2026-09-18T06:43:32.595+00:00,12,True,1789713812579,1789713812595,56.2,1789713780000,1789713839999,False,32.6,0.05575,0.0718,53.8,FAIR (DENGE),True,500,52.9,59.8,49.9,50.8,-0.0055,0.31,0.47,0.00205,0.382,0.24,33.7,65.0,-6.1,YOK,9.9,0.987,0.0554444183579106,-0.548,CLV_PROXY_1M,0,0.0,100.0,53.8,48.6,63.5,63.5,5.2,-9.7,-9.7,-0.0055,0.0001,0.0029,0.00181,54.99,51.16,48.9,48.3,3.83,6.09,6.69,60.91,71.0,500,native,54.99,NORMAL,60.91,71.0,True,300,50.4,TR-DN,CHOCH DN,MIX/HL,MIX/HL,TR-DN,74.0,True,True,499,17,60.6,1789712760000,HIGH,0.05615,2.75,0.056855,7.59,2,0.055404999999999996,2.37,2,1,1,0.056855,0.055404999999999996,EQL_SWEEP,71,0.055625,False,False,0.2613,499,native,48.13,NORMAL,54.3,59.0,True,300,50.9,BEAR,BOS DN,HH/MIX,LH/LL,RANGE,72.7,True,True,498,25,40.9,1789709220000,HIGH,0.05649,3.02,,,,,,,0,0,0.05615,0.05544,LOW_SWEEP,5,0.05556,False,False,0.4398,499,native,41.97,NORMAL,48.32,43.33,True,300,17.8,BEAR,BOS DN,LH/LL,HH/MIX,RANGE,83.3,True,True,498,15,49.3,1789709100000,HIGH,0.05671,3.11,,,,0.0515,13.75,2,0,1,0.05649,0.0515,HIGH_SWEEP,27,0.05618,False,False,0.5551,499,native,34.5,NORMAL,38.12,31.33,True,300,85.4,BULL,BOS UP,HH/HL,HH/MIX,RANGE,84.2,True,True,498,8,44.5,1789705800000,LOW,0.05548,0.48,,,,0.0515,7.48,3,0,1,0.05671,0.0515,HIGH_SWEEP,7,0.05649,False,False,1.0214,499,native,34.55,NORMAL,29.97,29.67,True,300,70.4,BULL,BOS UP,HH/MIX,LH/LL,TR UP,75.1,True,True,498,14,40.8,1789660800000,LOW,0.0494,4.77,,,,,,,0,0,0.06014,0.0494,HIGH_SWEEP,13,0.05886,False,False,2.3885,499,native,78.98,YORGUN,67.17,85.0,True,300,48.0,BEAR,BOS DN,MIX/HL,HH/HL,TR DN,65.7,True,True,498,16,34.6,1789473600000,HIGH,0.0633,2.95,,,,,,,0,0,0.0536,0.0494,HIGH_SWEEP,6,0.0536,False,False,4.6002,1216,1038,1495.07,589.25,905.82,43.46,71.73,93.3,UP,79,33,2084.32,9.7,60.0,1.0,True,2,1444.45,1,336.25,1108.19,34.5,0.162,0.33,1.0,0.98,18950.02,15496.17,3453.85,10.03,55.01,69.2,UP,710,280,34446.19,40.2,300.0,1.0,True,22,17747.98,7,13801.51,3946.46,63.1,0.446,0.634,1.0,0.996,53045.15,42929.31,10115.83,10.54,55.27,70.0,UP,2055,941,95974.46,116.3,900.0,1.0,True,53,48002.68,24,36965.33,11037.36,79.4,0.699,0.746,1.0,0.999,7768.61,8047.74,6555.76,49.85,10.75,1.0,-3145.32,-0.4728,298.13,0.0433,0.2383,DOWN,1789713797548,BUY,962.98,0.05572807233796296,1789713720000,ok,1.0,1.0,1.0,continuous,1,31,0,,0,0,0,0,False,428,0.0557,0.05571,1.795,0.212,0.0573,-0.5699,11670.14,10405.54,35.01,1789713811390,1205,False,,AGGRESSIVE_BUYER,,
2,v2,v1.2,REALF_PY_V4_2_DERIVED,ZPTDIFAT_PY_V1_4_DERIVED,fc-v1,native,,058e38aec59f4c35,20260918_062941,280,ZKC_20260918_064335_588,ZKCUSDT,BINANCE,FUTURES,OUTSIDE100,1142,200,1789713815588,2026-09-18T06:43:35.588+00:00,12,True,1789713815159,1789713815588,56.6,1789713780000,1789713839999,False,35.2,0.0384,0.0,47.6,FAIR (DENGE),True,500,47.6,44.6,50.9,48.7,0.00223,0.11,0.08,0.00149,0.384,1.08,51.0,50.0,-3.3,YOK,6.2,0.867,0.038485645938481784,0.223,CLV_PROXY_1M,0,0.0,100.0,47.6,42.5,38.1,43.9,5.1,9.5,3.7,0.00223,-0.00151,-0.00089,-0.00053,66.59,64.88,59.0,48.88,1.71,7.59,17.71,67.42,78.0,500,native,66.59,NORMAL,67.42,78.0,True,300,27.2,BULL,BOS UP,LH/LL,LH/MIX,SQZ,83.3,True,True,499,50,38.3,1789710780000,LOW,0.03831,2.2,,,,,,,0,0,0.03846,0.0383,LOW_SWEEP,8,0.03835,False,False,0.1064,499,native,46.96,NORMAL,56.83,57.33,True,300,31.1,BULL,BOS UP,LH/LL,EQ/RANGE,RANGE,84.8,True,True,498,35,58.8,1789707420000,LOW,0.03801,4.64,,,,0.03749,10.83,2,0,1,0.03855,0.03749,HIGH_SWEEP,33,0.03865,False,False,0.2188,499,native,35.12,NORMAL,43.53,41.33,True,300,67.6,BULL,BOS UP,MIX/HL,LH/LL,RANGE,74.3,True,True,498,21,50.4,1789707300000,LOW,0.03801,3.04,,,,,,,0,0,0.03855,0.03831,HIGH_SWEEP,20,0.03869,False,False,0.3345,499,native,48.13,NORMAL,43.46,46.33,True,300,88.3,BULL,BOS UP,HH/HL,HH/HL,RANGE,90.3,True,True,498,7,52.3,1789706700000,LOW,0.03789,1.89,0.049025,39.38,2,0.037065,4.95,2,1,1,0.049025,0.037065,LOW_SWEEP,152,0.03752,False,False,0.7041,499,native,74.17,YORGUN,65.12,76.67,True,300,58.0,BEAR,BOS DN,MIX/HL,HH/HL,TR DN,64.1,True,True,498,53,61.2,1789520400000,HIGH,0.04772,16.64,0.05792,34.84,2,,,,1,0,0.05792,0.03718,EQH_SWEEP,6,0.03827,False,False,1.4589,499,native,43.77,NORMAL,51.23,58.0,True,300,15.6,BEAR,BOS DN,LH/LL,LH/MIX,TR DN,90.7,True,True,498,18,73.5,1789444800000,HIGH,0.04904,8.45,,,,0.036074999999999996,1.85,2,0,1,0.03878,0.036074999999999996,HIGH_SWEEP,1,0.03878,True,False,3.2744,2403,355,1657.13,189.17,1467.96,79.51,89.75,94.9,UP,52,27,1846.31,6.5,60.0,1.0,True,1,1105.61,0,0.0,1105.61,29.6,0.114,0.317,1.0,0.96,2802.34,1280.0,1522.33,37.29,68.65,92.1,UP,120,68,4082.34,15.4,300.0,1.0,True,3,1816.69,1,480.14,1336.55,42.7,0.235,0.403,1.0,0.992,11993.77,9041.76,2952.01,14.03,57.02,75.4,UP,648,322,21035.53,66.9,900.0,1.0,True,17,8314.88,7,4916.25,3398.63,67.9,0.572,0.581,1.0,0.997,1388.76,1570.48,-2428.77,24.45,19.61,1.0,596.36,0.5126,255.86,0.3134,-0.654,UP,1789713800020,BUY,1105.61,0.038411750686168915,1789713720000,ok,1.0,1.0,1.0,continuous,1,25,0,,0,0,0,0,False,462,0.03839,0.0384,2.605,-0.196,-0.1712,0.0376,15316.92,21646.01,50.79,1789713815019,569,False,,,,
2,v2,v1.2,REALF_PY_V4_2_DERIVED,ZPTDIFAT_PY_V1_4_DERIVED,fc-v1,native,,058e38aec59f4c35,20260918_062941,281,ETH_20260918_064341_607,ETHUSDT,BINANCE,FUTURES,TOP100,2,75000,1789713821607,2026-09-18T06:43:41.607+00:00,12,True,1789713821168,1789713821607,57.0,1789713780000,1789713839999,False,41.2,2483.94,-0.0097,56.0,FAIR (DENGE),True,500,58.4,54.6,55.3,50.4,-0.0012,0.05,0.06,0.00142,0.72,0.34,2.3,65.0,-19.6,YOK,3.9,1.0,2480.9544936302236,-0.12,CLV_PROXY_1M,0,0.0,100.0,56.0,55.1,57.2,58.8,0.9,-1.2,-2.8,-0.0012,-0.00018,1e-05,0.00018,56.5,56.97,52.61,36.75,-0.47,3.89,19.75,56.44,53.0,500,native,56.5,NORMAL,56.44,53.0,True,300,67.4,BULL,BOS UP,HH/MIX,HH/MIX,SQZ,72.5,True,True,499,21,63.9,1789712520000,LOW,2481.26,1.71,,,,2469.0299999999997,9.51,2,0,2,2486.88,2469.0299999999997,HIGH_SWEEP,20,2486.11,False,False,0.0631,499,native,53.8,NORMAL,57.19,57.0,True,300,42.3,BULL,BOS UP,MIX/LL,EQ/RANGE,RANGE,79.1,True,True,498,36,76.1,1789707240000,LOW,2469.0,4.37,2486.685,0.8,2,,,,1,0,2486.685,2477.52,HIGH_SWEEP,7,2486.49,False,False,0.1376,499,native,48.28,NORMAL,49.55,44.0,True,300,84.3,BULL,BOS UP,HH/HL,MIX/LL,TR UP,91.8,True,True,498,18,61.2,1789708200000,LOW,2469.0,3.04,,,,2365.835,24.03,2,0,1,2492.55,2365.835,HIGH_SWEEP,19,2482.2,False,False,0.1978,499,native,65.69,NORMAL,60.76,62.33,True,300,73.3,BULL,BOS UP,HH/MIX,HH/HL,TR UP,74.1,True,True,498,6,39.9,1789707600000,LOW,2435.39,5.94,,,,2435.74,5.9,2,0,1,2492.55,2435.74,HIGH_SWEEP,5,2484.99,False,False,0.3292,499,native,79.66,YORGUN,87.02,96.67,True,300,73.3,BEAR,BOS DN,HH/HL,HH/MIX,TR DN,84.8,True,True,498,65,44.7,1789477200000,HIGH,2614.99,7.67,,,,,,,0,0,2484.0,2435.39,HIGH_SWEEP,1,2484.0,True,True,0.6888,499,native,65.57,NORMAL,76.82,88.0,True,300,51.7,TR-DN,CHOCH DN,MIX/HL,MIX/HL,TR-DN,70.6,True,True,498,14,32.7,1789502400000,HIGH,2614.99,3.29,,,,1862.655,15.59,2,0,2,2614.99,1862.655,HIGH_SWEEP,38,2522.75,False,False,1.6086,57,8517,951269.57,773331.78,177937.78,10.32,55.16,69.7,UP,1369,360,1724601.35,12.1,60.0,1.0,True,4,737945.36,3,446400.54,291544.82,52.0,0.195,1.0,1.0,0.999,6667940.56,5441044.21,1226896.36,10.13,55.07,69.4,UP,10520,2494,12108984.77,75.1,300.0,1.0,True,23,4487398.58,17,2397745.82,2089652.76,81.5,0.6,1.0,1.0,1.0,22178127.18,28364546.43,-6186419.25,-12.24,43.88,27.3,DOWN,36401,8450,50542673.6,309.9,900.0,1.0,True,67,13828043.89,77,16470316.16,-2642272.27,94.2,0.861,1.0,1.0,1.0,1293122.84,-1047391.9,,40.65,-3.53,0.9368,-396281.36,-0.2552,96016.03,0.0396,0.355,DOWN,1789713809381,BUY,131243.39,2483.9765678703925,1789713720000,ok,1.0,1.0,1.0,continuous,1,353,0,,0,0,0,0,False,496,2484.07,2484.08,0.04,0.012,0.7068,0.59,864098.58,148426.54,0.87,1789713821035,572,False,,,,
2,v2,v1.2,REALF_PY_V4_2_DERIVED,ZPTDIFAT_PY_V1_4_DERIVED,fc-v1,native,,058e38aec59f4c35,20260918_062941,282,BNB_20260918_064344_389,BNBUSDT,BINANCE,FUTURES,TOP100,4,25000,1789713824389,2026-09-18T06:43:44.389+00:00,12,True,1789713824173,1789713824389,57.2,1789713780000,1789713839999,False,44.2,753.79,-0.008,50.5,FAIR (DENGE),True,500,51.5,47.8,51.7,50.0,0.0005,0.2,0.33,0.00103,0.738,0.25,0.7,55.0,-21.5,YOK,3.9,0.307,754.1662737253911,0.05,CLV_PROXY_1M,0,0.0,100.0,50.5,50.0,54.7,55.2,0.5,-4.2,-4.7,0.0005,-0.00011,-0.00012,0.00018,63.5,62.26,51.67,33.5,1.24,11.83,30.0,67.29,64.33,500,native,63.5,NORMAL,67.29,64.33,True,300,44.9,BEAR,BOS DN,HH/MIX,HH/MIX,RANGE,75.1,True,True,499,14,52.5,1789712940000,HIGH,754.74,2.3,,,,735.76,43.62,2,0,1,754.74,735.76,HIGH_SWEEP,21,754.62,False,False,0.0548,499,native,39.49,NORMAL,50.02,35.0,True,300,71.4,BULL,BOS UP,HH/MIX,MIX/HL,RANGE,74.2,True,True,498,13,53.9,1789711380000,LOW,751.67,2.22,,,,733.985,20.76,2,0,2,755.98,733.985,HIGH_SWEEP,28,753.4,False,False,0.1265,499,native,48.05,NORMAL,53.13,44.67,True,300,71.0,BULL,BOS UP,HH/MIX,HH/MIX,TR UP,80.5,True,True,498,18,50.9,1789708200000,LOW,749.39,3.02,,,,751.405,1.64,2,0,2,755.98,751.405,HIGH_SWEEP,7,755.08,False,False,0.1933,499,native,57.4,NORMAL,58.91,50.0,True,300,78.6,BULL,BOS UP,HH/HL,HH/HL,TR UP,91.5,True,True,498,29,31.8,1789686900000,LOW,733.95,7.74,,,,,,,0,0,754.71,733.95,HIGH_SWEEP,5,754.71,False,False,0.3404,499,native,94.12,ASIRI,90.84,95.33,True,300,72.9,BULL,BOS UP,HH/MIX,HH/MIX,TR UP,76.1,True,True,498,10,47.2,1789675200000,LOW,721.24,7.08,,,,,,,0,0,732.95,721.24,HIGH_SWEEP,18,729.58,False,False,0.6104,499,native,89.03,ASIRI,96.33,96.0,True,300,40.4,BULL,BOS UP,LH/LL,HH/HL,RANGE,86.1,True,True,498,4,31.3,1789646400000,LOW,704.34,5.25,,,,,,,0,0,725.94,704.34,HIGH_SWEEP,6,725.94,False,False,1.2519,1377,2442,41246.75,138113.22,-96866.47,-54.01,23.0,5.7,DOWN,334,86,179359.96,6.3,60.0,1.0,True,0,0.0,2,115574.34,-115574.34,39.2,0.113,0.813,1.0,0.977,572511.85,453231.52,119280.33,11.63,55.81,71.8,UP,2877,602,1025743.37,65.5,300.0,1.0,True,4,150214.36,5,206775.66,-56561.3,79.7,0.567,1.0,1.0,0.995,1511256.28,2045445.66,-534189.39,-15.02,42.49,23.3,DOWN,11074,2226,3556701.94,270.5,900.0,1.0,True,9,352600.83,19,775266.41,-422665.59,93.4,0.844,1.0,1.0,0.998,6071.88,-150188.2,-21474.44,8.84,-8.06,1.0,-33808.67,-0.1982,34333.45,0.1674,0.3793,DOWN,1789713807516,SELL,30115.11,753.82,1789713720000,ok,1.0,1.0,1.0,continuous,1,71,0,,0,0,0,0,False,530,753.78,753.79,0.133,-0.055,-0.2157,0.0036,81949.3,127023.22,2.59,1789713824049,340,False,,AGGRESSIVE_SELLER,,
2,v2,v1.2,REALF_PY_V4_2_DERIVED,ZPTDIFAT_PY_V1_4_DERIVED,fc-v1,native,,058e38aec59f4c35,20260918_062941,283,XRP_20260918_064346_968,XRPUSDT,BINANCE,FUTURES,TOP100,5,25000,1789713826968,2026-09-18T06:43:46.968+00:00,12,True,1789713826968,1789713826968,57.3,1789713780000,1789713839999,False,47.0,1.3226,-0.0076,57.6,FAIR (DENGE),True,500,60.4,58.8,53.7,50.2,-0.00324,0.11,0.12,0.00165,0.749,0.16,0.7,50.0,-16.2,YOK,6.7,1.0,1.3183259708268322,-0.323,CLV_PROXY_1M,0,0.0,100.0,57.6,59.4,67.6,63.4,-1.8,-10.0,-5.8,-0.00324,0.00028,0.00105,0.00047,69.9,72.6,69.77,60.47,-2.7,0.13,9.43,63.56,63.67,500,native,69.9,NORMAL,63.56,63.67,True,300,73.4,BEAR,BOS DN,HH/HL,MIX/HL,SQZ,85.2,True,True,499,58,52.6,1789710300000,HIGH,1.3237,0.84,,,,1.3032,14.83,2,0,2,1.3232,1.3032,HIGH_SWEEP,7,1.3232,False,False,0.0989,499,native,74.08,YORGUN,73.94,82.67,True,300,41.4,BULL,BOS UP,LH/LL,HH/HL,RANGE,87.7,True,True,498,1,29.6,1789713540000,LOW,1.3164,2.42,,,,,,,0,0,1.3228,1.3164,HIGH_SWEEP,5,1.3228,False,True,0.1933,499,native,63.63,NORMAL,72.95,78.0,True,300,61.0,BULL,BOS UP,MIX/HL,LH/LL,RANGE,74.0,True,True,498,35,67.7,1789703100000,LOW,1.3045,5.26,,,,,,,0,0,1.3228,1.3164,HIGH_SWEEP,3,1.3228,False,True,0.2603,499,native,57.99,NORMAL,57.55,63.67,True,300,76.7,TR-UP,CHOCH UP,HH/HL,MIX/HL,TR-UP,84.3,True,True,498,22,25.8,1789693200000,LOW,1.2867,6.38,,,,,,,0,0,1.3286,1.3133,HIGH_SWEEP,23,1.3002,False,False,0.4261,499,native,80.8,YORGUN,80.82,92.0,True,300,74.1,TR-UP,CHOCH UP,HH/MIX,HH/MIX,TR-UP,74.3,True,True,498,3,82.2,1789700400000,LOW,1.2867,2.96,,,,,,,0,0,1.3201,1.2867,HIGH_SWEEP,1,1.3201,True,False,0.9194,499,native,49.65,NORMAL,58.87,75.0,True,300,47.1,TR-DN,CHOCH DN,HH/MIX,MIX/LL,TR-DN,75.8,True,True,498,15,73.1,1789488000000,HIGH,1.4916,5.31,1.5507,7.17,2,0.98775,10.53,2,1,1,1.5507,0.98775,EQH_SWEEP,57,1.43175,False,False,2.3989,2314,2549,70740.78,37147.84,33592.94,31.14,65.57,90.0,UP,530,70,107888.62,12.2,60.0,1.0,True,0,0.0,0,0.0,0.0,47.7,0.196,0.758,1.0,0.961,1653505.04,756536.18,896968.86,37.22,68.61,92.0,UP,5444,608,2410041.23,72.5,300.0,1.0,True,15,1074918.9,7,273466.84,801452.06,81.0,0.592,1.0,1.0,0.992,5789691.0,4536375.12,1253315.88,12.14,56.07,72.6,UP,19837,2267,10326066.13,301.1,900.0,1.0,True,64,3920350.14,43,2446255.13,1474095.02,94.0,0.858,1.0,1.0,0.997,26431.12,-82577.84,143956.99,13.15,-0.73,1.0,-22882.35,-0.1024,188917.07,0.3919,0.5164,DOWN,1789713754017,BUY,34550.28,1.3225999999999998,1789713720000,ok,1.0,1.0,1.0,continuous,1,67,0,,0,0,0,0,False,564,1.3226,1.3227,0.756,0.115,0.084,0.0841,1212306.35,1024434.07,14.74,1789713826836,132,False,,,,
2,v2,v1.2,REALF_PY_V4_2_DERIVED,ZPTDIFAT_PY_V1_4_DERIVED,fc-v1,native,,058e38aec59f4c35,20260918_062941,284,DOGE_20260918_064349_561,DOGEUSDT,BINANCE,FUTURES,TOP100,12,15000,1789713829561,2026-09-18T06:43:49.561+00:00,12,True,1789713829561,1789713829561,57.3,1789713780000,1789713839999,False,49.6,0.08426,0.0237,55.3,FAIR (DENGE),True,500,57.2,55.7,53.1,50.1,-0.00186,-0.37,-0.22,0.00155,0.684,0.11,0.3,55.0,-28.7,YOK,4.1,1.0,0.08410312746173222,-0.186,CLV_PROXY_1M,0,0.0,100.0,55.3,55.6,64.4,63.2,-0.3,-9.1,-7.9,-0.00186,-0.00013,0.00053,0.0005,47.03,51.35,59.92,47.36,-4.32,-12.89,-0.33,41.78,25.67,500,native,47.03,NORMAL,41.78,25.67,True,300,67.2,BEAR,BOS DN,HH/HL,MIX/HL,SQZ,88.9,True,True,499,25,38.7,1789712280000,HIGH,0.08443,2.14,0.084395,1.7,2,0.08135,36.57,2,1,1,0.084395,0.08135,EQH_SWEEP,7,0.084395,False,False,0.0945,499,native,49.11,NORMAL,48.36,41.0,True,300,61.0,BULL,BOS UP,MIX/HL,MIX/HL,RANGE,73.3,True,True,498,35,48.5,1789707420000,LOW,0.08373,3.51,0.08449000000000001,1.52,2,,,,1,0,0.08449000000000001,0.08417,LOW_SWEEP,14,0.08419,False,False,0.1793,499,native,41.51,NORMAL,41.86,32.67,True,300,62.6,BULL,BOS UP,MIX/HL,MIX/HL,TR UP,80.0,True,True,498,35,93.1,1789703100000,LOW,0.08223,9.18,,,,0.07986,19.94,2,0,1,0.08448,0.07986,HIGH_SWEEP,19,0.08459,False,False,0.261,499,native,60.27,NORMAL,54.43,55.67,True,300,79.8,BULL,BOS UP,HH/HL,HH/HL,TR UP,84.7,True,True,498,21,43.6,1789694100000,LOW,0.08114,8.6,,,,0.080555,10.21,2,0,1,0.08469,0.080555,HIGH_SWEEP,64,0.08179,False,False,0.4296,499,native,88.93,ASIRI,85.15,96.67,True,300,89.8,BULL,BOS UP,HH/HL,LH/LL,TR UP,90.7,True,True,498,4,51.5,1789696800000,LOW,0.08114,4.31,,,,,,,0,0,0.08253,0.08114,HIGH_SWEEP,21,0.08134,False,False,0.8609,499,native,72.9,YORGUN,85.88,92.33,True,300,47.5,BEAR,BOS DN,HH/MIX,LH/MIX,TR DN,73.2,True,True,498,16,26.7,1789473600000,HIGH,0.08616,1.24,,,,0.07835,3.87,2,0,1,0.08616,0.07835,HIGH_SWEEP,20,0.08534,False,False,1.8093,455,1455,10519.56,15614.45,-5094.89,-19.5,40.25,18.1,DOWN,188,56,26134.0,4.1,60.0,1.0,True,0,0.0,0,0.0,0.0,30.5,0.075,0.604,1.0,0.992,298747.89,304199.32,-5451.43,-0.9,49.55,48.2,FLAT,3077,396,602947.21,34.3,300.0,1.0,True,7,172260.35,4,111076.49,61183.87,68.6,0.407,0.945,1.0,0.998,1582881.67,1585186.07,-2304.4,-0.07,49.96,49.9,FLAT,10026,1249,3168067.74,137.0,900.0,1.0,True,25,944379.83,26,799611.93,144767.89,88.3,0.733,1.0,1.0,0.999,70648.2,-34726.03,410461.76,24.72,-2.8,1.0,-50830.33,-0.6489,-1880.02,-0.0156,0.3594,DOWN,1789713738419,SELL,59573.75,0.08427,1789713720000,ok,1.0,1.0,1.0,continuous,1,56,0,,0,0,0,0,False,598,0.08425,0.08426,1.187,0.224,-0.197,-0.4832,1649771.59,2459406.27,23.14,1789713829431,130,False,,,,
2,v2,v1.2,REALF_PY_V4_2_DERIVED,ZPTDIFAT_PY_V1_4_DERIVED,fc-v1,native,,058e38aec59f4c35,20260918_062941,285,LINK_20260918_064352_333,LINKUSDT,BINANCE,FUTURES,TOP100,17,10000,1789713832333,2026-09-18T06:43:52.333+00:00,12,True,1789713832124,1789713832333,57.4,1789713780000,1789713839999,False,52.1,11.834,0.0676,56.0,FAIR (DENGE),True,500,58.7,53.2,55.9,50.5,-0.00142,0.37,0.07,0.00191,0.674,0.28,5.0,50.0,8.0,YOK,5.5,1.0,11.817244263298521,-0.142,CLV_PROXY_1M,0,0.0,100.0,56.0,54.7,54.9,53.5,1.3,1.1,2.5,-0.00142,-0.00016,-0.00045,-0.00063,79.76,77.33,74.62,70.32,2.43,5.14,9.44,84.62,87.33,500,native,79.76,YORGUN,84.62,87.33,True,300,89.5,BULL,BOS UP,HH/HL,HH/HL,RANGE,92.9,True,True,499,7,55.7,1789713360000,LOW,11.772,4.52,,,,11.377500000000001,33.29,2,0,1,11.811,11.377500000000001,HIGH_SWEEP,26,11.779,False,False,0.116,499,native,83.25,ASIRI,85.62,94.0,True,300,44.7,BULL,BOS UP,LH/LL,HH/MIX,RANGE,88.3,True,True,498,7,67.9,1789712460000,LOW,11.705,4.49,,,,,,,0,0,11.776,11.705,HIGH_SWEEP,12,11.776,False,False,0.241,499,native,76.39,YORGUN,89.22,95.33,True,300,76.6,BULL,BOS UP,HH/MIX,LH/LL,TR UP,75.7,True,True,498,1,46.5,1789713300000,LOW,11.705,3.21,,,,,,,0,0,11.817,11.705,HIGH_SWEEP,21,11.802,False,False,0.3401,499,native,65.11,NORMAL,70.09,73.0,True,300,77.6,BULL,BOS UP,HH/HL,HH/HL,TR UP,87.9,True,True,498,29,54.8,1789686900000,LOW,11.25,9.1,,,,11.0905,11.59,2,0,1,11.817,11.0905,HIGH_SWEEP,64,11.34,False,False,0.544,499,native,90.9,ASIRI,89.6,96.0,True,300,83.3,TR-UP,CHOCH UP,HH/HL,MIX/LL,TR-UP,86.0,True,True,498,5,51.0,1789693200000,LOW,11.089,6.17,12.7855,7.9,2,,,,1,0,12.7855,11.25,LOW_SWEEP,37,10.67,False,False,1.0287,499,native,76.1,YORGUN,89.45,93.33,True,300,17.7,BEAR,BOS DN,LH/LL,HH/MIX,RANGE,86.2,True,True,498,15,24.8,1789488000000,HIGH,11.961,0.51,,,,8.062,15.04,2,0,1,11.961,8.062,EQH_SWEEP,83,12.035499999999999,False,False,2.133,2014,1284,33981.36,13844.48,20136.87,42.1,71.05,93.1,UP,237,46,47825.84,15.6,60.0,1.0,True,1,11831.38,0,0.0,11831.38,49.8,0.238,0.67,1.0,0.966,260672.37,191707.99,68964.38,15.24,57.62,77.0,UP,1831,325,452380.35,90.2,300.0,1.0,True,6,80387.61,5,55865.43,24522.18,81.5,0.643,0.914,1.0,0.993,1104020.96,620626.78,483394.18,28.03,64.01,88.5,UP,6384,1119,1724647.74,252.8,900.0,1.0,True,19,480763.02,8,122188.37,358574.66,93.0,0.835,1.0,1.0,0.998,12211.23,-17273.94,160170.8,13.15,-1.28,1.0,1103.56,0.0176,12168.87,0.1345,0.2866,NONE,1789713774840,BUY,11831.38,11.825940507366612,1789713720000,ok,1.0,1.0,1.0,continuous,1,41,0,,0,0,0,0,False,632,11.834,11.835,0.845,0.058,-0.1916,0.1509,196640.55,289846.92,16.48,1789713831996,337,False,,AGGRESSIVE_BUYER,,
2,v2,v1.2,REALF_PY_V4_2_DERIVED,ZPTDIFAT_PY_V1_4_DERIVED,fc-v1,native,,058e38aec59f4c35,20260918_062941,286,ADA_20260918_064354_915,ADAUSDT,BINANCE,FUTURES,TOP100,19,10000,1789713834915,2026-09-18T06:43:54.915+00:00,12,True,1789713834896,1789713834915,57.5,1789713780000,1789713839999,False,54.9,0.2139,0.0936,52.8,FAIR (DENGE),True,500,55.4,45.7,56.9,50.4,0.00209,1.02,0.46,0.00161,0.635,0.48,9.3,35.0,-5.8,YOK,11.2,0.556,0.2143466648791098,0.209,CLV_PROXY_1M,0,0.0,100.0,52.8,51.6,49.7,41.9,1.2,3.1,10.9,0.00209,-0.00032,-0.00083,-0.00171,65.3,55.8,49.5,46.59,9.5,15.8,18.71,86.53,89.67,500,native,65.3,NORMAL,86.53,89.67,True,300,77.1,TR-UP,CHOCH UP,HH/HL,HH/HL,SQZ,89.8,True,True,499,28,50.5,1789712100000,LOW,0.2126,4.36,0.2151,4.02,2,,,,2,0,0.2138,0.2132,EQH_SWEEP,7,0.2138,False,False,0.1395,499,native,72.65,YORGUN,75.39,76.0,True,300,22.3,BEAR,BOS DN,LH/LL,MIX/HL,RANGE,86.5,True,True,498,28,70.8,1789708680000,HIGH,0.2173,6.43,,,,,,,0,0,0.2151,0.2121,LOW_SWEEP,48,0.2143,False,False,0.2547,499,native,59.14,NORMAL,72.7,73.33,True,300,20.0,TR-DN,CHOCH DN,LH/LL,LH/LL,TR-DN,85.4,True,True,498,10,28.1,1789710600000,HIGH,0.2151,1.6,,,,0.1903,31.4,3,0,1,0.2151,0.1903,HIGH_SWEEP,34,0.2159,False,False,0.3519,499,native,46.29,NORMAL,46.76,43.33,True,300,66.8,BULL,BOS UP,MIX/HL,LH/LL,TR UP,78.2,True,True,498,26,55.4,1789689600000,LOW,0.1997,9.25,0.21739999999999998,2.28,2,0.1972,10.88,2,1,2,0.21739999999999998,0.1972,HIGH_SWEEP,27,0.2027,False,False,0.7191,499,native,86.36,ASIRI,77.02,90.0,True,300,87.0,BULL,BOS UP,HH/HL,HH/HL,EXP UP,84.6,True,True,498,6,53.5,1789689600000,LOW,0.1901,7.68,,,,,,,0,0,0.2042,0.1997,EQH_SWEEP,29,0.19690000000000002,False,False,1.4575,499,native,75.88,YORGUN,88.6,90.33,True,300,41.5,TR-UP,CHOCH UP,LH/LL,LH/LL,TR-UP,84.5,True,True,498,1,52.5,1789689600000,LOW,0.1901,4.35,,,,,,,0,0,0.2159,0.1901,LOW_SWEEP,52,0.2148,False,True,2.5151,2419,1020,41930.58,15908.24,26022.35,44.99,72.5,93.5,UP,154,55,57838.82,3.2,60.0,1.0,True,1,35590.8,1,14984.81,20605.99,29.1,0.061,0.691,1.0,0.96,319002.54,192783.56,126218.99,24.66,62.33,86.4,UP,1161,281,511786.1,15.5,300.0,1.0,True,8,271283.86,5,159668.15,111615.71,54.8,0.236,0.927,1.0,0.992,1037581.62,725583.47,311998.15,17.7,58.85,80.0,UP,4011,896,1763165.08,50.8,900.0,1.0,True,29,877779.53,16,551771.35,326008.17,76.0,0.504,1.0,1.0,0.997,-17749.61,-126074.2,225337.18,-17.79,-7.63,1.0,2669.04,0.0278,21241.58,0.2075,0.6644,NONE,1789713812902,SELL,14984.81,0.2138,1789713720000,ok,1.0,1.0,1.0,continuous,1,51,0,,0,0,0,0,False,666,0.2138,0.2139,4.676,-0.325,0.0374,-0.1622,2223096.4,2062837.28,91.19,1789713834772,143,False,,AGGRESSIVE_BUYER,,
2,v2,v1.2,REALF_PY_V4_2_DERIVED,ZPTDIFAT_PY_V1_4_DERIVED,fc-v1,native,,058e38aec59f4c35,20260918_062941,287,LTC_20260918_064357_498,LTCUSDT,BINANCE,FUTURES,TOP100,25,10000,1789713837498,2026-09-18T06:43:57.498+00:00,12,True,1789713837498,1789713837498,57.2,1789713780000,1789713839999,False,57.5,54.99,-0.0364,60.6,PRICE AHEAD,True,500,63.6,59.0,58.5,55.1,-0.00333,0.76,0.49,0.00126,0.57,0.79,53.3,45.0,-15.2,YOK,5.1,1.0,54.807198671810035,-0.332,CLV_PROXY_1M,0,0.0,100.0,60.6,64.4,62.8,65.2,-3.8,-2.2,-4.6,-0.00333,0.0003,-0.00052,-5e-05,69.66,65.86,60.54,54.73,3.8,9.12,14.93,77.02,82.0,500,native,69.66,NORMAL,77.02,82.0,True,300,83.7,BULL,BOS UP,HH/HL,MIX/HL,TR UP,86.9,True,True,499,16,64.2,1789712820000,LOW,54.78,3.81,,,,54.76,4.17,2,0,2,55.02,54.76,HIGH_SWEEP,40,54.92,False,False,0.1003,499,native,69.49,NORMAL,84.62,92.33,True,300,75.7,BULL,BOS UP,HH/HL,HH/HL,RANGE,91.8,True,True,498,36,50.6,1789707240000,LOW,54.29,6.95,55.0,0.1,2,,,,2,0,54.974999999999994,54.78,EQH_SWEEP,5,55.0,False,False,0.1835,499,native,65.01,NORMAL,82.0,85.0,True,300,76.3,BULL,BOS UP,HH/HL,HH/HL,TR UP,86.1,True,True,498,35,51.2,1789703100000,LOW,54.32,4.8,,,,53.86,8.1,2,0,3,55.0,53.86,HIGH_SWEEP,3,55.0,False,True,0.2539,499,native,74.88,YORGUN,78.43,83.67,True,300,71.1,BULL,BOS UP,MIX/HL,HH/MIX,TR UP,85.7,True,True,498,24,95.3,1789691400000,LOW,53.59,6.2,,,,,,,0,0,53.98,54.29,EQH_SWEEP,26,53.989999999999995,False,False,0.4112,499,native,87.94,ASIRI,88.74,96.33,True,300,88.0,BULL,BOS UP,HH/HL,HH/HL,TR UP,83.5,True,True,498,6,68.8,1789689600000,LOW,52.46,5.8,,,,,,,0,0,54.0,52.46,HIGH_SWEEP,21,52.81,False,False,0.7963,499,native,81.44,YORGUN,89.7,93.33,True,300,51.6,TR-DN,CHOCH DN,HH/MIX,LH/LL,TR-DN,72.3,True,True,498,14,38.2,1789502400000,HIGH,55.24,0.29,,,,,,,0,0,55.24,50.13,HIGH_SWEEP,30,54.28,False,False,1.559,3801,616,8979.22,38706.87,-29727.65,-62.34,18.83,5.3,DOWN,174,44,47686.09,10.6,60.0,1.0,True,0,0.0,1,18029.33,-18029.33,43.9,0.175,0.67,1.0,0.937,148934.0,138950.82,9983.19,3.47,51.73,57.0,UP,876,179,287884.82,31.1,300.0,1.0,True,3,75292.38,4,63650.24,11642.14,65.2,0.383,0.865,1.0,0.987,379657.05,365525.54,14131.5,1.9,50.95,53.9,FLAT,2496,483,745182.59,80.5,900.0,1.0,True,10,190067.0,11,161548.59,28518.41,81.6,0.617,0.968,1.0,0.996,-58503.08,-45764.44,-21979.61,-59.55,-8.81,1.0,-13463.56,-0.2462,-454.2,-0.0079,0.5779,DOWN,1789713814141,SELL,18029.33,54.98891991386883,1789713720000,ok,1.0,1.0,1.0,continuous,1,43,0,,0,0,0,0,False,700,54.98,54.99,1.819,-0.08,0.0893,0.0099,784198.55,655566.56,35.46,1789713837305,193,False,,AGGRESSIVE_SELLER,,
2,v2,v1.2,REALF_PY_V4_2_DERIVED,ZPTDIFAT_PY_V1_4_DERIVED,fc-v1,native,,058e38aec59f4c35,20260918_062941,288,AVAX_20260918_064400_350,AVAXUSDT,BINANCE,FUTURES,TOP100,31,5000,1789713840350,2026-09-18T06:44:00.350+00:00,12,True,1789713840167,1789713840350,56.9,1789713780000,1789713839999,True,60.2,7.897,0.038,48.7,FAIR (DENGE),True,500,50.0,41.9,53.7,49.9,0.00248,0.14,0.05,0.00129,0.603,0.38,4.3,55.0,-14.8,YOK,11.8,0.458,7.916643131396152,0.249,CLV_PROXY_1M,0,0.0,100.0,48.7,48.4,52.7,49.7,0.3,-4.0,-1.0,0.00248,-3e-05,4e-05,-0.00056,65.8,64.2,65.35,60.4,1.6,0.45,5.4,70.31,67.67,500,native,65.8,NORMAL,70.31,67.67,True,300,73.0,BEAR,BOS DN,HH/HL,MIX/HL,SQZ,84.0,True,True,499,63,64.9,1789710000000,HIGH,7.93,5.19,7.9415,7.0,2,,,,1,0,7.9415,7.89,LOW_SWEEP,22,7.873,False,False,0.0805,499,native,67.5,NORMAL,73.97,75.67,True,300,59.1,BULL,BOS UP,MIX/HL,HH/MIX,RANGE,69.2,True,True,498,72,79.7,1789700760000,LOW,7.677,14.6,,,,7.6285,17.84,2,0,1,7.903,7.6285,HIGH_SWEEP,81,7.723,False,False,0.1899,499,native,42.2,NORMAL,53.94,47.33,True,300,60.7,BULL,BOS UP,MIX/HL,MIX/HL,RANGE,74.1,True,True,498,43,66.0,1789700700000,LOW,7.677,9.58,,,,,,,0,0,7.942,7.857,HIGH_SWEEP,48,7.723,False,False,0.2907,499,native,55.67,NORMAL,53.46,49.67,True,300,79.5,BULL,BOS UP,HH/HL,MIX/HL,TR UP,85.4,True,True,498,23,54.9,1789692300000,LOW,7.545,8.34,,,,,,,0,0,7.968,7.584,EQH_SWEEP,23,7.648,False,False,0.534,499,native,87.62,ASIRI,82.15,89.33,True,300,91.4,TR-UP,CHOCH UP,HH/HL,LH/LL,TR-UP,94.6,True,True,498,3,96.7,1789700400000,LOW,7.545,4.37,8.192,3.66,3,7.186,8.83,2,1,1,8.192,7.186,EQL_SWEEP,37,7.186,False,False,1.023,499,native,84.71,ASIRI,90.52,93.0,True,300,78.7,BULL,BOS UP,HH/MIX,HH/MIX,RANGE,76.8,True,True,498,1,80.2,1789689600000,LOW,7.171,4.77,,,,7.173500000000001,4.76,2,0,1,7.8,7.173500000000001,LOW_SWEEP,15,7.243,False,False,1.9116,3471,708,18593.0,134.22,18458.78,98.57,99.28,95.0,UP,69,19,18727.22,3.5,60.0,1.0,True,1,8503.99,0,0.0,8503.99,28.2,0.065,0.568,1.0,0.942,81703.74,80173.77,1529.97,0.95,50.47,51.9,FLAT,1003,204,161877.51,38.4,300.0,1.0,True,4,29477.25,4,39181.22,-9703.98,67.0,0.434,0.802,1.0,0.988,399381.01,287695.45,111685.56,16.26,58.13,78.3,UP,3441,610,687076.45,117.6,900.0,1.0,True,15,149549.44,16,134845.17,14704.27,85.7,0.702,0.959,1.0,0.996,21496.65,7852.54,55537.24,56.94,2.39,1.0,779.28,0.0361,-762.5,-0.0236,0.0408,NONE,1789713820439,BUY,8503.99,7.896,1789713720000,ok,1.0,1.0,1.0,continuous,1,19,0,,0,0,0,0,False,34,7.896,7.897,1.266,-0.023,-0.0051,0.0555,329472.18,332874.69,24.69,1789713839871,479,False,,AGGRESSIVE_BUYER,,
2,v2,v1.2,REALF_PY_V4_2_DERIVED,ZPTDIFAT_PY_V1_4_DERIVED,fc-v1,native,,058e38aec59f4c35,20260918_062941,289,SUI_20260918_064403_600,SUIUSDT,BINANCE,FUTURES,TOP100,35,5000,1789713843600,2026-09-18T06:44:03.600+00:00,12,True,1789713843600,1789713843600,57.6,1789713780000,1789713839999,True,63.6,0.7783,0.0257,52.6,FAIR (DENGE),True,500,54.4,49.5,53.7,50.5,0.00022,0.1,0.1,0.00208,0.585,0.53,13.0,50.0,-17.2,YOK,4.9,0.914,0.7784703836872,0.022,CLV_PROXY_1M,0,0.0,100.0,52.6,55.1,61.0,56.9,-2.5,-8.4,-4.3,0.00022,0.00031,0.00065,0.00011,74.34,77.13,78.09,73.3,-2.79,-3.75,1.04,68.03,67.33,500,native,74.34,YORGUN,68.03,67.33,True,300,86.7,BULL,BOS UP,HH/HL,MIX/HL,SQZ,87.8,True,True,499,5,20.7,1789713480000,LOW,0.775,3.09,,,,,,,0,0,0.7798,0.775,HIGH_SWEEP,21,0.777,False,False,0.1371,499,native,75.78,YORGUN,77.91,82.33,True,300,71.7,BULL,BOS UP,MIX/HL,MIX/HL,RANGE,68.4,True,True,498,2,18.5,1789713360000,LOW,0.7738,2.11,,,,0.7292,23.05,2,0,3,0.7778,0.7292,HIGH_SWEEP,53,0.7849,False,False,0.2735,499,native,54.41,NORMAL,71.42,67.33,True,300,60.8,BULL,BOS UP,MIX/HL,MIX/HL,RANGE,74.3,True,True,498,42,48.0,1789701000000,LOW,0.7643,4.54,,,,0.71575,20.27,2,0,2,0.7849,0.71575,HIGH_SWEEP,92,0.7365,False,False,0.3965,499,native,47.49,NORMAL,50.68,40.0,True,300,78.5,BULL,BOS UP,HH/HL,MIX/HL,TR UP,90.8,True,True,498,29,53.6,1789686900000,LOW,0.7287,8.47,,,,0.7289,8.44,2,0,1,0.7899,0.7289,HIGH_SWEEP,58,0.7351,False,False,0.7551,499,native,87.97,ASIRI,76.35,85.67,True,300,83.0,TR-UP,CHOCH UP,HH/HL,HH/MIX,TR-UP,88.9,True,True,498,6,40.0,1789689600000,LOW,0.7157,5.69,0.8336,5.03,2,,,,2,0,0.8336,0.7157,LOW_SWEEP,37,0.6814,False,False,1.4211,499,native,86.4,ASIRI,91.25,95.33,True,300,89.3,TR-UP,CHOCH UP,HH/HL,MIX/HL,TR-UP,85.4,True,True,498,1,97.1,1789689600000,LOW,0.6773,5.35,,,,,,,0,0,0.7479,0.6773,LOW_SWEEP,16,0.692,False,False,2.3923,579,1859,28975.22,16579.43,12395.79,27.21,63.61,88.0,UP,272,52,45554.65,11.4,60.0,1.0,True,2,17155.46,1,5927.5,11227.96,45.0,0.185,0.665,1.0,0.99,262536.82,247216.68,15320.14,3.01,51.5,56.1,UP,2437,458,509753.5,52.5,300.0,1.0,True,17,178135.65,10,171376.32,6759.33,74.8,0.512,0.927,1.0,0.998,1224585.92,909378.12,315207.8,14.77,57.39,76.4,UP,9132,1572,2133964.04,245.6,900.0,1.0,True,62,829216.9,48,534050.96,295165.95,92.9,0.831,1.0,1.0,0.999,53152.28,4876.24,173724.26,34.41,0.47,1.0,-6268.41,-0.0967,3367.58,0.033,0.0728,DOWN,1789713825226,BUY,5912.28,0.7783,1789713720000,ok,1.0,1.0,1.0,continuous,1,47,0,,0,0,0,0,False,68,0.7782,0.7783,1.285,0.085,-0.1173,0.1109,295702.44,374273.28,25.06,1789713843033,567,False,,,,
2,v2,v1.2,REALF_PY_V4_2_DERIVED,ZPTDIFAT_PY_V1_4_DERIVED,fc-v1,native,,058e38aec59f4c35,20260918_062941,290,AKE_20260918_064406_605,AKEUSDT,BINANCE,FUTURES,TOP100,94,2000,1789713846605,2026-09-18T06:44:06.605+00:00,12,True,1789713846159,1789713846605,57.8,1789713840000,1789713899999,False,6.2,0.023013,0.0565,61.8,PRICE AHEAD,True,500,65.2,64.1,56.8,50.0,-0.02673,0.02,0.04,0.00736,0.601,0.0,0.3,55.0,10.5,YOK,8.4,1.0,0.022405993175614272,-2.638,CLV_PROXY_1M,0,0.0,100.0,61.8,61.9,65.2,59.9,-0.1,-3.4,1.9,-0.02673,-8e-05,0.00408,0.00364,45.71,49.29,53.33,58.0,-3.58,-7.62,-12.29,39.64,32.0,500,native,45.71,NORMAL,39.64,32.0,True,300,85.1,BULL,BOS UP,HH/HL,MIX/HL,TR UP,95.7,True,True,499,21,90.2,1789712580000,LOW,0.021423,7.75,,,,0.021402499999999998,7.85,2,0,1,0.023636,0.021402499999999998,HIGH_SWEEP,42,0.021605,False,False,0.8921,499,native,82.36,YORGUN,72.77,82.0,True,300,91.0,BULL,BOS UP,HH/HL,HH/HL,EXP UP,93.3,True,True,498,7,71.4,1789712460000,LOW,0.021423,5.13,,,,,,,0,0,0.021898,0.021646,LOW_SWEEP,36,0.021228,False,False,1.344,499,native,87.88,ASIRI,79.47,90.0,True,300,77.3,BULL,BOS UP,MIX/HL,HH/HL,EXP UP,79.7,True,True,498,7,67.7,1789711500000,LOW,0.0214,4.92,,,,,,,0,0,0.02168,0.021423,EQH_SWEEP,35,0.021653,False,False,1.4164,499,native,81.36,YORGUN,92.43,96.0,True,300,42.0,BEAR,BOS DN,LH/MIX,MIX/HL,RANGE,66.1,True,True,498,153,97.0,1789575300000,HIGH,0.028247,12.3,0.029421000000000003,15.04,2,0.0209945,4.67,2,1,3,0.029421000000000003,0.0209945,EQL_SWEEP,56,0.020765,False,False,1.8233,499,native,75.83,YORGUN,95.2,98.0,True,300,70.7,BULL,BOS UP,HH/HL,HH/MIX,RANGE,69.6,True,True,498,74,56.3,1789444800000,LOW,0.014658,9.68,0.029844000000000002,7.95,2,0.012500500000000001,12.19,3,1,2,0.029844000000000002,0.012500500000000001,HIGH_SWEEP,75,0.0165,False,False,3.9837,499,native,41.33,NORMAL,45.08,45.0,True,300,84.7,BULL,BOS UP,HH/HL,MIX/HL,TR UP,90.5,True,True,498,18,80.8,1789444800000,LOW,0.013069,3.9,,,,0.0128725,3.97,2,0,3,0.029888,0.0128725,EQL_SWEEP,67,0.0128725,False,False,11.7969,335,27392,29323.82,31313.35,-1989.53,-3.28,48.36,43.3,DOWN,1547,722,60637.17,76.6,60.0,1.0,True,2,7973.54,1,12304.75,-4331.21,73.3,0.605,0.696,1.0,0.994,137466.41,162334.64,-24868.24,-8.29,45.85,33.8,DOWN,9877,4806,299801.05,288.0,300.0,1.0,True,9,29059.81,12,71616.99,-42557.18,89.9,0.852,0.869,1.0,0.999,800526.77,991261.14,-190734.37,-10.64,44.68,29.8,DOWN,52359,27392,1791787.9,1211.2,882.3,0.9803,False,72,236891.65,88,395431.92,-158540.26,98.0,0.96,1.0,0.98,1.0,5168.42,11659.58,,4.85,2.0,0.9136,-4132.31,-0.0769,-5418.79,-0.0904,-0.1269,NONE,1789713797404,SELL,12304.75,0.023022253049738806,1789713720000,ok,1.0,1.0,1.0,continuous,1,645,0,,0,0,0,0,False,102,0.023032,0.023037,2.171,-0.859,-0.5531,-0.2868,1356.28,4713.23,9.33,1789713846043,562,False,,FATIGUE_EXTREME,,
2,v2,v1.2,REALF_PY_V4_2_DERIVED,ZPTDIFAT_PY_V1_4_DERIVED,fc-v1,native,,058e38aec59f4c35,20260918_062941,291,PONS_20260918_064409_628,PONSUSDT,BINANCE,FUTURES,OUTSIDE100,112,2000,1789713849628,2026-09-18T06:44:09.628+00:00,12,True,1789713849414,1789713849628,58.3,1789713840000,1789713899999,False,9.4,0.7307,0.0,51.2,FAIR (DENGE),True,500,50.7,54.1,49.2,50.0,-0.00479,0.8,1.08,0.00547,0.61,0.01,0.3,50.0,-12.0,YOK,4.9,0.798,0.7272052349280748,-0.478,CLV_PROXY_1M,0,0.0,100.0,51.2,51.8,56.4,61.3,-0.6,-5.2,-10.1,-0.00479,1e-05,0.00145,0.00264,42.04,35.91,21.58,14.42,6.13,20.46,27.62,55.92,57.33,500,native,42.04,NORMAL,55.92,57.33,True,300,9.0,BEAR,BOS DN,LH/LL,LH/LL,SQZ,91.7,True,True,499,5,65.6,1789713540000,HIGH,0.7364,2.56,,,,0.7134,7.77,2,0,1,0.7321,0.7134,EQL_SWEEP,14,0.73295,False,False,0.3047,499,native,34.5,NORMAL,34.42,31.0,True,300,26.2,BULL,BOS UP,LH/LL,MIX/HL,RANGE,86.5,True,True,498,77,26.3,1789699860000,LOW,0.6834,9.73,0.7777000000000001,9.67,3,0.63845,18.97,2,1,1,0.7777000000000001,0.63845,HIGH_SWEEP,92,0.6964,False,False,0.6665,499,native,36.08,NORMAL,37.13,31.33,True,300,13.9,BEAR,BOS DN,LH/LL,LH/LL,RANGE,88.2,True,True,498,11,56.1,1789710300000,HIGH,0.7473,2.23,0.7778,6.34,2,,,,1,0,0.7778,0.7235,LOW_SWEEP,9,0.729,False,False,1.022,499,native,44.69,NORMAL,39.14,35.33,True,300,86.2,BULL,BOS UP,HH/HL,MIX/LL,TR UP,93.8,True,True,498,17,77.8,1789697700000,LOW,0.6551,5.29,,,,,,,0,0,0.7781,0.6551,HIGH_SWEEP,18,0.6959,False,False,1.948,289,native,81.16,YORGUN,69.73,78.07,False,269,88.1,BULL,BOS UP,HH/HL,HH/HL,TR UP,88.8,True,True,288,7,54.7,1789686000000,LOW,0.6099,4.0,,,,,,,0,0,0.6721,0.6099,HIGH_SWEEP,6,0.6721,False,False,4.1259,73,native,83.87,ASIRI,83.43,98.11,False,53,74.7,TR-UP,CHOCH UP,HH/MIX,HH/HL,TR-UP,76.3,True,False,72,1,84.3,1789689600000,LOW,0.5483,3.41,,,,,,,0,0,0.6992,0.5483,LOW_SWEEP,12,0.5821,False,False,6.9476,212,2805,11893.7,15475.89,-3582.19,-13.09,43.46,26.0,DOWN,331,128,27369.6,26.9,60.0,1.0,True,0,0.0,1,9411.48,-9411.48,56.6,0.35,0.609,1.0,0.996,144871.68,213123.25,-68251.58,-19.06,40.47,18.5,DOWN,2887,868,357994.93,142.6,300.0,1.0,True,15,74836.81,22,137121.48,-62284.67,85.6,0.74,0.888,1.0,0.999,348547.28,511571.9,-163024.61,-18.95,40.52,18.6,DOWN,8195,2512,860119.18,415.2,900.0,1.0,True,36,145932.05,50,294056.21,-148124.15,95.1,0.893,0.984,1.0,1.0,949.76,36207.02,11547.71,-4.29,2.84,1.0,-4445.74,-0.081,-11113.07,-0.1552,-0.3525,NONE,1789713805731,SELL,9411.48,0.7299683549212752,1789713720000,ok,1.0,1.0,1.0,continuous,1,125,0,,0,0,0,0,False,136,0.7304,0.7305,1.369,0.133,0.2813,0.2508,36806.84,20646.5,26.7,1789713849062,566,False,,,,
2,v2,v1.2,REALF_PY_V4_2_DERIVED,ZPTDIFAT_PY_V1_4_DERIVED,fc-v1,native,,058e38aec59f4c35,20260918_062941,292,SKR_20260918_064412_413,SKRUSDT,BINANCE,FUTURES,OUTSIDE100,227,500,1789713852413,2026-09-18T06:44:12.413+00:00,12,True,1789713852191,1789713852413,58.5,1789713840000,1789713899999,False,12.2,0.01916,0.0157,44.8,FAIR (DENGE),True,500,44.5,41.5,47.4,49.2,0.00403,0.02,0.16,0.00185,0.436,0.19,19.0,55.0,23.4,YOK,6.0,1.0,0.019237356988226324,0.404,CLV_PROXY_1M,0,0.0,100.0,44.8,40.2,41.7,42.0,4.6,3.1,2.8,0.00403,0.00016,-0.00025,-0.00018,70.7,72.2,76.25,84.64,-1.5,-5.55,-13.94,65.4,71.33,500,native,70.7,NORMAL,65.4,71.33,True,300,86.8,BULL,BOS UP,HH/HL,HH/HL,TR UP,91.5,True,True,499,8,33.7,1789713360000,LOW,0.019028,4.4,0.019363,6.77,2,,,,1,0,0.019363,0.019028,EQH_SWEEP,53,0.0189665,False,False,0.1566,499,native,73.03,YORGUN,74.59,78.67,True,300,72.4,BULL,BOS UP,HH/MIX,MIX/HL,TR UP,69.4,True,True,498,2,30.5,1789713360000,LOW,0.018839,5.57,0.020296500000000002,19.71,2,0.0188425,5.51,2,1,1,0.020296500000000002,0.0188425,LOW_SWEEP,25,0.018846,False,False,0.3012,499,native,81.54,YORGUN,83.58,90.33,True,300,86.8,BULL,BOS UP,HH/HL,HH/MIX,RANGE,83.4,True,True,498,1,34.0,1789713300000,LOW,0.018839,4.29,0.020296500000000002,15.19,2,,,,1,0,0.020296500000000002,0.018839,LOW_SWEEP,26,0.018732,False,False,0.3906,499,native,79.93,YORGUN,94.9,96.33,True,300,74.6,BULL,BOS UP,MIX/HL,MIX/HL,SQZ,69.3,True,True,498,1,49.0,1789712100000,LOW,0.018719,3.02,,,,0.017547,11.03,2,0,2,0.019011,0.017547,HIGH_SWEEP,35,0.019329,False,False,0.7671,499,native,44.75,NORMAL,55.29,65.67,True,300,39.3,BULL,BOS UP,LH/LL,HH/MIX,RANGE,84.4,True,True,498,21,72.8,1789635600000,LOW,0.017378,4.69,0.025375500000000002,16.36,2,,,,1,0,0.025375500000000002,0.018321,LOW_SWEEP,6,0.018554,False,False,2.0012,499,native,73.61,YORGUN,69.98,78.33,True,300,72.9,BULL,BOS UP,HH/HL,HH/HL,TR UP,83.6,True,True,498,114,36.2,1788062400000,LOW,0.008858,11.61,,,,0.017043000000000003,2.39,2,0,1,0.020299,0.017043000000000003,HIGH_SWEEP,4,0.019684,False,False,4.7097,8806,562,442.97,93.51,349.46,65.14,82.57,94.8,UP,15,11,536.47,5.3,60.0,1.0,True,0,0.0,0,0.0,0.0,23.1,0.096,0.182,1.0,0.853,3253.38,8548.56,-5295.19,-44.87,27.57,6.5,DOWN,175,126,11801.94,13.3,300.0,1.0,True,0,0.0,3,7503.06,-7503.06,43.9,0.21,0.518,1.0,0.971,21217.91,24350.73,-3132.82,-6.87,46.56,36.4,DOWN,712,494,45568.64,50.2,900.0,1.0,True,5,8497.63,7,15482.57,-6984.94,67.0,0.501,0.665,1.0,0.99,-676.07,2826.34,1024.7,-14.72,5.38,1.0,-509.39,-0.257,-1022.6,-0.4332,-0.6815,NONE,1789713729019,SELL,578.48,0.019135229036419572,1789713780000,ok,1.0,1.0,1.0,continuous,1,11,0,,0,0,0,0,False,170,0.019152,0.019155,1.566,0.411,-0.2312,0.1088,2225.51,3563.85,16.97,1789713852054,359,False,,,,
2,v2,v1.2,REALF_PY_V4_2_DERIVED,ZPTDIFAT_PY_V1_4_DERIVED,fc-v1,native,,058e38aec59f4c35,20260918_062941,293,PROM_20260918_064415_409,PROMUSDT,BINANCE,FUTURES,OUTSIDE100,266,1000,1789713855409,2026-09-18T06:44:15.409+00:00,12,True,1789713854984,1789713855409,58.5,1789713840000,1789713899999,False,15.0,5.391,-0.1482,43.0,FAIR (DENGE),True,500,40.9,50.2,38.4,44.3,-7e-05,-1.12,-0.12,0.00225,0.47,1.48,88.3,70.0,-8.8,YOK,11.8,0.988,5.390618191747581,-0.007,CLV_PROXY_1M,0,0.0,100.0,43.0,50.0,47.7,61.4,-7.0,-4.7,-18.4,-7e-05,0.00096,0.00055,0.00361,14.89,17.25,21.27,34.16,-2.36,-6.38,-19.27,11.7,4.0,500,native,14.89,DINLENMIS,11.7,4.0,True,300,21.4,BEAR,BOS DN,LH/MIX,LH/LL,TR DN,82.5,True,True,499,4,57.3,1789713600000,HIGH,5.424,3.53,,,,,,,0,0,5.424,5.41,LOW_SWEEP,29,5.427,False,False,0.173,499,native,24.83,DINLENMIS,23.63,16.67,True,300,9.5,BEAR,BOS DN,LH/LL,LH/MIX,EXP DN,90.3,True,True,498,1,47.1,1789713540000,HIGH,5.541,7.62,,,,,,,0,1,5.541,5.3934999999999995,EQL_SWEEP,1,5.3934999999999995,True,False,0.3648,499,native,13.96,DINLENMIS,14.36,6.67,True,300,44.8,TR-DN,CHOCH DN,MIX/HL,LH/LL,TR-DN,75.6,True,True,498,6,58.5,1789711800000,HIGH,5.541,6.3,,,,5.2165,7.32,2,0,2,5.541,5.3919999999999995,HIGH_SWEEP,29,5.589,False,False,0.4404,499,native,26.98,DINLENMIS,12.09,5.33,True,300,59.7,TR-DN,CHOCH DN,HH/HL,MIX/HL,TR-DN,88.0,True,True,498,2,54.5,1789711200000,HIGH,5.594,4.71,5.7285,7.84,2,,,,2,1,5.7285,5.4015,LOW_SWEEP,171,5.332,False,False,0.7958,499,native,51.95,NORMAL,25.25,17.33,True,300,59.0,BEAR,BOS DN,MIX/HL,MIX/HL,SQZ,69.1,True,True,498,46,75.0,1789545600000,HIGH,5.729,4.0,5.8375,5.29,3,4.906499999999999,5.77,2,2,1,5.8375,4.906499999999999,EQL_SWEEP,94,5.5815,False,False,1.5355,499,native,46.93,NORMAL,44.99,35.0,True,300,26.5,BULL,BOS UP,LH/LL,MIX/HL,SQZ,85.6,True,True,498,58,11.5,1788868800000,LOW,4.913,2.6,,,,4.4025,5.37,2,0,2,5.659,4.4025,HIGH_SWEEP,57,5.986,False,False,3.3065,2802,853,5598.29,14054.72,-8456.43,-43.03,28.49,6.8,DOWN,205,73,19653.01,24.3,60.0,1.0,True,0,0.0,2,9387.24,-9387.24,53.8,0.327,0.573,1.0,0.953,22208.69,80082.04,-57873.35,-56.58,21.71,5.5,DOWN,974,357,102290.74,42.5,300.0,1.0,True,6,10201.14,6,59947.68,-49746.54,67.2,0.46,0.752,1.0,0.991,37368.66,100635.0,-63266.33,-45.84,27.08,6.4,DOWN,1793,752,138003.66,68.7,900.0,1.0,True,9,14982.94,11,68275.33,-53292.39,74.7,0.579,0.785,1.0,0.997,-12430.56,-8094.88,-7409.23,-43.93,1.5,1.0,-1205.9,-0.1186,-12283.22,-0.6004,-0.6664,NONE,1789713844285,SELL,8089.04,5.388026776793447,1789713780000,ok,1.0,1.0,1.0,continuous,1,72,0,,0,0,0,0,False,204,5.391,5.393,3.709,-1.102,0.1564,-0.528,34014.7,24815.6,37.09,1789713854778,631,False,,FATIGUE_RESTED_1M|AGGRESSIVE_SELLER,,
2,v2,v1.2,REALF_PY_V4_2_DERIVED,ZPTDIFAT_PY_V1_4_DERIVED,fc-v1,native,,058e38aec59f4c35,20260918_062941,294,UAI_20260918_064418_409,UAIUSDT,BINANCE,FUTURES,OUTSIDE100,296,2000,1789713858409,2026-09-18T06:44:18.409+00:00,12,True,1789713857987,1789713858409,58.9,1789713840000,1789713899999,False,18.0,0.4177,0.0,54.5,FAIR (DENGE),True,500,55.7,54.0,54.6,50.0,-0.00381,0.14,-0.14,0.00439,0.656,0.02,0.3,45.0,-2.7,YOK,1.7,1.0,0.41611046054510226,-0.381,CLV_PROXY_1M,0,0.0,100.0,54.5,55.0,55.2,53.4,-0.5,-0.7,1.1,-0.00381,0.00014,0.00061,-0.00052,72.78,72.1,70.88,67.31,0.68,1.9,5.47,70.55,83.33,500,native,72.78,YORGUN,70.55,83.33,True,300,44.1,BEAR,BOS DN,MIX/HL,MIX/HL,RANGE,79.4,True,True,499,19,90.8,1789712700000,HIGH,0.4198,1.87,0.42315,4.85,2,0.40785,8.76,3,1,1,0.42315,0.40785,HIGH_SWEEP,97,0.4247,False,False,0.2692,499,native,39.66,NORMAL,55.11,45.33,True,300,28.6,BULL,BOS UP,LH/LL,LH/LL,RANGE,79.1,True,True,498,67,61.1,1789701660000,LOW,0.4075,4.25,0.43455,7.02,2,,,,1,0,0.43455,0.4129,LOW_SWEEP,3,0.4166,False,False,0.5753,499,native,29.58,DINLENMIS,37.44,18.0,True,300,56.0,TR-DN,CHOCH DN,MIX/HL,LH/LL,TR-DN,72.0,True,True,498,49,58.0,1789698900000,HIGH,0.4354,5.08,,,,0.3559,16.99,3,0,1,0.4232,0.3559,HIGH_SWEEP,102,0.4106,False,False,0.863,499,native,36.07,NORMAL,36.15,28.67,True,300,69.0,BULL,BOS UP,MIX/HL,MIX/HL,RANGE,79.5,True,True,498,20,30.6,1789695000000,LOW,0.3901,3.67,0.43505,2.33,2,0.3838,4.51,2,2,2,0.43505,0.3838,LOW_SWEEP,173,0.3294,False,False,1.8091,499,native,65.5,NORMAL,56.36,57.33,True,300,86.6,BULL,BOS UP,HH/HL,HH/HL,SQZ,87.3,True,True,498,6,38.6,1789689600000,LOW,0.3838,2.06,,,,,,,0,0,0.4354,0.3838,HIGH_SWEEP,4,0.418,False,False,3.8614,499,native,65.03,NORMAL,72.79,76.33,True,300,18.4,BEAR,BOS DN,LH/LL,HH/HL,RANGE,87.8,True,True,498,19,42.0,1789430400000,HIGH,0.5943,4.04,,,,,,,0,0,0.5943,0.322,LOW_SWEEP,20,0.4503,False,False,10.3453,1858,852,460.58,3394.38,-2933.8,-76.1,11.95,5.1,DOWN,98,33,3854.96,9.8,60.0,1.0,True,0,0.0,1,2487.4,-2487.4,36.6,0.164,0.397,1.0,0.969,5347.77,8907.32,-3559.54,-24.97,37.51,13.4,DOWN,426,168,14255.09,23.6,300.0,1.0,True,0,0.0,2,4717.66,-4717.66,52.6,0.32,0.538,1.0,0.994,57183.58,40771.94,16411.64,16.75,58.38,78.9,UP,1984,779,97955.52,121.8,900.0,1.0,True,4,27059.78,4,11884.85,15174.93,79.8,0.709,0.748,1.0,0.998,-4744.11,-4330.27,-2883.17,-71.53,-15.39,1.0,-1191.33,-0.318,-702.56,-0.2464,0.3929,DOWN,1789713853794,SELL,2487.4,0.4172792987753733,1789713780000,ok,1.0,1.0,1.0,continuous,1,33,0,,0,0,0,0,False,238,0.4173,0.4174,2.396,1.069,0.0174,0.4115,12831.7,12392.1,46.72,1789713857812,597,False,,AGGRESSIVE_SELLER,,
2,v2,v1.2,REALF_PY_V4_2_DERIVED,ZPTDIFAT_PY_V1_4_DERIVED,fc-v1,native,,058e38aec59f4c35,20260918_062941,295,BULLA_20260918_064421_206,BULLAUSDT,BINANCE,FUTURES,OUTSIDE100,339,5000,1789713861206,2026-09-18T06:44:21.206+00:00,12,True,1789713860987,1789713861206,59.1,1789713840000,1789713899999,False,21.0,0.10058,-0.2578,44.2,FAIR (DENGE),True,500,41.7,49.5,40.8,49.1,0.00054,-1.97,-0.98,0.00603,0.566,0.35,11.7,55.0,-22.6,YOK,8.7,1.0,0.10063403801326425,0.054,CLV_PROXY_1M,0,0.0,100.0,44.2,44.7,44.9,59.9,-0.5,-0.7,-15.7,0.00054,0.00058,5e-05,0.00682,26.54,30.39,42.73,72.5,-3.85,-16.19,-45.96,21.36,8.67,500,native,26.54,DINLENMIS,21.36,8.67,True,300,47.9,TR-DN,CHOCH DN,HH/MIX,MIX/LL,TR-DN,72.8,True,True,499,4,44.8,1789713600000,HIGH,0.10172,2.61,0.10206,3.39,3,0.100455,0.29,2,1,2,0.10206,0.100455,EQL_SWEEP,47,0.100455,False,False,0.4329,499,native,42.93,NORMAL,29.75,17.33,True,300,29.7,BULL,BOS UP,LH/LL,HH/MIX,TR UP,86.6,True,True,498,39,89.1,1789706700000,LOW,0.096433,4.56,,,,0.0964015,4.6,2,0,2,0.10203,0.0964015,HIGH_SWEEP,25,0.10206,False,False,0.9036,499,native,52.22,NORMAL,33.94,27.67,True,300,47.7,BULL,BOS UP,LH/MIX,LH/LL,TR UP,64.3,True,True,498,23,22.3,1789706700000,LOW,0.09539,4.57,,,,0.10001,0.56,2,0,1,0.10203,0.10001,HIGH_SWEEP,21,0.10114,False,False,1.1304,499,native,72.41,YORGUN,62.26,65.33,True,300,74.6,BEAR,BOS DN,HH/HL,HH/HL,TR DN,88.7,True,True,498,64,27.4,1789655400000,HIGH,0.10999,3.98,0.109785,3.9,2,,,,1,0,0.109785,0.094,LOW_SWEEP,66,0.1007,False,False,2.3168,499,native,64.91,NORMAL,70.22,85.0,True,300,26.8,BULL,BOS UP,LH/LL,MIX/HL,RANGE,84.5,True,True,498,44,42.2,1789552800000,LOW,0.060024,6.23,,,,0.060025499999999996,6.23,2,0,1,0.121362,0.060025499999999996,HIGH_SWEEP,45,0.076341,False,False,6.4384,499,native,57.57,NORMAL,57.15,57.67,True,300,75.0,BULL,BOS UP,HH/MIX,HH/HL,EXP UP,78.0,True,True,498,11,96.7,1789545600000,LOW,0.0675,2.22,,,,0.0154205,5.71,2,0,1,0.139078,0.0154205,HIGH_SWEEP,52,0.085989,False,False,15.2143,262,2224,4047.74,4340.36,-292.63,-3.49,48.26,42.9,DOWN,207,120,8388.1,43.8,60.0,1.0,True,0,0.0,0,0.0,0.0,59.2,0.467,0.481,1.0,0.996,34706.58,57871.62,-23165.04,-25.02,37.49,13.4,DOWN,1710,913,92578.19,159.2,300.0,1.0,True,0,0.0,2,35515.93,-35515.93,82.0,0.761,0.742,1.0,0.999,70250.53,93600.73,-23350.2,-14.25,42.87,24.3,DOWN,3913,2138,163851.26,336.3,900.0,1.0,True,0,0.0,2,35515.93,-35515.93,88.6,0.871,0.804,1.0,1.0,-2993.87,-214.72,1464.39,-27.92,0.78,1.0,1620.93,0.2151,-3341.64,-0.1805,-0.4368,UP,1789713645633,SELL,8899.92,0.10051179880514083,1789713780000,ok,1.0,1.0,1.0,continuous,1,120,0,,0,0,0,0,False,272,0.10061,0.10065,3.975,0.744,0.0896,0.3174,2850.92,2382.03,22.86,1789713860864,342,False,,FATIGUE_RESTED_1M,,
2,v2,v1.2,REALF_PY_V4_2_DERIVED,ZPTDIFAT_PY_V1_4_DERIVED,fc-v1,native,,058e38aec59f4c35,20260918_062941,296,OG_20260918_064423_987,OGUSDT,BINANCE,FUTURES,OUTSIDE100,523,500,1789713863987,2026-09-18T06:44:23.987+00:00,12,True,1789713863768,1789713863987,59.3,1789713840000,1789713899999,False,23.8,2.751,0.0364,40.5,PRICE LAG,True,500,37.9,39.3,43.9,48.4,0.00451,-0.18,0.07,0.00084,0.265,0.18,27.7,40.0,28.4,YOK,6.0,1.0,2.763444596124158,0.452,CLV_PROXY_1M,0,0.0,100.0,40.5,37.6,34.0,30.8,2.9,6.5,9.7,0.00451,-0.00051,-0.0003,-0.0003,40.82,39.86,48.6,48.87,0.96,-7.78,-8.05,47.51,32.67,500,native,40.82,NORMAL,47.51,32.67,True,300,62.2,BULL,BOS UP,MIX/HL,MIX/HL,SQZ,76.0,True,True,499,34,66.1,1789711800000,LOW,2.747,2.07,2.754,1.55,2,2.748,1.55,2,1,3,2.754,2.748,HIGH_SWEEP,69,2.76,False,False,0.0703,499,native,39.23,NORMAL,35.64,17.0,True,300,41.6,BULL,BOS UP,LH/MIX,MIX/HL,RANGE,78.3,True,True,498,35,46.9,1789707420000,LOW,2.739,2.5,,,,2.746,0.91,2,0,3,2.754,2.746,HIGH_SWEEP,54,2.746,False,False,0.16,499,native,37.1,NORMAL,39.18,22.33,True,300,68.2,BULL,BOS UP,MIX/HL,LH/MIX,TR UP,73.6,True,True,498,18,39.4,1789708200000,LOW,2.732,3.06,,,,2.679,11.61,2,0,2,2.756,2.679,HIGH_SWEEP,20,2.759,False,False,0.2253,499,native,60.28,NORMAL,53.63,48.33,True,300,86.3,BULL,BOS UP,HH/HL,HH/HL,TR UP,87.3,True,True,498,6,35.2,1789707600000,LOW,2.679,6.98,,,,2.6635,8.5,2,0,1,2.769,2.6635,HIGH_SWEEP,5,2.759,False,False,0.3699,499,native,90.51,ASIRI,88.19,94.0,True,300,74.4,BULL,BOS UP,MIX/HL,MIX/HL,RANGE,73.4,True,True,498,7,58.0,1789686000000,LOW,2.662,4.5,,,,2.6,7.64,2,0,1,2.7,2.6,HIGH_SWEEP,30,2.712,False,False,0.7193,499,native,78.77,YORGUN,87.74,92.67,True,300,75.1,BULL,BOS UP,MIX/HL,HH/HL,SQZ,73.2,True,True,498,1,52.4,1789689600000,LOW,2.61,3.18,2.9825,5.22,3,2.5975,3.46,2,2,2,2.9825,2.5975,EQH_SWEEP,87,2.9425,False,False,1.6159,5331,70,40.16,6.05,34.11,73.82,86.91,94.9,UP,3,3,46.21,2.3,60.0,1.0,True,0,0.0,0,0.0,0.0,0.0,0.043,0.0,1.0,0.911,504.4,30.25,474.15,88.68,94.34,95.0,UP,38,15,534.65,2.5,300.0,1.0,True,0,0.0,0,0.0,0.0,17.6,0.047,0.182,1.0,0.982,2926.72,726.48,2200.24,60.23,80.11,94.6,UP,202,64,3653.2,7.7,900.0,1.0,True,2,1578.71,0,0.0,1578.71,33.7,0.134,0.391,1.0,0.994,40.16,45.39,235.21,86.91,1.44,1.0,6.0,0.3086,72.11,0.6744,1.0518,NONE,1789713502989,BUY,592.48,2.7518843474222012,1789713780000,ok,1.0,1.0,,continuous,1,3,0,,0,0,0,0,False,306,2.75,2.751,3.636,0.668,0.1956,0.0866,21761.47,14641.63,70.9,1789713863523,464,False,,,,
