dataset_schema,tracker_version,structure_version,realf_engine,fatigue_version,flow_confidence_version,mtf_source,git_commit,code_fingerprint,run_id,seq,snapshot_id,symbol,provider,market,coin_class,coin_rank,whale_threshold_usd,captured_at_ms,captured_at_local,clock_offset_ms,clock_synced,kline_asof_ms,flow_asof_ms,prev_snapshot_age_sec,bar_open_time,bar_close_time,is_bar_closed,bar_progress_sec,price,chg_1m_pct,realf_score,realf_state,realf_ready,realf_bars,realf_impact,realf_memory,realf_momentum,realf_activity,realf_unpriced_flow,realf_fast_price,realf_fast_flow,realf_beta,realf_beta_r2,realf_rvol,realf_percentile,realf_persistence,realf_net_pct,realf_whale,realf_component_spread,realf_component_agreement,realf_implied_price,realf_implied_gap_pct,realf_source,kline_gaps_300,zero_volume_share_300,realf_source_quality,realf_now,realf_1m_ago,realf_3m_ago,realf_5m_ago,realf_d1,realf_d3,realf_d5,unpriced_now,unpriced_d1,unpriced_d3,unpriced_d5,fatigue_now,fatigue_1m_ago,fatigue_3m_ago,fatigue_5m_ago,fatigue_delta_1m,fatigue_delta_3m,fatigue_delta_5m,absolute_fatigue,relative_rank,tf_1m_bars,tf_1m_source,fat_1m,fat_1m_state,fat_1m_abs,fat_1m_rank,fat_1m_ready,fat_1m_rank_window,str_1m_score,str_1m_state,str_1m_event,str_1m_ext_seq,str_1m_int_seq,str_1m_regime,str_1m_conf,str_1m_ready,str_1m_regime_ready,str_1m_confirmed_bars,str_1m_event_age,str_1m_event_strength,str_1m_event_time_ms,str_1m_protected_type,str_1m_protected_level,str_1m_protected_distance_atr,str_1m_nearest_eqh,str_1m_eqh_distance_atr,str_1m_eqh_touches,str_1m_nearest_eql,str_1m_eql_distance_atr,str_1m_eql_touches,str_1m_eqh_active,str_1m_eql_active,str_1m_liq_ref_high,str_1m_liq_ref_low,str_1m_last_liq_event,str_1m_liq_event_age,str_1m_liq_event_level,str_1m_sweep_event,str_1m_sweep_forming,str_1m_atr_pct,tf_3m_bars,tf_3m_source,fat_3m,fat_3m_state,fat_3m_abs,fat_3m_rank,fat_3m_ready,fat_3m_rank_window,str_3m_score,str_3m_state,str_3m_event,str_3m_ext_seq,str_3m_int_seq,str_3m_regime,str_3m_conf,str_3m_ready,str_3m_regime_ready,str_3m_confirmed_bars,str_3m_event_age,str_3m_event_strength,str_3m_event_time_ms,str_3m_protected_type,str_3m_protected_level,str_3m_protected_distance_atr,str_3m_nearest_eqh,str_3m_eqh_distance_atr,str_3m_eqh_touches,str_3m_nearest_eql,str_3m_eql_distance_atr,str_3m_eql_touches,str_3m_eqh_active,str_3m_eql_active,str_3m_liq_ref_high,str_3m_liq_ref_low,str_3m_last_liq_event,str_3m_liq_event_age,str_3m_liq_event_level,str_3m_sweep_event,str_3m_sweep_forming,str_3m_atr_pct,tf_5m_bars,tf_5m_source,fat_5m,fat_5m_state,fat_5m_abs,fat_5m_rank,fat_5m_ready,fat_5m_rank_window,str_5m_score,str_5m_state,str_5m_event,str_5m_ext_seq,str_5m_int_seq,str_5m_regime,str_5m_conf,str_5m_ready,str_5m_regime_ready,str_5m_confirmed_bars,str_5m_event_age,str_5m_event_strength,str_5m_event_time_ms,str_5m_protected_type,str_5m_protected_level,str_5m_protected_distance_atr,str_5m_nearest_eqh,str_5m_eqh_distance_atr,str_5m_eqh_touches,str_5m_nearest_eql,str_5m_eql_distance_atr,str_5m_eql_touches,str_5m_eqh_active,str_5m_eql_active,str_5m_liq_ref_high,str_5m_liq_ref_low,str_5m_last_liq_event,str_5m_liq_event_age,str_5m_liq_event_level,str_5m_sweep_event,str_5m_sweep_forming,str_5m_atr_pct,tf_15m_bars,tf_15m_source,fat_15m,fat_15m_state,fat_15m_abs,fat_15m_rank,fat_15m_ready,fat_15m_rank_window,str_15m_score,str_15m_state,str_15m_event,str_15m_ext_seq,str_15m_int_seq,str_15m_regime,str_15m_conf,str_15m_ready,str_15m_regime_ready,str_15m_confirmed_bars,str_15m_event_age,str_15m_event_strength,str_15m_event_time_ms,str_15m_protected_type,str_15m_protected_level,str_15m_protected_distance_atr,str_15m_nearest_eqh,str_15m_eqh_distance_atr,str_15m_eqh_touches,str_15m_nearest_eql,str_15m_eql_distance_atr,str_15m_eql_touches,str_15m_eqh_active,str_15m_eql_active,str_15m_liq_ref_high,str_15m_liq_ref_low,str_15m_last_liq_event,str_15m_liq_event_age,str_15m_liq_event_level,str_15m_sweep_event,str_15m_sweep_forming,str_15m_atr_pct,tf_1h_bars,tf_1h_source,fat_1h,fat_1h_state,fat_1h_abs,fat_1h_rank,fat_1h_ready,fat_1h_rank_window,str_1h_score,str_1h_state,str_1h_event,str_1h_ext_seq,str_1h_int_seq,str_1h_regime,str_1h_conf,str_1h_ready,str_1h_regime_ready,str_1h_confirmed_bars,str_1h_event_age,str_1h_event_strength,str_1h_event_time_ms,str_1h_protected_type,str_1h_protected_level,str_1h_protected_distance_atr,str_1h_nearest_eqh,str_1h_eqh_distance_atr,str_1h_eqh_touches,str_1h_nearest_eql,str_1h_eql_distance_atr,str_1h_eql_touches,str_1h_eqh_active,str_1h_eql_active,str_1h_liq_ref_high,str_1h_liq_ref_low,str_1h_last_liq_event,str_1h_liq_event_age,str_1h_liq_event_level,str_1h_sweep_event,str_1h_sweep_forming,str_1h_atr_pct,tf_4h_bars,tf_4h_source,fat_4h,fat_4h_state,fat_4h_abs,fat_4h_rank,fat_4h_ready,fat_4h_rank_window,str_4h_score,str_4h_state,str_4h_event,str_4h_ext_seq,str_4h_int_seq,str_4h_regime,str_4h_conf,str_4h_ready,str_4h_regime_ready,str_4h_confirmed_bars,str_4h_event_age,str_4h_event_strength,str_4h_event_time_ms,str_4h_protected_type,str_4h_protected_level,str_4h_protected_distance_atr,str_4h_nearest_eqh,str_4h_eqh_distance_atr,str_4h_eqh_touches,str_4h_nearest_eql,str_4h_eql_distance_atr,str_4h_eql_touches,str_4h_eqh_active,str_4h_eql_active,str_4h_liq_ref_high,str_4h_liq_ref_low,str_4h_last_liq_event,str_4h_liq_event_age,str_4h_liq_event_level,str_4h_sweep_event,str_4h_sweep_forming,str_4h_atr_pct,last_trade_age_ms,pool_trades,flow_1m_buy_usd,flow_1m_sell_usd,cvd_1m,cvd_1m_pct,buyer_ratio_1m,flow_1m_score,flow_1m_direction,trade_count_1m,agg_count_1m,notional_1m,n_eff_1m,window_coverage_sec_1m,window_coverage_ratio_1m,1m_complete,large_buy_count_1m,large_buy_value_1m,large_sell_count_1m,large_sell_value_1m,whale_net_notional_1m,flow_confidence_1m,fc_1m_count,fc_1m_notional,fc_1m_coverage,fc_1m_freshness,flow_5m_buy_usd,flow_5m_sell_usd,cvd_5m,cvd_5m_pct,buyer_ratio_5m,flow_5m_score,flow_5m_direction,trade_count_5m,agg_count_5m,notional_5m,n_eff_5m,window_coverage_sec_5m,window_coverage_ratio_5m,5m_complete,large_buy_count_5m,large_buy_value_5m,large_sell_count_5m,large_sell_value_5m,whale_net_notional_5m,flow_confidence_5m,fc_5m_count,fc_5m_notional,fc_5m_coverage,fc_5m_freshness,flow_15m_buy_usd,flow_15m_sell_usd,cvd_15m,cvd_15m_pct,buyer_ratio_15m,flow_15m_score,flow_15m_direction,trade_count_15m,agg_count_15m,notional_15m,n_eff_15m,window_coverage_sec_15m,window_coverage_ratio_15m,15m_complete,large_buy_count_15m,large_buy_value_15m,large_sell_count_15m,large_sell_value_15m,whale_net_notional_15m,flow_confidence_15m,fc_15m_count,fc_15m_notional,fc_15m_coverage,fc_15m_freshness,cvd_1m_delta,cvd_5m_delta,cvd_15m_delta,buyer_ratio_delta_1m,buyer_ratio_delta_5m,flow_delta_coverage_ratio,cvd_slope_3m,cvd_slope_3m_norm,cvd_slope_5m,cvd_slope_5m_norm,cvd_slope_prev_3m_norm,cvd_turn_3m,last_whale_time_ms,last_whale_side,last_whale_usd,last_whale_price,kcheck_bar_open,kcheck_status,pool_vs_kline_notional_ratio,pool_vs_kline_trades_ratio,pool_vs_kline_taker_buy_ratio,sync_mode,sync_pages,sync_fetched,sync_gap_ms,sync_error,pool_gap_events,pool_gap_ms_total,pool_resets,pool_integrity_errors,pool_contamination_reset,used_weight_1m,ob_best_bid,ob_best_ask,spread_bps,microprice_deviation_bps,orderbook_imbalance,ob_imbalance_top5,ob_bid_notional_20,ob_ask_notional_20,ob_depth_span_bps,ob_timestamp_ms,ob_age_ms,ob_stale,ob_error,alerts,alerts_skipped,required_fields_missing
2,v2,v1.2,REALF_PY_V4_2_DERIVED,ZPTDIFAT_PY_V1_4_DERIVED,fc-v1,native,,058e38aec59f4c35,20260917_214621,1,ETH_20260917_214641_008,ETHUSDT,BINANCE,FUTURES,TOP100,2,75000,1789670801008,2026-09-17T21:46:41.008+03:00,67,True,1789670800819,1789670801008,,1789670760000,1789670819999,False,40.8,2457.14,0.0387,58.5,PRICE AHEAD,True,500,61.8,53.9,60.5,51.0,-0.00073,1.44,0.69,0.00081,0.615,0.31,8.0,65.0,-10.2,YOK,8.0,1.0,2455.3522056694874,-0.073,CLV_PROXY_1M,0,0.0,100.0,58.5,57.9,57.3,49.3,0.6,1.2,9.2,-0.00073,-0.00015,-0.00077,-0.00086,52.39,44.89,29.83,16.65,7.5,22.56,35.74,67.0,76.67,500,native,52.39,NORMAL,67.0,76.67,True,300,17.9,BEAR,BOS DN,LH/LL,LH/LL,TR DN,90.7,True,True,499,22,67.5,1789669440000,HIGH,2462.33,2.9,,,,,,,0,0,2462.33,2448.48,LOW_SWEEP,20,2460.13,False,False,0.0729,499,native,27.74,DINLENMIS,46.17,48.33,True,300,14.5,TR-DN,CHOCH DN,LH/LL,LH/LL,TR-DN,85.6,True,True,498,3,67.0,1789670160000,HIGH,2462.33,1.44,,,,,,,0,0,2462.33,2458.12,HIGH_SWEEP,27,2475.2,False,False,0.1378,499,native,24.55,DINLENMIS,39.02,30.0,True,300,56.4,BULL,BOS UP,MIX/HL,LH/LL,RANGE,70.7,True,True,498,82,76.9,1789646100000,LOW,2428.88,5.73,,,,2365.835,18.36,2,0,1,2462.33,2365.835,HIGH_SWEEP,55,2479.44,False,False,0.2034,499,native,34.18,NORMAL,28.2,20.33,True,300,65.9,BULL,BOS UP,MIX/HL,MIX/HL,RANGE,76.7,True,True,498,27,66.0,1789646400000,LOW,2435.9,2.03,,,,,,,0,0,2476.4,2453.68,LOW_SWEEP,1,2453.68,True,False,0.4189,499,native,78.14,YORGUN,65.92,70.33,True,300,71.4,BEAR,BOS DN,HH/HL,HH/HL,TR DN,79.3,True,True,498,53,44.7,1789477200000,HIGH,2614.99,7.28,,,,,,,0,0,2453.33,2426.52,EQH_SWEEP,17,2429.45,False,False,0.8791,499,native,52.54,NORMAL,62.14,67.0,True,300,50.9,TR-DN,CHOCH DN,MIX/HL,HH/HL,TR-DN,70.6,True,True,498,11,32.7,1789502400000,HIGH,2614.99,3.85,,,,1862.655,14.49,2,0,2,2614.99,1862.655,HIGH_SWEEP,35,2522.75,False,False,1.6617,-96,1583,2692386.89,4166340.96,-1473954.07,-21.49,39.25,16.2,DOWN,3897,831,6858727.85,76.5,60.0,1.0,True,7,1175473.08,22,3165401.86,-1989928.78,81.8,0.605,1.0,1.0,1.0,6250523.68,5495633.2,754890.48,6.43,53.21,62.8,UP,7546,1582,11746156.88,142.2,186.3,0.6209,False,16,2449324.8,26,3763103.84,-1313779.04,80.6,0.74,1.0,0.621,1.0,6250523.68,5495633.2,754890.48,6.43,53.21,62.8,UP,7546,1582,11746156.88,142.2,186.3,0.207,False,16,2449324.8,26,3763103.84,-1313779.04,64.7,0.74,1.0,0.207,1.0,-2475553.28,,,-31.8,,0.1403,296311.82,0.0767,,,,,1789670800810,SELL,116012.93,2455.3,1789670700000,ok,1.0,1.0,1.0,continuous,1,583,0,,0,0,0,0,False,646,2456.13,2456.21,0.326,0.114,-0.2956,0.2446,1213239.25,2231648.15,3.26,1789670800484,524,False,,,,
2,v2,v1.2,REALF_PY_V4_2_DERIVED,ZPTDIFAT_PY_V1_4_DERIVED,fc-v1,native,,058e38aec59f4c35,20260917_214621,2,BNB_20260917_214645_111,BNBUSDT,BINANCE,FUTURES,TOP100,4,25000,1789670805111,2026-09-17T21:46:45.111+03:00,67,True,1789670805111,1789670805111,,1789670760000,1789670819999,False,45.1,728.43,-0.0288,55.8,FAIR (DENGE),True,500,57.4,48.9,60.9,55.7,0.00012,-0.16,-1.16,0.00041,0.563,3.09,95.7,65.0,-17.3,WHALE SELL L1,12.0,0.904,728.5146452632703,0.012,CLV_PROXY_1M,0,0.0,100.0,55.8,53.5,46.0,41.7,2.3,9.8,14.1,0.00012,-0.00017,-0.00059,-0.00073,43.68,41.08,30.36,17.96,2.6,13.32,25.72,50.06,49.0,500,native,43.68,NORMAL,50.06,49.0,True,300,40.4,BEAR,BOS DN,HH/MIX,LH/LL,TR DN,78.3,True,True,499,13,100.0,1789669980000,HIGH,729.98,6.66,,,,727.475,4.1,2,0,1,729.98,727.475,HIGH_SWEEP,26,729.81,False,False,0.032,499,native,25.59,DINLENMIS,37.75,37.33,True,300,37.1,BEAR,BOS DN,MIX/HL,HH/HL,RANGE,75.2,True,True,498,4,86.3,1789669980000,HIGH,729.98,2.37,,,,724.995,7.65,2,0,1,729.98,724.995,HIGH_SWEEP,25,730.49,False,False,0.0683,499,native,22.93,DINLENMIS,26.83,14.33,True,300,40.9,BEAR,BOS DN,MIX/HL,HH/HL,RANGE,71.8,True,True,498,3,50.6,1789669800000,HIGH,730.89,3.22,,,,718.6600000000001,12.79,2,0,1,729.98,718.6600000000001,HIGH_SWEEP,217,727.51,False,False,0.1049,499,native,56.37,NORMAL,46.97,36.0,True,300,86.3,BULL,BOS UP,HH/HL,HH/HL,SQZ,86.6,True,True,498,6,37.3,1789665300000,LOW,724.99,2.06,,,,,,,0,0,730.89,724.99,HIGH_SWEEP,7,730.21,False,False,0.2384,499,native,72.37,YORGUN,73.08,81.67,True,300,65.4,TR-UP,CHOCH UP,HH/MIX,HH/MIX,TR-UP,76.7,True,True,498,23,52.6,1789585200000,LOW,704.34,5.86,,,,,,,0,0,732.95,721.24,HIGH_SWEEP,6,729.58,False,False,0.5726,499,native,72.57,YORGUN,79.08,85.67,True,300,41.6,BULL,BOS UP,LH/LL,HH/MIX,RANGE,86.1,True,True,498,1,31.3,1789646400000,LOW,704.34,2.77,,,,,,,0,0,725.94,704.34,HIGH_SWEEP,3,725.94,False,False,1.2108,439,1106,56253.59,482062.27,-425808.68,-79.1,10.45,5.1,DOWN,982,186,538315.87,35.5,60.0,1.0,True,0,0.0,3,367833.8,-367833.8,68.9,0.415,0.933,1.0,0.993,405358.96,666356.72,-260997.75,-24.35,37.82,13.9,DOWN,2349,502,1071715.68,28.2,300.0,1.0,True,3,215001.66,5,483053.4,-268051.74,66.5,0.36,1.0,1.0,0.999,989756.45,1023780.17,-34023.71,-1.69,49.16,46.6,FLAT,5993,1106,2013536.62,83.2,581.5,0.6461,False,6,422674.27,7,554511.19,-131836.91,75.9,0.625,1.0,0.646,1.0,-454308.65,-610618.67,,-54.87,-35.29,0.5794,-92095.89,-0.2907,-19662.45,-0.0917,0.6159,DOWN,1789670800369,SELL,37295.98,728.5794412971285,1789670700000,ok,1.0,1.0032,1.0,continuous,1,106,0,,0,0,0,0,False,680,728.42,728.43,0.137,0.013,-0.3766,0.1341,74447.6,164405.7,2.68,1789670803843,1268,False,,AGGRESSIVE_SELLER,,
2,v2,v1.2,REALF_PY_V4_2_DERIVED,ZPTDIFAT_PY_V1_4_DERIVED,fc-v1,native,,058e38aec59f4c35,20260917_214621,3,XRP_20260917_214649_052,XRPUSDT,BINANCE,FUTURES,TOP100,5,25000,1789670809052,2026-09-17T21:46:49.052+03:00,67,True,1789670809052,1789670809052,,1789670760000,1789670819999,False,49.1,1.2967,-0.0385,58.7,PRICE AHEAD,True,500,61.2,53.3,59.9,58.1,-0.00074,0.41,-0.37,0.00091,0.547,2.32,85.7,55.0,-16.3,YOK,8.0,1.0,1.2957378917605178,-0.074,CLV_PROXY_1M,0,0.0,100.0,58.7,55.0,51.9,49.1,3.7,6.8,9.6,-0.00074,-0.00036,-0.00089,-0.00095,50.61,46.75,35.41,24.57,3.86,15.2,26.04,56.73,66.33,500,native,50.61,NORMAL,56.73,66.33,True,300,9.5,BEAR,BOS DN,LH/LL,HH/MIX,TR DN,95.4,True,True,499,7,57.8,1789670340000,HIGH,1.2998,3.11,,,,,,,0,0,1.2998,1.2934,LOW_SWEEP,6,1.294,False,False,0.0769,499,native,24.87,DINLENMIS,35.5,38.67,True,300,56.1,BULL,BOS UP,MIX/HL,LH/LL,SQZ,68.3,True,True,498,91,46.8,1789654320000,LOW,1.2888,4.29,,,,1.2744499999999999,12.08,2,0,1,1.3,1.2744499999999999,HIGH_SWEEP,90,1.3087,False,False,0.1421,499,native,22.42,DINLENMIS,33.39,25.67,True,300,57.5,BULL,BOS UP,MIX/HL,MIX/HL,RANGE,67.6,True,True,498,53,54.0,1789654800000,LOW,1.2888,2.77,,,,,,,0,0,1.3086,1.2979,HIGH_SWEEP,51,1.3151,False,False,0.2198,499,native,29.43,DINLENMIS,24.19,20.0,True,300,43.3,BEAR,BOS DN,MIX/HL,MIX/HL,RANGE,71.9,True,True,498,1,36.1,1789669800000,HIGH,1.3086,1.98,,,,,,,0,0,1.3086,1.2979,HIGH_SWEEP,17,1.3151,False,False,0.463,499,native,55.8,NORMAL,33.64,31.33,True,300,54.5,BEAR,BOS DN,MIX/HL,HH/HL,RANGE,72.1,True,True,498,29,35.2,1789563600000,HIGH,1.312,1.07,,,,,,,0,0,1.3096,1.2888,HIGH_SWEEP,6,1.3096,False,False,1.0981,499,native,34.87,NORMAL,38.83,37.67,True,300,45.9,TR-DN,CHOCH DN,HH/MIX,HH/MIX,TR-DN,75.8,True,True,498,12,73.1,1789488000000,HIGH,1.4916,5.74,1.5507,7.48,2,0.98775,9.1,2,1,1,1.5507,0.98775,EQH_SWEEP,54,1.43175,False,False,2.598,213,1148,430153.77,1097899.0,-667745.23,-43.7,28.15,6.7,DOWN,1974,221,1528052.77,15.5,60.0,1.0,True,4,116499.64,11,938766.64,-822267.0,56.2,0.237,1.0,1.0,0.996,1305586.45,1410609.08,-105022.63,-3.87,48.07,42.2,DOWN,4768,699,2716195.53,39.0,300.0,1.0,True,15,604265.95,13,1069506.39,-465240.44,71.9,0.438,1.0,1.0,0.999,2588650.5,1998320.97,590329.52,12.87,56.43,73.7,UP,8518,1148,4586971.47,85.4,443.5,0.4928,False,25,1251639.61,18,1275042.29,-23402.69,72.2,0.631,1.0,0.493,1.0,-765432.94,-876776.91,,-33.36,-28.03,0.4261,-90924.51,-0.1183,30228.8,0.0556,0.6125,DOWN,1789670801559,BUY,32007.61,1.2966,1789670700000,ok,1.0,1.0,1.0,continuous,1,148,0,,0,0,0,0,False,715,1.2963,1.2964,0.771,-0.141,0.0389,-0.3247,1396601.8,1292078.22,15.04,1789670807838,1214,False,,AGGRESSIVE_SELLER,,
2,v2,v1.2,REALF_PY_V4_2_DERIVED,ZPTDIFAT_PY_V1_4_DERIVED,fc-v1,native,,058e38aec59f4c35,20260917_214621,4,DOGE_20260917_214653_176,DOGEUSDT,BINANCE,FUTURES,TOP100,12,15000,1789670813176,2026-09-17T21:46:53.176+03:00,67,True,1789670813176,1789670813176,,1789670760000,1789670819999,False,53.2,0.08155,-0.1102,73.8,STRONG AHEAD,True,500,77.4,73.0,68.7,69.6,-0.0055,0.69,-0.4,0.0008,0.579,1.55,84.3,60.0,-35.0,YOK,8.7,1.0,0.08110287414762345,-0.548,CLV_PROXY_1M,0,0.0,100.0,73.8,76.2,72.7,66.2,-2.4,1.1,7.6,-0.0055,0.0004,-0.00075,-0.001,49.96,46.71,31.14,19.99,3.25,18.82,29.97,56.2,60.67,500,native,49.96,NORMAL,56.2,60.67,True,300,14.2,TR-DN,CHOCH DN,LH/LL,HH/MIX,TR-DN,92.9,True,True,499,12,87.8,1789670040000,HIGH,0.08178,3.25,0.0818,3.53,2,,,,1,0,0.0818,0.08131,LOW_SWEEP,39,0.08167,False,False,0.0867,499,native,27.02,DINLENMIS,35.32,35.0,True,300,11.5,BEAR,BOS DN,LH/LL,MIX/LL,TR DN,87.5,True,True,498,4,49.0,1789669980000,HIGH,0.08179,1.96,,,,,,,0,0,0.08179,0.08159,LOW_SWEEP,22,0.08196,False,False,0.1502,499,native,25.3,DINLENMIS,35.54,27.33,True,300,43.6,TR-DN,CHOCH DN,MIX/HL,LH/LL,TR-DN,74.7,True,True,498,2,70.3,1789670100000,HIGH,0.08226,3.82,,,,0.07986,9.08,2,0,1,0.08179,0.07986,HIGH_SWEEP,19,0.08206,False,False,0.2282,499,native,41.02,NORMAL,30.94,28.0,True,300,68.7,BULL,BOS UP,MIX/HL,HH/HL,RANGE,74.0,True,True,498,19,56.8,1789653600000,LOW,0.08054,2.82,,,,0.080555,2.78,2,0,1,0.08226,0.080555,HIGH_SWEEP,17,0.08179,False,False,0.4389,499,native,76.5,YORGUN,65.06,74.33,True,300,85.2,BULL,BOS UP,HH/HL,HH/HL,RANGE,85.8,True,True,498,10,49.0,1789632000000,LOW,0.07828,4.4,,,,,,,0,0,0.08134,0.08054,HIGH_SWEEP,9,0.08134,False,False,0.9131,499,native,52.56,NORMAL,58.38,70.0,True,300,46.4,BEAR,BOS DN,HH/MIX,HH/MIX,TR DN,73.2,True,True,498,13,26.7,1789473600000,HIGH,0.08616,3.09,,,,0.07835,2.17,2,0,1,0.08616,0.07835,HIGH_SWEEP,17,0.08534,False,False,1.8121,1120,1085,127947.39,392139.14,-264191.76,-50.8,24.6,5.9,DOWN,1106,122,520086.53,20.0,60.0,1.0,True,1,15442.59,8,292656.95,-277214.36,59.1,0.286,0.929,1.0,0.981,616736.45,466695.55,150040.9,13.85,56.92,75.1,UP,3118,489,1083432.0,49.2,300.0,1.0,True,12,320336.47,9,309550.72,10785.75,75.5,0.496,1.0,1.0,0.996,1580197.57,1786217.54,-206019.97,-6.12,46.94,37.8,DOWN,7404,1085,3366415.11,99.8,612.0,0.68,False,32,952185.75,28,1267377.29,-315191.54,78.7,0.666,1.0,0.68,0.999,-400467.48,-332729.89,,-64.81,-29.64,0.6133,17958.63,0.0617,53255.92,0.2458,0.6877,NONE,1789670800788,BUY,15442.59,0.08157,1789670700000,ok,1.0,1.0,1.0,continuous,1,85,0,,0,0,0,0,False,749,0.08155,0.08156,1.226,-0.148,0.0357,-0.2777,978878.44,911410.21,23.91,1789670811920,1256,False,,REALF_PRICE_AHEAD|AGGRESSIVE_SELLER,,
2,v2,v1.2,REALF_PY_V4_2_DERIVED,ZPTDIFAT_PY_V1_4_DERIVED,fc-v1,native,,058e38aec59f4c35,20260917_214621,5,LINK_20260917_214656_453,LINKUSDT,BINANCE,FUTURES,TOP100,17,10000,1789670816453,2026-09-17T21:46:56.453+03:00,67,True,1789670816259,1789670816453,,1789670760000,1789670819999,False,56.3,11.34,-0.1321,62.3,PRICE AHEAD,True,500,65.1,57.4,62.5,61.9,-0.00223,0.1,-0.69,0.0012,0.614,2.76,93.0,55.0,-22.9,WHALE SELL L1,7.7,1.0,11.314769520831996,-0.222,CLV_PROXY_1M,0,0.0,100.0,62.3,61.4,59.3,55.0,0.9,3.0,7.3,-0.00223,-0.00015,-0.00111,-0.00119,52.02,49.48,34.8,24.83,2.54,17.22,27.19,56.63,61.0,500,native,52.02,NORMAL,56.63,61.0,True,300,43.4,BEAR,BOS DN,HH/MIX,HH/HL,RANGE,74.8,True,True,499,12,75.5,1789670040000,HIGH,11.379,3.32,,,,11.14,17.01,2,0,1,11.379,11.14,HIGH_SWEEP,15,11.358,False,False,0.1036,499,native,34.33,NORMAL,41.31,40.67,True,300,62.0,BULL,BOS UP,HH/MIX,HH/MIX,RANGE,72.9,True,True,498,33,60.7,1789664760000,LOW,11.302,1.74,,,,11.100999999999999,10.96,2,0,1,11.379,11.100999999999999,EQL_SWEEP,4,11.335,False,False,0.1922,499,native,29.32,DINLENMIS,39.81,25.0,True,300,81.9,BULL,BOS UP,HH/HL,HH/MIX,RANGE,89.1,True,True,498,20,47.6,1789664700000,LOW,11.302,1.16,,,,,,,0,0,11.428,11.302,HIGH_SWEEP,19,11.406,False,False,0.2879,499,native,48.73,NORMAL,40.39,37.67,True,300,70.9,BULL,BOS UP,MIX/HL,HH/HL,RANGE,77.0,True,True,498,19,61.0,1789653600000,LOW,11.089,3.95,11.428,1.39,2,11.0905,3.93,2,1,1,11.428,11.0905,HIGH_SWEEP,17,11.34,False,False,0.5598,499,native,83.1,ASIRI,77.8,87.0,True,300,54.7,BEAR,BOS DN,MIX/HL,HH/HL,TR DN,70.8,True,True,498,35,42.9,1789542000000,HIGH,11.501,1.27,12.7855,11.39,2,,,,1,0,12.7855,11.089,LOW_SWEEP,25,10.67,False,False,1.1169,499,native,57.72,NORMAL,67.73,73.67,True,300,16.6,BEAR,BOS DN,LH/LL,HH/MIX,RANGE,86.2,True,True,498,12,24.8,1789488000000,HIGH,11.961,2.51,,,,8.062,13.25,2,0,1,11.961,8.062,EQH_SWEEP,80,12.035499999999999,False,False,2.1745,4276,1077,78607.49,218347.76,-139740.26,-47.06,26.47,6.2,DOWN,840,127,296955.25,38.5,60.0,1.0,True,0,0.0,5,136327.87,-136327.87,68.2,0.435,0.868,1.0,0.929,190283.44,285846.05,-95562.62,-20.07,39.96,17.5,DOWN,1718,294,476129.49,71.4,300.0,1.0,True,1,20506.25,5,136327.87,-115821.62,78.7,0.588,0.919,1.0,0.986,702990.98,917030.81,-214039.83,-13.21,43.39,25.8,DOWN,5825,955,1620021.78,239.5,900.0,1.0,True,13,236163.67,21,438061.45,-201897.78,92.7,0.827,1.0,1.0,0.995,-152390.56,-162945.33,-95126.84,-39.36,-26.02,1.0,-34581.14,-0.2745,-8296.14,-0.0871,0.2903,DOWN,1789670800360,SELL,13766.27,11.34772767139548,1789670700000,ok,1.0,1.0,1.0,continuous,1,101,0,,0,0,0,0,False,783,11.34,11.341,0.882,-0.023,0.3697,-0.1682,425187.22,195646.14,17.2,1789670815860,593,False,,AGGRESSIVE_SELLER,,
2,v2,v1.2,REALF_PY_V4_2_DERIVED,ZPTDIFAT_PY_V1_4_DERIVED,fc-v1,native,,058e38aec59f4c35,20260917_214621,6,ADA_20260917_214700_738,ADAUSDT,BINANCE,FUTURES,TOP100,19,10000,1789670820738,2026-09-17T21:47:00.738+03:00,67,True,1789670820737,1789670820738,,1789670760000,1789670819999,True,60.7,0.2016,-0.0991,58.5,PRICE AHEAD,True,500,61.7,52.4,59.3,57.8,-0.00093,0.49,-0.51,0.00151,0.615,2.12,83.3,45.0,-1.7,YOK,9.2,1.0,0.20141235319585185,-0.093,CLV_PROXY_1M,0,0.0,100.0,58.5,58.3,49.9,42.0,0.2,8.6,16.5,-0.00093,-7e-05,-0.00123,-0.00205,52.41,49.69,37.19,22.36,2.72,15.22,30.05,57.1,62.67,500,native,52.41,NORMAL,57.1,62.67,True,300,23.8,BEAR,BOS DN,MIX/LL,MIX/LL,TR DN,82.2,True,True,499,12,79.1,1789670040000,HIGH,0.2022,2.21,0.2022,2.21,2,,,,2,0,0.2022,0.2009,LOW_SWEEP,131,0.2016,False,False,0.1344,499,native,21.26,DINLENMIS,32.8,20.33,True,300,12.5,BEAR,BOS DN,LH/LL,MIX/HL,TR DN,88.0,True,True,498,4,36.4,1789669980000,HIGH,0.203,3.0,,,,,,,0,0,0.2022,0.2016,LOW_SWEEP,18,0.2021,False,False,0.2316,499,native,19.88,DINLENMIS,27.88,13.67,True,300,67.4,BULL,BOS UP,MIX/HL,LH/LL,RANGE,73.0,True,True,498,21,65.2,1789664400000,LOW,0.2008,1.09,,,,0.1903,17.47,2,0,1,0.203,0.1903,HIGH_SWEEP,19,0.2028,False,False,0.3182,499,native,43.51,NORMAL,31.82,26.67,True,300,71.8,BULL,BOS UP,MIX/HL,HH/HL,RANGE,79.0,True,True,498,18,79.1,1789654500000,LOW,0.1972,3.41,,,,0.1972,3.41,2,0,2,0.2033,0.1972,HIGH_SWEEP,16,0.2022,False,False,0.625,499,native,84.86,ASIRI,74.06,86.0,True,300,49.9,TR-UP,CHOCH UP,MIX/LL,HH/HL,TR-UP,79.1,True,True,498,12,61.8,1789624800000,LOW,0.1901,4.63,,,,,,,0,0,0.1973,0.1901,EQH_SWEEP,17,0.19690000000000002,False,False,1.2131,499,native,52.98,NORMAL,63.17,75.33,True,300,16.5,BEAR,BOS DN,LH/LL,LH/LL,RANGE,83.9,True,True,498,12,45.7,1789488000000,HIGH,0.2159,2.93,,,,,,,0,0,0.2159,0.1901,LOW_SWEEP,49,0.2148,False,False,2.414,1339,875,44952.92,159327.53,-114374.61,-55.99,22.01,5.6,DOWN,590,57,204280.45,6.4,60.0,1.0,True,1,13449.16,4,139538.93,-126089.77,39.5,0.113,0.828,1.0,0.978,172974.36,244037.73,-71063.37,-17.04,41.48,20.8,DOWN,1497,231,417012.08,16.1,300.0,1.0,True,5,84638.05,6,197933.43,-113295.38,55.2,0.244,0.905,1.0,0.996,673613.24,906053.55,-232440.31,-14.71,42.64,23.7,DOWN,5332,801,1579666.79,24.8,900.0,1.0,True,16,424300.97,20,698868.67,-274567.7,64.3,0.332,1.0,1.0,0.999,-141552.94,-152714.07,-106750.51,-59.47,-22.65,1.0,-18913.35,-0.1846,-5411.14,-0.0649,0.1795,DOWN,1789670819388,SELL,10539.05,0.2015,1789670700000,ok,1.0,1.0,1.0,continuous,1,38,0,,0,0,0,0,False,34,0.2014,0.2015,4.964,-0.08,0.1328,0.0167,2668214.93,2042647.39,96.8,1789670820207,531,False,,AGGRESSIVE_SELLER,,
2,v2,v1.2,REALF_PY_V4_2_DERIVED,ZPTDIFAT_PY_V1_4_DERIVED,fc-v1,native,,058e38aec59f4c35,20260917_214621,7,LTC_20260917_214703_991,LTCUSDT,BINANCE,FUTURES,TOP100,25,10000,1789670823991,2026-09-17T21:47:03.991+03:00,67,True,1789670823977,1789670823991,,1789670760000,1789670819999,True,64.0,53.54,-0.0187,65.0,PRICE AHEAD,True,500,68.8,56.0,68.9,62.3,-0.00117,-0.13,-1.09,0.00092,0.366,1.74,74.3,80.0,-32.0,YOK,12.9,1.0,53.4772357389695,-0.117,CLV_PROXY_1M,0,0.0,100.0,65.0,61.0,59.3,55.5,4.0,5.7,9.5,-0.00117,-0.00045,-0.00085,-0.00132,43.42,42.08,35.04,20.63,1.34,8.38,22.79,48.35,42.33,500,native,43.42,NORMAL,48.35,42.33,True,300,12.6,BEAR,BOS DN,LH/LL,LH/LL,TR DN,90.2,True,True,499,12,72.3,1789670040000,HIGH,53.71,3.98,,,,,,,0,0,53.71,53.44,HIGH_SWEEP,35,53.78,False,False,0.0797,499,native,18.48,DINLENMIS,27.57,17.33,True,300,29.5,TR-DN,CHOCH DN,LH/MIX,LH/LL,TR-DN,72.7,True,True,498,3,57.3,1789670160000,HIGH,53.86,3.65,,,,,,,0,0,53.86,53.65,HIGH_SWEEP,35,53.74,False,False,0.1636,499,native,17.77,DINLENMIS,22.72,8.33,True,300,67.1,BULL,BOS UP,MIX/HL,LH/MIX,RANGE,73.2,True,True,498,20,34.8,1789664700000,LOW,53.31,1.69,,,,50.21,25.46,2,0,2,53.86,50.21,HIGH_SWEEP,21,53.74,False,False,0.2435,499,native,64.73,NORMAL,48.44,50.33,True,300,70.1,BULL,BOS UP,HH/MIX,HH/HL,TR UP,78.7,True,True,498,18,42.9,1789654500000,LOW,52.51,4.55,,,,,,,0,0,53.98,52.46,HIGH_SWEEP,17,53.11,False,False,0.4182,499,native,86.19,ASIRI,80.46,89.0,True,300,66.1,TR-UP,CHOCH UP,MIX/HL,HH/MIX,TR-UP,63.2,True,True,498,7,40.7,1789642800000,LOW,50.13,7.46,,,,,,,0,0,52.81,52.46,HIGH_SWEEP,9,52.81,False,False,0.8504,499,native,65.27,NORMAL,77.33,85.0,True,300,50.7,TR-DN,CHOCH DN,HH/MIX,LH/LL,TR-DN,72.3,True,True,498,11,38.2,1789502400000,HIGH,55.24,1.93,,,,,,,0,0,55.24,50.13,HIGH_SWEEP,27,54.28,False,False,1.6471,1893,529,8669.37,61074.44,-52405.07,-75.14,12.43,5.1,DOWN,209,31,69743.81,5.4,60.0,1.0,True,0,0.0,3,49209.59,-49209.59,35.4,0.097,0.711,1.0,0.968,83471.95,114039.16,-30567.21,-15.48,42.26,22.7,DOWN,640,146,197511.11,14.6,300.0,1.0,True,1,41950.45,5,82888.77,-40938.32,52.0,0.226,0.824,1.0,0.994,242190.67,459394.36,-217203.69,-30.96,34.52,10.1,DOWN,2513,480,701585.03,73.6,900.0,1.0,True,4,80780.82,14,233826.45,-153045.62,80.3,0.596,0.962,1.0,0.998,-81144.71,-52813.84,-55858.0,-51.7,-16.01,1.0,-6781.34,-0.1084,-2762.55,-0.0699,0.1152,DOWN,1789670800384,SELL,12342.85,53.56,1789670700000,ok,1.0,1.0,1.0,continuous,1,20,0,,0,0,0,0,False,69,53.52,53.53,1.868,-0.85,0.0537,-0.4835,956850.5,859318.11,36.43,1789670823449,542,False,,AGGRESSIVE_SELLER,,
2,v2,v1.2,REALF_PY_V4_2_DERIVED,ZPTDIFAT_PY_V1_4_DERIVED,fc-v1,native,,058e38aec59f4c35,20260917_214621,8,AVAX_20260917_214707_532,AVAXUSDT,BINANCE,FUTURES,TOP100,31,5000,1789670827532,2026-09-17T21:47:07.532+03:00,67,True,1789670827532,1789670827532,,1789670820000,1789670879999,False,7.5,7.59,-0.0132,47.3,FAIR (DENGE),True,500,46.4,48.5,46.4,50.0,0.00042,0.32,0.6,0.00116,0.657,0.0,0.3,50.0,-8.1,YOK,2.1,1.0,7.593212748383808,0.042,CLV_PROXY_1M,0,0.0,100.0,47.3,51.1,58.6,55.2,-3.8,-11.3,-7.9,0.00042,0.00013,0.00113,0.00052,51.29,50.41,40.69,27.79,0.88,10.6,23.5,52.04,56.33,500,native,51.29,NORMAL,52.04,56.33,True,300,43.5,TR-DN,CHOCH DN,HH/MIX,HH/MIX,TR-DN,81.7,True,True,499,13,86.3,1789670040000,HIGH,7.618,3.83,,,,,,,0,0,7.618,7.57,HIGH_SWEEP,19,7.609,False,False,0.0964,499,native,26.48,DINLENMIS,34.3,30.67,True,300,43.2,BEAR,BOS DN,MIX/HL,MIX/LL,RANGE,68.6,True,True,498,9,51.8,1789669080000,HIGH,7.635,3.44,,,,,,,0,0,7.618,7.605,LOW_SWEEP,10,7.605,False,False,0.1721,499,native,21.8,DINLENMIS,30.28,13.67,True,300,60.6,TR-DN,CHOCH DN,HH/HL,LH/MIX,TR-DN,89.2,True,True,498,2,51.7,1789670100000,HIGH,7.646,2.94,,,,,,,0,0,7.646,7.603,LOW_SWEEP,6,7.603,False,False,0.2512,499,native,49.75,NORMAL,39.37,35.33,True,300,48.5,BULL,BOS UP,MIX/LL,HH/HL,RANGE,70.0,True,True,498,25,14.8,1789648200000,LOW,7.514,2.25,7.648,1.71,2,,,,1,0,7.648,7.523,LOW_SWEEP,14,7.539,False,False,0.4453,499,native,68.16,NORMAL,61.93,65.0,True,300,71.5,BEAR,BOS DN,HH/HL,HH/HL,TR DN,79.6,True,True,498,52,46.7,1789480800000,HIGH,7.8,2.94,8.192,8.43,3,7.186,5.66,2,1,1,8.192,7.186,EQL_SWEEP,25,7.186,False,False,0.939,499,native,71.98,NORMAL,76.4,85.0,True,300,46.4,TR-DN,CHOCH DN,HH/MIX,LH/MIX,TR-DN,73.8,True,True,498,7,50.3,1789560000000,HIGH,7.8,1.46,,,,7.173500000000001,2.9,2,0,1,7.8,7.173500000000001,LOW_SWEEP,12,7.243,False,False,1.8868,4699,782,26890.43,123313.23,-96422.8,-64.19,17.9,5.3,DOWN,509,72,150203.65,17.7,60.0,1.0,True,0,0.0,9,96704.56,-96704.56,54.2,0.262,0.794,1.0,0.922,233177.34,223830.87,9346.48,2.05,51.02,54.2,FLAT,1378,200,457008.21,15.2,300.0,1.0,True,8,158747.8,12,176464.93,-17717.13,54.3,0.233,0.915,1.0,0.984,429939.88,657774.43,-227834.55,-20.95,39.53,16.7,DOWN,4438,705,1087714.32,60.4,900.0,1.0,True,16,214879.23,32,488640.05,-273760.83,78.5,0.547,1.0,1.0,0.995,-177901.93,-57533.69,-102851.34,-53.54,-7.62,1.0,13716.28,0.1048,13070.82,0.143,-0.341,UP,1789670807301,SELL,16397.6,7.595,1789670700000,ok,1.0,1.0,1.0,continuous,1,59,0,,0,0,0,0,False,103,7.589,7.59,1.318,0.377,0.2064,-0.1248,311694.9,205030.49,25.69,1789670826715,817,False,,AGGRESSIVE_SELLER,,
2,v2,v1.2,REALF_PY_V4_2_DERIVED,ZPTDIFAT_PY_V1_4_DERIVED,fc-v1,native,,058e38aec59f4c35,20260917_214621,9,SUI_20260917_214711_007,SUIUSDT,BINANCE,FUTURES,TOP100,35,5000,1789670831007,2026-09-17T21:47:11.007+03:00,67,True,1789670830609,1789670831007,,1789670820000,1789670879999,False,10.6,0.7321,0.0273,58.2,PRICE AHEAD,True,500,61.7,54.0,59.7,50.1,-0.00141,0.8,-0.24,0.0014,0.66,0.07,0.3,45.0,-16.1,YOK,7.7,1.0,0.7310651068105802,-0.141,CLV_PROXY_1M,0,0.0,100.0,58.2,60.4,56.4,51.0,-2.2,1.8,7.2,-0.00141,-0.00013,-0.00116,-0.00183,48.42,45.25,34.32,23.42,3.17,14.1,25.0,55.3,57.0,500,native,48.42,NORMAL,55.3,57.0,True,300,46.6,TR-DN,CHOCH DN,HH/MIX,HH/MIX,TR-DN,75.7,True,True,499,13,83.1,1789670040000,HIGH,0.7344,2.35,,,,,,,0,0,0.7352,0.7287,HIGH_SWEEP,14,0.7344,False,False,0.1338,499,native,30.16,NORMAL,36.95,35.33,True,300,60.0,BULL,BOS UP,MIX/HL,HH/HL,RANGE,73.8,True,True,498,34,54.4,1789664580000,LOW,0.7291,1.81,,,,0.7292,1.75,2,0,3,0.7352,0.7292,EQL_SWEEP,2,0.7292,False,False,0.2186,499,native,27.97,DINLENMIS,38.86,25.67,True,300,81.8,BULL,BOS UP,HH/HL,MIX/HL,RANGE,90.7,True,True,498,20,31.2,1789664700000,LOW,0.7291,1.32,,,,0.71575,7.19,2,0,2,0.7387,0.71575,HIGH_SWEEP,19,0.7373,False,False,0.3109,499,native,53.2,NORMAL,44.3,38.67,True,300,90.0,BULL,BOS UP,HH/HL,HH/HL,RANGE,89.7,True,True,498,6,54.6,1789665300000,LOW,0.7223,2.32,,,,,,,0,0,0.7387,0.7291,HIGH_SWEEP,11,0.7351,False,False,0.5712,499,native,82.89,YORGUN,79.46,92.33,True,300,72.6,BEAR,BOS DN,HH/HL,HH/HL,TR DN,82.7,True,True,498,52,50.4,1789480800000,HIGH,0.7479,1.84,0.8336,11.78,2,,,,2,0,0.8336,0.7157,LOW_SWEEP,25,0.6814,False,False,1.1765,499,native,72.64,YORGUN,78.04,90.33,True,300,59.4,BEAR,BOS DN,HH/HL,MIX/HL,TR DN,78.3,True,True,498,11,25.5,1789502400000,HIGH,0.7479,0.93,,,,,,,0,0,0.7479,0.6773,LOW_SWEEP,13,0.692,False,False,2.3241,442,1125,97363.39,263882.79,-166519.41,-46.1,26.95,6.3,DOWN,1079,142,361246.18,32.3,60.0,1.0,True,4,35375.76,13,226711.13,-191335.36,66.4,0.393,0.889,1.0,0.993,264183.4,386100.96,-121917.55,-18.75,40.63,18.9,DOWN,2507,354,650284.36,70.9,300.0,1.0,True,12,131217.21,20,300974.81,-169757.61,79.6,0.587,0.953,1.0,0.999,878071.0,1217355.08,-339284.08,-16.19,41.9,21.8,DOWN,7863,1125,2095426.09,241.1,790.5,0.8783,False,48,517069.62,62,843819.24,-326749.62,90.4,0.828,1.0,0.878,1.0,-172114.27,-191024.48,,-26.83,-18.47,0.8116,-35260.6,-0.1878,-10734.87,-0.0825,0.0782,DOWN,1789670830559,SELL,22794.89,0.7319755044699052,1789670760000,ok,1.0,1.0,1.0,continuous,1,125,0,,0,0,0,0,False,137,0.7321,0.7322,1.366,-0.388,-0.1101,-0.4409,425684.27,531021.57,26.63,1789670830209,798,False,,AGGRESSIVE_SELLER,,
2,v2,v1.2,REALF_PY_V4_2_DERIVED,ZPTDIFAT_PY_V1_4_DERIVED,fc-v1,native,,058e38aec59f4c35,20260917_214621,10,AKE_20260917_214714_291,AKEUSDT,BINANCE,FUTURES,TOP100,94,2000,1789670834291,2026-09-17T21:47:14.291+03:00,67,True,1789670834092,1789670834291,,1789670820000,1789670879999,False,14.1,0.02079,-0.0961,44.4,FAIR (DENGE),True,500,42.5,43.9,46.4,49.9,0.00907,-0.43,-0.22,0.00769,0.727,0.09,0.3,60.0,-7.0,YOK,3.9,1.0,0.020979437504260883,0.911,CLV_PROXY_1M,0,0.0,100.0,44.4,44.3,52.4,45.6,0.1,-8.0,-1.2,0.00907,0.00022,0.00438,0.00123,19.59,20.9,23.6,22.83,-1.31,-4.01,-3.24,19.03,10.67,500,native,19.59,DINLENMIS,19.03,10.67,True,300,26.5,BEAR,BOS DN,MIX/LL,LH/LL,TR DN,71.3,True,True,499,2,34.4,1789670700000,HIGH,0.021142,6.42,0.021141,6.4,2,,,,1,0,0.021141,0.020824,EQL_SWEEP,10,0.020852500000000003,False,False,0.2636,499,native,26.17,DINLENMIS,13.52,3.33,True,300,72.8,BULL,BOS UP,HH/MIX,MIX/LL,RANGE,73.8,True,True,498,5,28.5,1789669800000,LOW,0.020851,-0.53,,,,,,,0,1,0.021142,0.020852500000000003,EQL_SWEEP,3,0.020852500000000003,False,False,0.5858,499,native,27.83,DINLENMIS,21.88,11.67,True,300,79.3,TR-UP,CHOCH UP,HH/HL,HH/MIX,TR-UP,82.8,True,True,498,16,62.4,1789665900000,LOW,0.020714,0.45,,,,,,,0,0,0.021935,0.020811,HIGH_SWEEP,14,0.021261,False,False,0.8491,499,native,26.63,DINLENMIS,24.34,5.67,True,300,59.3,BEAR,BOS DN,HH/MIX,HH/HL,SQZ,70.0,True,True,498,106,97.0,1789575300000,HIGH,0.028247,19.9,0.029421000000000003,23.04,2,0.020765,0.07,2,1,3,0.029421000000000003,0.020765,EQL_SWEEP,9,0.020765,False,False,1.7961,499,native,54.03,NORMAL,43.97,40.67,True,300,56.6,BULL,BOS UP,MIX/HL,MIX/HL,RANGE,70.2,True,True,498,62,56.3,1789444800000,LOW,0.014658,4.78,0.029844000000000002,7.06,2,0.012500500000000001,6.47,3,1,2,0.029844000000000002,0.012500500000000001,HIGH_SWEEP,63,0.0165,False,False,6.0934,499,native,42.02,NORMAL,37.84,31.33,True,300,86.4,BULL,BOS UP,HH/HL,MIX/HL,TR UP,90.5,True,True,498,15,80.8,1789444800000,LOW,0.013069,2.64,,,,0.0128725,2.71,2,0,3,0.029888,0.0128725,EQL_SWEEP,64,0.0128725,False,False,13.8617,310,1236,10423.43,13951.29,-3527.86,-14.47,42.76,24.0,DOWN,651,294,24374.72,29.0,60.0,1.0,True,1,2343.23,2,7888.23,-5545.0,57.3,0.367,0.597,1.0,0.995,40903.99,44237.68,-3333.69,-3.92,48.04,42.1,DOWN,2681,1095,85141.67,153.7,300.0,1.0,True,2,4522.75,3,12646.87,-8124.12,81.4,0.755,0.733,1.0,0.999,55015.94,47068.84,7947.1,7.78,53.89,65.3,UP,3010,1236,102084.78,148.6,357.7,0.3974,False,4,10259.79,3,12646.87,-2387.08,68.0,0.748,0.752,0.397,1.0,4178.27,-14808.65,,7.32,-9.34,0.3307,-3911.73,-0.1996,-796.79,-0.0468,0.4118,DOWN,1789670819174,BUY,2343.23,0.020793,1789670760000,ok,1.0,1.0,1.0,continuous,1,236,0,,0,0,0,0,False,171,0.020793,0.020794,0.481,-0.204,-0.0088,-0.2894,2700.23,2748.38,9.38,1789670833751,540,False,,FATIGUE_RESTED_1M,,
2,v2,v1.2,REALF_PY_V4_2_DERIVED,ZPTDIFAT_PY_V1_4_DERIVED,fc-v1,native,,058e38aec59f4c35,20260917_214621,11,PONS_20260917_214717_788,PONSUSDT,BINANCE,FUTURES,OUTSIDE100,112,2000,1789670837788,2026-09-17T21:47:17.788+03:00,67,True,1789670837392,1789670837788,,1789670820000,1789670879999,False,17.4,0.6397,-0.0156,45.9,FAIR (DENGE),True,500,45.0,42.8,49.7,49.9,0.00775,0.32,-0.1,0.00442,0.578,0.08,0.3,50.0,-5.3,YOK,6.9,1.0,0.6446754946664128,0.778,CLV_PROXY_1M,0,0.0,100.0,45.9,44.8,42.7,33.6,1.1,3.2,12.3,0.00775,7e-05,-0.00079,-0.00355,30.92,27.45,17.47,12.32,3.47,13.45,18.6,39.0,39.0,500,native,30.92,NORMAL,39.0,39.0,True,300,15.9,BEAR,BOS DN,LH/LL,HH/HL,TR DN,86.2,True,True,499,13,49.5,1789670040000,HIGH,0.6584,7.73,,,,,,,0,0,0.6511,0.6375,LOW_SWEEP,12,0.6446,False,False,0.3783,499,native,14.37,DINLENMIS,12.51,4.0,True,300,8.3,BEAR,BOS DN,LH/LL,MIX/HL,RANGE,92.6,True,True,498,2,55.4,1789670340000,HIGH,0.6584,4.52,0.6657,6.28,2,,,,1,0,0.6657,0.6433,LOW_SWEEP,3,0.6433,False,False,0.6491,499,native,19.31,DINLENMIS,17.95,7.67,True,300,8.1,BEAR,BOS DN,LH/LL,LH/LL,RANGE,91.1,True,True,498,2,62.4,1789670100000,HIGH,0.6584,3.18,0.6657,4.43,2,,,,1,0,0.6657,0.6433,LOW_SWEEP,11,0.6466,False,False,0.9125,499,native,40.03,NORMAL,28.18,22.67,True,300,72.0,BULL,BOS UP,HH/MIX,MIX/HL,RANGE,73.2,True,True,498,12,67.0,1789659900000,LOW,0.6099,2.38,,,,,,,0,0,0.6721,0.6099,HIGH_SWEEP,8,0.6573,False,False,1.9567,277,native,62.65,NORMAL,50.27,59.14,False,257,79.1,TR-UP,CHOCH UP,HH/HL,HH/HL,TR-UP,85.3,True,True,276,17,48.5,1789606800000,LOW,0.5563,3.32,,,,,,,0,0,0.669,0.6099,HIGH_SWEEP,2,0.669,False,False,3.852,70,native,69.56,NORMAL,64.79,80.0,False,50,45.0,BEAR,BOS DN,HH/MIX,HH/MIX,RANGE,70.9,True,False,69,7,30.3,1789560000000,HIGH,0.6992,1.23,,,,,,,0,0,0.6992,0.5483,LOW_SWEEP,9,0.5821,False,False,7.231,96,1150,12691.63,35536.5,-22844.86,-47.37,26.32,6.2,DOWN,619,176,48228.13,32.9,60.0,1.0,True,0,0.0,2,14546.47,-14546.47,61.3,0.397,0.671,1.0,0.998,64886.24,87796.42,-22910.19,-15.01,42.5,23.3,DOWN,1852,547,152682.66,103.6,300.0,1.0,True,4,17002.47,7,31463.97,-14461.5,79.8,0.674,0.796,1.0,1.0,224132.87,241870.78,-17737.91,-3.81,48.1,42.3,DOWN,4194,1150,466003.65,159.1,468.3,0.5203,False,23,121187.8,24,114956.4,6231.4,76.6,0.761,0.917,0.52,1.0,-21708.77,10069.6,,-20.56,1.45,0.4536,-7992.97,-0.2159,-3193.33,-0.1046,-0.2233,NONE,1789670801727,SELL,2275.28,0.6400236286919831,1789670760000,ok,1.0,1.0,1.0,continuous,1,150,0,,0,0,0,0,False,205,0.6398,0.6399,1.563,-0.413,-0.1571,-0.5582,24218.34,33248.31,30.48,1789670837002,786,False,,AGGRESSIVE_SELLER,,
2,v2,v1.2,REALF_PY_V4_2_DERIVED,ZPTDIFAT_PY_V1_4_DERIVED,fc-v1,native,,058e38aec59f4c35,20260917_214621,12,SKR_20260917_214721_758,SKRUSDT,BINANCE,FUTURES,OUTSIDE100,227,500,1789670841758,2026-09-17T21:47:21.758+03:00,67,True,1789670841023,1789670841758,,1789670820000,1789670879999,False,21.0,0.018717,0.0214,44.6,FAIR (DENGE),True,500,44.6,39.3,48.5,49.8,0.00457,-0.3,-0.35,0.00187,0.467,0.04,6.7,65.0,-31.3,YOK,9.3,1.0,0.01880264313730743,0.458,CLV_PROXY_1M,0,0.0,100.0,44.6,40.9,39.4,41.9,3.7,5.2,2.7,0.00457,-0.00033,-0.00081,-0.00062,39.44,39.73,41.6,43.03,-0.29,-2.16,-3.59,38.81,38.67,500,native,39.44,NORMAL,38.81,38.67,True,300,17.2,TR-DN,CHOCH DN,LH/LL,HH/HL,TR-DN,94.0,True,True,499,19,83.5,1789669680000,HIGH,0.018927,6.56,0.018926,6.53,2,,,,3,0,0.018926,0.018669,EQL_SWEEP,127,0.019110500000000002,False,False,0.171,499,native,14.88,DINLENMIS,18.81,18.67,True,300,4.4,BEAR,BOS DN,LH/LL,LH/LL,TR DN,95.7,True,True,498,6,97.5,1789669620000,HIGH,0.018967,4.25,0.019326,10.35,2,,,,2,0,0.019326,0.018854,LOW_SWEEP,7,0.018854,False,False,0.3143,499,native,16.75,DINLENMIS,19.34,16.67,True,300,40.5,BULL,BOS UP,MIX/LL,LH/LL,TR UP,70.6,True,True,498,100,21.7,1789640700000,LOW,0.018378,4.15,0.019326,7.45,2,,,,2,0,0.019326,0.018915,LOW_SWEEP,10,0.018915,False,False,0.437,499,native,21.89,DINLENMIS,18.01,8.33,True,300,28.1,BULL,BOS UP,LH/LL,MIX/LL,RANGE,80.8,True,True,498,42,67.4,1789632900000,LOW,0.018378,1.94,,,,0.017547,6.64,2,0,2,0.019329,0.017547,HIGH_SWEEP,44,0.018739,False,False,0.9438,499,native,44.12,NORMAL,31.86,28.0,True,300,89.6,BULL,BOS UP,HH/HL,HH/HL,TR UP,91.9,True,True,498,9,72.8,1789635600000,LOW,0.017378,3.09,0.025375500000000002,15.38,2,,,,1,0,0.025375500000000002,0.018378,LOW_SWEEP,25,0.017542,False,False,2.2875,499,native,77.38,YORGUN,67.46,76.67,True,300,72.0,BULL,BOS UP,HH/HL,HH/HL,TR UP,80.9,True,True,498,111,36.2,1788062400000,LOW,0.008858,11.22,,,,0.017043000000000003,1.91,2,0,1,0.019684,0.017043000000000003,HIGH_SWEEP,1,0.019684,True,False,4.5845,4365,691,169.76,1632.79,-1463.03,-81.16,9.42,5.1,DOWN,38,27,1802.56,6.5,60.0,1.0,True,0,0.0,1,600.72,-600.72,29.6,0.115,0.314,1.0,0.927,1030.97,5826.84,-4795.87,-69.93,15.03,5.2,DOWN,143,98,6857.8,17.0,300.0,1.0,True,0,0.0,5,4181.43,-4181.43,45.7,0.254,0.459,1.0,0.985,35097.85,26269.99,8827.86,14.39,57.19,75.8,UP,846,527,61367.84,85.4,900.0,1.0,True,26,21682.06,14,16101.25,5580.81,74.6,0.631,0.697,1.0,0.995,-1619.24,-1672.79,-4699.33,-81.85,-5.45,1.0,-947.98,-0.6319,-889.86,-0.6488,-0.6599,NONE,1789670800441,SELL,600.72,0.018721,1789670760000,ok,1.0,1.0,1.0,continuous,1,23,0,,0,0,0,0,False,239,0.018718,0.018721,1.603,0.083,-0.0777,-0.284,2577.2,3011.39,16.29,1789670841257,501,False,,,,
2,v2,v1.2,REALF_PY_V4_2_DERIVED,ZPTDIFAT_PY_V1_4_DERIVED,fc-v1,native,,058e38aec59f4c35,20260917_214621,13,PROM_20260917_214725_017,PROMUSDT,BINANCE,FUTURES,OUTSIDE100,266,1000,1789670845017,2026-09-17T21:47:25.017+03:00,67,True,1789670844929,1789670845017,,1789670820000,1789670879999,False,24.9,5.452,0.0551,64.1,PRICE AHEAD,True,500,67.2,67.2,58.0,54.5,-0.00672,0.18,-0.1,0.00151,0.408,0.65,27.3,55.0,-11.1,YOK,9.3,1.0,5.415477306790809,-0.67,CLV_PROXY_1M,0,0.0,100.0,64.1,65.4,70.5,66.5,-1.3,-6.4,-2.4,-0.00672,0.00054,0.00104,0.00035,62.55,60.53,57.24,49.12,2.02,5.31,13.43,63.65,75.67,500,native,62.55,NORMAL,63.65,75.67,True,300,43.3,BEAR,BOS DN,HH/MIX,HH/HL,RANGE,75.7,True,True,499,11,52.8,1789670160000,HIGH,5.46,1.13,,,,5.408,6.23,2,0,1,5.46,5.408,HIGH_SWEEP,17,5.458,False,False,0.1297,499,native,60.47,NORMAL,54.28,66.0,True,300,57.1,BEAR,BOS DN,MIX/HL,LH/LL,TR DN,68.8,True,True,498,58,51.4,1789660260000,HIGH,5.519,4.3,,,,5.3934999999999995,3.64,2,0,1,5.46,5.3934999999999995,HIGH_SWEEP,86,5.56,False,False,0.2898,499,native,70.89,NORMAL,69.11,75.0,True,300,83.2,BULL,BOS UP,HH/HL,MIX/HL,TR UP,81.3,True,True,498,8,31.8,1789668300000,LOW,5.408,2.03,,,,5.3919999999999995,2.79,2,0,2,5.493,5.3919999999999995,HIGH_SWEEP,9,5.442,False,False,0.3881,499,native,44.74,NORMAL,52.53,58.67,True,300,39.3,TR-DN,CHOCH DN,LH/MIX,LH/MIX,TR-DN,73.7,True,True,498,31,60.6,1789642800000,HIGH,5.659,5.11,5.7285,6.82,2,5.4015,1.22,2,2,1,5.7285,5.4015,LOW_SWEEP,124,5.332,False,False,0.7456,499,native,34.49,NORMAL,33.28,27.0,True,300,54.1,BEAR,BOS DN,MIX/HL,LH/MIX,RANGE,75.6,True,True,498,34,75.0,1789545600000,HIGH,5.729,3.05,5.8375,4.25,3,4.906499999999999,6.01,2,2,1,5.8375,4.906499999999999,EQL_SWEEP,82,5.5815,False,False,1.6737,499,native,39.65,NORMAL,47.26,37.33,True,300,27.1,BULL,BOS UP,LH/LL,LH/LL,SQZ,83.7,True,True,498,55,11.5,1788868800000,LOW,4.913,2.68,,,,4.4025,5.23,2,0,3,5.771,4.4025,HIGH_SWEEP,54,5.986,False,False,3.6806,2929,455,1358.57,1858.67,-500.11,-15.54,42.23,22.6,DOWN,96,38,3217.24,7.6,60.0,1.0,True,0,0.0,0,0.0,0.0,33.0,0.132,0.377,1.0,0.951,2670.04,6164.92,-3494.88,-39.56,30.22,7.4,DOWN,309,120,8834.96,22.3,300.0,1.0,True,0,0.0,1,1017.38,-1017.38,50.3,0.308,0.487,1.0,0.99,10541.51,24959.4,-14417.88,-40.61,29.69,7.2,DOWN,1051,407,35500.91,65.2,900.0,1.0,True,0,0.0,5,9130.1,-9130.1,69.6,0.566,0.638,1.0,0.997,-330.0,1929.32,-682.19,21.01,13.16,1.0,-497.57,-0.2873,-774.22,-0.4382,-0.6265,NONE,1789670685137,SELL,1017.38,5.452185423365487,1789670760000,ok,1.0,1.0,1.0,continuous,1,35,0,,0,0,0,0,False,278,5.451,5.452,1.834,0.486,-0.4203,0.1419,6890.33,16880.46,35.77,1789670844478,539,False,,,,
2,v2,v1.2,REALF_PY_V4_2_DERIVED,ZPTDIFAT_PY_V1_4_DERIVED,fc-v1,native,,058e38aec59f4c35,20260917_214621,14,UAI_20260917_214728_524,UAIUSDT,BINANCE,FUTURES,OUTSIDE100,296,2000,1789670848524,2026-09-17T21:47:28.524+03:00,67,True,1789670848067,1789670848524,,1789670820000,1789670879999,False,28.1,0.399,0.0,56.4,FAIR (DENGE),True,500,57.9,58.3,53.8,50.1,-0.00764,-0.63,-1.0,0.00369,0.436,0.11,0.7,45.0,-6.2,YOK,4.5,1.0,0.3959620014770919,-0.761,CLV_PROXY_1M,0,0.0,100.0,56.4,56.3,50.8,54.5,0.1,5.6,1.9,-0.00764,-0.00014,-0.0028,-0.00114,40.56,46.82,52.73,53.62,-6.26,-12.17,-13.06,29.96,16.67,500,native,40.56,NORMAL,29.96,16.67,True,300,59.0,TR-UP,CHOCH UP,MIX/HL,MIX/HL,SQZ,73.7,True,True,499,40,46.5,1789668420000,LOW,0.3901,9.89,,,,,,,0,0,0.4013,0.3985,HIGH_SWEEP,103,0.3978,False,False,0.2255,499,native,53.22,NORMAL,44.84,35.0,True,300,64.4,BEAR,BOS DN,HH/HL,MIX/HL,SQZ,86.5,True,True,498,21,42.5,1789666920000,HIGH,0.4029,1.88,0.40255,1.71,2,,,,1,0,0.40255,0.398,LOW_SWEEP,19,0.3938,False,False,0.5195,499,native,59.78,NORMAL,55.47,52.0,True,300,68.6,TR-DN,CHOCH DN,HH/HL,MIX/HL,SQZ,89.3,True,True,498,29,62.9,1789662000000,HIGH,0.4026,1.16,0.40275,1.21,2,0.3559,13.88,3,1,1,0.40275,0.3559,EQH_SWEEP,8,0.40275,False,False,0.776,499,native,71.39,NORMAL,68.37,86.67,True,300,58.9,BULL,BOS UP,MIX/HL,MIX/HL,SQZ,66.0,True,True,498,57,72.2,1789619400000,LOW,0.3708,3.82,0.5356000000000001,18.52,2,0.3838,2.06,2,1,2,0.5356000000000001,0.3838,LOW_SWEEP,126,0.3294,False,False,1.8434,499,native,56.25,NORMAL,55.16,56.67,True,300,68.4,BEAR,BOS DN,HH/HL,HH/HL,RANGE,81.1,True,True,498,35,45.2,1789542000000,HIGH,0.4132,0.73,,,,,,,0,0,0.418,0.3561,HIGH_SWEEP,13,0.3982,False,False,4.9257,499,native,50.26,NORMAL,57.96,58.0,True,300,17.1,BEAR,BOS DN,LH/LL,LH/LL,RANGE,87.8,True,True,498,16,42.0,1789430400000,HIGH,0.5943,3.98,,,,,,,0,0,0.5943,0.322,LOW_SWEEP,17,0.4503,False,False,12.2805,1520,573,331.09,3574.1,-3243.01,-83.04,8.48,5.0,DOWN,73,42,3905.18,10.6,60.0,1.0,True,0,0.0,0,0.0,0.0,37.7,0.175,0.398,1.0,0.975,6558.52,15064.54,-8506.02,-39.34,30.33,7.4,DOWN,402,148,21623.07,16.0,300.0,1.0,True,0,0.0,1,4704.82,-4704.82,48.3,0.243,0.584,1.0,0.995,26326.3,30887.13,-4560.83,-7.97,46.01,34.4,DOWN,1183,478,57213.43,65.4,900.0,1.0,True,2,6269.03,2,6838.95,-569.92,71.3,0.567,0.689,1.0,0.998,-347.01,-1622.03,92.34,3.66,-1.93,1.0,-1576.33,-0.5229,-1049.25,-0.2426,-0.5069,NONE,1789670596433,SELL,4704.82,0.3999,1789670760000,ok,1.0,1.0,1.0,continuous,1,34,0,,0,0,0,0,False,312,0.399,0.3991,2.506,1.108,-0.043,0.0582,17847.94,19451.31,48.87,1789670847614,910,False,,AGGRESSIVE_SELLER,,
2,v2,v1.2,REALF_PY_V4_2_DERIVED,ZPTDIFAT_PY_V1_4_DERIVED,fc-v1,native,,058e38aec59f4c35,20260917_214621,15,BULLA_20260917_214735_012,BULLAUSDT,BINANCE,FUTURES,OUTSIDE100,339,5000,1789670855012,2026-09-17T21:47:35.012+03:00,67,True,1789670852028,1789670855012,,1789670820000,1789670879999,False,32.0,0.09227,-0.1839,52.9,FAIR (DENGE),True,500,52.6,56.9,49.8,50.0,-0.01308,0.99,0.74,0.00955,0.404,0.13,0.3,60.0,22.9,YOK,7.1,0.978,0.09107137626292311,-1.299,CLV_PROXY_1M,0,0.0,100.0,52.9,55.2,48.0,46.8,-2.3,4.9,6.1,-0.01308,0.00077,-0.0023,-0.00165,80.04,76.99,57.56,44.93,3.05,22.48,35.11,83.25,96.33,500,native,80.04,YORGUN,83.25,96.33,True,300,42.6,BEAR,BOS DN,LH/MIX,MIX/HL,RANGE,65.0,True,True,499,80,41.6,1789666020000,HIGH,0.093324,2.24,0.1026155,22.01,3,0.09092,2.87,2,1,2,0.1026155,0.09092,LOW_SWEEP,81,0.09008,False,False,0.5084,499,native,68.01,NORMAL,75.06,90.33,True,300,69.9,BEAR,BOS DN,HH/HL,HH/MIX,SQZ,83.0,True,True,498,33,34.2,1789664760000,HIGH,0.09816,5.83,,,,,,,0,0,0.09288,0.09041,HIGH_SWEEP,10,0.09199,False,False,1.0987,499,native,71.81,NORMAL,77.19,88.0,True,300,15.4,BEAR,BOS DN,LH/LL,HH/HL,SQZ,95.5,True,True,498,20,64.2,1789664700000,HIGH,0.09816,4.14,,,,,,,0,0,0.09288,0.08758,LOW_SWEEP,18,0.09027,False,False,1.5415,499,native,37.76,NORMAL,48.03,55.0,True,300,31.7,BEAR,BOS DN,MIX/LL,LH/LL,TR DN,73.6,True,True,498,17,27.4,1789655400000,HIGH,0.10999,5.84,0.109785,5.77,2,,,,1,0,0.109785,0.08758,LOW_SWEEP,19,0.1007,False,False,3.2929,499,native,18.91,DINLENMIS,19.97,8.0,True,300,31.0,BULL,BOS UP,LH/LL,MIX/LL,TR UP,82.3,True,True,498,32,42.2,1789552800000,LOW,0.060024,3.22,,,,0.060025499999999996,3.22,2,0,1,0.121362,0.060025499999999996,HIGH_SWEEP,33,0.076341,False,False,10.9357,499,native,62.21,NORMAL,52.06,49.67,True,300,76.9,BULL,BOS UP,HH/MIX,HH/MIX,EXP UP,78.0,True,True,498,8,96.7,1789545600000,LOW,0.0675,1.48,,,,0.0154205,4.61,2,0,1,0.139078,0.0154205,HIGH_SWEEP,49,0.085989,False,False,17.3558,65,1098,887.06,2377.53,-1490.47,-45.66,27.17,6.4,DOWN,184,98,3264.59,29.0,60.0,1.0,True,0,0.0,0,0.0,0.0,50.0,0.367,0.378,1.0,0.999,73088.75,28228.53,44860.22,44.28,72.14,93.4,UP,2216,1044,101317.27,110.7,300.0,1.0,True,4,33648.21,0,0.0,33648.21,79.1,0.689,0.751,1.0,1.0,75823.86,30481.03,45342.83,42.65,71.33,93.2,UP,2327,1098,106304.89,120.5,333.8,0.3709,False,4,33648.21,0,0.0,33648.21,65.6,0.707,0.757,0.371,1.0,-9698.69,,,-52.72,,0.3042,9547.52,0.4442,11358.2,0.5605,,,1789670706306,BUY,5755.37,0.09252403650890621,1789670760000,ok,1.0,1.0,1.0,continuous,1,98,0,,0,0,0,0,False,427,0.09224,0.09229,5.419,-1.933,0.1619,0.5197,3751.27,2705.99,25.47,1789670851211,3801,False,,AGGRESSIVE_SELLER,,
2,v2,v1.2,REALF_PY_V4_2_DERIVED,ZPTDIFAT_PY_V1_4_DERIVED,fc-v1,native,,058e38aec59f4c35,20260917_214621,16,OG_20260917_214738_197,OGUSDT,BINANCE,FUTURES,OUTSIDE100,523,500,1789670858197,2026-09-17T21:47:38.197+03:00,67,True,1789670858183,1789670858197,,1789670820000,1789670879999,False,38.2,2.681,0.0373,43.7,FAIR (DENGE),True,500,42.7,39.2,49.2,48.3,0.00315,0.32,0.0,0.00037,0.17,0.33,39.7,25.0,42.2,YOK,10.0,1.0,2.6894703800878736,0.316,CLV_PROXY_1M,0,0.03,97.0,43.7,36.2,31.4,29.8,7.5,12.3,13.9,0.00315,-0.00047,-0.00069,-0.00079,55.32,48.07,44.82,38.38,7.25,10.5,16.94,69.91,77.67,500,native,55.32,NORMAL,69.91,77.67,True,300,12.7,BEAR,BOS DN,LH/LL,EQ/RANGE,SQZ,90.4,True,True,499,13,78.2,1789670040000,HIGH,2.682,0.96,2.696,14.4,2,2.679,1.92,2,1,1,2.696,2.679,EQL_SWEEP,40,2.679,False,False,0.0389,499,native,46.48,NORMAL,59.21,62.0,True,300,32.7,TR-DN,CHOCH DN,LH/MIX,LH/LL,SQZ,73.5,True,True,498,20,61.9,1789667100000,HIGH,2.691,3.77,2.692,4.15,2,2.677,1.51,2,2,1,2.692,2.677,EQH_SWEEP,25,2.692,False,False,0.0989,499,native,29.13,DINLENMIS,38.7,28.67,True,300,43.9,BEAR,BOS DN,HH/MIX,LH/MIX,RANGE,73.4,True,True,498,10,60.5,1789667700000,HIGH,2.696,3.61,2.692,2.65,2,2.6635,4.21,2,1,1,2.692,2.6635,EQH_SWEEP,15,2.692,False,False,0.1551,499,native,34.82,NORMAL,33.56,24.0,True,300,56.9,TR-DN,CHOCH DN,MIX/HL,HH/MIX,SQZ,75.6,True,True,498,40,61.7,1789634700000,HIGH,2.719,4.21,2.6995,2.05,2,2.6635,1.94,2,1,1,2.6995,2.6635,EQL_SWEEP,21,2.6635,False,False,0.3366,499,native,34.37,NORMAL,32.99,28.33,True,300,63.8,TR-UP,CHOCH UP,MIX/HL,LH/MIX,TR-UP,80.6,True,True,498,32,49.7,1789552800000,LOW,2.61,3.12,2.7195,1.69,2,2.6,3.56,2,1,1,2.7195,2.6,HIGH_SWEEP,18,2.712,False,False,0.8491,499,native,64.82,NORMAL,56.92,58.0,True,300,63.4,BULL,BOS UP,MIX/HL,HH/HL,RANGE,74.5,True,True,498,28,65.4,1789257600000,LOW,2.595,1.88,2.9825,6.61,3,2.5975,1.83,2,2,2,2.9825,2.5975,EQH_SWEEP,84,2.9425,False,False,1.6988,3884,70,130.03,86.83,43.2,19.92,59.96,82.4,UP,15,4,216.86,3.3,60.0,1.0,True,0,0.0,0,0.0,0.0,15.6,0.063,0.084,1.0,0.935,130.03,995.35,-865.32,-76.89,11.55,5.1,DOWN,102,16,1125.38,7.6,300.0,1.0,True,0,0.0,0,0.0,0.0,29.7,0.132,0.263,1.0,0.987,3111.53,2712.14,399.39,6.86,53.43,63.6,UP,319,65,5823.66,20.2,900.0,1.0,True,1,1225.11,0,0.0,1225.11,47.5,0.288,0.441,1.0,0.996,364.53,130.03,40.24,59.96,11.55,1.0,-236.01,-0.7535,-205.08,-0.9112,-1.0012,NONE,1789670484561,BUY,1225.11,2.680766083150985,1789670760000,ok,1.0,1.0,,continuous,1,4,0,,0,0,0,0,False,461,2.68,2.681,3.731,-0.254,-0.1,-0.7767,26605.51,32516.9,72.75,1789670855732,2465,False,,,,
2,v2,v1.2,REALF_PY_V4_2_DERIVED,ZPTDIFAT_PY_V1_4_DERIVED,fc-v1,native,,058e38aec59f4c35,20260917_214621,17,ZORA_20260917_214741_515,ZORAUSDT,BINANCE,FUTURES,OUTSIDE100,612,500,1789670861515,2026-09-17T21:47:41.515+03:00,67,True,1789670861276,1789670861515,,1789670820000,1789670879999,False,41.3,0.007713,-0.1424,58.8,PRICE AHEAD,True,500,59.8,64.3,53.4,50.9,-0.00651,-1.44,-1.42,0.00135,0.198,0.11,15.3,55.0,-36.9,YOK,10.8,1.0,0.007662913831370652,-0.649,CLV_PROXY_1M,0,0.0,100.0,58.8,65.6,68.9,68.2,-6.8,-10.1,-9.4,-0.00651,0.00138,0.00086,0.001,46.65,54.52,57.48,54.56,-7.87,-10.83,-7.91,31.11,21.67,500,native,46.65,NORMAL,31.11,21.67,True,300,79.4,TR-UP,CHOCH UP,HH/HL,MIX/HL,TR-UP,92.0,True,True,499,24,62.7,1789669380000,LOW,0.007638,6.39,,,,0.007610499999999999,8.74,2,0,2,0.007758,0.007610499999999999,EQL_SWEEP,68,0.0076475,False,False,0.1519,499,native,70.72,NORMAL,58.95,57.33,True,300,28.7,BULL,BOS UP,LH/LL,HH/HL,TR UP,78.8,True,True,498,56,43.3,1789660620000,LOW,0.007562,5.43,,,,,,,0,0,0.007758,0.007612,HIGH_SWEEP,16,0.007699,False,False,0.3593,499,native,71.08,NORMAL,64.61,62.67,True,300,63.4,BULL,BOS UP,HH/MIX,LH/LL,TR UP,74.7,True,True,498,30,81.9,1789661700000,LOW,0.007562,3.99,0.007767,1.43,2,,,,1,0,0.007767,0.007612,EQH_SWEEP,10,0.007767,False,False,0.489,499,native,75.55,YORGUN,72.39,80.33,True,300,91.5,BULL,BOS UP,HH/HL,HH/HL,TR UP,90.1,True,True,498,2,60.9,1789668900000,LOW,0.007562,2.39,,,,,,,0,0,0.007723,0.007562,HIGH_SWEEP,4,0.007723,False,True,0.8156,499,native,75.79,YORGUN,75.4,89.33,True,300,72.6,BEAR,BOS DN,HH/HL,HH/HL,TR DN,82.7,True,True,498,57,59.5,1789462800000,HIGH,0.007987,2.38,0.009008,11.23,2,0.007187,4.56,2,1,1,0.009008,0.007187,LOW_SWEEP,114,0.008102,False,False,1.5046,499,native,57.9,NORMAL,67.74,81.0,True,300,16.9,TR-DN,CHOCH DN,LH/LL,LH/LL,TR-DN,90.3,True,True,498,13,65.9,1789473600000,HIGH,0.008968,4.83,,,,0.0058755000000000005,7.07,2,0,2,0.008336,0.0058755000000000005,HIGH_SWEEP,26,0.008437,False,False,3.4157,8599,399,14.01,702.76,-688.75,-96.09,1.95,5.0,DOWN,53,26,716.77,3.7,60.0,1.0,True,0,0.0,0,0.0,0.0,21.2,0.068,0.214,1.0,0.857,689.78,5935.65,-5245.87,-79.18,10.41,5.1,DOWN,182,70,6625.42,10.1,300.0,1.0,True,0,0.0,3,3287.51,-3287.51,38.6,0.169,0.455,1.0,0.971,4557.76,23442.79,-18885.03,-67.45,16.28,5.2,DOWN,783,336,28000.54,45.8,900.0,1.0,True,0,0.0,10,13708.22,-13708.22,64.2,0.478,0.612,1.0,0.99,3320.22,-455.77,3039.25,-3.45,-4.05,1.0,-1796.95,-1.0173,-1156.21,-0.8726,-0.3159,NONE,1789670800397,SELL,1605.07,0.007735,1789670760000,ok,1.0,1.0,1.0,continuous,1,37,0,,0,0,0,0,False,535,0.007713,0.007714,1.296,-0.501,0.0627,0.0439,14120.05,12454.91,26.58,1789670860063,1452,False,,,,
2,v2,v1.2,REALF_PY_V4_2_DERIVED,ZPTDIFAT_PY_V1_4_DERIVED,fc-v1,native,,058e38aec59f4c35,20260917_214621,18,TNSR_20260917_214744_904,TNSRUSDT,BINANCE,FUTURES,OUTSIDE100,738,200,1789670864904,2026-09-17T21:47:44.904+03:00,67,True,1789670864904,1789670864904,,1789670820000,1789670879999,False,44.9,0.03465,0.2604,43.6,FAIR (DENGE),True,500,43.7,35.9,52.9,43.7,0.00475,1.32,0.6,0.00101,0.361,3.29,98.0,60.0,60.3,WHALE BUY L2,17.0,0.832,0.03481498678474497,0.476,CLV_PROXY_1M,0,0.0267,97.3,43.6,33.7,40.0,33.9,9.9,3.6,9.7,0.00475,-0.00134,-0.0019,-0.00192,71.83,62.73,57.17,48.88,9.1,14.66,22.95,91.63,96.33,500,native,71.83,NORMAL,91.63,96.33,True,300,42.8,TR-DN,CHOCH DN,MIX/HL,HH/HL,TR-DN,78.5,True,True,499,9,85.1,1789670280000,HIGH,0.03458,-2.05,,,,,,,0,0,0.03457,0.03443,HIGH_SWEEP,1,0.03457,True,False,0.0988,499,native,52.69,NORMAL,70.5,76.33,True,300,76.1,BULL,BOS UP,HH/MIX,LH/LL,RANGE,76.1,True,True,498,11,100.0,1789668720000,LOW,0.03437,3.47,,,,,,,0,0,0.03473,0.03437,HIGH_SWEEP,9,0.03459,False,False,0.225,499,native,42.08,NORMAL,64.34,58.67,True,300,32.0,TR-DN,CHOCH DN,MIX/LL,HH/MIX,TR-DN,72.3,True,True,498,2,39.5,1789670100000,HIGH,0.03473,0.93,0.034725,0.88,2,,,,1,0,0.034725,0.03437,HIGH_SWEEP,6,0.03472,False,False,0.2809,499,native,65.13,NORMAL,64.55,75.33,True,300,75.3,BULL,BOS UP,HH/MIX,HH/MIX,RANGE,78.3,True,True,498,8,57.1,1789663500000,LOW,0.03405,3.71,,,,,,,0,0,0.03472,0.03405,HIGH_SWEEP,11,0.03461,False,False,0.4676,499,native,59.75,NORMAL,65.63,79.0,True,300,78.7,TR-UP,CHOCH UP,HH/HL,HH/HL,TR-UP,83.9,True,True,498,19,66.2,1789599600000,LOW,0.03258,5.52,,,,,,,0,0,0.03539,0.03405,LOW_SWEEP,24,0.03304,False,False,1.0868,499,native,66.65,NORMAL,72.1,82.0,True,300,32.5,BULL,BOS UP,LH/LL,HH/MIX,RANGE,83.9,True,True,498,28,28.1,1789257600000,LOW,0.033,2.1,0.037065,3.1,2,0.029225,6.92,2,1,1,0.037065,0.029225,EQH_SWEEP,56,0.037065,False,False,2.2634,3343,182,4415.01,29.99,4385.02,98.65,99.33,95.0,UP,81,31,4445.0,14.4,60.0,1.0,True,6,4378.8,0,0.0,4378.8,41.8,0.223,0.412,1.0,0.944,4945.49,820.12,4125.37,71.55,85.78,94.9,UP,113,46,5765.61,20.7,300.0,1.0,True,7,4615.29,1,459.04,4156.25,47.8,0.293,0.44,1.0,0.989,10725.97,8093.24,2632.73,13.99,56.99,75.3,UP,389,141,18819.2,43.6,900.0,1.0,True,15,9717.28,3,6362.17,3355.11,62.2,0.466,0.569,1.0,0.996,4679.23,4419.32,2314.72,61.25,46.62,1.0,1201.12,0.6333,565.38,0.4903,-0.0235,UP,1789670859787,BUY,1384.05,0.034653062077806315,1789670760000,ok,1.0,1.0,1.0,continuous,1,38,0,,0,0,0,0,False,609,0.03465,0.03467,5.77,-2.4,-0.2331,-0.3506,8937.95,14371.74,57.7,1789670864214,690,False,,AGGRESSIVE_BUYER,,
2,v2,v1.2,REALF_PY_V4_2_DERIVED,ZPTDIFAT_PY_V1_4_DERIVED,fc-v1,native,,058e38aec59f4c35,20260917_214621,19,VELVET_20260917_214748_068,VELVETUSDT,BINANCE,FUTURES,OUTSIDE100,761,200,1789670868068,2026-09-17T21:47:48.068+03:00,67,True,1789670868012,1789670868068,,1789670820000,1789670879999,False,48.0,0.05824,-0.1029,47.3,FAIR (DENGE),True,500,45.1,52.1,45.0,49.3,-0.00258,-0.58,-0.49,0.0067,0.607,0.54,19.0,60.0,10.7,YOK,7.1,0.711,0.05808985499654351,-0.258,CLV_PROXY_1M,0,0.0,100.0,47.3,51.1,42.6,47.4,-3.8,4.7,-0.1,-0.00258,0.00162,-0.00151,0.00106,33.29,40.49,49.22,43.68,-7.2,-15.93,-10.39,19.82,8.67,500,native,33.29,NORMAL,19.82,8.67,True,300,81.9,BULL,BOS UP,HH/HL,LH/LL,RANGE,84.7,True,True,499,15,35.6,1789669920000,LOW,0.05817,0.35,0.059495,6.23,2,,,,1,0,0.059495,0.05827,LOW_SWEEP,26,0.05838,False,False,0.3457,499,native,53.74,NORMAL,40.0,26.0,True,300,83.0,BULL,BOS UP,HH/HL,HH/MIX,TR UP,91.0,True,True,498,19,48.3,1789667280000,LOW,0.05702,2.9,,,,0.05588,5.61,2,0,2,0.0589,0.05588,HIGH_SWEEP,13,0.05863,False,False,0.7179,499,native,59.84,NORMAL,58.46,46.0,True,300,63.8,BULL,BOS UP,MIX/HL,HH/HL,RANGE,76.3,True,True,498,31,47.0,1789661400000,LOW,0.05666,2.77,,,,0.0515,11.83,2,0,1,0.0589,0.0515,HIGH_SWEEP,30,0.05796,False,False,0.9722,499,native,62.7,NORMAL,56.82,62.0,True,300,87.6,BULL,BOS UP,HH/HL,MIX/HL,EXP UP,93.1,True,True,498,9,42.5,1789662600000,LOW,0.05433,3.92,,,,0.0515,6.76,3,0,1,0.06014,0.0515,HIGH_SWEEP,7,0.05886,False,False,1.7023,499,native,77.38,YORGUN,72.58,80.33,True,300,74.0,BULL,BOS UP,HH/MIX,HH/HL,TR UP,70.9,True,True,498,2,40.8,1789660800000,LOW,0.0494,5.17,,,,,,,0,0,0.05886,0.0494,HIGH_SWEEP,1,0.05886,True,False,2.9455,499,native,85.81,ASIRI,93.64,96.67,True,300,46.9,BEAR,BOS DN,MIX/HL,MIX/HL,SQZ,65.7,True,True,498,13,34.6,1789473600000,HIGH,0.0633,1.95,,,,,,,0,0,0.0536,0.0494,HIGH_SWEEP,3,0.0536,False,False,4.5377,320,1065,3382.0,4391.31,-1009.31,-12.98,43.51,26.1,DOWN,190,89,7773.3,31.5,60.0,1.0,True,6,2110.38,8,3441.4,-1331.03,54.6,0.386,0.473,1.0,0.995,19363.62,14028.69,5334.93,15.98,57.99,77.9,UP,755,335,33392.31,84.8,300.0,1.0,True,16,15062.26,21,9988.82,5073.44,72.3,0.629,0.631,1.0,0.999,37591.84,37849.7,-257.86,-0.34,49.83,49.3,FLAT,1989,889,75441.54,224.6,900.0,1.0,True,33,25486.88,45,27223.08,-1736.2,83.6,0.818,0.719,1.0,1.0,-581.89,-1466.73,-3398.48,0.05,-3.78,1.0,289.95,0.0349,1216.41,0.1821,0.4079,NONE,1789670845943,BUY,529.63,0.058232565145684444,1789670760000,ok,1.0,1.0,1.0,continuous,1,109,0,,0,0,0,0,False,643,0.05822,0.05824,3.435,-1.381,0.1618,0.5126,19128.84,13801.75,34.35,1789670867671,397,False,,,,
2,v2,v1.2,REALF_PY_V4_2_DERIVED,ZPTDIFAT_PY_V1_4_DERIVED,fc-v1,native,,058e38aec59f4c35,20260917_214621,20,ZKC_20260917_214751_701,ZKCUSDT,BINANCE,FUTURES,OUTSIDE100,1142,200,1789670871701,2026-09-17T21:47:51.701+03:00,67,True,1789670871290,1789670871701,,1789670820000,1789670879999,False,51.3,0.03779,0.0794,44.7,FAIR (DENGE),True,500,44.2,37.4,53.4,48.1,0.00258,2.23,1.53,0.00071,0.321,0.5,47.3,80.0,41.2,YOK,16.1,0.788,0.03788766742921895,0.258,CLV_PROXY_1M,0,0.0,100.0,44.7,40.4,37.8,30.9,4.3,6.9,13.8,0.00258,-0.00047,-0.00127,-0.00134,80.26,73.45,56.71,44.99,6.81,23.55,35.27,95.51,97.67,500,native,80.26,YORGUN,95.51,97.67,True,300,46.9,BEAR,BOS DN,HH/MIX,LH/LL,RANGE,73.3,True,True,499,15,35.9,1789669920000,HIGH,0.03777,-0.44,,,,,,,0,0,0.03777,0.03757,HIGH_SWEEP,1,0.03777,True,False,0.1198,499,native,52.44,NORMAL,88.24,93.33,True,300,29.3,BULL,BOS UP,LH/LL,LH/LL,SQZ,77.1,True,True,498,44,86.7,1789662780000,LOW,0.03751,4.09,,,,0.03749,4.38,2,0,1,0.03777,0.03749,HIGH_SWEEP,53,0.03769,False,False,0.1819,499,native,41.86,NORMAL,63.68,68.33,True,300,57.8,BULL,BOS UP,MIX/HL,LH/LL,RANGE,66.6,True,True,498,55,72.5,1789654200000,LOW,0.03729,5.07,,,,,,,0,0,0.03777,0.0376,LOW_SWEEP,2,0.0376,False,False,0.2617,499,native,51.28,NORMAL,51.08,65.67,True,300,65.0,TR-UP,CHOCH UP,MIX/HL,MIX/HL,SQZ,71.5,True,True,498,18,44.0,1789654500000,LOW,0.03718,3.15,0.049025,58.1,2,0.037065,3.75,2,1,1,0.049025,0.037065,LOW_SWEEP,105,0.03752,False,False,0.5132,499,native,50.95,NORMAL,55.98,67.33,True,300,58.0,BEAR,BOS DN,MIX/HL,MIX/HL,RANGE,64.9,True,True,498,41,61.2,1789520400000,HIGH,0.04772,18.4,0.05792,37.3,2,,,,1,0,0.05792,0.03718,LOW_SWEEP,26,0.03718,False,False,1.4314,499,native,29.16,DINLENMIS,38.15,40.67,True,300,14.9,BEAR,BOS DN,LH/LL,LH/MIX,TR DN,87.8,True,True,498,15,73.5,1789444800000,HIGH,0.04904,8.29,,,,0.036074999999999996,1.26,2,0,1,0.04772,0.036074999999999996,HIGH_SWEEP,23,0.04757,False,False,3.6131,7763,441,8060.29,1455.27,6605.02,69.41,84.71,94.8,UP,137,47,9515.56,14.3,60.0,1.0,True,6,7641.7,2,1251.02,6390.68,43.7,0.222,0.495,1.0,0.871,10709.97,2940.15,7769.82,56.92,78.46,94.5,UP,296,126,13650.13,26.3,300.0,1.0,True,13,9564.89,3,1796.49,7768.41,53.9,0.345,0.534,1.0,0.974,21624.97,10046.81,11578.15,36.56,68.28,91.9,UP,840,390,31671.78,66.5,900.0,1.0,True,26,16539.61,8,6162.44,10377.16,69.3,0.571,0.625,1.0,0.991,6750.9,6478.84,9100.19,39.89,15.61,1.0,2290.61,0.5541,1236.08,0.4528,0.1036,NONE,1789670863692,BUY,257.03,0.03776,1789670760000,ok,1.0,1.0,1.0,continuous,1,59,0,,0,0,0,0,False,677,0.03776,0.03778,5.295,-0.082,-0.171,-0.2929,14671.58,20726.05,52.95,1789670870883,818,False,,AGGRESSIVE_BUYER,,
2,v2,v1.2,REALF_PY_V4_2_DERIVED,ZPTDIFAT_PY_V1_4_DERIVED,fc-v1,native,,058e38aec59f4c35,20260917_214621,21,ETH_20260917_214758_197,ETHUSDT,BINANCE,FUTURES,TOP100,2,75000,1789670878197,2026-09-17T21:47:58.197+03:00,67,True,1789670878197,1789670878197,77.2,1789670820000,1789670879999,False,58.2,2454.18,-0.0057,55.6,FAIR (DENGE),True,500,57.9,51.8,57.4,50.9,-0.00034,0.61,-0.0,0.0008,0.615,0.34,13.7,65.0,-15.7,YOK,6.1,1.0,2453.3432277171814,-0.034,CLV_PROXY_1M,0,0.0,100.0,55.6,56.7,58.9,48.5,-1.1,-3.3,7.1,-0.00034,0.00016,-0.00017,-0.0007,49.82,48.0,36.44,22.05,1.82,13.38,27.77,52.22,58.33,500,native,49.82,NORMAL,52.22,58.33,True,300,18.4,BEAR,BOS DN,LH/LL,LH/LL,TR DN,90.7,True,True,499,23,67.5,1789669440000,HIGH,2462.33,4.25,,,,,,,0,0,2462.33,2448.48,LOW_SWEEP,21,2460.13,False,False,0.0782,499,native,22.61,DINLENMIS,30.0,29.0,True,300,14.5,TR-DN,CHOCH DN,LH/LL,LH/LL,TR-DN,85.6,True,True,498,3,67.0,1789670160000,HIGH,2462.33,2.41,,,,,,,0,0,2462.33,2458.12,HIGH_SWEEP,27,2475.2,False,False,0.1378,499,native,21.88,DINLENMIS,30.17,21.0,True,300,56.4,BULL,BOS UP,MIX/HL,LH/LL,RANGE,70.7,True,True,498,82,76.9,1789646100000,LOW,2428.88,5.07,,,,2365.835,17.7,2,0,1,2462.33,2365.835,HIGH_SWEEP,55,2479.44,False,False,0.2034,499,native,32.57,NORMAL,23.13,14.33,True,300,65.9,BULL,BOS UP,MIX/HL,MIX/HL,RANGE,76.7,True,True,498,27,66.0,1789646400000,LOW,2435.9,1.78,,,,,,,0,0,2476.4,2453.68,LOW_SWEEP,1,2453.68,True,False,0.4189,499,native,77.01,YORGUN,61.85,67.33,True,300,71.4,BEAR,BOS DN,HH/HL,HH/HL,TR DN,79.3,True,True,498,53,44.7,1789477200000,HIGH,2614.99,7.43,,,,,,,0,0,2453.33,2426.52,EQH_SWEEP,17,2429.45,False,False,0.8791,499,native,52.03,NORMAL,60.96,64.0,True,300,50.9,TR-DN,CHOCH DN,MIX/HL,HH/HL,TR-DN,70.6,True,True,498,11,32.7,1789502400000,HIGH,2614.99,3.92,,,,1862.655,14.41,2,0,2,2614.99,1862.655,HIGH_SWEEP,35,2522.75,False,False,1.6617,63,2383,847034.48,1163129.32,-316094.84,-15.72,42.14,22.4,DOWN,2341,596,2010163.8,18.5,60.0,1.0,True,1,282518.66,1,315066.95,-32548.29,59.3,0.271,1.0,1.0,0.999,7751747.15,7034133.33,717613.81,4.85,52.43,59.8,UP,10892,2383,14785880.48,172.0,263.5,0.8782,False,21,3224089.32,27,4078170.79,-854081.47,88.0,0.775,1.0,0.878,1.0,7751747.15,7034133.33,717613.81,4.85,52.43,59.8,UP,10892,2383,14785880.48,172.0,263.5,0.2927,False,21,3224089.32,27,4078170.79,-854081.47,70.6,0.775,1.0,0.293,1.0,1725321.23,,,6.82,,0.2261,-393922.3,-0.1019,,,,,1789670833507,BUY,282518.66,2453.91,1789670760000,ok,1.0,1.0,1.0,continuous,1,800,0,,0,0,0,0,False,711,2454.17,2454.18,0.041,-0.001,0.0643,-0.0325,276335.0,242966.14,0.79,1789670877413,784,False,,,,
2,v2,v1.2,REALF_PY_V4_2_DERIVED,ZPTDIFAT_PY_V1_4_DERIVED,fc-v1,native,,058e38aec59f4c35,20260917_214621,22,BNB_20260917_214801_858,BNBUSDT,BINANCE,FUTURES,TOP100,4,25000,1789670881858,2026-09-17T21:48:01.858+03:00,67,True,1789670881486,1789670881858,76.7,1789670820000,1789670879999,True,61.5,728.21,-0.0096,53.9,FAIR (DENGE),True,500,55.6,47.6,59.5,50.8,0.00025,-0.37,-1.25,0.00041,0.565,0.41,17.0,65.0,-22.7,YOK,11.9,0.76,728.3947012423654,0.025,CLV_PROXY_1M,0,0.0,100.0,53.9,55.1,52.4,40.6,-1.2,1.5,13.3,0.00025,0.0001,-0.00015,-0.00064,41.77,41.94,35.05,24.55,-0.17,6.72,17.22,43.24,37.0,500,native,41.77,NORMAL,43.24,37.0,True,300,41.0,BEAR,BOS DN,HH/MIX,LH/LL,TR DN,78.3,True,True,499,14,100.0,1789669980000,HIGH,729.98,6.95,,,,727.475,2.88,2,0,1,729.98,727.475,HIGH_SWEEP,27,729.81,False,False,0.035,499,native,20.36,DINLENMIS,21.57,17.0,True,300,37.1,BEAR,BOS DN,MIX/HL,HH/HL,RANGE,75.2,True,True,498,4,86.3,1789669980000,HIGH,729.98,3.58,,,,724.995,6.44,2,0,1,729.98,724.995,HIGH_SWEEP,25,730.49,False,False,0.0683,499,native,21.79,DINLENMIS,22.81,11.0,True,300,40.9,BEAR,BOS DN,MIX/HL,HH/HL,RANGE,71.8,True,True,498,3,50.6,1789669800000,HIGH,730.89,3.51,,,,718.6600000000001,12.5,2,0,1,729.98,718.6600000000001,HIGH_SWEEP,217,727.51,False,False,0.1049,499,native,55.2,NORMAL,43.24,31.67,True,300,86.3,BULL,BOS UP,HH/HL,HH/HL,SQZ,86.6,True,True,498,6,37.3,1789665300000,LOW,724.99,1.85,,,,,,,0,0,730.89,724.99,HIGH_SWEEP,7,730.21,False,False,0.2384,499,native,70.69,NORMAL,67.8,75.33,True,300,65.4,TR-UP,CHOCH UP,HH/MIX,HH/MIX,TR-UP,76.7,True,True,498,23,52.6,1789585200000,LOW,704.34,5.71,,,,,,,0,0,732.95,721.24,HIGH_SWEEP,6,729.58,False,False,0.5726,499,native,72.15,YORGUN,77.81,84.0,True,300,41.6,BULL,BOS UP,LH/LL,HH/MIX,RANGE,86.1,True,True,498,1,31.3,1789646400000,LOW,704.34,2.71,,,,,,,0,0,725.94,704.34,HIGH_SWEEP,3,725.94,False,False,1.2108,552,1211,30801.47,41959.96,-11158.48,-15.34,42.33,22.9,DOWN,307,73,72761.43,7.1,60.0,1.0,True,0,0.0,0,0.0,0.0,39.2,0.124,0.715,1.0,0.991,417862.74,688748.2,-270885.46,-24.48,37.76,13.8,DOWN,2494,529,1106610.94,29.8,300.0,1.0,True,3,215001.66,5,483053.4,-268051.74,67.4,0.373,1.0,1.0,0.998,1020973.06,1076810.76,-55837.7,-2.66,48.67,44.6,FLAT,6477,1211,2097783.83,88.9,658.2,0.7314,False,6,422674.27,7,554511.19,-131836.91,78.6,0.64,1.0,0.731,0.999,425888.62,906.23,,32.13,0.34,0.6647,-163559.96,-0.7078,-61889.66,-0.2796,0.2458,DOWN,1789670800369,SELL,37295.98,728.5794412971285,1789670760000,ok,1.0,1.0,1.0,continuous,1,105,0,,0,0,0,0,False,34,728.2,728.21,0.137,-0.016,-0.0824,-0.0808,100884.33,119014.33,2.68,1789670881099,759,False,,,,
2,v2,v1.2,REALF_PY_V4_2_DERIVED,ZPTDIFAT_PY_V1_4_DERIVED,fc-v1,native,,058e38aec59f4c35,20260917_214621,23,XRP_20260917_214805_139,XRPUSDT,BINANCE,FUTURES,TOP100,5,25000,1789670885139,2026-09-17T21:48:05.139+03:00,67,True,1789670885139,1789670885139,76.1,1789670880000,1789670939999,False,5.1,1.2959,-0.0077,56.4,FAIR (DENGE),True,500,59.3,52.3,58.3,50.0,-0.00052,-0.12,-0.72,0.0009,0.547,0.0,0.3,55.0,-21.6,YOK,7.0,1.0,1.2952311311016176,-0.052,CLV_PROXY_1M,0,0.0,100.0,56.4,56.5,55.0,51.9,-0.1,1.4,4.5,-0.00052,7e-05,-0.00014,-0.00067,50.19,50.05,46.75,35.41,0.14,3.44,14.78,48.32,55.67,500,native,50.19,NORMAL,48.32,55.67,True,300,10.4,BEAR,BOS DN,LH/LL,HH/MIX,TR DN,95.4,True,True,499,9,57.8,1789670340000,HIGH,1.2998,3.59,,,,,,,0,0,1.2998,1.2934,LOW_SWEEP,8,1.294,False,False,0.0838,499,native,22.36,DINLENMIS,28.11,28.0,True,300,56.1,BULL,BOS UP,MIX/HL,LH/LL,SQZ,68.3,True,True,498,91,46.8,1789654320000,LOW,1.2888,3.91,,,,1.2744499999999999,11.7,2,0,1,1.3,1.2744499999999999,HIGH_SWEEP,90,1.3087,False,False,0.1421,499,native,21.36,DINLENMIS,29.77,22.33,True,300,57.5,BULL,BOS UP,MIX/HL,MIX/HL,RANGE,67.6,True,True,498,53,54.0,1789654800000,LOW,1.2888,2.53,,,,,,,0,0,1.3086,1.2979,HIGH_SWEEP,51,1.3151,False,False,0.2198,499,native,28.7,DINLENMIS,21.74,17.67,True,300,43.3,BEAR,BOS DN,MIX/HL,MIX/HL,RANGE,71.9,True,True,498,1,36.1,1789669800000,HIGH,1.3086,2.12,,,,,,,0,0,1.3086,1.2979,HIGH_SWEEP,17,1.3151,False,False,0.463,499,native,54.95,NORMAL,31.04,28.0,True,300,54.5,BEAR,BOS DN,MIX/HL,HH/HL,RANGE,72.1,True,True,498,29,35.2,1789563600000,HIGH,1.312,1.13,,,,,,,0,0,1.3096,1.2888,HIGH_SWEEP,6,1.3096,False,False,1.0981,499,native,34.8,NORMAL,38.61,37.33,True,300,45.9,TR-DN,CHOCH DN,HH/MIX,HH/MIX,TR-DN,75.8,True,True,498,12,73.1,1789488000000,HIGH,1.4916,5.76,1.5507,7.5,2,0.98775,9.08,2,1,1,1.5507,0.98775,EQH_SWEEP,54,1.43175,False,False,2.598,639,1315,254266.21,340541.1,-86274.89,-14.5,42.75,24.0,DOWN,1170,134,594807.31,18.7,60.0,1.0,True,2,157706.97,3,237087.99,-79381.02,58.4,0.273,0.944,1.0,0.989,1404453.16,1741365.4,-336912.24,-10.71,44.65,29.7,DOWN,5388,729,3145818.56,49.0,300.0,1.0,True,16,695281.3,16,1306594.38,-611313.08,75.5,0.495,1.0,1.0,0.998,2845979.72,2394218.8,451760.92,8.62,54.31,66.8,UP,9798,1315,5240198.52,103.3,519.6,0.5773,False,27,1409346.58,21,1512130.29,-102783.71,76.5,0.674,1.0,0.577,0.999,721177.41,-168335.33,,19.74,-2.29,0.5107,-306070.89,-0.3637,-83972.31,-0.1335,0.6233,DOWN,1789670859397,SELL,79179.12,1.2954996073208485,1789670760000,ok,1.0,1.0005,1.0,continuous,1,167,0,,0,0,0,0,False,69,1.2959,1.296,0.772,0.191,0.0703,0.3153,1600906.33,1390650.69,15.05,1789670884664,475,False,,,,
2,v2,v1.2,REALF_PY_V4_2_DERIVED,ZPTDIFAT_PY_V1_4_DERIVED,fc-v1,native,,058e38aec59f4c35,20260917_214621,24,DOGE_20260917_214808_412,DOGEUSDT,BINANCE,FUTURES,TOP100,12,15000,1789670888412,2026-09-17T21:48:08.412+03:00,67,True,1789670888142,1789670888412,75.2,1789670880000,1789670939999,False,8.1,0.08154,-0.0123,66.3,PRICE AHEAD,True,500,70.6,69.5,60.6,50.0,-0.00499,0.39,-0.05,0.0008,0.581,0.0,0.3,50.0,-33.3,YOK,10.0,1.0,0.08113378333688154,-0.498,CLV_PROXY_1M,0,0.0,100.0,66.3,69.3,76.2,72.7,-3.0,-9.9,-6.4,-0.00499,0.00025,0.00091,-0.00024,52.96,51.98,46.71,31.14,0.98,6.25,21.82,54.1,58.0,500,native,52.96,NORMAL,54.1,58.0,True,300,15.1,TR-DN,CHOCH DN,LH/LL,HH/MIX,TR-DN,92.9,True,True,499,14,87.8,1789670040000,HIGH,0.08178,3.25,0.0818,3.52,2,,,,1,0,0.0818,0.08131,LOW_SWEEP,41,0.08167,False,False,0.0906,499,native,30.1,NORMAL,37.4,37.0,True,300,12.0,BEAR,BOS DN,LH/LL,MIX/LL,TR DN,87.5,True,True,498,5,49.0,1789669980000,HIGH,0.08179,1.97,,,,,,,0,0,0.08179,0.08159,LOW_SWEEP,23,0.08196,False,False,0.1552,499,native,25.06,DINLENMIS,34.82,26.33,True,300,43.6,TR-DN,CHOCH DN,MIX/HL,LH/LL,TR-DN,74.7,True,True,498,2,70.3,1789670100000,HIGH,0.08226,3.87,,,,0.07986,9.03,2,0,1,0.08179,0.07986,HIGH_SWEEP,19,0.08206,False,False,0.2282,499,native,40.86,NORMAL,30.47,27.33,True,300,68.7,BULL,BOS UP,MIX/HL,HH/HL,RANGE,74.0,True,True,498,19,56.8,1789653600000,LOW,0.08054,2.79,,,,0.080555,2.75,2,0,1,0.08226,0.080555,HIGH_SWEEP,17,0.08179,False,False,0.4389,499,native,76.34,YORGUN,64.31,74.33,True,300,85.2,BULL,BOS UP,HH/HL,HH/HL,RANGE,85.8,True,True,498,10,49.0,1789632000000,LOW,0.07828,4.37,,,,,,,0,0,0.08134,0.08054,HIGH_SWEEP,9,0.08134,False,False,0.9131,499,native,52.4,NORMAL,58.05,69.0,True,300,46.4,BEAR,BOS DN,HH/MIX,HH/MIX,TR DN,73.2,True,True,498,13,26.7,1789473600000,HIGH,0.08616,3.11,,,,0.07835,2.15,2,0,1,0.08616,0.07835,HIGH_SWEEP,17,0.08534,False,False,1.8121,90,1154,40181.04,16200.2,23980.84,42.53,71.27,93.2,UP,302,54,56381.24,5.1,60.0,1.0,True,1,15754.83,0,0.0,15754.83,34.6,0.093,0.688,1.0,0.999,514199.13,463725.02,50474.1,5.16,52.58,60.4,UP,2825,409,977924.15,46.6,300.0,1.0,True,12,250588.57,9,309550.72,-58962.14,74.7,0.482,0.998,1.0,1.0,1620378.61,1818894.31,-198515.7,-5.77,47.11,38.5,DOWN,7777,1154,3439272.92,103.4,687.2,0.7636,False,33,967940.58,28,1267377.29,-299436.71,80.9,0.674,1.0,0.764,1.0,311950.49,-85526.64,,49.16,-3.75,0.6969,-67529.81,-0.2698,10914.2,0.0558,0.7061,DOWN,1789670876139,BUY,15754.83,0.08154,1789670760000,ok,1.0,1.0,1.0,continuous,1,69,0,,0,0,0,0,False,103,0.08154,0.08155,1.226,0.298,0.027,0.0886,863924.17,818522.76,23.91,1789670887821,591,False,,AGGRESSIVE_BUYER,,
2,v2,v1.2,REALF_PY_V4_2_DERIVED,ZPTDIFAT_PY_V1_4_DERIVED,fc-v1,native,,058e38aec59f4c35,20260917_214621,25,LINK_20260917_214811_963,LINKUSDT,BINANCE,FUTURES,TOP100,17,10000,1789670891963,2026-09-17T21:48:11.963+03:00,67,True,1789670891565,1789670891963,75.5,1789670880000,1789670939999,False,11.6,11.335,0.0088,55.6,FAIR (DENGE),True,500,57.3,54.8,55.8,50.0,-0.0015,-0.2,-0.56,0.00119,0.613,0.02,0.3,50.0,-21.7,YOK,2.5,1.0,11.31802202119593,-0.15,CLV_PROXY_1M,0,0.0,100.0,55.6,57.9,61.4,59.3,-2.3,-5.8,-3.7,-0.0015,-5e-05,0.00058,-0.00038,50.85,51.07,49.48,34.8,-0.22,1.37,16.05,50.23,50.67,500,native,50.85,NORMAL,50.23,50.67,True,300,44.4,BEAR,BOS DN,HH/MIX,HH/HL,RANGE,74.8,True,True,499,14,75.5,1789670040000,HIGH,11.379,3.44,,,,11.14,15.25,2,0,1,11.379,11.14,HIGH_SWEEP,17,11.358,False,False,0.1128,499,native,33.33,NORMAL,36.66,35.0,True,300,61.5,BULL,BOS UP,HH/MIX,HH/MIX,RANGE,72.9,True,True,498,34,60.7,1789664760000,LOW,11.302,1.44,,,,11.100999999999999,10.19,2,0,1,11.379,11.100999999999999,EQL_SWEEP,5,11.335,False,False,0.2026,499,native,28.51,DINLENMIS,36.93,22.67,True,300,81.9,BULL,BOS UP,HH/HL,HH/MIX,RANGE,89.1,True,True,498,20,47.6,1789664700000,LOW,11.302,1.01,,,,,,,0,0,11.428,11.302,HIGH_SWEEP,19,11.406,False,False,0.2879,499,native,48.14,NORMAL,38.87,34.67,True,300,70.9,BULL,BOS UP,MIX/HL,HH/HL,RANGE,77.0,True,True,498,19,61.0,1789653600000,LOW,11.089,3.87,11.428,1.46,2,11.0905,3.85,2,1,1,11.428,11.0905,HIGH_SWEEP,17,11.34,False,False,0.5598,499,native,82.76,YORGUN,76.9,85.33,True,300,54.7,BEAR,BOS DN,MIX/HL,HH/HL,TR DN,70.8,True,True,498,35,42.9,1789542000000,HIGH,11.501,1.31,12.7855,11.43,2,,,,1,0,12.7855,11.089,LOW_SWEEP,25,10.67,False,False,1.1169,499,native,57.63,NORMAL,67.43,73.33,True,300,16.6,BEAR,BOS DN,LH/LL,HH/MIX,RANGE,86.2,True,True,498,12,24.8,1789488000000,HIGH,11.961,2.53,,,,8.062,13.23,2,0,1,11.961,8.062,EQH_SWEEP,80,12.035499999999999,False,False,2.1745,5713,1033,79051.45,54409.82,24641.64,18.46,59.23,80.8,UP,312,48,133461.27,11.0,60.0,1.0,True,2,52474.54,1,32552.53,19922.01,46.4,0.181,0.781,1.0,0.905,244291.0,322381.97,-78090.97,-13.78,43.11,25.0,DOWN,1827,303,566672.98,68.9,300.0,1.0,True,3,72980.79,6,168880.4,-95899.61,78.7,0.579,0.938,1.0,0.981,772433.34,977580.04,-205146.7,-11.72,44.14,28.1,DOWN,6069,976,1750013.38,244.0,900.0,1.0,True,15,288638.21,22,470613.98,-181975.78,92.8,0.83,1.0,1.0,0.994,178600.1,34560.9,19930.92,36.9,4.55,1.0,-54777.79,-0.3462,-22301.86,-0.1968,0.3103,DOWN,1789670870552,BUY,40068.87,11.33454638752401,1789670820000,ok,1.0,1.0,1.0,continuous,1,56,0,,0,0,0,0,False,137,11.335,11.336,0.882,0.083,0.0266,0.1447,183827.5,174300.9,17.2,1789670891135,828,False,,,,
2,v2,v1.2,REALF_PY_V4_2_DERIVED,ZPTDIFAT_PY_V1_4_DERIVED,fc-v1,native,,058e38aec59f4c35,20260917_214621,26,ADA_20260917_214815_229,ADAUSDT,BINANCE,FUTURES,TOP100,19,10000,1789670895229,2026-09-17T21:48:15.229+03:00,67,True,1789670895180,1789670895229,74.5,1789670880000,1789670939999,False,15.2,0.2016,0.0496,58.1,PRICE AHEAD,True,500,61.9,54.0,58.7,50.0,-0.00161,0.0,-0.99,0.0015,0.618,0.01,0.3,40.0,-5.4,YOK,7.9,1.0,0.2012754273865132,-0.161,CLV_PROXY_1M,0,0.0,100.0,58.1,56.5,58.3,49.9,1.6,-0.2,8.2,-0.00161,-0.00047,-0.00075,-0.00191,53.61,51.57,49.69,37.19,2.04,3.92,16.42,56.69,62.33,500,native,53.61,NORMAL,56.69,62.33,True,300,24.9,BEAR,BOS DN,MIX/LL,MIX/LL,TR DN,82.2,True,True,499,14,79.1,1789670040000,HIGH,0.2022,2.13,0.2022,2.13,2,,,,2,0,0.2022,0.2009,LOW_SWEEP,133,0.2016,False,False,0.1396,499,native,23.81,DINLENMIS,35.49,23.33,True,300,12.9,BEAR,BOS DN,LH/LL,MIX/LL,TR DN,88.0,True,True,498,5,36.4,1789669980000,HIGH,0.203,2.94,,,,,,,0,0,0.2022,0.2016,LOW_SWEEP,19,0.2021,False,False,0.2364,499,native,20.8,DINLENMIS,30.53,17.67,True,300,67.4,BULL,BOS UP,MIX/HL,LH/LL,RANGE,73.0,True,True,498,21,65.2,1789664400000,LOW,0.2008,1.25,,,,0.1903,17.62,2,0,1,0.203,0.1903,HIGH_SWEEP,19,0.2028,False,False,0.3182,499,native,44.25,NORMAL,33.9,30.0,True,300,71.8,BULL,BOS UP,MIX/HL,HH/HL,RANGE,79.0,True,True,498,18,79.1,1789654500000,LOW,0.1972,3.49,,,,0.1972,3.49,2,0,2,0.2033,0.1972,HIGH_SWEEP,16,0.2022,False,False,0.625,499,native,85.08,ASIRI,74.84,86.67,True,300,49.9,TR-UP,CHOCH UP,MIX/LL,HH/HL,TR-UP,79.1,True,True,498,12,61.8,1789624800000,LOW,0.1901,4.67,,,,,,,0,0,0.1973,0.1901,EQH_SWEEP,17,0.19690000000000002,False,False,1.2131,499,native,52.98,NORMAL,63.17,75.33,True,300,16.5,BEAR,BOS DN,LH/LL,LH/LL,RANGE,83.9,True,True,498,12,45.7,1789488000000,HIGH,0.2159,2.93,,,,,,,0,0,0.2159,0.1901,LOW_SWEEP,49,0.2148,False,False,2.414,1174,896,11256.42,5086.22,6170.21,37.76,68.88,92.2,UP,120,48,16342.64,2.8,60.0,1.0,True,0,0.0,0,0.0,0.0,25.7,0.052,0.553,1.0,0.98,172888.12,197460.85,-24572.72,-6.64,46.68,36.8,DOWN,1387,213,370348.97,16.0,300.0,1.0,True,5,82917.04,5,151991.83,-69074.8,54.8,0.242,0.892,1.0,0.996,703121.13,889890.55,-186769.42,-11.72,44.14,28.1,DOWN,5297,812,1593011.68,25.1,900.0,1.0,True,17,454013.15,19,681984.5,-227971.35,64.5,0.334,1.0,1.0,0.999,88428.42,53392.62,12351.92,36.31,6.25,1.0,-22466.1,-0.227,-5992.35,-0.0809,-0.154,NONE,1789670829503,BUY,29712.18,0.2015,1789670820000,ok,1.0,1.0,1.0,continuous,1,62,0,,0,0,0,0,False,171,0.2015,0.2016,4.962,-0.019,0.111,-0.2215,2622770.76,2098568.75,96.75,1789670894553,676,False,,,,
2,v2,v1.2,REALF_PY_V4_2_DERIVED,ZPTDIFAT_PY_V1_4_DERIVED,fc-v1,native,,058e38aec59f4c35,20260917_214621,27,LTC_20260917_214818_686,LTCUSDT,BINANCE,FUTURES,TOP100,25,10000,1789670898686,2026-09-17T21:48:18.686+03:00,67,True,1789670898513,1789670898686,74.7,1789670880000,1789670939999,False,18.5,53.53,0.0187,63.1,PRICE AHEAD,True,500,67.9,56.5,67.4,50.0,-0.00126,-0.54,-1.28,0.00092,0.366,0.0,0.3,80.0,-34.9,YOK,11.4,1.0,53.46244827703185,-0.126,CLV_PROXY_1M,0,0.0,100.0,63.1,62.8,61.0,59.3,0.3,2.1,3.8,-0.00126,-0.00019,-0.00054,-0.00094,43.65,43.06,42.08,35.04,0.59,1.57,8.61,46.88,40.67,500,native,43.65,NORMAL,46.88,40.67,True,300,13.6,BEAR,BOS DN,LH/LL,LH/LL,TR DN,90.2,True,True,499,14,72.3,1789670040000,HIGH,53.71,4.33,,,,,,,0,0,53.71,53.44,HIGH_SWEEP,37,53.78,False,False,0.0777,499,native,19.67,DINLENMIS,27.71,17.67,True,300,29.8,TR-DN,CHOCH DN,LH/MIX,LH/LL,TR-DN,72.7,True,True,498,4,57.3,1789670160000,HIGH,53.86,3.85,,,,,,,0,0,53.86,53.65,HIGH_SWEEP,36,53.74,False,False,0.1601,499,native,17.77,DINLENMIS,22.72,8.33,True,300,67.1,BULL,BOS UP,MIX/HL,LH/MIX,RANGE,73.2,True,True,498,20,34.8,1789664700000,LOW,53.31,1.69,,,,50.21,25.46,2,0,2,53.86,50.21,HIGH_SWEEP,21,53.74,False,False,0.2435,499,native,64.73,NORMAL,48.44,50.33,True,300,70.1,BULL,BOS UP,HH/MIX,HH/HL,TR UP,78.7,True,True,498,18,42.9,1789654500000,LOW,52.51,4.55,,,,,,,0,0,53.98,52.46,HIGH_SWEEP,17,53.11,False,False,0.4182,499,native,86.09,ASIRI,80.12,88.67,True,300,66.1,TR-UP,CHOCH UP,MIX/HL,HH/MIX,TR-UP,63.2,True,True,498,7,40.7,1789642800000,LOW,50.13,7.44,,,,,,,0,0,52.81,52.46,HIGH_SWEEP,9,52.81,False,False,0.8504,499,native,65.27,NORMAL,77.33,85.0,True,300,50.7,TR-DN,CHOCH DN,HH/MIX,LH/LL,TR-DN,72.3,True,True,498,11,38.2,1789502400000,HIGH,55.24,1.93,,,,,,,0,0,55.24,50.13,HIGH_SWEEP,27,54.28,False,False,1.6471,1663,520,273.48,913.97,-640.49,-53.94,23.03,5.7,DOWN,23,14,1187.46,3.2,60.0,1.0,True,0,0.0,0,0.0,0.0,21.7,0.059,0.269,1.0,0.972,90803.9,112847.89,-22043.99,-10.82,44.59,29.5,DOWN,629,153,203651.79,15.1,300.0,1.0,True,1,41950.45,5,82888.77,-40938.32,52.6,0.232,0.827,1.0,0.994,248183.36,441036.2,-192852.84,-27.98,36.01,11.6,DOWN,2400,473,689219.55,71.2,900.0,1.0,True,4,80780.82,14,233826.45,-153045.62,79.8,0.588,0.96,1.0,0.998,41848.55,-548.94,15995.46,-0.1,-0.22,1.0,-1039.21,-0.0198,-3827.41,-0.094,-0.5575,NONE,1789670800384,SELL,12342.85,53.56,1789670820000,ok,1.0,1.0,1.0,continuous,1,21,0,,0,0,0,0,False,205,53.52,53.53,1.868,-0.678,0.0403,-0.3111,930299.44,858184.94,36.43,1789670897808,878,False,,,,
2,v2,v1.2,REALF_PY_V4_2_DERIVED,ZPTDIFAT_PY_V1_4_DERIVED,fc-v1,native,,058e38aec59f4c35,20260917_214621,28,AVAX_20260917_214821_790,AVAXUSDT,BINANCE,FUTURES,TOP100,31,5000,1789670901790,2026-09-17T21:48:21.790+03:00,67,True,1789670901745,1789670901790,74.3,1789670880000,1789670939999,False,21.7,7.601,0.0658,47.8,FAIR (DENGE),True,500,46.9,49.5,46.6,49.8,0.00013,0.89,1.14,0.00115,0.657,0.21,4.3,55.0,2.3,YOK,3.0,1.0,7.602016223598399,0.013,CLV_PROXY_1M,0,0.0,100.0,47.8,45.3,50.1,57.3,2.5,-2.3,-9.5,0.00013,-0.00053,-0.00025,0.0005,58.73,54.04,48.22,34.01,4.69,10.51,24.72,67.83,74.0,500,native,58.73,NORMAL,67.83,74.0,True,300,43.9,TR-DN,CHOCH DN,HH/MIX,HH/MIX,TR-DN,81.7,True,True,499,14,86.3,1789670040000,HIGH,7.618,2.29,,,,,,,0,0,7.618,7.57,HIGH_SWEEP,20,7.609,False,False,0.0979,499,native,34.55,NORMAL,49.58,45.33,True,300,43.6,BEAR,BOS DN,MIX/HL,MIX/LL,RANGE,68.6,True,True,498,10,51.8,1789669080000,HIGH,7.635,2.68,,,,,,,0,0,7.618,7.605,LOW_SWEEP,11,7.605,False,False,0.172,499,native,24.16,DINLENMIS,38.37,21.0,True,300,60.6,TR-DN,CHOCH DN,HH/HL,LH/MIX,TR-DN,89.2,True,True,498,2,51.7,1789670100000,HIGH,7.646,2.41,,,,,,,0,0,7.646,7.603,LOW_SWEEP,6,7.603,False,False,0.2512,499,native,51.72,NORMAL,45.45,43.0,True,300,48.5,BULL,BOS UP,MIX/LL,HH/HL,RANGE,70.0,True,True,498,25,14.8,1789648200000,LOW,7.514,2.54,7.648,1.42,2,,,,1,0,7.648,7.523,LOW_SWEEP,14,7.539,False,False,0.4453,499,native,69.74,NORMAL,66.44,72.0,True,300,71.5,BEAR,BOS DN,HH/HL,HH/HL,TR DN,79.6,True,True,498,52,46.7,1789480800000,HIGH,7.8,2.79,8.192,8.27,3,7.186,5.81,2,1,1,8.192,7.186,EQL_SWEEP,25,7.186,False,False,0.939,499,native,72.42,YORGUN,77.77,86.67,True,300,46.4,TR-DN,CHOCH DN,HH/MIX,LH/MIX,TR-DN,73.8,True,True,498,7,50.3,1789560000000,HIGH,7.8,1.39,,,,7.173500000000001,2.98,2,0,1,7.8,7.173500000000001,LOW_SWEEP,12,7.243,False,False,1.8868,968,797,101641.42,48278.29,53363.13,35.59,67.8,91.6,UP,407,68,149919.72,6.9,60.0,1.0,True,4,68854.83,3,28912.07,39942.76,40.2,0.122,0.794,1.0,0.984,323292.13,239193.06,84099.07,14.95,57.48,76.6,UP,1652,240,562485.2,19.3,300.0,1.0,True,11,222146.3,13,176906.91,45239.4,58.8,0.279,0.938,1.0,0.997,527599.57,691260.26,-163660.69,-13.43,43.29,25.5,DOWN,4691,739,1218859.84,65.3,900.0,1.0,True,19,276842.11,34,512455.6,-235613.49,79.7,0.566,1.0,1.0,0.999,137289.9,45501.03,58343.96,46.7,2.97,1.0,3551.98,0.0214,13387.12,0.119,0.7238,NONE,1789670874781,SELL,6524.96,7.596,1789670820000,ok,1.0,1.0,1.0,continuous,1,74,0,,0,0,0,0,False,239,7.601,7.602,1.316,-0.519,0.208,-0.2585,362859.04,237893.27,25.65,1789670901379,411,False,,,,
2,v2,v1.2,REALF_PY_V4_2_DERIVED,ZPTDIFAT_PY_V1_4_DERIVED,fc-v1,native,,058e38aec59f4c35,20260917_214621,29,SUI_20260917_214825_135,SUIUSDT,BINANCE,FUTURES,TOP100,35,5000,1789670905135,2026-09-17T21:48:25.135+03:00,67,True,1789670904945,1789670905135,74.1,1789670880000,1789670939999,False,24.9,0.7326,0.041,56.8,FAIR (DENGE),True,500,59.5,53.9,57.7,50.1,-0.0014,0.65,-0.05,0.00141,0.667,0.07,0.3,45.0,-14.4,YOK,5.6,1.0,0.7315769032660243,-0.14,CLV_PROXY_1M,0,0.0,100.0,56.8,56.7,55.8,55.0,0.1,1.0,1.8,-0.0014,-0.00032,-0.00038,-0.00119,53.41,49.28,42.3,29.09,4.13,11.11,24.32,61.51,66.67,500,native,53.41,NORMAL,61.51,66.67,True,300,47.0,TR-DN,CHOCH DN,HH/MIX,HH/MIX,TR-DN,75.7,True,True,499,14,83.1,1789670040000,HIGH,0.7344,1.88,,,,,,,0,0,0.7352,0.7287,HIGH_SWEEP,15,0.7344,False,False,0.131,499,native,35.33,NORMAL,44.7,44.0,True,300,59.5,BULL,BOS UP,MIX/HL,HH/MIX,RANGE,73.8,True,True,498,35,54.4,1789664580000,LOW,0.7291,2.02,,,,0.7292,1.96,2,0,3,0.7352,0.7292,EQL_SWEEP,3,0.7292,False,False,0.2234,499,native,28.8,DINLENMIS,41.23,29.33,True,300,81.8,BULL,BOS UP,HH/HL,MIX/HL,RANGE,90.7,True,True,498,20,31.2,1789664700000,LOW,0.7291,1.45,,,,0.71575,7.32,2,0,2,0.7387,0.71575,HIGH_SWEEP,19,0.7373,False,False,0.3109,499,native,53.79,NORMAL,46.4,40.33,True,300,90.0,BULL,BOS UP,HH/HL,HH/HL,RANGE,89.7,True,True,498,6,54.6,1789665300000,LOW,0.7223,2.42,,,,,,,0,0,0.7387,0.7291,HIGH_SWEEP,11,0.7351,False,False,0.5712,499,native,83.32,ASIRI,81.35,92.67,True,300,72.6,BEAR,BOS DN,HH/HL,HH/HL,TR DN,82.7,True,True,498,52,50.4,1789480800000,HIGH,0.7479,1.77,0.8336,11.71,2,,,,2,0,0.8336,0.7157,LOW_SWEEP,25,0.6814,False,False,1.1765,499,native,72.78,YORGUN,78.42,91.0,True,300,59.4,BEAR,BOS DN,HH/HL,MIX/HL,TR DN,78.3,True,True,498,11,25.5,1789502400000,HIGH,0.7479,0.91,,,,,,,0,0,0.7479,0.6773,LOW_SWEEP,13,0.692,False,False,2.3241,980,1211,31654.7,10494.14,21160.56,50.2,75.1,94.1,UP,316,67,42148.84,8.1,60.0,1.0,True,1,12814.53,0,0.0,12814.53,40.0,0.14,0.656,1.0,0.984,275039.51,377928.12,-102888.61,-15.76,42.12,22.3,DOWN,2634,383,652967.63,71.7,300.0,1.0,True,10,126969.73,19,284558.09,-157588.35,79.8,0.589,0.954,1.0,0.997,911215.38,1245307.12,-334091.75,-15.49,42.25,22.7,DOWN,8297,1211,2156522.5,250.9,864.6,0.9606,False,49,529884.15,63,854929.54,-325045.39,92.2,0.834,1.0,0.961,0.999,213467.01,27729.84,,51.32,2.18,0.894,-66633.85,-0.4064,-29765.32,-0.2279,0.3029,DOWN,1789670869531,BUY,12814.53,0.7321,1789670820000,ok,1.0,1.0,1.0,continuous,1,86,0,,0,0,0,0,False,278,0.7326,0.7327,1.365,-0.111,-0.0608,-0.1163,464170.26,524253.11,26.62,1789670904505,630,False,,AGGRESSIVE_BUYER,,
2,v2,v1.2,REALF_PY_V4_2_DERIVED,ZPTDIFAT_PY_V1_4_DERIVED,fc-v1,native,,058e38aec59f4c35,20260917_214621,30,AKE_20260917_214829_259,AKEUSDT,BINANCE,FUTURES,TOP100,94,2000,1789670909259,2026-09-17T21:48:29.259+03:00,67,True,1789670908457,1789670909259,75.0,1789670880000,1789670939999,False,28.5,0.020789,0.0626,38.9,PRICE LAG,True,500,34.7,42.2,39.3,48.7,0.01213,-0.33,0.51,0.00767,0.715,0.42,5.3,55.0,-5.9,YOK,7.4,1.0,0.021042773893343858,1.221,CLV_PROXY_1M,0,0.0,100.0,38.9,39.6,49.0,52.8,-0.7,-10.1,-13.9,0.01213,-4e-05,0.00602,0.00655,19.61,19.11,21.85,22.75,0.5,-2.24,-3.14,22.38,17.0,500,native,19.61,DINLENMIS,22.38,17.0,True,300,26.9,BEAR,BOS DN,MIX/LL,LH/LL,TR DN,71.3,True,True,499,3,34.4,1789670700000,HIGH,0.021142,6.15,0.021141,6.13,2,,,,1,0,0.021141,0.020824,EQL_SWEEP,11,0.020852500000000003,False,False,0.2764,499,native,22.41,DINLENMIS,17.31,7.67,True,300,47.0,TR-DN,CHOCH DN,HH/MIX,MIX/LL,TR-DN,76.1,True,True,498,1,51.0,1789670700000,HIGH,0.021142,2.86,,,,,,,0,0,0.021142,0.020851,EQL_SWEEP,4,0.020852500000000003,False,False,0.5939,499,native,27.88,DINLENMIS,21.95,12.0,True,300,79.3,TR-UP,CHOCH UP,HH/HL,HH/MIX,TR-UP,82.8,True,True,498,16,62.4,1789665900000,LOW,0.020714,0.46,,,,,,,0,0,0.021935,0.020811,HIGH_SWEEP,14,0.021261,False,False,0.8491,499,native,26.63,DINLENMIS,24.34,5.67,True,300,59.3,BEAR,BOS DN,HH/MIX,HH/HL,SQZ,70.0,True,True,498,106,97.0,1789575300000,HIGH,0.028247,19.9,0.029421000000000003,23.04,2,0.020765,0.07,2,1,3,0.029421000000000003,0.020765,EQL_SWEEP,9,0.020765,False,True,1.7961,499,native,54.03,NORMAL,43.97,40.67,True,300,56.6,BULL,BOS UP,MIX/HL,MIX/HL,RANGE,70.2,True,True,498,62,56.3,1789444800000,LOW,0.014658,4.78,0.029844000000000002,7.06,2,0.012500500000000001,6.47,3,1,2,0.029844000000000002,0.012500500000000001,HIGH_SWEEP,63,0.0165,False,False,6.0934,499,native,42.01,NORMAL,37.82,31.33,True,300,86.4,BULL,BOS UP,HH/HL,MIX/HL,TR UP,90.5,True,True,498,15,80.8,1789444800000,LOW,0.013069,2.64,,,,0.0128725,2.71,2,0,3,0.029888,0.0128725,EQL_SWEEP,64,0.0128725,False,False,13.8617,3599,1922,23732.75,15668.76,8063.99,20.47,60.23,82.9,UP,894,429,39401.52,79.9,60.0,1.0,True,2,4951.34,2,6303.21,-1351.87,71.9,0.615,0.649,1.0,0.94,59875.52,64081.66,-4206.14,-3.39,48.3,43.1,DOWN,3599,1497,123957.17,241.5,300.0,1.0,True,4,9474.09,6,22282.12,-12808.03,85.8,0.828,0.773,1.0,0.988,84489.39,73999.71,10489.68,6.62,53.31,63.1,UP,4568,1922,158489.11,268.0,432.6,0.4807,False,6,15211.13,6,22282.12,-7070.99,75.4,0.843,0.8,0.481,0.996,13487.66,6473.12,,17.94,3.65,0.414,388.91,0.0132,-2010.49,-0.0811,-0.0755,NONE,1789670868306,BUY,2517.98,0.020775549138194207,1789670820000,ok,1.0,1.0,1.0,continuous,1,686,0,,0,0,0,0,False,352,0.020789,0.020794,2.405,0.29,0.1578,-0.4417,4636.55,3373.01,10.34,1789670907891,1368,False,,FATIGUE_RESTED_1M,,
2,v2,v1.2,REALF_PY_V4_2_DERIVED,ZPTDIFAT_PY_V1_4_DERIVED,fc-v1,native,,058e38aec59f4c35,20260917_214621,31,PONS_20260917_214833_280,PONSUSDT,BINANCE,FUTURES,OUTSIDE100,112,2000,1789670913280,2026-09-17T21:48:33.280+03:00,67,True,1789670912484,1789670913280,75.5,1789670880000,1789670939999,False,32.5,0.6391,0.0313,46.5,FAIR (DENGE),True,500,46.5,42.1,50.5,49.9,0.008,0.14,-0.11,0.00433,0.555,0.1,0.7,55.0,-15.7,YOK,8.4,0.95,0.6442352403031861,0.804,CLV_PROXY_1M,0,0.0,100.0,46.5,44.7,45.4,36.3,1.8,1.1,10.2,0.008,-0.00031,0.00055,-0.00237,31.69,29.61,23.39,12.91,2.08,8.3,18.78,36.79,36.0,500,native,31.69,NORMAL,36.79,36.0,True,300,16.3,BEAR,BOS DN,LH/LL,HH/HL,TR DN,86.2,True,True,499,14,49.5,1789670040000,HIGH,0.6584,8.22,,,,,,,0,0,0.6511,0.6375,LOW_SWEEP,13,0.6446,False,False,0.3674,499,native,13.27,DINLENMIS,14.66,4.67,True,300,8.7,BEAR,BOS DN,LH/LL,LH/LL,RANGE,92.6,True,True,498,3,55.4,1789670340000,HIGH,0.6584,4.67,0.6657,6.44,2,,,,1,0,0.6657,0.6433,LOW_SWEEP,4,0.6433,False,False,0.6466,499,native,18.73,DINLENMIS,16.06,5.67,True,300,8.1,BEAR,BOS DN,LH/LL,LH/LL,RANGE,91.1,True,True,498,2,62.4,1789670100000,HIGH,0.6584,3.3,0.6657,4.55,2,,,,1,0,0.6657,0.6433,LOW_SWEEP,11,0.6466,False,False,0.9125,499,native,39.83,NORMAL,27.37,22.33,True,300,72.0,BULL,BOS UP,HH/MIX,MIX/HL,RANGE,73.2,True,True,498,12,67.0,1789659900000,LOW,0.6099,2.33,,,,,,,0,0,0.6721,0.6099,HIGH_SWEEP,8,0.6573,False,False,1.9567,277,native,62.52,NORMAL,49.8,58.75,False,257,79.1,TR-UP,CHOCH UP,HH/HL,HH/HL,TR-UP,85.3,True,True,276,17,48.5,1789606800000,LOW,0.5563,3.3,,,,,,,0,0,0.669,0.6099,HIGH_SWEEP,2,0.669,False,False,3.852,70,native,69.5,NORMAL,64.5,80.0,False,50,45.0,BEAR,BOS DN,HH/MIX,HH/MIX,RANGE,70.9,True,False,69,7,30.3,1789560000000,HIGH,0.6992,1.25,,,,,,,0,0,0.6992,0.5483,LOW_SWEEP,9,0.5821,False,False,7.231,117,1248,13034.6,1991.53,11043.07,73.49,86.75,94.9,UP,197,67,15026.12,15.9,60.0,1.0,True,2,7183.84,0,0.0,7183.84,47.2,0.242,0.544,1.0,0.998,74455.91,89430.33,-14974.42,-9.14,45.43,32.3,DOWN,1871,548,163886.23,107.1,300.0,1.0,True,5,20847.24,8,35736.76,-14889.52,80.3,0.682,0.804,1.0,1.0,243346.43,252294.81,-8948.38,-1.81,49.1,46.3,FLAT,4512,1248,495641.23,175.4,543.8,0.6042,False,25,128371.64,25,119229.19,9142.46,79.9,0.778,0.924,0.604,1.0,23719.58,11147.85,,50.12,3.53,0.5375,-5455.41,-0.1846,-5936.22,-0.1811,0.037,DOWN,1789670887760,BUY,4345.27,0.6390104852941177,1789670820000,ok,1.0,1.0,1.0,continuous,1,98,0,,0,0,0,0,False,426,0.6391,0.6392,1.565,-0.458,-0.2939,-0.8108,26656.45,48842.4,30.51,1789670912035,1245,False,,AGGRESSIVE_BUYER,,
2,v2,v1.2,REALF_PY_V4_2_DERIVED,ZPTDIFAT_PY_V1_4_DERIVED,fc-v1,native,,058e38aec59f4c35,20260917_214621,32,SKR_20260917_214839_333,SKRUSDT,BINANCE,FUTURES,OUTSIDE100,227,500,1789670919333,2026-09-17T21:48:39.333+03:00,67,True,1789670916395,1789670919333,77.6,1789670880000,1789670939999,False,36.4,0.018716,-0.0053,49.1,FAIR (DENGE),True,500,51.7,39.5,54.6,50.0,0.00441,-0.12,-0.36,0.00185,0.461,0.01,0.3,65.0,-25.5,YOK,15.1,0.22,0.018798660557129473,0.442,CLV_PROXY_1M,0,0.0,100.0,49.1,45.0,38.7,40.7,4.1,10.4,8.4,0.00441,-6e-05,-0.00092,-0.00102,38.92,39.44,40.59,42.96,-0.52,-1.67,-4.04,38.01,37.0,500,native,38.92,NORMAL,38.01,37.0,True,300,17.6,TR-DN,CHOCH DN,LH/LL,HH/MIX,TR-DN,94.0,True,True,499,20,83.5,1789669680000,HIGH,0.018927,6.89,0.018926,6.85,2,,,,3,0,0.018926,0.018669,EQL_SWEEP,128,0.019110500000000002,False,False,0.1637,499,native,16.29,DINLENMIS,19.81,19.0,True,300,4.9,BEAR,BOS DN,LH/LL,LH/LL,TR DN,99.1,True,True,498,7,97.5,1789669620000,HIGH,0.018967,4.43,0.019326,10.76,2,,,,2,0,0.019326,0.018669,LOW_SWEEP,8,0.018854,False,False,0.3029,499,native,16.68,DINLENMIS,19.15,16.33,True,300,40.5,BULL,BOS UP,MIX/LL,LH/LL,TR UP,70.6,True,True,498,100,21.7,1789640700000,LOW,0.018378,4.13,0.019326,7.46,2,,,,2,0,0.019326,0.018915,LOW_SWEEP,10,0.018915,False,False,0.437,499,native,21.72,DINLENMIS,17.65,7.33,True,300,28.1,BULL,BOS UP,LH/LL,MIX/LL,RANGE,80.8,True,True,498,42,67.4,1789632900000,LOW,0.018378,1.91,,,,0.017547,6.62,2,0,2,0.019329,0.017547,HIGH_SWEEP,44,0.018739,False,False,0.9438,499,native,44.12,NORMAL,31.83,28.0,True,300,89.6,BULL,BOS UP,HH/HL,HH/HL,TR UP,91.9,True,True,498,9,72.8,1789635600000,LOW,0.017378,3.09,0.025375500000000002,15.38,2,,,,1,0,0.025375500000000002,0.018378,LOW_SWEEP,25,0.017542,False,False,2.2875,499,native,77.36,YORGUN,67.35,76.67,True,300,72.0,BULL,BOS UP,HH/HL,HH/HL,TR UP,80.9,True,True,498,111,36.2,1788062400000,LOW,0.008858,11.21,,,,0.017043000000000003,1.9,2,0,1,0.019684,0.017043000000000003,HIGH_SWEEP,1,0.019684,True,False,4.5845,17428,587,146.1,25.0,121.1,70.77,85.39,94.9,UP,10,7,171.11,3.3,60.0,1.0,True,0,0.0,0,0.0,0.0,13.6,0.063,0.058,1.0,0.71,1543.93,4042.08,-2498.16,-44.72,27.64,6.5,DOWN,115,79,5586.01,13.7,300.0,1.0,True,1,574.82,4,2724.79,-2149.97,42.0,0.216,0.437,1.0,0.942,34301.26,21812.43,12488.83,22.26,61.13,84.5,UP,786,491,56113.68,75.7,900.0,1.0,True,27,22256.88,10,12879.92,9376.97,72.8,0.602,0.687,1.0,0.981,1005.97,1589.1,2903.77,53.89,5.16,1.0,-260.42,-0.2824,-582.97,-0.5218,-0.627,NONE,1789670845360,BUY,574.82,0.0187250258974526,1789670820000,ok,1.0,1.0,1.0,continuous,1,17,0,,0,0,0,0,False,461,0.018715,0.018716,0.534,0.009,0.1262,-0.1098,3423.78,2656.72,16.3,1789670915989,3344,False,,,,
2,v2,v1.2,REALF_PY_V4_2_DERIVED,ZPTDIFAT_PY_V1_4_DERIVED,fc-v1,native,,058e38aec59f4c35,20260917_214621,33,PROM_20260917_214842_557,PROMUSDT,BINANCE,FUTURES,OUTSIDE100,266,1000,1789670922557,2026-09-17T21:48:42.557+03:00,67,True,1789670922542,1789670922557,77.5,1789670880000,1789670939999,False,42.5,5.445,-0.1284,57.3,FAIR (DENGE),True,500,57.0,65.7,48.5,55.2,-0.00576,-0.09,0.36,0.00152,0.402,1.49,63.0,60.0,-12.9,YOK,17.3,0.917,5.413713686449931,-0.575,CLV_PROXY_1M,0,0.0,100.0,57.3,65.6,66.8,69.5,-8.3,-9.5,-12.2,-0.00576,0.00125,0.0015,0.00174,56.54,62.55,60.52,48.85,-6.01,-3.98,7.69,41.61,44.67,500,native,56.54,NORMAL,41.61,44.67,True,300,43.7,BEAR,BOS DN,HH/MIX,HH/HL,RANGE,75.7,True,True,499,12,52.8,1789670160000,HIGH,5.46,2.17,,,,5.408,5.35,2,0,1,5.46,5.408,HIGH_SWEEP,18,5.458,False,False,0.1269,499,native,56.73,NORMAL,45.97,50.0,True,300,57.1,BEAR,BOS DN,MIX/HL,MIX/HL,TR DN,68.8,True,True,498,59,51.4,1789660260000,HIGH,5.519,4.88,,,,5.3934999999999995,3.39,2,0,1,5.46,5.3934999999999995,HIGH_SWEEP,87,5.56,False,False,0.2784,499,native,69.13,NORMAL,62.72,70.33,True,300,83.2,BULL,BOS UP,HH/HL,MIX/HL,TR UP,81.3,True,True,498,8,31.8,1789668300000,LOW,5.408,1.75,,,,5.3919999999999995,2.5,2,0,2,5.493,5.3919999999999995,HIGH_SWEEP,9,5.442,False,False,0.3881,499,native,43.73,NORMAL,49.75,54.0,True,300,39.3,TR-DN,CHOCH DN,LH/MIX,LH/MIX,TR-DN,73.7,True,True,498,31,60.6,1789642800000,HIGH,5.659,5.26,5.7285,6.97,2,5.4015,1.07,2,2,1,5.7285,5.4015,LOW_SWEEP,124,5.332,False,False,0.7456,499,native,33.9,NORMAL,31.47,24.67,True,300,54.1,BEAR,BOS DN,MIX/HL,LH/MIX,RANGE,75.6,True,True,498,34,75.0,1789545600000,HIGH,5.729,3.13,5.8375,4.32,3,4.906499999999999,5.93,2,2,1,5.8375,4.906499999999999,EQL_SWEEP,82,5.5815,False,False,1.6737,499,native,39.44,NORMAL,46.57,36.67,True,300,27.1,BULL,BOS UP,LH/LL,LH/LL,SQZ,83.7,True,True,498,55,11.5,1788868800000,LOW,4.913,2.65,,,,4.4025,5.2,2,0,3,5.771,4.4025,HIGH_SWEEP,54,5.986,False,False,3.6806,9762,473,159.64,3473.97,-3314.33,-91.21,4.39,5.0,DOWN,121,45,3633.61,12.1,60.0,1.0,True,0,0.0,1,2619.62,-2619.62,38.5,0.195,0.39,1.0,0.837,2665.1,9392.08,-6726.97,-55.79,22.1,5.6,DOWN,390,142,12057.18,31.7,300.0,1.0,True,0,0.0,2,3637.0,-3637.0,56.1,0.388,0.52,1.0,0.967,10465.96,26380.89,-15914.93,-43.19,28.4,6.7,DOWN,1094,415,36846.85,72.1,900.0,1.0,True,0,0.0,5,10559.77,-10559.77,70.8,0.591,0.642,1.0,0.989,-4335.56,-3204.84,-1393.96,-76.8,-8.12,1.0,-1080.48,-0.4526,-1149.94,-0.4769,-0.5823,NONE,1789670884747,SELL,2619.62,5.446192099792101,1789670820000,ok,1.0,1.0,1.0,continuous,1,49,0,,0,0,0,0,False,535,5.445,5.446,1.836,-0.712,0.2752,0.1565,25877.27,14709.22,35.81,1789670922134,423,False,,AGGRESSIVE_SELLER,,
2,v2,v1.2,REALF_PY_V4_2_DERIVED,ZPTDIFAT_PY_V1_4_DERIVED,fc-v1,native,,058e38aec59f4c35,20260917_214621,34,UAI_20260917_214848_691,UAIUSDT,BINANCE,FUTURES,OUTSIDE100,296,2000,1789670928691,2026-09-17T21:48:48.691+03:00,67,True,1789670928691,1789670928691,80.2,1789670880000,1789670939999,False,48.7,0.3989,0.1255,61.1,PRICE AHEAD,True,500,64.9,59.3,59.8,50.9,-0.00904,-0.37,-1.45,0.00366,0.432,0.3,3.3,40.0,-7.5,YOK,5.7,1.0,0.39531114026008257,-0.9,CLV_PROXY_1M,0,0.0,100.0,61.1,59.5,54.7,49.1,1.6,6.4,12.0,-0.00904,-0.00018,-0.00244,-0.00455,33.68,37.7,53.79,50.57,-4.02,-20.11,-16.89,27.97,15.67,500,native,33.68,NORMAL,27.97,15.67,True,300,41.5,BEAR,BOS DN,MIX/HL,MIX/HL,SQZ,74.1,True,True,499,1,50.9,1789670820000,HIGH,0.4013,2.69,,,,,,,0,0,0.4013,0.3985,HIGH_SWEEP,104,0.3978,False,True,0.224,499,native,47.07,NORMAL,39.42,28.0,True,300,64.9,BEAR,BOS DN,HH/HL,MIX/HL,SQZ,86.5,True,True,498,22,42.5,1789666920000,HIGH,0.4029,2.02,0.40255,1.85,2,,,,1,0,0.40255,0.398,LOW_SWEEP,20,0.3938,False,False,0.5221,499,native,59.1,NORMAL,53.53,49.0,True,300,68.6,TR-DN,CHOCH DN,HH/HL,MIX/HL,SQZ,89.3,True,True,498,29,62.9,1789662000000,HIGH,0.4026,1.26,0.40275,1.3,2,0.3559,13.78,3,1,1,0.40275,0.3559,EQH_SWEEP,8,0.40275,False,False,0.776,499,native,71.01,NORMAL,66.99,85.67,True,300,58.9,BULL,BOS UP,MIX/HL,MIX/HL,SQZ,66.0,True,True,498,57,72.2,1789619400000,LOW,0.3708,3.78,0.5356000000000001,18.56,2,0.3838,2.02,2,1,2,0.5356000000000001,0.3838,LOW_SWEEP,126,0.3294,False,False,1.8434,499,native,56.22,NORMAL,55.03,56.67,True,300,68.4,BEAR,BOS DN,HH/HL,HH/HL,RANGE,81.1,True,True,498,35,45.2,1789542000000,HIGH,0.4132,0.73,,,,,,,0,0,0.418,0.3561,HIGH_SWEEP,13,0.3982,False,False,4.9257,499,native,50.23,NORMAL,57.85,58.0,True,300,17.1,BEAR,BOS DN,LH/LL,LH/LL,RANGE,87.8,True,True,498,16,42.0,1789430400000,HIGH,0.5943,3.98,,,,,,,0,0,0.5943,0.322,LOW_SWEEP,17,0.4503,False,False,12.2805,3692,579,1370.17,4240.69,-2870.52,-51.16,24.42,5.9,DOWN,122,49,5610.86,13.7,60.0,1.0,True,0,0.0,1,2490.09,-2490.09,41.9,0.215,0.437,1.0,0.938,4899.19,11519.27,-6620.08,-40.32,29.84,7.2,DOWN,384,155,16418.46,40.7,300.0,1.0,True,0,0.0,1,2490.09,-2490.09,60.7,0.449,0.554,1.0,0.988,25665.02,33573.24,-7908.22,-13.35,43.33,25.6,DOWN,1215,484,59238.26,69.6,900.0,1.0,True,2,6269.03,3,9329.04,-3060.01,72.1,0.582,0.693,1.0,0.996,-633.72,2088.9,-2946.55,22.63,0.07,1.0,-3105.75,-0.7058,-1490.24,-0.4538,-0.1037,NONE,1789670876429,SELL,2490.09,0.39854222151088353,1789670820000,ok,1.0,1.0,1.0,continuous,1,58,0,,0,0,0,0,False,609,0.3987,0.3988,2.508,0.453,0.1083,0.2036,19382.36,15593.55,48.9,1789670927813,878,False,,AGGRESSIVE_SELLER,,
2,v2,v1.2,REALF_PY_V4_2_DERIVED,ZPTDIFAT_PY_V1_4_DERIVED,fc-v1,native,,058e38aec59f4c35,20260917_214621,35,BULLA_20260917_214852_260,BULLAUSDT,BINANCE,FUTURES,OUTSIDE100,339,5000,1789670932260,2026-09-17T21:48:52.260+03:00,67,True,1789670931988,1789670932260,77.2,1789670880000,1789670939999,False,52.0,0.0924,0.1517,53.2,FAIR (DENGE),True,500,53.3,56.1,50.7,50.5,-0.01138,1.21,0.85,0.00958,0.403,0.64,6.0,60.0,22.6,YOK,5.4,1.0,0.09135462240719215,-1.131,CLV_PROXY_1M,0,0.0,100.0,53.2,52.6,54.2,44.4,0.6,-1.0,8.8,-0.01138,0.0014,0.00416,-0.00274,82.15,79.94,69.22,44.25,2.21,12.93,37.9,83.43,96.33,500,native,82.15,YORGUN,83.43,96.33,True,300,42.6,BEAR,BOS DN,LH/MIX,HH/HL,RANGE,65.0,True,True,499,81,41.6,1789666020000,HIGH,0.093324,2.03,0.1026155,22.49,3,0.09092,3.26,2,1,2,0.1026155,0.09092,LOW_SWEEP,82,0.09008,False,False,0.4923,499,native,72.62,YORGUN,80.15,91.33,True,300,70.3,BEAR,BOS DN,HH/HL,HH/MIX,SQZ,83.0,True,True,498,34,34.2,1789664760000,HIGH,0.09816,5.76,,,,,,,0,0,0.09288,0.09041,HIGH_SWEEP,11,0.09199,False,False,1.0834,499,native,72.27,YORGUN,78.71,89.67,True,300,15.4,BEAR,BOS DN,LH/LL,HH/HL,SQZ,95.5,True,True,498,20,64.2,1789664700000,HIGH,0.09816,4.06,,,,,,,0,0,0.09288,0.08758,LOW_SWEEP,18,0.09027,False,False,1.5415,499,native,37.91,NORMAL,48.46,55.67,True,300,31.7,BEAR,BOS DN,MIX/LL,LH/LL,TR DN,73.6,True,True,498,17,27.4,1789655400000,HIGH,0.10999,5.81,0.109785,5.74,2,,,,1,0,0.109785,0.08758,LOW_SWEEP,19,0.1007,False,False,3.2929,499,native,19.01,DINLENMIS,20.29,8.33,True,300,31.0,BULL,BOS UP,LH/LL,MIX/LL,TR UP,82.3,True,True,498,32,42.2,1789552800000,LOW,0.060024,3.24,,,,0.060025499999999996,3.24,2,0,1,0.121362,0.060025499999999996,HIGH_SWEEP,33,0.076341,False,False,10.9357,499,native,62.24,NORMAL,52.17,49.67,True,300,76.9,BULL,BOS UP,HH/MIX,HH/MIX,EXP UP,78.0,True,True,498,8,96.7,1789545600000,LOW,0.0675,1.49,,,,0.0154205,4.61,2,0,1,0.139078,0.0154205,HIGH_SWEEP,49,0.085989,False,False,17.3558,7056,1242,3685.68,3959.62,-273.94,-3.58,48.21,42.7,DOWN,223,113,7645.3,28.1,60.0,1.0,True,0,0.0,0,0.0,0.0,52.4,0.36,0.471,1.0,0.882,71923.59,25683.65,46239.93,47.37,73.69,93.8,UP,2187,1024,97607.24,104.4,300.0,1.0,True,4,33648.21,0,0.0,33648.21,78.2,0.676,0.747,1.0,0.976,79777.49,35768.92,44008.57,38.09,69.04,92.3,UP,2605,1242,115546.4,139.0,411.1,0.4567,False,4,33648.21,0,0.0,33648.21,69.7,0.735,0.766,0.457,0.992,1904.81,2407.78,,24.46,1.96,0.3901,1322.14,0.155,9162.95,0.4694,0.4865,NONE,1789670706306,BUY,5755.37,0.09252403650890621,1789670820000,ok,1.0,1.0,1.0,continuous,1,144,0,,0,0,0,0,False,643,0.09242,0.09244,2.164,-0.265,0.2467,0.1634,4452.6,2690.24,24.88,1789670931422,838,False,,,,
2,v2,v1.2,REALF_PY_V4_2_DERIVED,ZPTDIFAT_PY_V1_4_DERIVED,fc-v1,native,,058e38aec59f4c35,20260917_214621,36,OG_20260917_214855_575,OGUSDT,BINANCE,FUTURES,OUTSIDE100,523,500,1789670935575,2026-09-17T21:48:55.575+03:00,67,True,1789670935412,1789670935575,77.4,1789670880000,1789670939999,False,55.4,2.68,0.0,44.6,FAIR (DENGE),True,500,44.4,39.2,49.7,49.1,0.00293,0.0,-0.36,0.00032,0.147,0.17,25.3,25.0,40.1,YOK,10.5,1.0,2.6878549821343904,0.293,CLV_PROXY_1M,0,0.03,97.0,44.6,43.0,34.9,29.4,1.6,9.7,15.2,0.00293,-0.00028,-0.00083,-0.00095,50.86,49.6,46.57,42.66,1.26,4.29,8.2,53.16,55.33,500,native,50.86,NORMAL,53.16,55.33,True,300,13.2,BEAR,BOS DN,LH/LL,EQ/RANGE,SQZ,90.4,True,True,499,14,78.2,1789670040000,HIGH,2.682,1.93,2.696,15.4,2,2.679,0.96,2,1,1,2.696,2.679,EQL_SWEEP,41,2.679,False,False,0.0388,499,native,41.33,NORMAL,41.83,37.0,True,300,33.0,TR-DN,CHOCH DN,LH/MIX,MIX/HL,SQZ,73.5,True,True,498,21,61.9,1789667100000,HIGH,2.691,4.34,2.692,4.74,2,2.677,1.18,2,2,1,2.692,2.677,EQH_SWEEP,26,2.692,False,False,0.0945,499,native,27.26,DINLENMIS,33.05,21.0,True,300,43.9,BEAR,BOS DN,HH/MIX,LH/MIX,RANGE,73.4,True,True,498,10,60.5,1789667700000,HIGH,2.696,3.85,2.692,2.89,2,2.6635,3.97,2,1,1,2.692,2.6635,EQH_SWEEP,15,2.692,False,False,0.1551,499,native,33.8,NORMAL,30.55,19.67,True,300,56.9,TR-DN,CHOCH DN,MIX/HL,HH/MIX,SQZ,75.6,True,True,498,40,61.7,1789634700000,HIGH,2.719,4.32,2.6995,2.16,2,2.6635,1.83,2,1,1,2.6995,2.6635,EQL_SWEEP,21,2.6635,False,False,0.3366,499,native,33.94,NORMAL,31.53,27.0,True,300,63.8,TR-UP,CHOCH UP,MIX/HL,LH/MIX,TR-UP,80.6,True,True,498,32,49.7,1789552800000,LOW,2.61,3.08,2.7195,1.74,2,2.6,3.52,2,1,1,2.7195,2.6,HIGH_SWEEP,18,2.712,False,False,0.8491,499,native,64.54,NORMAL,56.31,56.33,True,300,63.4,BULL,BOS UP,MIX/HL,HH/HL,RANGE,74.5,True,True,498,28,65.4,1789257600000,LOW,2.595,1.86,2.9825,6.63,3,2.5975,1.81,2,2,2,2.9825,2.5975,EQH_SWEEP,84,2.9425,False,False,1.6988,27106,72,39.41,115.51,-76.1,-49.12,25.44,6.0,DOWN,17,3,154.92,2.4,60.0,1.0,True,0,0.0,0,0.0,0.0,11.0,0.046,0.048,1.0,0.548,180.16,1018.94,-838.77,-69.95,15.02,5.2,DOWN,112,18,1199.1,8.5,300.0,1.0,True,0,0.0,0,0.0,0.0,30.9,0.145,0.27,1.0,0.91,3156.3,2800.04,356.26,5.98,52.99,61.9,UP,334,66,5956.34,21.0,900.0,1.0,True,1,1225.11,0,0.0,1225.11,48.0,0.296,0.444,1.0,0.97,-130.02,10.73,-61.63,-36.41,2.58,1.0,-29.48,-0.1856,-179.84,-0.7499,-0.9348,NONE,1789670484561,BUY,1225.11,2.680766083150985,1789670820000,ok,1.0,1.0,1.0,continuous,1,4,0,,0,0,0,0,False,677,2.68,2.682,7.46,-3.542,-0.1019,-0.7636,27095.05,33242.08,74.6,1789670934495,1080,False,,,,
2,v2,v1.2,REALF_PY_V4_2_DERIVED,ZPTDIFAT_PY_V1_4_DERIVED,fc-v1,native,,058e38aec59f4c35,20260917_214621,37,ZORA_20260917_214902_319,ZORAUSDT,BINANCE,FUTURES,OUTSIDE100,612,500,1789670942319,2026-09-17T21:49:02.319+03:00,67,True,1789670941906,1789670942319,80.8,1789670880000,1789670939999,True,61.9,0.007721,0.1037,58.4,PRICE AHEAD,True,500,59.0,63.9,52.9,53.3,-0.00631,-1.03,-1.01,0.00135,0.2,0.6,46.0,55.0,-34.8,YOK,11.0,1.0,0.007672413587928648,-0.629,CLV_PROXY_1M,0,0.0,100.0,58.4,58.9,61.4,66.9,-0.5,-3.0,-8.5,-0.00631,0.00024,0.00115,0.001,42.81,46.65,59.64,56.96,-3.84,-16.83,-14.15,36.34,28.0,500,native,42.81,NORMAL,36.34,28.0,True,300,79.1,TR-UP,CHOCH UP,HH/HL,MIX/HL,TR-UP,92.0,True,True,499,25,62.7,1789669380000,LOW,0.007638,7.11,,,,0.007610499999999999,9.46,2,0,2,0.007758,0.007610499999999999,EQL_SWEEP,69,0.0076475,False,False,0.1514,499,native,66.61,NORMAL,58.04,54.67,True,300,28.7,BULL,BOS UP,LH/LL,HH/HL,TR UP,78.8,True,True,498,57,43.3,1789660620000,LOW,0.007562,5.7,,,,,,,0,0,0.007758,0.007612,HIGH_SWEEP,17,0.007699,False,False,0.3616,499,native,72.22,YORGUN,68.36,66.67,True,300,63.4,BULL,BOS UP,HH/MIX,LH/LL,TR UP,74.7,True,True,498,30,81.9,1789661700000,LOW,0.007562,4.2,0.007767,1.22,2,,,,1,0,0.007767,0.007612,EQH_SWEEP,10,0.007767,False,False,0.489,499,native,76.27,YORGUN,74.96,82.33,True,300,91.5,BULL,BOS UP,HH/HL,HH/HL,TR UP,90.1,True,True,498,2,60.9,1789668900000,LOW,0.007562,2.52,,,,,,,0,0,0.007723,0.007562,HIGH_SWEEP,4,0.007723,False,True,0.8156,499,native,76.1,YORGUN,76.46,90.33,True,300,72.6,BEAR,BOS DN,HH/HL,HH/HL,TR DN,82.7,True,True,498,57,59.5,1789462800000,HIGH,0.007987,2.31,0.009008,11.16,2,0.007187,4.63,2,1,1,0.009008,0.007187,LOW_SWEEP,114,0.008102,False,False,1.5046,499,native,58.04,NORMAL,68.24,81.33,True,300,16.9,TR-DN,CHOCH DN,LH/LL,LH/LL,TR-DN,90.3,True,True,498,13,65.9,1789473600000,HIGH,0.008968,4.8,,,,0.0058755000000000005,7.1,2,0,2,0.008336,0.0058755000000000005,HIGH_SWEEP,26,0.008437,False,False,3.4157,1868,375,1013.88,114.82,899.05,79.65,89.83,94.9,UP,37,19,1128.7,3.4,60.0,1.0,True,1,598.22,0,0.0,598.22,22.3,0.064,0.263,1.0,0.969,1396.39,5981.07,-4584.68,-62.14,18.93,5.3,DOWN,204,83,7377.46,11.7,300.0,1.0,True,1,598.22,3,3287.51,-2689.29,40.9,0.189,0.467,1.0,0.994,5561.33,16761.02,-11199.69,-50.17,24.91,5.9,DOWN,743,320,22322.34,45.0,900.0,1.0,True,1,598.22,7,9807.51,-9209.29,63.2,0.474,0.587,1.0,0.998,1046.86,731.61,6742.16,65.79,9.08,1.0,-1163.15,-0.5474,-1180.99,-0.8004,-0.577,NONE,1789670902950,BUY,598.22,0.007719938108142987,1789670820000,ok,1.0,1.0,1.0,continuous,1,24,0,,0,0,0,0,False,34,0.00772,0.007721,1.295,-0.464,0.1175,0.6102,15809.18,12484.43,25.26,1789670940635,1684,False,,,,
2,v2,v1.2,REALF_PY_V4_2_DERIVED,ZPTDIFAT_PY_V1_4_DERIVED,fc-v1,native,,058e38aec59f4c35,20260917_214621,38,TNSR_20260917_214906_391,TNSRUSDT,BINANCE,FUTURES,OUTSIDE100,738,200,1789670946391,2026-09-17T21:49:06.391+03:00,67,True,1789670945804,1789670946391,81.5,1789670940000,1789670999999,False,5.8,0.03464,-0.0577,47.3,FAIR (DENGE),True,500,48.0,37.4,56.9,50.0,0.00419,1.33,0.26,0.00096,0.323,0.01,5.3,60.0,46.4,YOK,19.5,0.489,0.0347854741704042,0.42,CLV_PROXY_1M,0,0.0267,97.3,47.3,50.5,33.7,40.0,-3.2,13.6,7.3,0.00419,0.0005,-0.0019,-0.00246,79.49,77.52,62.73,57.17,1.97,16.76,22.32,82.13,88.67,500,native,79.49,YORGUN,82.13,88.67,True,300,77.0,BULL,BOS UP,MIX/HL,HH/HL,EXP UP,77.4,True,True,499,2,74.3,1789670820000,LOW,0.03443,4.66,,,,,,,0,0,0.03457,0.03443,HIGH_SWEEP,3,0.03457,False,False,0.1301,499,native,58.41,NORMAL,70.22,75.33,True,300,89.0,BULL,BOS UP,HH/HL,LH/LL,RANGE,89.5,True,True,498,12,100.0,1789668720000,LOW,0.03437,3.2,,,,,,,0,0,0.03473,0.03438,HIGH_SWEEP,10,0.03459,False,False,0.2434,499,native,43.61,NORMAL,68.18,66.67,True,300,32.0,TR-DN,CHOCH DN,MIX/LL,HH/MIX,TR-DN,72.3,True,True,498,2,39.5,1789670100000,HIGH,0.03473,0.72,0.034725,0.67,2,,,,1,0,0.034725,0.03437,HIGH_SWEEP,6,0.03472,False,False,0.2809,499,native,64.63,NORMAL,63.05,73.33,True,300,75.3,BULL,BOS UP,HH/MIX,HH/MIX,RANGE,78.3,True,True,498,8,57.1,1789663500000,LOW,0.03405,3.65,,,,,,,0,0,0.03472,0.03405,HIGH_SWEEP,11,0.03461,False,False,0.4676,499,native,59.57,NORMAL,64.93,78.67,True,300,78.7,TR-UP,CHOCH UP,HH/HL,HH/HL,TR-UP,83.9,True,True,498,19,66.2,1789599600000,LOW,0.03258,5.49,,,,,,,0,0,0.03539,0.03405,LOW_SWEEP,24,0.03304,False,False,1.0868,499,native,66.65,NORMAL,72.1,82.0,True,300,32.5,BULL,BOS UP,LH/LL,HH/MIX,RANGE,83.9,True,True,498,28,28.1,1789257600000,LOW,0.033,2.1,0.037065,3.1,2,0.029225,6.92,2,1,1,0.037065,0.029225,EQH_SWEEP,56,0.037065,False,False,2.2634,5937,176,1063.0,20.85,1042.15,96.15,98.08,95.0,UP,23,14,1083.85,7.0,60.0,1.0,True,2,1029.27,0,0.0,1029.27,28.5,0.122,0.259,1.0,0.901,7763.62,2241.32,5522.31,55.2,77.6,94.4,UP,190,76,10004.94,29.0,300.0,1.0,True,10,7276.98,3,1472.93,5804.06,54.3,0.367,0.5,1.0,0.98,13550.74,6725.68,6825.05,33.66,66.83,91.0,UP,414,160,20276.42,47.2,900.0,1.0,True,18,12378.98,4,4716.67,7662.3,63.5,0.486,0.577,1.0,0.993,-3690.38,1042.15,3813.97,17.13,2.49,1.0,2126.65,0.6384,1165.39,0.5824,0.8736,NONE,1789670937396,BUY,615.36,0.03466532597245303,1789670820000,ok,1.0,1.0,1.0,continuous,1,33,0,,0,0,0,0,False,69,0.03464,0.03466,5.772,-0.395,-0.0464,0.2489,12759.74,14000.41,57.72,1789670944805,1586,False,,,,
2,v2,v1.2,REALF_PY_V4_2_DERIVED,ZPTDIFAT_PY_V1_4_DERIVED,fc-v1,native,,058e38aec59f4c35,20260917_214621,39,VELVET_20260917_214909_572,VELVETUSDT,BINANCE,FUTURES,OUTSIDE100,761,200,1789670949572,2026-09-17T21:49:09.572+03:00,67,True,1789670949572,1789670949572,81.5,1789670940000,1789670999999,False,9.6,0.05825,-0.0343,51.6,FAIR (DENGE),True,500,51.4,52.7,51.4,50.0,-0.00356,-0.77,-1.13,0.00623,0.62,0.04,0.3,55.0,11.5,YOK,1.4,1.0,0.05804320551717106,-0.355,CLV_PROXY_1M,0,0.0,100.0,51.6,50.3,51.1,42.6,1.3,0.5,9.0,-0.00356,0.00036,0.00064,-0.00249,28.6,28.37,40.49,49.22,0.23,-11.89,-20.62,32.05,22.33,500,native,28.6,DINLENMIS,32.05,22.33,True,300,40.5,TR-DN,CHOCH DN,MIX/HL,LH/LL,TR-DN,75.1,True,True,499,2,88.7,1789670820000,HIGH,0.05878,2.37,0.059495,5.56,2,,,,1,0,0.059495,0.05827,LOW_SWEEP,28,0.05838,False,False,0.3845,499,native,47.08,NORMAL,44.14,31.33,True,300,82.5,BULL,BOS UP,HH/HL,HH/MIX,RANGE,91.0,True,True,498,20,48.3,1789667280000,LOW,0.05702,2.78,,,,0.05588,5.35,2,0,2,0.0589,0.05588,HIGH_SWEEP,14,0.05863,False,False,0.7642,499,native,60.21,NORMAL,59.53,47.67,True,300,63.8,BULL,BOS UP,MIX/HL,HH/HL,RANGE,76.3,True,True,498,31,47.0,1789661400000,LOW,0.05666,2.83,,,,0.0515,11.88,2,0,1,0.0589,0.0515,HIGH_SWEEP,30,0.05796,False,False,0.9722,499,native,62.78,NORMAL,57.19,62.0,True,300,87.6,BULL,BOS UP,HH/HL,MIX/HL,EXP UP,93.1,True,True,498,9,42.5,1789662600000,LOW,0.05433,3.94,,,,0.0515,6.78,3,0,1,0.06014,0.0515,HIGH_SWEEP,7,0.05886,False,False,1.7023,499,native,77.41,YORGUN,72.69,80.33,True,300,74.0,BULL,BOS UP,HH/MIX,HH/HL,TR UP,70.9,True,True,498,2,40.8,1789660800000,LOW,0.0494,5.18,,,,,,,0,0,0.05886,0.0494,HIGH_SWEEP,1,0.05886,True,False,2.9455,499,native,85.83,ASIRI,93.75,96.67,True,300,46.9,BEAR,BOS DN,MIX/HL,MIX/HL,SQZ,65.7,True,True,498,13,34.6,1789473600000,HIGH,0.0633,1.93,,,,,,,0,0,0.0536,0.0494,HIGH_SWEEP,3,0.0536,False,False,4.5377,4011,1066,26124.23,1915.44,24208.79,86.34,93.17,95.0,UP,133,64,28039.68,1.7,60.0,1.0,True,3,25149.22,2,770.09,24379.13,22.1,0.034,0.612,1.0,0.933,48532.51,35599.77,12932.74,15.37,57.69,77.2,UP,967,413,84132.28,13.5,300.0,1.0,True,24,43349.3,26,30471.62,12877.68,48.9,0.212,0.731,1.0,0.987,68125.84,56721.4,11404.44,9.13,54.57,67.7,UP,2147,947,124847.25,29.0,900.0,1.0,True,42,55774.84,47,44555.77,11219.07,62.0,0.367,0.774,1.0,0.996,39292.77,23083.15,27781.47,68.39,16.11,1.0,645.18,0.0295,266.95,0.0159,0.3576,NONE,1789670936719,SELL,501.85,0.05828,1789670820000,ok,1.0,1.0,1.0,continuous,1,137,0,,0,0,0,0,False,103,0.05828,0.05829,1.716,-0.254,0.0797,-0.2201,17072.35,14551.7,33.46,1789670949091,481,False,,FATIGUE_RESTED_1M|AGGRESSIVE_BUYER,,
2,v2,v1.2,REALF_PY_V4_2_DERIVED,ZPTDIFAT_PY_V1_4_DERIVED,fc-v1,native,,058e38aec59f4c35,20260917_214621,40,ZKC_20260917_214912_905,ZKCUSDT,BINANCE,FUTURES,OUTSIDE100,1142,200,1789670952905,2026-09-17T21:49:12.905+03:00,67,True,1789670952657,1789670952905,81.2,1789670940000,1789670999999,False,12.7,0.03779,0.0,47.6,FAIR (DENGE),True,500,48.0,38.5,56.9,50.0,0.0024,2.07,1.18,0.00073,0.314,0.0,0.3,75.0,40.2,YOK,18.4,0.462,0.037880969022815784,0.241,CLV_PROXY_1M,0,0.0033,99.7,47.6,48.4,40.4,37.8,-0.8,7.2,9.8,0.0024,6e-05,-0.00065,-0.00145,85.23,83.33,73.45,56.71,1.9,11.78,28.52,88.09,93.33,500,native,85.23,ASIRI,88.09,93.33,True,300,69.3,TR-UP,CHOCH UP,HH/MIX,LH/LL,TR-UP,74.7,True,True,499,1,50.2,1789670880000,LOW,0.03757,4.95,,,,,,,0,0,0.03777,0.03757,HIGH_SWEEP,3,0.03777,False,False,0.1176,499,native,63.23,NORMAL,89.87,95.0,True,300,29.3,BULL,BOS UP,LH/LL,LH/LL,SQZ,77.1,True,True,498,45,86.7,1789662780000,LOW,0.03751,3.88,,,,0.03749,4.15,2,0,1,0.03777,0.03749,HIGH_SWEEP,54,0.03769,False,False,0.1912,499,native,40.82,NORMAL,60.72,63.67,True,300,57.8,BULL,BOS UP,MIX/HL,LH/LL,RANGE,66.6,True,True,498,55,72.5,1789654200000,LOW,0.03729,4.87,,,,,,,0,0,0.03777,0.0376,LOW_SWEEP,2,0.0376,False,False,0.2617,499,native,51.28,NORMAL,51.08,65.67,True,300,65.0,TR-UP,CHOCH UP,MIX/HL,MIX/HL,SQZ,71.5,True,True,498,18,44.0,1789654500000,LOW,0.03718,3.15,0.049025,58.1,2,0.037065,3.75,2,1,1,0.049025,0.037065,LOW_SWEEP,105,0.03752,False,False,0.5132,499,native,50.95,NORMAL,55.98,67.33,True,300,58.0,BEAR,BOS DN,MIX/HL,MIX/HL,RANGE,64.9,True,True,498,41,61.2,1789520400000,HIGH,0.04772,18.4,0.05792,37.3,2,,,,1,0,0.05792,0.03718,LOW_SWEEP,26,0.03718,False,False,1.4314,499,native,29.16,DINLENMIS,38.15,40.67,True,300,14.9,BEAR,BOS DN,LH/LL,LH/MIX,TR DN,87.8,True,True,498,15,73.5,1789444800000,HIGH,0.04904,8.29,,,,0.036074999999999996,1.26,2,0,1,0.04772,0.036074999999999996,HIGH_SWEEP,23,0.04757,False,False,3.6131,2625,448,416.53,187.7,228.83,37.87,68.94,92.2,UP,37,30,604.23,14.8,60.0,1.0,True,0,0.0,0,0.0,0.0,33.8,0.228,0.195,1.0,0.956,10607.95,2647.27,7960.67,60.06,80.03,94.6,UP,309,139,13255.22,25.1,300.0,1.0,True,11,9106.42,3,1796.49,7309.94,53.3,0.335,0.531,1.0,0.991,21359.05,9713.4,11645.65,37.48,68.74,92.1,UP,831,398,31072.44,64.4,900.0,1.0,True,26,16539.61,7,5937.37,10602.23,68.9,0.563,0.623,1.0,0.997,-782.73,203.46,128.69,-23.32,0.74,1.0,2120.59,0.5484,1929.78,0.7279,0.5446,NONE,1789670863692,BUY,257.03,0.03776,1789670880000,ok,1.0,1.0,1.0,continuous,1,37,0,,0,0,0,0,False,137,0.03777,0.03779,5.294,-2.166,-0.1596,-0.3871,15920.17,21968.97,52.94,1789670951994,911,False,,FATIGUE_EXTREME,,
2,v2,v1.2,REALF_PY_V4_2_DERIVED,ZPTDIFAT_PY_V1_4_DERIVED,fc-v1,native,,058e38aec59f4c35,20260917_214621,41,ETH_20260917_214920_037,ETHUSDT,BINANCE,FUTURES,TOP100,2,75000,1789670960037,2026-09-17T21:49:20.037+03:00,67,True,1789670959014,1789670960037,81.8,1789670940000,1789670999999,False,19.0,2456.56,0.0094,57.8,FAIR (DENGE),True,500,61.0,54.5,58.5,50.2,-0.00093,0.78,0.15,0.00082,0.626,0.13,0.7,55.0,-11.4,YOK,6.6,1.0,2454.2818578347924,-0.093,CLV_PROXY_1M,0,0.0,100.0,57.8,58.7,56.7,58.9,-0.9,1.1,-1.1,-0.00093,-7e-05,-0.00043,-0.00076,59.88,55.07,48.0,36.44,4.81,11.88,23.44,68.02,78.33,500,native,59.88,NORMAL,68.02,78.33,True,300,19.4,BEAR,BOS DN,LH/LL,LH/LL,TR DN,90.7,True,True,499,25,67.5,1789669440000,HIGH,2462.33,3.06,,,,,,,0,0,2462.33,2448.48,LOW_SWEEP,23,2460.13,False,False,0.0768,499,native,29.6,DINLENMIS,45.29,47.33,True,300,14.9,TR-DN,CHOCH DN,LH/LL,LH/LL,TR-DN,85.6,True,True,498,4,67.0,1789670160000,HIGH,2462.33,1.67,,,,,,,0,0,2462.33,2458.12,HIGH_SWEEP,28,2475.2,False,False,0.1409,499,native,23.83,DINLENMIS,36.6,27.67,True,300,56.4,BULL,BOS UP,MIX/HL,LH/LL,RANGE,70.7,True,True,498,82,76.9,1789646100000,LOW,2428.88,5.54,,,,2365.835,18.17,2,0,1,2462.33,2365.835,HIGH_SWEEP,55,2479.44,False,False,0.2034,499,native,34.08,NORMAL,27.86,20.0,True,300,65.9,BULL,BOS UP,MIX/HL,MIX/HL,RANGE,76.7,True,True,498,27,66.0,1789646400000,LOW,2435.9,2.01,,,,,,,0,0,2476.4,2453.68,LOW_SWEEP,1,2453.68,True,False,0.4189,499,native,77.87,YORGUN,64.8,70.0,True,300,71.4,BEAR,BOS DN,HH/HL,HH/HL,TR DN,79.3,True,True,498,53,44.7,1789477200000,HIGH,2614.99,7.32,,,,,,,0,0,2453.33,2426.52,EQH_SWEEP,17,2429.45,False,False,0.8791,499,native,52.47,NORMAL,61.94,66.67,True,300,50.9,TR-DN,CHOCH DN,MIX/HL,HH/HL,TR-DN,70.6,True,True,498,11,32.7,1789502400000,HIGH,2614.99,3.86,,,,1862.655,14.48,2,0,2,2614.99,1862.655,HIGH_SWEEP,35,2522.75,False,False,1.6617,-94,2972,2015039.07,1225630.35,789408.72,24.36,62.18,86.1,UP,2253,490,3240669.41,15.6,60.0,1.0,True,5,1239074.36,3,939474.7,299599.67,56.3,0.238,1.0,1.0,1.0,8590256.31,8209710.96,380545.35,2.27,51.13,54.6,FLAT,12407,2762,16799967.28,144.3,300.0,1.0,True,22,3899595.89,29,5072687.3,-1173091.41,88.8,0.743,1.0,1.0,1.0,9954097.25,8787123.45,1166973.8,6.23,53.11,62.4,UP,13543,2971,18741220.7,162.8,345.3,0.3837,False,27,4572997.19,31,5463374.29,-890377.09,74.2,0.765,1.0,0.384,1.0,1242923.88,2980.27,,27.83,-0.09,0.317,-678596.17,-0.1679,-135667.66,-0.0404,,,1789670950353,SELL,134744.53,2456.69,1789670880000,ok,1.0,1.0,1.0,continuous,1,589,0,,0,0,0,0,False,171,2456.82,2456.83,0.041,-0.006,-0.2512,-0.3093,203571.88,340158.89,0.79,1789670958668,1369,False,,,,
2,v2,v1.2,REALF_PY_V4_2_DERIVED,ZPTDIFAT_PY_V1_4_DERIVED,fc-v1,native,,058e38aec59f4c35,20260917_214621,42,BNB_20260917_214923_313,BNBUSDT,BINANCE,FUTURES,TOP100,4,25000,1789670963313,2026-09-17T21:49:23.313+03:00,67,True,1789670963134,1789670963313,81.5,1789670940000,1789670999999,False,23.1,728.5,0.0206,53.4,FAIR (DENGE),True,500,54.7,49.5,56.8,50.1,5e-05,0.1,-0.38,0.00041,0.572,0.13,1.0,60.0,-18.8,YOK,7.3,0.936,728.5366273431215,0.005,CLV_PROXY_1M,0,0.0,100.0,53.4,53.3,55.1,52.4,0.1,-1.7,1.0,5e-05,-0.00016,-0.0001,-0.00035,47.12,43.31,41.94,35.05,3.81,5.18,12.07,55.42,57.33,500,native,47.12,NORMAL,55.42,57.33,True,300,42.2,BEAR,BOS DN,HH/MIX,LH/LL,TR DN,78.3,True,True,499,16,100.0,1789669980000,HIGH,729.98,6.16,,,,727.475,4.26,2,0,1,729.98,727.475,HIGH_SWEEP,29,729.81,False,False,0.033,499,native,23.42,DINLENMIS,31.23,28.33,True,300,37.6,BEAR,BOS DN,MIX/HL,HH/MIX,RANGE,75.2,True,True,498,5,86.3,1789669980000,HIGH,729.98,2.9,,,,724.995,6.86,2,0,1,729.98,724.995,HIGH_SWEEP,26,730.49,False,False,0.0701,499,native,23.25,DINLENMIS,28.22,14.67,True,300,40.9,BEAR,BOS DN,MIX/HL,HH/HL,RANGE,71.8,True,True,498,3,50.6,1789669800000,HIGH,730.89,3.13,,,,718.6600000000001,12.88,2,0,1,729.98,718.6600000000001,HIGH_SWEEP,217,727.51,False,False,0.1049,499,native,56.07,NORMAL,46.09,34.67,True,300,86.3,BULL,BOS UP,HH/HL,HH/HL,SQZ,86.6,True,True,498,6,37.3,1789665300000,LOW,724.99,2.02,,,,,,,0,0,730.89,724.99,HIGH_SWEEP,7,730.21,False,False,0.2384,499,native,71.37,NORMAL,70.32,77.0,True,300,65.4,TR-UP,CHOCH UP,HH/MIX,HH/MIX,TR-UP,76.7,True,True,498,23,52.6,1789585200000,LOW,704.34,5.78,,,,,,,0,0,732.95,721.24,HIGH_SWEEP,6,729.58,False,False,0.5726,499,native,72.35,YORGUN,78.47,84.67,True,300,41.6,BULL,BOS UP,LH/LL,HH/MIX,RANGE,86.1,True,True,498,1,31.3,1789646400000,LOW,704.34,2.74,,,,,,,0,0,725.94,704.34,HIGH_SWEEP,3,725.94,False,False,1.2108,247,1322,69134.92,3700.13,65434.8,89.84,94.92,95.0,UP,302,85,72835.05,9.6,60.0,1.0,True,0,0.0,0,0.0,0.0,43.6,0.161,0.716,1.0,0.996,456260.66,646948.85,-190688.2,-17.28,41.36,20.5,DOWN,2513,529,1103209.51,30.8,300.0,1.0,True,2,182033.82,4,443119.22,-261085.4,68.0,0.381,1.0,1.0,0.999,1135271.97,1080918.69,54353.28,2.45,51.23,55.0,FLAT,6901,1322,2216190.65,96.4,739.7,0.8219,False,6,422674.27,7,554511.19,-131836.91,81.4,0.658,1.0,0.822,1.0,31036.0,37109.15,,30.18,1.29,0.7552,-13940.8,-0.1023,-61876.0,-0.2804,-0.0807,NONE,1789670800369,SELL,37295.98,728.5794412971285,1789670880000,ok,1.0,1.0,1.0,continuous,1,111,0,,0,0,0,0,False,210,728.49,728.5,0.137,0.016,-0.053,0.3905,141737.4,157610.61,2.68,1789670962780,533,False,,AGGRESSIVE_BUYER,,
2,v2,v1.2,REALF_PY_V4_2_DERIVED,ZPTDIFAT_PY_V1_4_DERIVED,fc-v1,native,,058e38aec59f4c35,20260917_214621,43,XRP_20260917_214926_929,XRPUSDT,BINANCE,FUTURES,TOP100,5,25000,1789670966929,2026-09-17T21:49:26.929+03:00,67,True,1789670966869,1789670966929,81.8,1789670940000,1789670999999,False,26.9,1.2972,0.0154,61.1,PRICE AHEAD,True,500,66.2,54.7,62.8,50.2,-0.00114,0.63,-0.26,0.00092,0.552,0.13,0.3,50.0,-20.2,YOK,11.5,1.0,1.2957183989405554,-0.114,CLV_PROXY_1M,0,0.0,100.0,61.1,61.0,59.0,54.4,0.1,2.1,6.7,-0.00114,-3e-05,-0.00037,-0.00114,58.49,54.18,49.04,39.76,4.31,9.45,18.73,65.18,76.33,500,native,58.49,NORMAL,65.18,76.33,True,300,10.9,BEAR,BOS DN,LH/LL,LH/LL,TR DN,95.4,True,True,499,10,57.8,1789670340000,HIGH,1.2998,2.39,,,,,,,0,0,1.2998,1.2934,LOW_SWEEP,9,1.294,False,False,0.0839,499,native,29.02,DINLENMIS,42.79,48.67,True,300,56.1,BULL,BOS UP,MIX/HL,LH/LL,SQZ,68.3,True,True,498,92,46.8,1789654320000,LOW,1.2888,4.4,,,,1.2744499999999999,11.91,2,0,1,1.3,1.2744499999999999,HIGH_SWEEP,91,1.3087,False,False,0.1474,499,native,23.36,DINLENMIS,36.0,30.0,True,300,57.5,BULL,BOS UP,MIX/HL,MIX/HL,RANGE,67.6,True,True,498,53,54.0,1789654800000,LOW,1.2888,2.95,,,,,,,0,0,1.3086,1.2979,HIGH_SWEEP,51,1.3151,False,False,0.2198,499,native,29.9,DINLENMIS,25.86,21.33,True,300,43.3,BEAR,BOS DN,MIX/HL,MIX/HL,RANGE,71.9,True,True,498,1,36.1,1789669800000,HIGH,1.3086,1.9,,,,,,,0,0,1.3086,1.2979,HIGH_SWEEP,17,1.3151,False,False,0.463,499,native,56.43,NORMAL,35.5,34.0,True,300,54.5,BEAR,BOS DN,MIX/HL,HH/HL,RANGE,72.1,True,True,498,29,35.2,1789563600000,HIGH,1.312,1.04,,,,,,,0,0,1.3096,1.2888,HIGH_SWEEP,6,1.3096,False,False,1.0981,499,native,34.97,NORMAL,38.99,38.33,True,300,45.9,TR-DN,CHOCH DN,HH/MIX,HH/MIX,TR-DN,75.8,True,True,498,12,73.1,1789488000000,HIGH,1.4916,5.72,1.5507,7.46,2,0.98775,9.11,2,1,1,1.5507,0.98775,EQH_SWEEP,54,1.43175,False,False,2.598,21,1469,158050.82,27582.49,130468.33,70.28,85.14,94.8,UP,715,121,185633.31,14.7,60.0,1.0,True,1,25984.03,0,0.0,25984.03,52.1,0.228,0.817,1.0,1.0,1308788.84,1716872.45,-408083.62,-13.49,43.26,25.4,DOWN,5683,732,3025661.29,46.9,300.0,1.0,True,11,471037.39,15,1278111.54,-807074.16,74.8,0.484,1.0,1.0,1.0,3095522.44,2433817.63,661704.81,11.97,55.98,72.3,UP,10942,1469,5529340.07,113.4,601.4,0.6682,False,28,1435330.61,21,1512130.29,-76799.68,79.7,0.694,1.0,0.668,1.0,135393.58,-87446.96,,35.96,-1.71,0.6015,-223383.58,-0.2892,-148745.18,-0.2458,0.5376,DOWN,1789670951613,BUY,25984.03,1.2971,1789670880000,ok,1.0,1.0,1.0,continuous,1,154,0,,0,0,0,0,False,244,1.2971,1.2972,0.771,0.239,-0.1065,0.3209,1301007.18,1611175.98,15.03,1789670966119,810,False,,AGGRESSIVE_BUYER,,
2,v2,v1.2,REALF_PY_V4_2_DERIVED,ZPTDIFAT_PY_V1_4_DERIVED,fc-v1,native,,058e38aec59f4c35,20260917_214621,44,DOGE_20260917_214931_103,DOGEUSDT,BINANCE,FUTURES,TOP100,12,15000,1789670971103,2026-09-17T21:49:31.103+03:00,67,True,1789670971103,1789670971103,82.7,1789670940000,1789670999999,False,31.1,0.08158,0.0,68.1,PRICE AHEAD,True,500,72.9,71.0,61.9,51.3,-0.00549,0.3,-0.19,0.00082,0.584,0.16,5.7,50.0,-32.9,YOK,11.0,1.0,0.08113295540958583,-0.548,CLV_PROXY_1M,0,0.0,100.0,68.1,69.5,72.9,76.0,-1.4,-4.8,-7.9,-0.00549,-5e-05,-8e-05,-0.0003,57.48,54.92,49.56,37.82,2.56,7.92,19.66,61.64,67.67,500,native,57.48,NORMAL,61.64,67.67,True,300,15.6,TR-DN,CHOCH DN,LH/LL,LH/LL,TR-DN,92.9,True,True,499,15,87.8,1789670040000,HIGH,0.08178,2.8,0.0818,3.08,2,,,,1,0,0.0818,0.08131,LOW_SWEEP,42,0.08167,False,False,0.0876,499,native,32.26,NORMAL,43.98,45.67,True,300,12.0,BEAR,BOS DN,LH/LL,MIX/LL,TR DN,87.5,True,True,498,5,49.0,1789669980000,HIGH,0.08179,1.66,,,,,,,0,0,0.08179,0.08159,LOW_SWEEP,23,0.08196,False,False,0.1552,499,native,25.95,DINLENMIS,37.92,29.0,True,300,43.6,TR-DN,CHOCH DN,MIX/HL,LH/LL,TR-DN,74.7,True,True,498,2,70.3,1789670100000,HIGH,0.08226,3.65,,,,0.07986,9.24,2,0,1,0.08179,0.07986,HIGH_SWEEP,19,0.08206,False,False,0.2282,499,native,41.64,NORMAL,32.76,30.67,True,300,68.7,BULL,BOS UP,MIX/HL,HH/HL,RANGE,74.0,True,True,498,19,56.8,1789653600000,LOW,0.08054,2.91,,,,0.080555,2.86,2,0,1,0.08226,0.080555,HIGH_SWEEP,17,0.08179,False,False,0.4389,499,native,76.77,YORGUN,65.81,75.67,True,300,85.2,BULL,BOS UP,HH/HL,HH/HL,RANGE,85.8,True,True,498,10,49.0,1789632000000,LOW,0.07828,4.42,,,,,,,0,0,0.08134,0.08054,HIGH_SWEEP,9,0.08134,False,False,0.9131,499,native,52.61,NORMAL,58.6,70.0,True,300,46.4,BEAR,BOS DN,HH/MIX,HH/MIX,TR DN,73.2,True,True,498,13,26.7,1789473600000,HIGH,0.08616,3.08,,,,0.07835,2.18,2,0,1,0.08616,0.07835,HIGH_SWEEP,17,0.08534,False,False,1.8121,235,1239,45214.75,26189.45,19025.3,26.64,63.32,87.7,UP,338,65,71404.2,9.1,60.0,1.0,True,0,0.0,0,0.0,0.0,42.7,0.154,0.713,1.0,0.996,459103.05,487621.09,-28518.04,-3.01,48.49,43.9,DOWN,2850,395,946724.14,47.3,300.0,1.0,True,9,179981.63,9,309550.72,-129569.08,74.8,0.486,0.994,1.0,0.999,1675912.28,1845282.08,-169369.8,-4.81,47.59,40.3,DOWN,8296,1239,3521194.36,107.9,769.9,0.8554,False,33,967940.58,28,1267377.29,-299436.71,83.2,0.683,1.0,0.855,1.0,-18336.72,-61196.93,,-33.32,-3.21,0.7888,-77135.93,-0.3743,-29701.75,-0.1569,0.804,DOWN,1789670876139,BUY,15754.83,0.08154,1789670880000,ok,1.0,1.0,1.0,continuous,1,85,0,,0,0,0,0,False,358,0.08158,0.08159,1.226,0.308,0.1093,0.2325,938362.87,753413.57,23.9,1789670969787,1316,False,,,,
2,v2,v1.2,REALF_PY_V4_2_DERIVED,ZPTDIFAT_PY_V1_4_DERIVED,fc-v1,native,,058e38aec59f4c35,20260917_214621,45,LINK_20260917_214934_611,LINKUSDT,BINANCE,FUTURES,TOP100,17,10000,1789670974611,2026-09-17T21:49:34.611+03:00,67,True,1789670974184,1789670974611,82.6,1789670940000,1789670999999,False,34.2,11.346,-0.0088,60.5,PRICE AHEAD,True,500,64.6,56.9,61.1,50.1,-0.0022,0.2,-0.42,0.0012,0.607,0.05,0.3,50.0,-24.2,YOK,7.7,1.0,11.321022841963558,-0.22,CLV_PROXY_1M,0,0.0,100.0,60.5,61.0,61.7,59.8,-0.5,-1.2,0.7,-0.0022,0.00019,-6e-05,-0.00088,57.7,54.75,51.3,41.15,2.95,6.4,16.55,63.13,68.0,500,native,57.7,NORMAL,63.13,68.0,True,300,45.0,BEAR,BOS DN,HH/MIX,MIX/HL,RANGE,74.8,True,True,499,15,75.5,1789670040000,HIGH,11.379,2.58,,,,11.14,16.09,2,0,1,11.379,11.14,HIGH_SWEEP,18,11.358,False,False,0.1128,499,native,37.57,NORMAL,50.13,50.67,True,300,61.5,BULL,BOS UP,HH/MIX,HH/MIX,RANGE,72.9,True,True,498,34,60.7,1789664760000,LOW,11.302,1.92,,,,11.100999999999999,10.67,2,0,1,11.379,11.100999999999999,EQL_SWEEP,5,11.335,False,False,0.2026,499,native,30.58,NORMAL,43.39,30.67,True,300,81.9,BULL,BOS UP,HH/HL,HH/MIX,RANGE,89.1,True,True,498,20,47.6,1789664700000,LOW,11.302,1.35,,,,,,,0,0,11.428,11.302,HIGH_SWEEP,19,11.406,False,False,0.2879,499,native,49.37,NORMAL,42.57,39.67,True,300,70.9,BULL,BOS UP,MIX/HL,HH/HL,RANGE,77.0,True,True,498,19,61.0,1789653600000,LOW,11.089,4.05,11.428,1.29,2,11.0905,4.02,2,1,1,11.428,11.0905,HIGH_SWEEP,17,11.34,False,False,0.5598,499,native,83.45,ASIRI,78.89,88.33,True,300,54.7,BEAR,BOS DN,MIX/HL,HH/HL,TR DN,70.8,True,True,498,35,42.9,1789542000000,HIGH,11.501,1.22,12.7855,11.35,2,,,,1,0,12.7855,11.089,LOW_SWEEP,25,10.67,False,False,1.1169,499,native,57.85,NORMAL,68.08,74.33,True,300,16.6,BEAR,BOS DN,LH/LL,HH/MIX,RANGE,86.2,True,True,498,12,24.8,1789488000000,HIGH,11.961,2.49,,,,8.062,13.28,2,0,1,11.961,8.062,EQH_SWEEP,80,12.035499999999999,False,False,2.1745,3003,1032,4152.2,8815.15,-4662.94,-35.96,32.02,8.3,DOWN,121,27,12967.35,3.7,60.0,1.0,True,0,0.0,0,0.0,0.0,28.2,0.069,0.528,1.0,0.95,205160.75,321587.0,-116426.24,-22.1,38.95,15.6,DOWN,1789,299,526747.75,66.9,300.0,1.0,True,2,52474.54,6,168880.4,-116405.87,78.2,0.572,0.93,1.0,0.99,626523.55,674305.36,-47781.81,-3.67,48.16,42.6,DOWN,5033,836,1300828.91,197.6,900.0,1.0,True,12,225441.93,11,259059.77,-33617.84,91.3,0.798,1.0,1.0,0.997,-46981.35,-11415.12,116061.74,-36.72,-1.31,1.0,-37897.13,-0.2721,-32452.47,-0.308,0.2367,DOWN,1789670870552,BUY,40068.87,11.33454638752401,1789670880000,ok,1.0,1.0,1.0,continuous,1,40,0,,0,0,0,0,False,392,11.345,11.346,0.881,-0.055,-0.2412,0.0022,173201.75,283337.82,17.19,1789670973724,887,False,,,,
2,v2,v1.2,REALF_PY_V4_2_DERIVED,ZPTDIFAT_PY_V1_4_DERIVED,fc-v1,native,,058e38aec59f4c35,20260917_214621,46,ADA_20260917_214937_876,ADAUSDT,BINANCE,FUTURES,TOP100,19,10000,1789670977876,2026-09-17T21:49:37.876+03:00,67,True,1789670977872,1789670977876,82.6,1789670940000,1789670999999,False,37.9,0.2018,0.0496,57.4,FAIR (DENGE),True,500,61.0,53.8,57.3,50.5,-0.00163,0.73,-0.13,0.0015,0.625,0.21,3.7,35.0,-1.8,YOK,7.3,1.0,0.20147155103839715,-0.163,CLV_PROXY_1M,0,0.0,100.0,57.4,57.6,59.8,54.5,-0.2,-2.4,2.9,-0.00163,-0.00015,-0.00045,-0.00164,60.1,55.31,50.71,41.58,4.79,9.39,18.52,69.4,75.67,500,native,60.1,NORMAL,69.4,75.67,True,300,25.5,BEAR,BOS DN,MIX/LL,LH/LL,TR DN,82.2,True,True,499,15,79.1,1789670040000,HIGH,0.2022,1.45,0.2022,1.45,2,,,,2,0,0.2022,0.2009,LOW_SWEEP,134,0.2016,False,False,0.1366,499,native,25.08,DINLENMIS,39.25,28.67,True,300,12.9,BEAR,BOS DN,LH/LL,MIX/LL,TR DN,88.0,True,True,498,5,36.4,1789669980000,HIGH,0.203,2.73,,,,,,,0,0,0.2022,0.2016,LOW_SWEEP,19,0.2021,False,True,0.2364,499,native,22.26,DINLENMIS,35.89,21.33,True,300,67.4,BULL,BOS UP,MIX/HL,LH/LL,RANGE,73.0,True,True,498,21,65.2,1789664400000,LOW,0.2008,1.56,,,,0.1903,17.93,2,0,1,0.203,0.1903,HIGH_SWEEP,19,0.2028,False,False,0.3182,499,native,44.99,NORMAL,35.99,33.33,True,300,71.8,BULL,BOS UP,MIX/HL,HH/HL,RANGE,79.0,True,True,498,18,79.1,1789654500000,LOW,0.1972,3.57,,,,0.1972,3.57,2,0,2,0.2033,0.1972,HIGH_SWEEP,16,0.2022,False,False,0.625,499,native,85.62,ASIRI,76.39,89.0,True,300,49.9,TR-UP,CHOCH UP,MIX/LL,HH/HL,TR-UP,79.1,True,True,498,12,61.8,1789624800000,LOW,0.1901,4.76,,,,,,,0,0,0.1973,0.1901,EQH_SWEEP,17,0.19690000000000002,False,False,1.2131,499,native,53.13,NORMAL,63.47,76.33,True,300,16.5,BEAR,BOS DN,LH/LL,LH/LL,RANGE,83.9,True,True,498,12,45.7,1789488000000,HIGH,0.2159,2.91,,,,,,,0,0,0.2159,0.1901,LOW_SWEEP,49,0.2148,False,False,2.414,-139,901,23384.21,356.98,23027.23,96.99,98.5,95.0,UP,162,56,23741.19,2.1,60.0,1.0,True,1,15747.32,0,0.0,15747.32,23.8,0.041,0.594,1.0,1.0,199850.82,193545.4,6305.42,1.6,50.8,53.3,FLAT,1428,231,393396.22,16.1,300.0,1.0,True,6,115462.28,5,151991.83,-36529.56,55.1,0.244,0.899,1.0,1.0,729974.2,704868.02,25106.17,1.75,50.87,53.6,FLAT,4540,771,1434842.22,20.8,900.0,1.0,True,19,502383.99,13,551540.62,-49156.62,61.3,0.294,1.0,1.0,1.0,-25806.95,-415.27,142299.06,1.76,-0.04,1.0,-6642.05,-0.0678,-3407.04,-0.0433,0.4642,DOWN,1789670947957,BUY,15747.32,0.2017,1789670880000,ok,1.0,1.0,1.0,continuous,1,73,0,,0,0,0,0,False,427,0.2017,0.2018,4.957,-1.095,0.0836,-0.3376,2495254.7,2110407.24,96.65,1789670977311,565,False,,AGGRESSIVE_BUYER,,
2,v2,v1.2,REALF_PY_V4_2_DERIVED,ZPTDIFAT_PY_V1_4_DERIVED,fc-v1,native,,058e38aec59f4c35,20260917_214621,47,LTC_20260917_214941_089,LTCUSDT,BINANCE,FUTURES,TOP100,25,10000,1789670981089,2026-09-17T21:49:41.089+03:00,67,True,1789670981060,1789670981089,82.4,1789670940000,1789670999999,False,41.1,53.54,0.0187,63.9,PRICE AHEAD,True,500,69.0,57.1,67.5,50.1,-0.00144,-0.13,-0.94,0.00093,0.37,0.01,0.3,75.0,-30.4,YOK,11.9,1.0,53.46297771455828,-0.144,CLV_PROXY_1M,0,0.0,100.0,63.9,64.4,65.0,61.4,-0.5,-1.1,2.5,-0.00144,-0.00018,-0.00027,-0.00102,45.4,43.65,43.42,39.12,1.75,1.98,6.28,50.71,46.67,500,native,45.4,NORMAL,50.71,46.67,True,300,14.2,BEAR,BOS DN,LH/LL,LH/LL,TR DN,90.2,True,True,499,15,72.3,1789670040000,HIGH,53.71,4.25,,,,,,,0,0,53.71,53.44,HIGH_SWEEP,38,53.78,False,False,0.0748,499,native,20.22,DINLENMIS,29.43,19.67,True,300,29.8,TR-DN,CHOCH DN,LH/MIX,LH/LL,TR-DN,72.7,True,True,498,4,57.3,1789670160000,HIGH,53.86,3.74,,,,,,,0,0,53.86,53.65,HIGH_SWEEP,36,53.74,False,False,0.1601,499,native,18.05,DINLENMIS,23.75,9.0,True,300,67.1,BULL,BOS UP,MIX/HL,LH/MIX,RANGE,73.2,True,True,498,20,34.8,1789664700000,LOW,53.31,1.76,,,,50.21,25.54,2,0,2,53.86,50.21,HIGH_SWEEP,21,53.74,False,False,0.2435,499,native,64.86,NORMAL,48.91,50.67,True,300,70.1,BULL,BOS UP,HH/MIX,HH/HL,TR UP,78.7,True,True,498,18,42.9,1789654500000,LOW,52.51,4.6,,,,,,,0,0,53.98,52.46,HIGH_SWEEP,17,53.11,False,False,0.4182,499,native,86.19,ASIRI,80.46,89.0,True,300,66.1,TR-UP,CHOCH UP,MIX/HL,HH/MIX,TR-UP,63.2,True,True,498,7,40.7,1789642800000,LOW,50.13,7.46,,,,,,,0,0,52.81,52.46,HIGH_SWEEP,9,52.81,False,False,0.8504,499,native,65.33,NORMAL,77.48,85.33,True,300,50.7,TR-DN,CHOCH DN,HH/MIX,LH/LL,TR-DN,72.3,True,True,498,11,38.2,1789502400000,HIGH,55.24,1.92,,,,,,,0,0,55.24,50.13,HIGH_SWEEP,27,54.28,False,False,1.6471,3703,515,4690.51,259.31,4431.2,89.52,94.76,95.0,UP,35,17,4949.81,1.6,60.0,1.0,True,0,0.0,0,0.0,0.0,19.1,0.031,0.424,1.0,0.938,149940.54,111169.95,38770.59,14.85,57.42,76.5,UP,664,158,261110.49,13.0,300.0,1.0,True,3,101456.11,4,72766.08,28690.04,50.7,0.206,0.854,1.0,0.988,263084.22,256100.66,6983.55,1.35,50.67,52.7,FLAT,1936,411,519184.88,40.8,900.0,1.0,True,5,130234.56,7,109720.05,20514.5,71.0,0.449,0.929,1.0,0.996,-46253.99,11685.33,149010.27,9.39,2.46,1.0,23354.5,0.7717,6658.67,0.1275,-0.1043,UP,1789670914877,BUY,10329.52,53.519999999999996,1789670880000,ok,1.0,1.0,1.0,continuous,1,28,0,,0,0,0,0,False,461,53.53,53.54,1.868,-0.505,0.0187,-0.4523,828219.27,797816.87,36.42,1789670980785,304,False,,AGGRESSIVE_BUYER,,
2,v2,v1.2,REALF_PY_V4_2_DERIVED,ZPTDIFAT_PY_V1_4_DERIVED,fc-v1,native,,058e38aec59f4c35,20260917_214621,48,AVAX_20260917_214944_378,AVAXUSDT,BINANCE,FUTURES,TOP100,31,5000,1789670984378,2026-09-17T21:49:44.378+03:00,67,True,1789670984367,1789670984378,82.6,1789670940000,1789670999999,False,44.4,7.607,0.0131,51.7,FAIR (DENGE),True,500,52.6,51.3,50.7,50.6,-0.00038,1.03,1.18,0.00116,0.658,0.59,31.3,50.0,-3.4,YOK,1.9,1.0,7.604072210284871,-0.038,CLV_PROXY_1M,0,0.0,100.0,51.7,49.8,51.1,58.6,1.9,0.6,-6.9,-0.00038,-0.00022,-0.00067,0.00033,66.25,60.51,50.41,40.69,5.74,15.84,25.56,77.35,85.0,500,native,66.25,NORMAL,77.35,85.0,True,300,44.4,TR-DN,CHOCH DN,HH/MIX,HH/MIX,TR-DN,81.7,True,True,499,15,86.3,1789670040000,HIGH,7.618,1.43,,,,,,,0,0,7.618,7.57,HIGH_SWEEP,21,7.609,False,False,0.1011,499,native,37.53,NORMAL,58.36,58.0,True,300,43.6,BEAR,BOS DN,MIX/HL,MIX/LL,RANGE,68.6,True,True,498,10,51.8,1789669080000,HIGH,7.635,2.14,,,,,,,0,0,7.618,7.605,LOW_SWEEP,11,7.605,False,True,0.172,499,native,25.85,DINLENMIS,43.39,28.0,True,300,60.6,TR-DN,CHOCH DN,HH/HL,LH/MIX,TR-DN,89.2,True,True,498,2,51.7,1789670100000,HIGH,7.646,2.1,,,,,,,0,0,7.646,7.603,LOW_SWEEP,6,7.603,False,True,0.2512,499,native,53.09,NORMAL,49.4,49.0,True,300,48.5,BULL,BOS UP,MIX/LL,HH/HL,RANGE,70.0,True,True,498,25,14.8,1789648200000,LOW,7.514,2.72,7.648,1.24,2,,,,1,0,7.648,7.523,LOW_SWEEP,14,7.539,False,False,0.4453,499,native,70.56,NORMAL,68.9,75.33,True,300,71.5,BEAR,BOS DN,HH/HL,HH/HL,TR DN,79.6,True,True,498,52,46.7,1789480800000,HIGH,7.8,2.7,8.192,8.19,3,7.186,5.89,2,1,1,8.192,7.186,EQL_SWEEP,25,7.186,False,False,0.939,499,native,72.55,YORGUN,78.25,87.0,True,300,46.4,TR-DN,CHOCH DN,HH/MIX,LH/MIX,TR-DN,73.8,True,True,498,7,50.3,1789560000000,HIGH,7.8,1.35,,,,7.173500000000001,3.02,2,0,1,7.8,7.173500000000001,LOW_SWEEP,12,7.243,False,False,1.8868,1241,824,40712.85,25501.69,15211.17,22.97,61.49,85.1,UP,335,50,66214.54,13.1,60.0,1.0,True,2,22261.02,1,7605.82,14655.2,47.9,0.207,0.705,1.0,0.979,326383.32,264583.28,61800.05,10.46,55.23,69.9,UP,1799,267,590966.6,21.1,300.0,1.0,True,11,219020.33,14,184512.73,34507.6,60.4,0.297,0.943,1.0,0.996,540356.82,594112.56,-53755.74,-4.74,47.63,40.5,DOWN,4333,700,1134469.38,59.3,900.0,1.0,True,21,299103.13,30,433859.58,-134756.45,78.3,0.543,1.0,1.0,0.999,-62322.58,-26212.29,111738.93,-15.86,-2.5,1.0,28451.88,0.3247,11065.89,0.0936,0.0928,NONE,1789670961908,SELL,7605.82,7.60582,1789670880000,ok,1.0,1.0,1.0,continuous,1,66,0,,0,0,0,0,False,535,7.605,7.606,1.315,-0.549,0.2126,-0.4091,362059.39,235111.14,25.64,1789670983539,839,False,,,,
2,v2,v1.2,REALF_PY_V4_2_DERIVED,ZPTDIFAT_PY_V1_4_DERIVED,fc-v1,native,,058e38aec59f4c35,20260917_214621,49,SUI_20260917_214950_461,SUIUSDT,BINANCE,FUTURES,TOP100,35,5000,1789670990461,2026-09-17T21:49:50.461+03:00,67,True,1789670990461,1789670990461,85.3,1789670940000,1789670999999,False,50.5,0.7329,0.0,60.5,PRICE AHEAD,True,500,64.6,55.7,61.7,51.5,-0.00194,0.72,-0.21,0.00142,0.668,0.29,11.3,50.0,-15.6,YOK,8.9,1.0,0.7314765784454131,-0.194,CLV_PROXY_1M,0,0.0,100.0,60.5,58.9,60.4,56.4,1.6,0.1,4.1,-0.00194,-0.00016,-0.00066,-0.00169,58.34,54.31,45.25,34.32,4.03,13.09,24.02,66.37,71.0,500,native,58.34,NORMAL,66.37,71.0,True,300,47.5,TR-DN,CHOCH DN,HH/MIX,LH/LL,TR-DN,75.7,True,True,499,15,83.1,1789670040000,HIGH,0.7344,1.58,,,,,,,0,0,0.7352,0.7287,HIGH_SWEEP,16,0.7344,False,False,0.1293,499,native,37.17,NORMAL,49.89,52.33,True,300,59.5,BULL,BOS UP,MIX/HL,HH/MIX,RANGE,73.8,True,True,498,35,54.4,1789664580000,LOW,0.7291,2.26,,,,0.7292,2.2,2,0,3,0.7352,0.7292,EQL_SWEEP,3,0.7292,False,False,0.2234,499,native,29.85,DINLENMIS,44.39,33.67,True,300,81.8,BULL,BOS UP,HH/HL,MIX/HL,RANGE,90.7,True,True,498,20,31.2,1789664700000,LOW,0.7291,1.63,,,,0.71575,7.49,2,0,2,0.7387,0.71575,HIGH_SWEEP,19,0.7373,False,False,0.3109,499,native,54.55,NORMAL,49.0,42.67,True,300,90.0,BULL,BOS UP,HH/HL,HH/HL,RANGE,89.7,True,True,498,6,54.6,1789665300000,LOW,0.7223,2.54,,,,,,,0,0,0.7387,0.7291,HIGH_SWEEP,11,0.7351,False,False,0.5712,499,native,83.75,ASIRI,82.83,94.0,True,300,72.6,BEAR,BOS DN,HH/HL,HH/HL,TR DN,82.7,True,True,498,52,50.4,1789480800000,HIGH,0.7479,1.72,0.8336,11.65,2,,,,2,0,0.8336,0.7157,LOW_SWEEP,25,0.6814,False,False,1.1765,499,native,72.86,YORGUN,78.8,91.0,True,300,59.4,BEAR,BOS DN,HH/HL,MIX/HL,TR DN,78.3,True,True,498,11,25.5,1789502400000,HIGH,0.7479,0.89,,,,,,,0,0,0.7479,0.6773,LOW_SWEEP,13,0.692,False,False,2.3241,-32,1281,15165.96,28430.33,-13264.36,-30.43,34.79,10.3,DOWN,287,55,43596.29,7.5,60.0,1.0,True,0,0.0,1,20759.33,-20759.33,39.2,0.131,0.66,1.0,1.0,201068.12,365716.37,-164648.25,-29.05,35.48,11.0,DOWN,2412,381,566784.5,62.4,300.0,1.0,True,7,68773.47,17,276942.31,-208168.84,77.5,0.555,0.938,1.0,1.0,843010.56,1025605.22,-182594.66,-9.77,45.11,31.2,DOWN,7586,1137,1868615.77,220.8,900.0,1.0,True,45,502278.72,50,678317.29,-176038.57,92.2,0.815,1.0,1.0,1.0,-18763.72,-60333.08,152484.31,-31.62,-6.46,0.9888,-8207.27,-0.1528,-37987.97,-0.3351,-0.1446,NONE,1789670949731,SELL,20759.33,0.7329572230048688,1789670880000,ok,1.0,1.0,1.0,continuous,1,70,0,,0,0,0,0,False,609,0.7329,0.733,1.364,-0.272,-0.0523,0.0422,461942.23,512959.94,26.6,1789670987121,3340,False,,,,
2,v2,v1.2,REALF_PY_V4_2_DERIVED,ZPTDIFAT_PY_V1_4_DERIVED,fc-v1,native,,058e38aec59f4c35,20260917_214621,50,AKE_20260917_214953_666,AKEUSDT,BINANCE,FUTURES,TOP100,94,2000,1789670993666,2026-09-17T21:49:53.666+03:00,67,True,1789670993666,1789670993666,84.4,1789670940000,1789670999999,False,53.7,0.020822,0.0769,36.4,PRICE LAG,True,500,31.2,41.1,35.9,49.0,0.01384,-0.2,0.96,0.00761,0.712,0.35,2.7,55.0,-3.1,YOK,9.9,1.0,0.02111226402303782,1.394,CLV_PROXY_1M,0,0.0,100.0,36.4,36.0,44.3,52.4,0.4,-7.9,-16.0,0.01384,-0.00065,0.00499,0.00915,25.97,21.33,20.9,23.6,4.64,5.07,2.37,35.54,39.67,500,native,25.97,DINLENMIS,35.54,39.67,True,300,27.3,BEAR,BOS DN,MIX/LL,LH/LL,TR DN,71.3,True,True,499,4,34.4,1789670700000,HIGH,0.021142,5.76,0.021141,5.74,2,,,,1,0,0.021141,0.020824,EQL_SWEEP,12,0.020852500000000003,False,False,0.2669,499,native,24.16,DINLENMIS,22.45,15.0,True,300,47.0,TR-DN,CHOCH DN,HH/MIX,MIX/LL,TR-DN,76.1,True,True,498,1,51.0,1789670700000,HIGH,0.021142,2.59,,,,,,,0,0,0.021142,0.020851,EQL_SWEEP,4,0.020852500000000003,False,False,0.5939,499,native,28.75,DINLENMIS,23.83,17.33,True,300,79.3,TR-UP,CHOCH UP,HH/HL,HH/MIX,TR-UP,82.8,True,True,498,16,62.4,1789665900000,LOW,0.020714,0.61,,,,,,,0,0,0.021935,0.020811,HIGH_SWEEP,14,0.021261,False,True,0.8491,499,native,27.22,DINLENMIS,26.02,8.33,True,300,59.3,BEAR,BOS DN,HH/MIX,HH/HL,SQZ,70.0,True,True,498,106,97.0,1789575300000,HIGH,0.028247,19.82,0.029421000000000003,22.95,2,0.020765,0.15,2,1,3,0.029421000000000003,0.020765,EQL_SWEEP,9,0.020765,False,True,1.7961,499,native,54.16,NORMAL,44.45,41.0,True,300,56.6,BULL,BOS UP,MIX/HL,MIX/HL,RANGE,70.2,True,True,498,62,56.3,1789444800000,LOW,0.014658,4.81,0.029844000000000002,7.04,2,0.012500500000000001,6.49,3,1,2,0.029844000000000002,0.012500500000000001,HIGH_SWEEP,63,0.0165,False,False,6.0934,499,native,42.07,NORMAL,37.94,31.67,True,300,86.4,BULL,BOS UP,HH/HL,MIX/HL,TR UP,90.5,True,True,498,15,80.8,1789444800000,LOW,0.013069,2.65,,,,0.0128725,2.72,2,0,3,0.029888,0.0128725,EQL_SWEEP,64,0.0128725,False,False,13.8617,5249,2111,4282.91,3292.23,990.69,13.08,56.54,74.0,UP,263,126,7575.14,22.5,60.0,1.0,True,0,0.0,0,0.0,0.0,49.5,0.311,0.47,1.0,0.913,58856.93,63681.75,-4824.83,-3.94,48.03,42.0,DOWN,3573,1525,122538.68,241.6,300.0,1.0,True,3,7294.56,6,22282.12,-14987.55,85.7,0.829,0.772,1.0,0.983,92040.57,78109.4,13931.17,8.19,54.09,66.0,UP,4948,2111,170149.97,294.9,517.0,0.5745,False,6,15211.13,6,22282.12,-7070.99,78.8,0.855,0.808,0.574,0.994,-7554.22,-1612.49,,-14.63,-0.69,0.5078,3926.96,0.1554,-349.59,-0.0143,-0.244,UP,1789670868306,BUY,2517.98,0.020775549138194207,1789670880000,ok,1.0,1.0,1.0,continuous,1,189,0,,0,0,0,0,False,643,0.02082,0.020821,0.48,0.195,0.0964,0.1551,4062.27,3347.94,9.37,1789670993123,543,False,,FATIGUE_RESTED_1M,,
2,v2,v1.2,REALF_PY_V4_2_DERIVED,ZPTDIFAT_PY_V1_4_DERIVED,fc-v1,native,,058e38aec59f4c35,20260917_214621,51,PONS_20260917_214957_635,PONSUSDT,BINANCE,FUTURES,OUTSIDE100,112,2000,1789670997635,2026-09-17T21:49:57.635+03:00,67,True,1789670997525,1789670997635,84.4,1789670940000,1789670999999,False,57.5,0.6393,0.0,47.0,FAIR (DENGE),True,500,47.0,43.2,50.8,49.4,0.00651,-0.27,-0.46,0.00436,0.565,0.37,20.3,60.0,-16.8,YOK,7.6,0.898,0.6434785219093375,0.654,CLV_PROXY_1M,0,0.0,100.0,47.0,46.7,44.8,42.7,0.3,2.2,4.3,0.00651,-0.00136,-0.00117,-0.00203,34.36,32.14,27.45,17.47,2.22,6.91,16.89,39.49,39.67,500,native,34.36,NORMAL,39.49,39.67,True,300,16.8,BEAR,BOS DN,LH/LL,MIX/HL,TR DN,86.2,True,True,499,15,49.5,1789670040000,HIGH,0.6584,8.49,,,,,,,0,0,0.6511,0.6375,LOW_SWEEP,14,0.6446,False,False,0.3521,499,native,13.59,DINLENMIS,15.47,6.33,True,300,8.7,BEAR,BOS DN,LH/LL,LH/LL,RANGE,92.6,True,True,498,3,55.4,1789670340000,HIGH,0.6584,4.62,0.6657,6.39,2,,,,1,0,0.6657,0.6433,LOW_SWEEP,4,0.6433,False,False,0.6466,499,native,18.73,DINLENMIS,16.06,5.67,True,300,8.1,BEAR,BOS DN,LH/LL,LH/LL,RANGE,91.1,True,True,498,2,62.4,1789670100000,HIGH,0.6584,3.3,0.6657,4.55,2,,,,1,0,0.6657,0.6433,LOW_SWEEP,11,0.6466,False,False,0.9125,499,native,39.89,NORMAL,27.64,22.33,True,300,72.0,BULL,BOS UP,HH/MIX,MIX/HL,RANGE,73.2,True,True,498,12,67.0,1789659900000,LOW,0.6099,2.35,,,,,,,0,0,0.6721,0.6099,HIGH_SWEEP,8,0.6573,False,False,1.9567,277,native,62.6,NORMAL,50.19,58.75,False,257,79.1,TR-UP,CHOCH UP,HH/HL,HH/HL,TR-UP,85.3,True,True,276,17,48.5,1789606800000,LOW,0.5563,3.32,,,,,,,0,0,0.669,0.6099,HIGH_SWEEP,2,0.669,False,False,3.852,70,native,69.55,NORMAL,64.74,80.0,False,50,45.0,BEAR,BOS DN,HH/MIX,HH/MIX,RANGE,70.9,True,False,69,7,30.3,1789560000000,HIGH,0.6992,1.24,,,,,,,0,0,0.6992,0.5483,LOW_SWEEP,9,0.5821,False,False,7.231,2535,1389,17848.74,13613.97,4234.77,13.46,56.73,74.5,UP,419,118,31462.72,31.6,60.0,1.0,True,1,9342.81,1,2349.29,6993.52,59.1,0.387,0.624,1.0,0.958,82839.82,77529.29,5310.53,3.31,51.66,56.7,UP,1861,553,160369.1,47.2,300.0,1.0,True,4,36225.18,5,24325.6,11899.57,70.0,0.486,0.801,1.0,0.992,284430.31,268026.97,16403.35,2.97,51.48,56.0,FLAT,5012,1389,552457.28,167.5,628.1,0.6979,False,27,157412.97,26,121578.48,35834.5,82.1,0.77,0.936,0.698,0.997,-22778.84,2159.16,,-33.32,0.8,0.6312,11411.72,0.3575,1355.68,0.0423,-0.1782,UP,1789670988879,SELL,2349.29,0.6392625578231292,1789670880000,ok,1.0,1.0,1.0,continuous,1,141,0,,0,0,0,0,False,677,0.6392,0.6394,3.128,-1.499,-0.0147,-0.0321,28547.67,29397.16,31.28,1789670996439,1196,False,,,,
2,v2,v1.2,REALF_PY_V4_2_DERIVED,ZPTDIFAT_PY_V1_4_DERIVED,fc-v1,native,,058e38aec59f4c35,20260917_214621,52,SKR_20260917_215001_028,SKRUSDT,BINANCE,FUTURES,OUTSIDE100,227,500,1789671001028,2026-09-17T21:50:01.028+03:00,67,True,1789671000917,1789671001028,81.7,1789670940000,1789670999999,True,60.9,0.01877,0.2885,56.3,FAIR (DENGE),True,500,60.3,44.1,62.4,56.2,0.00258,1.16,0.32,0.00194,0.472,3.24,97.3,60.0,-2.8,WHALE BUY L2,18.2,0.659,0.018818540985393102,0.259,CLV_PROXY_1M,0,0.0,100.0,56.3,49.1,40.9,39.4,7.2,15.4,16.9,0.00258,-0.00181,-0.00232,-0.0028,50.29,38.92,39.73,41.6,11.37,10.56,8.69,73.29,85.0,500,native,50.29,NORMAL,73.29,85.0,True,300,18.1,TR-DN,CHOCH DN,LH/LL,LH/MIX,SQZ,94.0,True,True,499,21,83.5,1789669680000,HIGH,0.018927,5.51,0.018926,5.47,2,,,,3,0,0.018926,0.018669,EQL_SWEEP,129,0.019110500000000002,False,False,0.1524,499,native,21.76,DINLENMIS,37.02,39.67,True,300,4.9,BEAR,BOS DN,LH/LL,LH/LL,TR DN,99.1,True,True,498,7,97.5,1789669620000,HIGH,0.018967,3.28,0.019326,9.61,2,,,,2,0,0.019326,0.018669,LOW_SWEEP,8,0.018854,False,False,0.3029,499,native,20.02,DINLENMIS,29.33,29.67,True,300,40.5,BULL,BOS UP,MIX/LL,LH/LL,TR UP,70.6,True,True,498,100,21.7,1789640700000,LOW,0.018378,4.79,0.019326,6.8,2,,,,2,0,0.019326,0.018915,LOW_SWEEP,10,0.018915,False,False,0.437,499,native,23.62,DINLENMIS,23.55,14.67,True,300,28.1,BULL,BOS UP,LH/LL,MIX/LL,RANGE,80.8,True,True,498,42,67.4,1789632900000,LOW,0.018378,2.28,,,,0.017547,6.99,2,0,2,0.019329,0.017547,HIGH_SWEEP,44,0.018739,False,False,0.9438,499,native,44.65,NORMAL,33.37,30.33,True,300,89.6,BULL,BOS UP,HH/HL,HH/HL,TR UP,91.9,True,True,498,9,72.8,1789635600000,LOW,0.017378,3.21,0.025375500000000002,15.26,2,,,,1,0,0.025375500000000002,0.018378,LOW_SWEEP,25,0.017542,False,False,2.2875,499,native,77.86,YORGUN,69.01,78.33,True,300,72.0,BULL,BOS UP,HH/HL,HH/HL,TR UP,80.9,True,True,498,111,36.2,1788062400000,LOW,0.008858,11.29,,,,0.017043000000000003,1.98,2,0,1,0.019684,0.017043000000000003,HIGH_SWEEP,1,0.019684,True,False,4.5845,119,640,14812.02,2192.08,12619.93,74.22,87.11,94.9,UP,180,107,17004.1,26.9,60.0,1.0,True,4,13049.12,1,1193.01,11856.11,55.1,0.35,0.558,1.0,0.998,16018.36,3936.48,12081.88,60.55,80.27,94.6,UP,261,164,19954.83,34.4,300.0,1.0,True,5,13623.94,2,1793.73,11830.21,59.1,0.407,0.575,1.0,1.0,38408.26,16409.02,21999.24,40.13,70.07,92.7,UP,805,509,54817.28,117.6,900.0,1.0,True,24,27731.67,8,8339.13,19392.54,77.5,0.702,0.685,1.0,1.0,12575.07,14458.69,13197.42,13.46,52.25,1.0,3975.35,0.653,1690.7,0.4236,-0.645,UP,1789670986100,SELL,1193.01,0.018776376074160345,1789670880000,ok,1.0,1.0,1.0,continuous,1,109,0,,0,0,0,0,False,34,0.018769,0.018779,5.327,-1.607,-0.0617,-0.0572,2194.3,2482.77,17.58,1789671000494,534,False,,AGGRESSIVE_BUYER,,
2,v2,v1.2,REALF_PY_V4_2_DERIVED,ZPTDIFAT_PY_V1_4_DERIVED,fc-v1,native,,058e38aec59f4c35,20260917_214621,53,PROM_20260917_215004_296,PROMUSDT,BINANCE,FUTURES,OUTSIDE100,266,1000,1789671004296,2026-09-17T21:50:04.296+03:00,67,True,1789671004090,1789671004296,81.7,1789671000000,1789671059999,False,4.1,5.443,0.0,54.5,FAIR (DENGE),True,500,53.6,65.1,45.7,50.0,-0.00534,-0.81,-0.3,0.00147,0.389,0.02,0.3,60.0,-15.9,YOK,19.5,0.723,5.41399843363904,-0.533,CLV_PROXY_1M,0,0.0,100.0,54.5,55.4,65.6,66.8,-0.9,-11.1,-12.3,-0.00534,0.00028,0.00167,0.00192,43.43,48.95,62.55,60.52,-5.52,-19.12,-17.09,31.37,28.67,500,native,43.43,NORMAL,31.37,28.67,True,300,15.6,BEAR,BOS DN,LH/LL,HH/HL,RANGE,87.9,True,True,499,14,52.8,1789670160000,HIGH,5.46,2.44,,,,5.408,5.02,2,0,1,5.455,5.408,HIGH_SWEEP,20,5.458,False,False,0.1281,499,native,55.81,NORMAL,43.32,46.0,True,300,57.1,BEAR,BOS DN,MIX/HL,MIX/HL,TR DN,68.8,True,True,498,59,51.4,1789660260000,HIGH,5.519,5.01,,,,5.3934999999999995,3.26,2,0,1,5.46,5.3934999999999995,HIGH_SWEEP,87,5.56,False,False,0.2784,499,native,68.54,NORMAL,60.59,68.67,True,300,83.2,BULL,BOS UP,HH/HL,MIX/HL,TR UP,81.3,True,True,498,8,31.8,1789668300000,LOW,5.408,1.65,,,,5.3919999999999995,2.41,2,0,2,5.493,5.3919999999999995,HIGH_SWEEP,9,5.442,False,False,0.3881,499,native,43.48,NORMAL,48.84,53.33,True,300,39.3,TR-DN,CHOCH DN,LH/MIX,LH/MIX,TR-DN,73.7,True,True,498,31,60.6,1789642800000,HIGH,5.659,5.31,5.7285,7.02,2,5.4015,1.02,2,2,1,5.7285,5.4015,LOW_SWEEP,124,5.332,False,False,0.7456,499,native,33.7,NORMAL,30.96,23.67,True,300,54.1,BEAR,BOS DN,MIX/HL,LH/MIX,RANGE,75.6,True,True,498,34,75.0,1789545600000,HIGH,5.729,3.15,5.8375,4.35,3,4.906499999999999,5.91,2,2,1,5.8375,4.906499999999999,EQL_SWEEP,82,5.5815,False,False,1.6737,499,native,39.36,NORMAL,46.34,36.33,True,300,27.1,BULL,BOS UP,LH/LL,LH/LL,SQZ,83.7,True,True,498,55,11.5,1788868800000,LOW,4.913,2.64,,,,4.4025,5.19,2,0,3,5.771,4.4025,HIGH_SWEEP,54,5.986,False,False,3.6806,-48,465,152.42,260.73,-108.31,-26.21,36.89,12.6,DOWN,40,17,413.15,9.3,60.0,1.0,True,0,0.0,0,0.0,0.0,27.2,0.158,0.154,1.0,1.0,1932.82,6022.43,-4089.61,-51.41,24.3,5.8,DOWN,313,129,7955.25,25.3,300.0,1.0,True,0,0.0,1,2619.62,-2619.62,51.7,0.336,0.475,1.0,1.0,8980.15,20480.4,-11500.25,-39.04,30.48,7.5,DOWN,972,378,29460.55,71.4,900.0,1.0,True,0,0.0,4,5840.66,-5840.66,70.0,0.588,0.617,1.0,1.0,3027.3,313.25,-570.43,31.82,-3.43,1.0,-991.01,-0.5256,-891.62,-0.5604,-0.4411,NONE,1789670884747,SELL,2619.62,5.446192099792101,1789670880000,ok,1.0,1.0,1.0,continuous,1,24,0,,0,0,0,0,False,108,5.442,5.443,1.837,-0.818,0.288,-0.3715,26969.08,14906.88,35.83,1789671003769,527,False,,,,
2,v2,v1.2,REALF_PY_V4_2_DERIVED,ZPTDIFAT_PY_V1_4_DERIVED,fc-v1,native,,058e38aec59f4c35,20260917_214621,54,UAI_20260917_215007_887,UAIUSDT,BINANCE,FUTURES,OUTSIDE100,296,2000,1789671007887,2026-09-17T21:50:07.887+03:00,67,True,1789671007887,1789671007887,79.2,1789671000000,1789671059999,False,7.9,0.398,-0.1255,50.7,FAIR (DENGE),True,500,49.8,55.1,47.6,50.0,-0.00485,-1.05,-0.79,0.00358,0.414,0.04,0.3,40.0,-7.2,YOK,7.5,0.397,0.3960750086232394,-0.484,CLV_PROXY_1M,0,0.0,100.0,50.7,56.5,59.5,54.7,-5.8,-8.8,-4.0,-0.00485,0.00108,0.00401,0.00175,23.15,28.0,37.7,53.79,-4.85,-14.55,-30.64,14.22,6.33,500,native,23.15,DINLENMIS,14.22,6.33,True,300,40.6,BEAR,BOS DN,MIX/HL,MIX/HL,SQZ,73.4,True,True,499,3,50.9,1789670820000,HIGH,0.4013,3.57,,,,,,,0,0,0.4005,0.3985,LOW_SWEEP,2,0.3985,False,False,0.2319,499,native,44.95,NORMAL,32.75,20.0,True,300,64.9,BEAR,BOS DN,HH/HL,MIX/HL,SQZ,86.5,True,True,498,22,42.5,1789666920000,HIGH,0.4029,2.36,0.40255,2.19,2,,,,1,0,0.40255,0.398,LOW_SWEEP,20,0.3938,False,False,0.5221,499,native,53.95,NORMAL,46.88,34.67,True,300,69.0,TR-DN,CHOCH DN,HH/HL,MIX/HL,SQZ,89.3,True,True,498,30,62.9,1789662000000,HIGH,0.4026,1.48,0.40275,1.53,2,0.3559,13.53,3,1,1,0.40275,0.3559,EQH_SWEEP,9,0.40275,False,False,0.7809,499,native,69.99,NORMAL,63.74,82.0,True,300,58.9,BULL,BOS UP,MIX/HL,MIX/HL,SQZ,66.0,True,True,498,57,72.2,1789619400000,LOW,0.3708,3.69,0.5356000000000001,18.66,2,0.3838,1.93,2,1,2,0.5356000000000001,0.3838,LOW_SWEEP,126,0.3294,False,False,1.8434,499,native,55.78,NORMAL,53.81,54.67,True,300,68.4,BEAR,BOS DN,HH/HL,HH/HL,RANGE,81.1,True,True,498,35,45.2,1789542000000,HIGH,0.4132,0.78,,,,,,,0,0,0.418,0.3561,HIGH_SWEEP,13,0.3982,False,False,4.9257,499,native,50.17,NORMAL,57.57,58.0,True,300,17.1,BEAR,BOS DN,LH/LL,LH/LL,RANGE,87.8,True,True,498,16,42.0,1789430400000,HIGH,0.5943,4.0,,,,,,,0,0,0.5943,0.322,LOW_SWEEP,17,0.4503,False,False,12.2805,6501,597,3496.61,4356.74,-860.13,-10.95,44.52,29.3,DOWN,114,47,7853.35,10.0,60.0,1.0,True,0,0.0,0,0.0,0.0,38.6,0.167,0.474,1.0,0.892,9108.84,26435.63,-17326.79,-48.75,25.63,6.1,DOWN,617,218,35544.47,53.2,300.0,1.0,True,0,0.0,2,10387.62,-10387.62,66.9,0.516,0.638,1.0,0.978,29057.27,43680.34,-14623.07,-20.1,39.95,17.5,DOWN,1370,520,72737.61,86.4,900.0,1.0,True,2,6269.03,3,15092.44,-8823.41,75.3,0.633,0.715,1.0,0.993,7809.2,-916.57,1927.67,25.63,5.08,1.0,-4779.12,-0.5358,-4063.58,-0.5716,-0.3955,NONE,1789670947857,SELL,7897.52,0.3977799637352675,1789670880000,ok,1.0,1.0,1.0,continuous,1,78,0,,0,0,0,0,False,143,0.398,0.3981,2.512,1.124,0.057,0.162,18841.05,16807.87,48.99,1789671006407,1480,False,,FATIGUE_RESTED_1M,,
2,v2,v1.2,REALF_PY_V4_2_DERIVED,ZPTDIFAT_PY_V1_4_DERIVED,fc-v1,native,,058e38aec59f4c35,20260917_214621,55,BULLA_20260917_215011_144,BULLAUSDT,BINANCE,FUTURES,OUTSIDE100,339,5000,1789671011144,2026-09-17T21:50:11.144+03:00,67,True,1789671010924,1789671011144,78.9,1789671000000,1789671059999,False,10.9,0.09333,0.3225,47.3,FAIR (DENGE),True,500,45.7,54.0,41.5,49.2,-0.00724,0.92,1.55,0.00897,0.372,1.0,16.7,60.0,18.4,YOK,12.4,0.569,0.09265686488872349,-0.721,CLV_PROXY_1M,0,0.0,100.0,47.3,48.4,52.6,54.2,-1.1,-5.3,-6.9,-0.00724,-0.00073,0.00554,0.0083,89.2,86.44,79.94,69.22,2.76,9.26,19.98,94.21,99.0,500,native,89.2,ASIRI,94.21,99.0,True,300,42.6,BEAR,BOS DN,LH/MIX,HH/HL,TR DN,65.0,True,True,499,83,41.6,1789666020000,HIGH,0.093324,-0.01,0.1026155,19.4,3,0.09092,5.03,2,1,2,0.1026155,0.09092,LOW_SWEEP,84,0.09008,False,False,0.5146,499,native,76.16,YORGUN,93.87,98.67,True,300,70.3,BEAR,BOS DN,HH/HL,HH/MIX,SQZ,83.0,True,True,498,34,34.2,1789664760000,HIGH,0.09816,4.84,,,,,,,0,0,0.09288,0.09041,HIGH_SWEEP,11,0.09199,False,False,1.0834,499,native,79.46,YORGUN,89.35,96.33,True,300,15.8,BEAR,BOS DN,LH/LL,HH/HL,SQZ,95.5,True,True,498,21,64.2,1789664700000,HIGH,0.09816,3.46,,,,,,,0,0,0.09288,0.08758,LOW_SWEEP,19,0.09027,False,False,1.505,499,native,39.18,NORMAL,52.05,61.33,True,300,31.7,BEAR,BOS DN,MIX/LL,LH/LL,TR DN,73.6,True,True,498,17,27.4,1789655400000,HIGH,0.10999,5.5,0.109785,5.43,2,,,,1,0,0.109785,0.08758,LOW_SWEEP,19,0.1007,False,False,3.2929,499,native,19.73,DINLENMIS,22.27,11.67,True,300,31.0,BULL,BOS UP,LH/LL,MIX/LL,TR UP,82.3,True,True,498,32,42.2,1789552800000,LOW,0.060024,3.34,,,,0.060025499999999996,3.34,2,0,1,0.121362,0.060025499999999996,HIGH_SWEEP,33,0.076341,False,False,10.9357,499,native,62.53,NORMAL,53.0,51.0,True,300,76.9,BULL,BOS UP,HH/MIX,HH/MIX,EXP UP,78.0,True,True,498,8,96.7,1789545600000,LOW,0.0675,1.55,,,,0.0154205,4.67,2,0,1,0.139078,0.0154205,HIGH_SWEEP,49,0.085989,False,False,17.3558,192,1728,33074.65,13585.95,19488.7,41.77,70.88,93.0,UP,1014,449,46660.6,100.2,60.0,1.0,True,2,15894.83,0,0.0,15894.83,75.3,0.667,0.667,1.0,0.997,53207.44,26708.39,26499.05,33.16,66.58,90.8,UP,2031,987,79915.83,208.2,300.0,1.0,True,2,15894.83,0,0.0,15894.83,83.3,0.806,0.726,1.0,0.999,113574.03,49685.32,63888.72,39.13,69.57,92.5,UP,3674,1728,163259.35,226.2,489.9,0.5444,False,6,49543.04,0,0.0,49543.04,76.5,0.819,0.803,0.544,1.0,18440.42,-20595.29,,11.31,-7.51,0.4777,5294.11,0.2702,3958.48,0.2477,0.5317,NONE,1789671003804,BUY,7140.03,0.09345226247660432,1789670940000,ok,1.0,1.0,1.0,continuous,1,486,0,,0,0,0,0,False,177,0.09329,0.09335,6.429,-2.379,-0.1008,0.4,3534.56,4326.75,23.57,1789671010587,557,False,,FATIGUE_EXTREME|AGGRESSIVE_BUYER,,
2,v2,v1.2,REALF_PY_V4_2_DERIVED,ZPTDIFAT_PY_V1_4_DERIVED,fc-v1,native,,058e38aec59f4c35,20260917_214621,56,OG_20260917_215014_511,OGUSDT,BINANCE,FUTURES,OUTSIDE100,523,500,1789671014511,2026-09-17T21:50:14.511+03:00,67,True,1789671014407,1789671014511,78.9,1789671000000,1789671059999,False,14.4,2.681,-0.0373,49.4,FAIR (DENGE),True,500,52.4,40.0,54.4,50.0,0.00265,0.35,-0.21,0.00031,0.128,0.02,4.3,25.0,23.1,YOK,14.4,0.124,2.688118741803994,0.266,CLV_PROXY_1M,0,0.03,97.0,49.4,51.3,43.0,34.9,-1.9,6.4,14.5,0.00265,0.00031,-0.00056,-0.00111,66.24,63.12,49.6,46.57,3.12,16.64,19.67,71.19,79.0,500,native,66.24,NORMAL,71.19,79.0,True,300,14.3,BEAR,BOS DN,LH/LL,EQ/RANGE,SQZ,90.4,True,True,499,16,78.2,1789670040000,HIGH,2.682,0.91,2.696,13.58,2,2.679,1.81,2,1,1,2.696,2.679,EQL_SWEEP,43,2.679,False,False,0.0412,499,native,46.14,NORMAL,56.48,56.33,True,300,33.0,TR-DN,CHOCH DN,LH/MIX,MIX/HL,SQZ,73.5,True,True,498,21,61.9,1789667100000,HIGH,2.691,3.95,2.692,4.34,2,2.677,1.58,2,2,1,2.692,2.677,EQH_SWEEP,26,2.692,False,False,0.0945,499,native,34.72,NORMAL,44.94,38.67,True,300,44.4,BEAR,BOS DN,HH/MIX,LH/MIX,RANGE,73.4,True,True,498,11,60.5,1789667700000,HIGH,2.696,3.75,2.692,2.75,2,2.6635,4.37,2,1,1,2.692,2.6635,EQH_SWEEP,16,2.692,False,False,0.1493,499,native,34.82,NORMAL,33.56,24.0,True,300,56.9,TR-DN,CHOCH DN,MIX/HL,HH/MIX,SQZ,75.6,True,True,498,40,61.7,1789634700000,HIGH,2.719,4.21,2.6995,2.05,2,2.6635,1.94,2,1,1,2.6995,2.6635,EQL_SWEEP,21,2.6635,False,False,0.3366,499,native,34.37,NORMAL,32.99,28.33,True,300,63.8,TR-UP,CHOCH UP,MIX/HL,LH/MIX,TR-UP,80.6,True,True,498,32,49.7,1789552800000,LOW,2.61,3.12,2.7195,1.69,2,2.6,3.56,2,1,1,2.7195,2.6,HIGH_SWEEP,18,2.712,False,False,0.8491,499,native,64.82,NORMAL,56.92,58.0,True,300,63.4,BULL,BOS UP,MIX/HL,HH/HL,RANGE,74.5,True,True,498,28,65.4,1789257600000,LOW,2.595,1.88,2.9825,6.61,3,2.5975,1.83,2,2,2,2.9825,2.5975,EQH_SWEEP,84,2.9425,False,False,1.6988,2788,74,25.74,73.7,-47.96,-48.23,25.88,6.1,DOWN,5,5,99.44,1.8,60.0,1.0,True,0,0.0,0,0.0,0.0,0.0,0.034,0.0,1.0,0.954,211.26,999.37,-788.11,-65.1,17.45,5.2,DOWN,97,21,1210.64,8.6,300.0,1.0,True,0,0.0,0,0.0,0.0,31.3,0.147,0.271,1.0,0.991,3057.15,2501.83,555.32,9.99,54.99,69.1,UP,289,65,5558.98,18.8,900.0,1.0,True,1,1225.11,0,0.0,1225.11,46.4,0.273,0.436,1.0,0.997,23.04,45.84,328.52,-2.01,2.05,1.0,-58.87,-0.464,-123.05,-0.5082,-0.8976,NONE,1789670484561,BUY,1225.11,2.680766083150985,1789670940000,ok,1.0,1.0,1.0,continuous,1,7,0,,0,0,0,0,False,211,2.68,2.681,3.731,0.746,-0.0842,-0.7237,27117.42,32105.72,72.75,1789671013305,1206,False,,,,
2,v2,v1.2,REALF_PY_V4_2_DERIVED,ZPTDIFAT_PY_V1_4_DERIVED,fc-v1,native,,058e38aec59f4c35,20260917_214621,57,ZORA_20260917_215017_989,ZORAUSDT,BINANCE,FUTURES,OUTSIDE100,612,500,1789671017989,2026-09-17T21:50:17.989+03:00,67,True,1789671017527,1789671017989,75.7,1789671000000,1789671059999,False,17.5,0.007719,0.0,60.8,PRICE AHEAD,True,500,62.8,65.3,55.9,50.0,-0.00704,-1.14,-1.35,0.00132,0.196,0.0,0.3,55.0,-41.6,YOK,9.4,1.0,0.007664883157979419,-0.701,CLV_PROXY_1M,0,0.0033,99.7,60.8,62.6,58.9,61.4,-1.8,1.9,-0.6,-0.00704,0.00014,-0.00049,0.00042,38.17,39.74,46.65,59.64,-1.57,-8.48,-21.47,36.84,29.0,500,native,38.17,NORMAL,36.84,29.0,True,300,78.3,TR-UP,CHOCH UP,HH/HL,MIX/HL,TR-UP,92.0,True,True,499,27,62.7,1789669380000,LOW,0.007638,7.39,,,,0.007610499999999999,9.9,2,0,2,0.007758,0.007610499999999999,EQL_SWEEP,71,0.0076475,False,False,0.142,499,native,66.23,NORMAL,57.07,52.67,True,300,28.7,BULL,BOS UP,LH/LL,HH/HL,TR UP,78.8,True,True,498,57,43.3,1789660620000,LOW,0.007562,5.63,,,,,,,0,0,0.007758,0.007612,HIGH_SWEEP,17,0.007699,False,False,0.3616,499,native,69.89,NORMAL,66.12,63.0,True,300,62.9,BULL,BOS UP,HH/MIX,LH/LL,TR UP,74.7,True,True,498,31,81.9,1789661700000,LOW,0.007562,4.22,0.007767,1.29,2,,,,1,0,0.007767,0.007612,EQH_SWEEP,11,0.007767,False,False,0.4821,499,native,76.07,YORGUN,74.32,81.67,True,300,91.5,BULL,BOS UP,HH/HL,HH/HL,TR UP,90.1,True,True,498,2,60.9,1789668900000,LOW,0.007562,2.49,,,,,,,0,0,0.007723,0.007562,HIGH_SWEEP,4,0.007723,False,True,0.8156,499,native,76.04,YORGUN,76.19,90.33,True,300,72.6,BEAR,BOS DN,HH/HL,HH/HL,TR DN,82.7,True,True,498,57,59.5,1789462800000,HIGH,0.007987,2.32,0.009008,11.18,2,0.007187,4.61,2,1,1,0.009008,0.007187,LOW_SWEEP,114,0.008102,False,False,1.5046,499,native,58.01,NORMAL,68.13,81.33,True,300,16.9,TR-DN,CHOCH DN,LH/LL,LH/LL,TR-DN,90.3,True,True,498,13,65.9,1789473600000,HIGH,0.008968,4.8,,,,0.0058755000000000005,7.09,2,0,2,0.008336,0.0058755000000000005,HIGH_SWEEP,26,0.008437,False,False,3.4157,20225,355,56.63,1412.57,-1355.94,-92.29,3.85,5.0,DOWN,25,7,1469.19,4.5,60.0,1.0,True,0,0.0,0,0.0,0.0,24.4,0.082,0.292,1.0,0.663,1542.47,6514.03,-4971.56,-61.71,19.15,5.3,DOWN,202,86,8056.5,13.1,300.0,1.0,True,1,598.22,2,2622.23,-2024.02,42.3,0.207,0.477,1.0,0.933,4502.32,13734.46,-9232.14,-50.62,24.69,5.9,DOWN,594,237,18236.78,32.2,900.0,1.0,True,1,598.22,6,7822.1,-7223.89,57.8,0.391,0.565,1.0,0.978,-2084.53,-529.3,1493.15,-92.8,-0.95,1.0,-44.33,-0.0465,-1028.5,-0.6383,-0.7976,NONE,1789670902950,BUY,598.22,0.007719938108142987,1789670940000,ok,1.0,1.0,1.0,continuous,1,13,0,,0,0,0,0,False,245,0.007718,0.007719,1.296,0.506,0.2974,0.7025,23875.42,12929.91,26.56,1789671016645,1344,False,,,,
2,v2,v1.2,REALF_PY_V4_2_DERIVED,ZPTDIFAT_PY_V1_4_DERIVED,fc-v1,native,,058e38aec59f4c35,20260917_214621,58,TNSR_20260917_215021_394,TNSRUSDT,BINANCE,FUTURES,OUTSIDE100,738,200,1789671021394,2026-09-17T21:50:21.394+03:00,67,True,1789671021291,1789671021394,75.0,1789671000000,1789671059999,False,21.3,0.03464,0.0,45.6,FAIR (DENGE),True,500,45.1,37.7,54.2,50.0,0.00409,1.18,0.25,0.00096,0.323,0.0,3.0,60.0,51.7,YOK,16.6,0.724,0.034782111948851856,0.41,CLV_PROXY_1M,0,0.03,97.0,45.6,47.3,47.6,36.6,-1.7,-2.0,9.0,0.00409,-0.0001,9e-05,-0.00214,80.14,79.49,71.35,60.35,0.65,8.79,19.79,79.51,86.67,500,native,80.14,YORGUN,79.51,86.67,True,300,76.4,BULL,BOS UP,MIX/HL,HH/HL,EXP UP,77.4,True,True,499,3,74.3,1789670820000,LOW,0.03443,4.85,,,,,,,0,0,0.03457,0.03443,HIGH_SWEEP,4,0.03457,False,False,0.125,499,native,58.41,NORMAL,70.22,75.33,True,300,89.0,BULL,BOS UP,HH/HL,LH/LL,RANGE,89.5,True,True,498,12,100.0,1789668720000,LOW,0.03437,3.2,,,,,,,0,0,0.03473,0.03438,HIGH_SWEEP,10,0.03459,False,False,0.2434,499,native,49.57,NORMAL,67.93,65.0,True,300,32.3,TR-DN,CHOCH DN,MIX/LL,HH/MIX,TR-DN,72.3,True,True,498,3,39.5,1789670100000,HIGH,0.03473,0.88,0.034725,0.83,2,,,,1,0,0.034725,0.03437,HIGH_SWEEP,7,0.03472,False,False,0.2952,499,native,64.63,NORMAL,63.05,73.33,True,300,75.3,BULL,BOS UP,HH/MIX,HH/MIX,RANGE,78.3,True,True,498,8,57.1,1789663500000,LOW,0.03405,3.65,,,,,,,0,0,0.03472,0.03405,HIGH_SWEEP,11,0.03461,False,False,0.4676,499,native,59.57,NORMAL,64.93,78.67,True,300,78.7,TR-UP,CHOCH UP,HH/HL,HH/HL,TR-UP,83.9,True,True,498,19,66.2,1789599600000,LOW,0.03258,5.49,,,,,,,0,0,0.03539,0.03405,LOW_SWEEP,24,0.03304,False,False,1.0868,499,native,66.65,NORMAL,72.1,82.0,True,300,32.5,BULL,BOS UP,LH/LL,HH/MIX,RANGE,83.9,True,True,498,28,28.1,1789257600000,LOW,0.033,2.1,0.037065,3.1,2,0.029225,6.92,2,1,1,0.037065,0.029225,EQH_SWEEP,56,0.037065,False,False,2.2634,901,174,0.0,0.06,-0.06,-100.0,0.0,5.0,DOWN,1,1,0.06,1.0,60.0,1.0,True,0,0.0,0,0.0,0.0,0.0,0.02,0.0,1.0,0.985,7763.62,2241.21,5522.41,55.2,77.6,94.4,UP,190,76,10004.83,29.0,300.0,1.0,True,10,7276.98,3,1472.93,5804.06,54.4,0.367,0.5,1.0,0.997,12406.44,3397.08,9009.35,57.01,78.5,94.5,UP,353,139,15803.52,39.6,900.0,1.0,True,15,11277.3,3,1472.93,9804.37,60.3,0.442,0.55,1.0,0.999,-1046.38,0.1,2178.92,-99.04,0.0,1.0,1837.02,0.6313,1392.04,0.6957,-0.1635,UP,1789670937396,BUY,615.36,0.03466532597245303,1789670940000,ok,1.0,1.0,,continuous,1,1,0,,0,0,0,0,False,279,0.03464,0.03466,5.772,-1.05,-0.0824,0.0728,11905.47,14042.91,57.72,1789671020732,662,False,,,,
2,v2,v1.2,REALF_PY_V4_2_DERIVED,ZPTDIFAT_PY_V1_4_DERIVED,fc-v1,native,,058e38aec59f4c35,20260917_214621,59,VELVET_20260917_215024_839,VELVETUSDT,BINANCE,FUTURES,OUTSIDE100,761,200,1789671024839,2026-09-17T21:50:24.839+03:00,67,True,1789671024528,1789671024839,75.3,1789671000000,1789671059999,False,24.5,0.05826,0.0343,49.2,FAIR (DENGE),True,500,48.3,52.2,47.3,50.0,-0.00269,-0.5,-0.48,0.00601,0.624,0.12,0.7,55.0,11.7,YOK,4.9,0.413,0.05810339456654469,-0.269,CLV_PROXY_1M,0,0.0,100.0,49.2,51.2,55.4,49.7,-2.0,-6.2,-0.5,-0.00269,0.00061,0.00491,0.00077,29.82,28.37,29.18,47.71,1.45,0.64,-17.89,36.17,26.33,500,native,29.82,DINLENMIS,36.17,26.33,True,300,43.3,BEAR,BOS DN,MIX/HL,LH/LL,RANGE,68.6,True,True,499,1,24.2,1789670940000,HIGH,0.05868,1.94,0.059495,5.7,2,,,,1,0,0.059495,0.05827,LOW_SWEEP,29,0.05838,False,False,0.3719,499,native,47.08,NORMAL,44.14,31.33,True,300,82.5,BULL,BOS UP,HH/HL,HH/MIX,RANGE,91.0,True,True,498,20,48.3,1789667280000,LOW,0.05702,2.78,,,,0.05588,5.35,2,0,2,0.0589,0.05588,HIGH_SWEEP,14,0.05863,False,False,0.7642,499,native,57.65,NORMAL,56.63,43.0,True,300,63.4,BULL,BOS UP,MIX/HL,MIX/HL,RANGE,76.3,True,True,498,32,47.0,1789661400000,LOW,0.05666,2.75,,,,0.0515,11.63,2,0,1,0.0589,0.0515,HIGH_SWEEP,31,0.05796,False,False,0.9977,499,native,62.78,NORMAL,57.19,62.0,True,300,87.6,BULL,BOS UP,HH/HL,MIX/HL,EXP UP,93.1,True,True,498,9,42.5,1789662600000,LOW,0.05433,3.94,,,,0.0515,6.78,3,0,1,0.06014,0.0515,HIGH_SWEEP,7,0.05886,False,False,1.7023,499,native,77.41,YORGUN,72.69,80.33,True,300,74.0,BULL,BOS UP,HH/MIX,HH/HL,TR UP,70.9,True,True,498,2,40.8,1789660800000,LOW,0.0494,5.18,,,,,,,0,0,0.05886,0.0494,HIGH_SWEEP,1,0.05886,True,False,2.9455,499,native,85.82,ASIRI,93.67,96.67,True,300,46.9,BEAR,BOS DN,MIX/HL,MIX/HL,SQZ,65.7,True,True,498,13,34.6,1789473600000,HIGH,0.0633,1.94,,,,,,,0,0,0.0536,0.0494,HIGH_SWEEP,3,0.0536,False,False,4.5377,5426,1034,449.96,1882.64,-1432.67,-61.42,19.29,5.3,DOWN,88,41,2332.6,12.2,60.0,1.0,True,0,0.0,2,1033.47,-1033.47,37.4,0.196,0.342,1.0,0.91,40887.04,34512.88,6374.16,8.45,54.23,66.5,UP,896,382,75399.92,11.0,300.0,1.0,True,21,35982.2,23,29201.57,6780.63,45.5,0.18,0.719,1.0,0.982,68588.38,56437.89,12150.48,9.72,54.86,68.7,UP,2157,943,125026.27,29.0,900.0,1.0,True,43,56639.08,47,44063.96,12575.12,62.0,0.367,0.774,1.0,0.994,-1098.01,-4917.02,-48.85,-24.75,-2.65,1.0,2458.71,0.122,1825.57,0.1211,0.0642,NONE,1789671019230,SELL,521.69,0.05822379575892858,1789670940000,ok,1.0,1.0,1.0,continuous,1,54,0,,0,0,0,0,False,318,0.05827,0.05828,1.716,0.643,0.1065,-0.016,20741.5,16747.75,33.46,1789671023395,1444,False,,FATIGUE_RESTED_1M|AGGRESSIVE_SELLER,,
2,v2,v1.2,REALF_PY_V4_2_DERIVED,ZPTDIFAT_PY_V1_4_DERIVED,fc-v1,native,,058e38aec59f4c35,20260917_214621,60,ZKC_20260917_215028_307,ZKCUSDT,BINANCE,FUTURES,OUTSIDE100,1142,200,1789671028307,2026-09-17T21:50:28.307+03:00,67,True,1789671028018,1789671028307,75.4,1789671000000,1789671059999,False,28.0,0.03776,-0.0529,39.8,PRICE LAG,True,500,37.4,35.5,45.4,49.8,0.00311,0.94,0.8,0.00073,0.314,0.04,1.3,75.0,38.9,YOK,10.0,1.0,0.037877444478371707,0.311,CLV_PROXY_1M,0,0.0,100.0,39.8,45.3,43.0,38.0,-5.5,-3.2,1.8,0.00311,0.00042,0.00033,-0.00037,82.85,84.43,79.28,64.31,-1.58,3.57,18.54,77.07,84.0,500,native,82.85,YORGUN,77.07,84.0,True,300,69.0,TR-UP,CHOCH UP,HH/MIX,LH/LL,TR-UP,74.7,True,True,499,2,50.2,1789670880000,LOW,0.03757,4.38,,,,,,,0,0,0.03777,0.03757,HIGH_SWEEP,4,0.03777,False,True,0.1149,499,native,61.06,NORMAL,82.36,88.33,True,300,29.3,BULL,BOS UP,LH/LL,LH/LL,SQZ,77.1,True,True,498,45,86.7,1789662780000,LOW,0.03751,3.46,,,,0.03749,3.74,2,0,1,0.03777,0.03749,HIGH_SWEEP,54,0.03769,False,True,0.1912,499,native,48.65,NORMAL,64.46,69.0,True,300,57.8,BULL,BOS UP,MIX/HL,LH/LL,RANGE,66.6,True,True,498,56,72.5,1789654200000,LOW,0.03729,4.66,,,,,,,0,0,0.03777,0.0376,LOW_SWEEP,3,0.0376,False,False,0.2669,499,native,49.97,NORMAL,47.58,59.33,True,300,65.0,TR-UP,CHOCH UP,MIX/HL,MIX/HL,SQZ,71.5,True,True,498,18,44.0,1789654500000,LOW,0.03718,3.0,0.049025,58.25,2,0.037065,3.59,2,1,1,0.049025,0.037065,LOW_SWEEP,105,0.03752,False,False,0.5132,499,native,50.37,NORMAL,54.19,65.0,True,300,58.0,BEAR,BOS DN,MIX/HL,MIX/HL,RANGE,64.9,True,True,498,41,61.2,1789520400000,HIGH,0.04772,18.46,0.05792,37.36,2,,,,1,0,0.05792,0.03718,LOW_SWEEP,26,0.03718,False,False,1.4314,499,native,29.05,DINLENMIS,37.92,40.0,True,300,14.9,BEAR,BOS DN,LH/LL,LH/MIX,TR DN,87.8,True,True,498,15,73.5,1789444800000,HIGH,0.04904,8.3,,,,0.036074999999999996,1.25,2,0,1,0.04772,0.036074999999999996,HIGH_SWEEP,23,0.04757,False,False,3.6131,3647,420,37.29,66.19,-28.91,-27.94,36.03,11.6,DOWN,6,6,103.48,2.6,60.0,1.0,True,0,0.0,0,0.0,0.0,5.6,0.049,0.004,1.0,0.939,10227.57,2681.4,7546.18,58.46,79.23,94.6,UP,298,137,12908.97,24.1,300.0,1.0,True,10,8897.45,3,1796.49,7100.96,52.6,0.325,0.528,1.0,0.988,20722.6,7604.26,13118.35,46.31,73.16,93.7,UP,786,378,28326.86,63.1,900.0,1.0,True,25,16291.15,5,4013.35,12277.81,68.3,0.558,0.613,1.0,0.996,-199.07,-437.92,-608.52,-37.47,-0.89,1.0,182.31,0.4354,1663.24,0.6442,0.5727,NONE,1789670863692,BUY,257.03,0.03776,1789670940000,ok,1.0,1.0,1.0,continuous,1,10,0,,0,0,0,0,False,352,0.03776,0.03777,2.648,-1.124,-0.2054,-0.633,15351.97,23290.19,51.64,1789671027536,771,False,,,,
2,v2,v1.2,REALF_PY_V4_2_DERIVED,ZPTDIFAT_PY_V1_4_DERIVED,fc-v1,native,,058e38aec59f4c35,20260917_214621,61,ETH_20260917_215034_526,ETHUSDT,BINANCE,FUTURES,TOP100,2,75000,1789671034526,2026-09-17T21:50:34.526+03:00,67,True,1789671034396,1789671034526,74.5,1789671000000,1789671059999,False,34.4,2455.36,-0.0484,51.1,FAIR (DENGE),True,500,51.3,52.7,49.3,50.0,-0.00054,-0.28,-0.27,0.00082,0.625,0.1,0.7,60.0,-7.1,YOK,3.4,0.806,2454.0255759307247,-0.054,CLV_PROXY_1M,0,0.0,100.0,51.1,58.3,55.6,57.9,-7.2,-4.5,-6.8,-0.00054,0.00043,-0.0002,4e-05,61.63,59.87,49.82,44.89,1.76,11.81,16.74,62.48,73.33,500,native,61.63,NORMAL,62.48,73.33,True,300,19.9,BEAR,BOS DN,LH/LL,MIX/HL,TR DN,90.7,True,True,499,26,67.5,1789669440000,HIGH,2462.33,3.9,,,,,,,0,0,2462.33,2448.48,LOW_SWEEP,24,2460.13,False,False,0.0728,499,native,27.82,DINLENMIS,40.07,39.67,True,300,14.9,TR-DN,CHOCH DN,LH/LL,LH/LL,TR-DN,85.6,True,True,498,4,67.0,1789670160000,HIGH,2462.33,1.96,,,,,,,0,0,2462.33,2458.12,HIGH_SWEEP,28,2475.2,False,False,0.1409,499,native,28.02,DINLENMIS,40.31,32.0,True,300,56.4,BULL,BOS UP,MIX/HL,LH/LL,RANGE,70.7,True,True,498,83,76.9,1789646100000,LOW,2428.88,5.35,,,,2365.835,18.08,2,0,1,2462.33,2365.835,HIGH_SWEEP,56,2479.44,False,False,0.2016,499,native,33.18,NORMAL,25.45,15.67,True,300,65.9,BULL,BOS UP,MIX/HL,MIX/HL,RANGE,76.7,True,True,498,27,66.0,1789646400000,LOW,2435.9,1.89,,,,,,,0,0,2476.4,2453.68,LOW_SWEEP,1,2453.68,True,False,0.4189,499,native,77.41,YORGUN,63.31,68.33,True,300,71.4,BEAR,BOS DN,HH/HL,HH/HL,TR DN,79.3,True,True,498,53,44.7,1789477200000,HIGH,2614.99,7.38,,,,,,,0,0,2453.33,2426.52,EQH_SWEEP,17,2429.45,False,False,0.8791,499,native,52.2,NORMAL,61.5,64.67,True,300,50.9,TR-DN,CHOCH DN,MIX/HL,HH/HL,TR-DN,70.6,True,True,498,11,32.7,1789502400000,HIGH,2614.99,3.89,,,,1862.655,14.45,2,0,2,2614.99,1862.655,HIGH_SWEEP,35,2522.75,False,False,1.6617,133,3522,307712.57,909943.33,-602230.76,-49.46,25.27,6.0,DOWN,2221,516,1217655.91,30.0,60.0,1.0,True,1,79047.7,3,262332.4,-183284.7,67.5,0.375,1.0,1.0,0.998,6845910.68,8651429.12,-1805518.44,-11.65,44.17,28.2,DOWN,12399,2815,15497339.81,128.3,300.0,1.0,True,19,3378193.16,32,5317552.49,-1939359.33,87.7,0.72,1.0,1.0,1.0,10322193.72,9819600.58,502593.14,2.5,51.25,55.1,FLAT,15859,3522,20141794.3,183.0,419.8,0.4664,False,28,4652044.89,35,5819657.94,-1167613.05,77.9,0.785,1.0,0.466,1.0,-949236.94,-1689577.91,,-37.06,-5.47,0.3998,-39102.04,-0.0203,-478810.67,-0.1545,-0.001,NONE,1789671031057,SELL,84870.83,2454.616817734845,1789670940000,ok,1.0,1.0,1.0,continuous,1,550,0,,0,0,0,0,False,426,2453.75,2453.76,0.041,-0.012,-0.6223,-0.6199,89013.57,382361.68,0.84,1789671034009,517,False,,AGGRESSIVE_SELLER,,
2,v2,v1.2,REALF_PY_V4_2_DERIVED,ZPTDIFAT_PY_V1_4_DERIVED,fc-v1,native,,058e38aec59f4c35,20260917_214621,62,BNB_20260917_215038_135,BNBUSDT,BINANCE,FUTURES,TOP100,4,25000,1789671038135,2026-09-17T21:50:38.135+03:00,67,True,1789671038100,1789671038135,74.8,1789671000000,1789671059999,False,38.1,728.29,-0.0425,45.7,FAIR (DENGE),True,500,43.7,47.0,46.8,49.7,0.00034,-0.7,-0.58,0.00042,0.568,0.21,3.3,60.0,-16.0,YOK,3.2,1.0,728.5377045456547,0.034,CLV_PROXY_1M,0,0.0,100.0,45.7,54.2,53.9,53.5,-8.5,-8.2,-7.8,0.00034,0.00034,9e-05,5e-05,48.71,48.36,41.77,41.08,0.35,6.94,7.63,49.9,48.67,500,native,48.71,NORMAL,49.9,48.67,True,300,42.9,BEAR,BOS DN,HH/MIX,MIX/HL,TR DN,78.3,True,True,499,17,100.0,1789669980000,HIGH,729.98,7.01,,,,727.475,3.38,2,0,1,729.98,727.475,HIGH_SWEEP,30,729.81,False,False,0.0331,499,native,21.58,DINLENMIS,25.5,21.33,True,300,37.6,BEAR,BOS DN,MIX/HL,HH/MIX,RANGE,75.2,True,True,498,5,86.3,1789669980000,HIGH,729.98,3.31,,,,724.995,6.45,2,0,1,729.98,724.995,HIGH_SWEEP,26,730.49,False,False,0.0701,499,native,24.25,DINLENMIS,29.22,15.0,True,300,41.4,BEAR,BOS DN,MIX/HL,HH/HL,RANGE,71.8,True,True,498,4,50.6,1789669800000,HIGH,730.89,3.38,,,,718.6600000000001,12.76,2,0,1,729.98,718.6600000000001,HIGH_SWEEP,218,727.51,False,False,0.104,499,native,55.45,NORMAL,44.02,32.67,True,300,86.3,BULL,BOS UP,HH/HL,HH/HL,SQZ,86.6,True,True,498,6,37.3,1789665300000,LOW,724.99,1.9,,,,,,,0,0,730.89,724.99,HIGH_SWEEP,7,730.21,False,False,0.2384,499,native,70.9,NORMAL,68.53,76.0,True,300,65.4,TR-UP,CHOCH UP,HH/MIX,HH/MIX,TR-UP,76.7,True,True,498,23,52.6,1789585200000,LOW,704.34,5.73,,,,,,,0,0,732.95,721.24,HIGH_SWEEP,6,729.58,False,False,0.5726,499,native,72.28,YORGUN,78.12,84.67,True,300,41.6,BULL,BOS UP,LH/LL,HH/MIX,RANGE,86.1,True,True,498,1,31.3,1789646400000,LOW,704.34,2.72,,,,,,,0,0,725.94,704.34,HIGH_SWEEP,3,725.94,False,False,1.2108,1254,1442,18178.03,45184.19,-27006.16,-42.62,28.69,6.8,DOWN,441,100,63362.23,11.1,60.0,1.0,True,0,0.0,0,0.0,0.0,45.3,0.181,0.7,1.0,0.979,257853.92,585951.45,-328097.53,-38.88,30.56,7.6,DOWN,2517,538,843805.37,63.6,300.0,1.0,True,0,0.0,3,367833.8,-367833.8,78.8,0.56,0.982,1.0,0.996,1171116.64,1127618.34,43498.31,1.89,50.95,53.9,FLAT,7444,1442,2298734.98,102.7,814.5,0.905,False,6,422674.27,7,554511.19,-131836.91,83.6,0.672,1.0,0.905,0.999,-106421.89,-35397.14,,-67.15,-2.29,0.8383,44894.38,0.5787,-49085.15,-0.2909,-0.6932,UP,1789670800369,SELL,37295.98,728.5794412971285,1789670940000,ok,1.0,1.0,1.0,continuous,1,120,0,,0,0,0,0,False,461,728.28,728.29,0.137,-0.067,-0.5646,-0.7626,63721.03,228988.48,2.68,1789671037754,381,False,,AGGRESSIVE_SELLER,,
2,v2,v1.2,REALF_PY_V4_2_DERIVED,ZPTDIFAT_PY_V1_4_DERIVED,fc-v1,native,,058e38aec59f4c35,20260917_214621,63,XRP_20260917_215041_346,XRPUSDT,BINANCE,FUTURES,TOP100,5,25000,1789671041346,2026-09-17T21:50:41.346+03:00,67,True,1789671041297,1789671041346,74.4,1789671000000,1789671059999,False,41.3,1.2957,-0.1233,49.2,FAIR (DENGE),True,500,48.7,50.7,48.0,49.9,-0.00017,-0.86,-0.76,0.00092,0.543,0.28,4.3,50.0,-15.3,YOK,2.7,0.688,1.2954753755978974,-0.017,CLV_PROXY_1M,0,0.0,100.0,49.2,61.5,56.5,55.0,-12.3,-7.3,-5.8,-0.00017,0.00103,0.00042,0.00021,56.8,58.76,50.05,46.75,-1.96,6.75,10.05,49.9,57.67,500,native,56.8,NORMAL,49.9,57.67,True,300,11.4,BEAR,BOS DN,LH/LL,MIX/HL,TR DN,95.4,True,True,499,11,57.8,1789670340000,HIGH,1.2998,3.95,,,,,,,0,0,1.2998,1.2934,LOW_SWEEP,10,1.294,False,False,0.0801,499,native,23.76,DINLENMIS,27.32,26.33,True,300,56.1,BULL,BOS UP,MIX/HL,LH/LL,SQZ,68.3,True,True,498,92,46.8,1789654320000,LOW,1.2888,3.61,,,,1.2744499999999999,11.12,2,0,1,1.3,1.2744499999999999,HIGH_SWEEP,91,1.3087,False,False,0.1474,499,native,26.48,DINLENMIS,35.36,28.67,True,300,57.5,BULL,BOS UP,MIX/HL,MIX/HL,TR UP,67.6,True,True,498,54,54.0,1789654800000,LOW,1.2888,2.39,,,,,,,0,0,1.3086,1.2979,HIGH_SWEEP,52,1.3151,False,False,0.2194,499,native,28.51,DINLENMIS,21.27,16.67,True,300,43.3,BEAR,BOS DN,MIX/HL,MIX/HL,RANGE,71.9,True,True,498,1,36.1,1789669800000,HIGH,1.3086,2.15,,,,,,,0,0,1.3086,1.2979,HIGH_SWEEP,17,1.3151,False,False,0.463,499,native,54.67,NORMAL,30.41,26.33,True,300,54.5,BEAR,BOS DN,MIX/HL,HH/HL,RANGE,72.1,True,True,498,29,35.2,1789563600000,HIGH,1.312,1.14,,,,,,,0,0,1.3096,1.2888,HIGH_SWEEP,6,1.3096,False,False,1.0981,499,native,34.77,NORMAL,38.48,37.33,True,300,45.9,TR-DN,CHOCH DN,HH/MIX,HH/MIX,TR-DN,75.8,True,True,498,12,73.1,1789488000000,HIGH,1.4916,5.77,1.5507,7.51,2,0.98775,9.06,2,1,1,1.5507,0.98775,EQH_SWEEP,54,1.43175,False,False,2.598,871,1604,67219.87,108004.92,-40785.04,-23.28,38.36,14.7,DOWN,805,102,175224.79,13.0,60.0,1.0,True,1,30257.97,0,0.0,30257.97,49.9,0.207,0.811,1.0,0.985,1033443.97,1658561.01,-625117.05,-23.22,38.39,14.7,DOWN,5396,692,2692004.98,41.0,300.0,1.0,True,8,330448.61,14,1175854.64,-845406.02,72.7,0.451,1.0,1.0,0.997,3171438.33,2542260.86,629177.47,11.01,55.51,70.8,UP,11849,1604,5713699.19,120.1,675.8,0.7509,False,29,1465588.58,21,1512130.29,-46541.71,82.1,0.706,1.0,0.751,0.999,-178762.96,-175866.17,,-51.51,-4.09,0.6842,75861.89,0.4134,-78244.31,-0.1453,-0.3181,UP,1789671009585,BUY,30257.97,1.2971,1789670940000,ok,1.0,1.0,1.0,continuous,1,135,0,,0,0,0,0,False,495,1.2956,1.2957,0.772,-0.193,0.068,-0.0403,1667870.43,1455403.14,15.05,1789671040955,391,False,,,,
2,v2,v1.2,REALF_PY_V4_2_DERIVED,ZPTDIFAT_PY_V1_4_DERIVED,fc-v1,native,,058e38aec59f4c35,20260917_214621,64,DOGE_20260917_215044_423,DOGEUSDT,BINANCE,FUTURES,TOP100,12,15000,1789671044423,2026-09-17T21:50:44.423+03:00,67,True,1789671044421,1789671044423,73.3,1789671000000,1789671059999,False,44.4,0.08148,-0.1103,54.6,FAIR (DENGE),True,500,52.8,67.6,44.3,50.5,-0.00445,-1.55,-0.71,0.00082,0.566,0.2,9.7,50.0,-30.2,YOK,23.3,0.668,0.08111858993431525,-0.444,CLV_PROXY_1M,0,0.0,100.0,54.6,68.2,69.3,76.2,-13.6,-14.7,-21.6,-0.00445,0.00102,0.00079,0.00145,54.03,56.97,51.98,46.71,-2.94,2.05,7.32,46.8,48.0,500,native,54.03,NORMAL,46.8,48.0,True,300,16.0,TR-DN,CHOCH DN,LH/LL,MIX/HL,TR-DN,92.9,True,True,499,16,87.8,1789670040000,HIGH,0.08178,4.29,0.0818,4.58,2,,,,1,0,0.0818,0.08131,LOW_SWEEP,43,0.08167,False,False,0.0857,499,native,27.88,DINLENMIS,30.58,28.33,True,300,12.0,BEAR,BOS DN,LH/LL,MIX/LL,TR DN,87.5,True,True,498,5,49.0,1789669980000,HIGH,0.08179,2.37,,,,,,,0,0,0.08179,0.08159,LOW_SWEEP,23,0.08196,False,False,0.1552,499,native,28.16,DINLENMIS,36.84,27.33,True,300,44.0,TR-DN,CHOCH DN,MIX/HL,LH/LL,TR-DN,74.7,True,True,498,3,70.3,1789670100000,HIGH,0.08226,4.2,,,,0.07986,8.73,2,0,1,0.08179,0.07986,HIGH_SWEEP,20,0.08206,False,False,0.2276,499,native,39.96,NORMAL,27.76,23.67,True,300,68.7,BULL,BOS UP,MIX/HL,HH/HL,RANGE,74.0,True,True,498,19,56.8,1789653600000,LOW,0.08054,2.63,,,,0.080555,2.58,2,0,1,0.08226,0.080555,HIGH_SWEEP,17,0.08179,False,False,0.4389,499,native,75.71,YORGUN,62.44,71.67,True,300,85.2,BULL,BOS UP,HH/HL,HH/HL,RANGE,85.8,True,True,498,10,49.0,1789632000000,LOW,0.07828,4.3,,,,,,,0,0,0.08134,0.08054,HIGH_SWEEP,9,0.08134,False,False,0.9131,499,native,52.12,NORMAL,57.4,67.33,True,300,46.4,BEAR,BOS DN,HH/MIX,HH/MIX,TR DN,73.2,True,True,498,13,26.7,1789473600000,HIGH,0.08616,3.15,,,,0.07835,2.11,2,0,1,0.08616,0.07835,HIGH_SWEEP,17,0.08534,False,False,1.8121,617,1334,7545.27,119967.96,-112422.69,-88.17,5.92,5.0,DOWN,394,84,127513.23,9.1,60.0,1.0,True,0,0.0,1,57780.54,-57780.54,43.7,0.153,0.776,1.0,0.99,279066.62,571466.83,-292400.21,-34.38,32.81,8.8,DOWN,2527,383,850533.44,41.9,300.0,1.0,True,4,67054.3,9,350437.49,-283383.19,72.6,0.456,0.982,1.0,0.998,1684488.68,1965480.02,-280991.33,-7.7,46.15,34.9,DOWN,8709,1334,3649968.7,114.1,843.2,0.9369,False,33,967940.58,29,1325157.83,-357217.25,85.3,0.695,1.0,0.937,0.999,-144469.22,-190833.55,,-70.62,-11.37,0.8702,-13451.64,-0.1687,-37951.34,-0.2231,-0.2729,NONE,1789670984800,SELL,57780.54,0.08157026169155773,1789670940000,ok,1.0,1.0,1.0,continuous,1,95,0,,0,0,0,0,False,529,0.08148,0.08149,1.227,0.278,-0.0665,-0.2835,846788.69,967471.75,23.93,1789671044042,381,False,,AGGRESSIVE_SELLER,,
2,v2,v1.2,REALF_PY_V4_2_DERIVED,ZPTDIFAT_PY_V1_4_DERIVED,fc-v1,native,,058e38aec59f4c35,20260917_214621,65,LINK_20260917_215048_396,LINKUSDT,BINANCE,FUTURES,TOP100,17,10000,1789671048396,2026-09-17T21:50:48.396+03:00,67,True,1789671048396,1789671048396,73.8,1789671000000,1789671059999,False,48.4,11.335,-0.0881,51.5,FAIR (DENGE),True,500,50.9,55.1,49.3,50.1,-0.00153,-1.01,-0.84,0.00119,0.604,0.22,3.7,55.0,-19.8,YOK,5.8,0.839,11.317662114597011,-0.153,CLV_PROXY_1M,0,0.0,100.0,51.5,60.8,57.9,61.4,-9.3,-6.4,-9.9,-0.00153,0.00069,-8e-05,0.00055,56.55,57.43,51.07,49.48,-0.88,5.48,7.07,53.42,57.0,500,native,56.55,NORMAL,53.42,57.0,True,300,45.5,BEAR,BOS DN,HH/MIX,LH/LL,RANGE,74.8,True,True,499,16,75.5,1789670040000,HIGH,11.379,3.64,,,,11.14,16.11,2,0,1,11.379,11.14,HIGH_SWEEP,19,11.358,False,False,0.1067,499,native,33.33,NORMAL,36.66,35.0,True,300,61.5,BULL,BOS UP,HH/MIX,HH/MIX,RANGE,72.9,True,True,498,34,60.7,1789664760000,LOW,11.302,1.44,,,,11.100999999999999,10.19,2,0,1,11.379,11.100999999999999,EQL_SWEEP,5,11.335,False,False,0.2026,499,native,32.73,NORMAL,42.47,28.33,True,300,81.4,BULL,BOS UP,HH/HL,HH/MIX,RANGE,89.1,True,True,498,21,47.6,1789664700000,LOW,11.302,1.0,,,,,,,0,0,11.428,11.302,HIGH_SWEEP,20,11.406,False,False,0.2912,499,native,48.14,NORMAL,38.87,34.67,True,300,70.9,BULL,BOS UP,MIX/HL,HH/HL,RANGE,77.0,True,True,498,19,61.0,1789653600000,LOW,11.089,3.87,11.428,1.46,2,11.0905,3.85,2,1,1,11.428,11.0905,HIGH_SWEEP,17,11.34,False,False,0.5598,499,native,82.76,YORGUN,76.9,85.33,True,300,54.7,BEAR,BOS DN,MIX/HL,HH/HL,TR DN,70.8,True,True,498,35,42.9,1789542000000,HIGH,11.501,1.31,12.7855,11.43,2,,,,1,0,12.7855,11.089,LOW_SWEEP,25,10.67,False,False,1.1169,499,native,57.63,NORMAL,67.43,73.33,True,300,16.6,BEAR,BOS DN,LH/LL,HH/MIX,RANGE,86.2,True,True,498,12,24.8,1789488000000,HIGH,11.961,2.53,,,,8.062,13.23,2,0,1,11.961,8.062,EQH_SWEEP,80,12.035499999999999,False,False,2.1745,5028,1014,4431.43,19007.89,-14576.46,-62.19,18.91,5.3,DOWN,146,32,23439.32,7.3,60.0,1.0,True,0,0.0,0,0.0,0.0,37.1,0.127,0.592,1.0,0.916,176282.37,318580.49,-142298.11,-28.76,35.62,11.1,DOWN,1562,260,494862.86,59.5,300.0,1.0,True,2,52474.54,6,168880.4,-116405.87,76.4,0.543,0.924,1.0,0.983,589315.2,629166.78,-39851.58,-3.27,48.36,43.4,DOWN,4625,777,1218481.98,181.8,900.0,1.0,True,12,225441.93,10,236409.76,-10967.83,90.7,0.784,1.0,1.0,0.994,-9407.32,-18971.63,4379.87,-13.25,-2.53,1.0,8328.2,0.2696,-18305.62,-0.185,-0.4237,UP,1789670870552,BUY,40068.87,11.33454638752401,1789670940000,ok,1.0,1.0,1.0,continuous,1,35,0,,0,0,0,0,False,563,11.334,11.335,0.882,-0.076,-0.0605,-0.1173,172774.23,195041.21,17.2,1789671047076,1320,False,,AGGRESSIVE_SELLER,,
2,v2,v1.2,REALF_PY_V4_2_DERIVED,ZPTDIFAT_PY_V1_4_DERIVED,fc-v1,native,,058e38aec59f4c35,20260917_214621,66,ADA_20260917_215053_339,ADAUSDT,BINANCE,FUTURES,TOP100,19,10000,1789671053339,2026-09-17T21:50:53.339+03:00,67,True,1789671051777,1789671053339,75.5,1789671000000,1789671059999,False,51.8,0.2014,-0.1487,45.5,FAIR (DENGE),True,500,43.3,50.1,42.5,49.7,-4e-05,-0.97,-0.66,0.00149,0.606,0.19,3.7,60.0,2.9,YOK,7.6,0.988,0.20139279596346948,-0.004,CLV_PROXY_1M,0,0.0,100.0,45.5,56.6,56.5,58.3,-11.1,-11.0,-12.8,-4e-05,0.00139,0.0011,0.00082,56.02,58.67,51.57,49.69,-2.65,4.45,6.33,49.17,51.33,500,native,56.02,NORMAL,49.17,51.33,True,300,26.0,BEAR,BOS DN,MIX/LL,MIX/HL,TR DN,82.2,True,True,499,16,79.1,1789670040000,HIGH,0.2022,2.96,0.2022,2.96,2,,,,2,0,0.2022,0.2009,LOW_SWEEP,135,0.2016,False,False,0.1339,499,native,21.83,DINLENMIS,28.5,17.67,True,300,12.9,BEAR,BOS DN,LH/LL,MIX/LL,TR DN,88.0,True,True,498,5,36.4,1789669980000,HIGH,0.203,3.36,,,,,,,0,0,0.2022,0.2016,LOW_SWEEP,19,0.2021,False,False,0.2364,499,native,22.12,DINLENMIS,27.79,13.33,True,300,66.9,BULL,BOS UP,MIX/HL,LH/LL,RANGE,73.0,True,True,498,22,65.2,1789664400000,LOW,0.2008,0.78,,,,0.1903,17.23,2,0,1,0.203,0.1903,HIGH_SWEEP,20,0.2028,False,False,0.3165,499,native,42.52,NORMAL,28.52,23.33,True,300,71.8,BULL,BOS UP,MIX/HL,HH/HL,RANGE,79.0,True,True,498,18,79.1,1789654500000,LOW,0.1972,3.26,,,,0.1972,3.26,2,0,2,0.2033,0.1972,HIGH_SWEEP,16,0.2022,False,False,0.625,499,native,84.39,ASIRI,72.52,84.33,True,300,49.9,TR-UP,CHOCH UP,MIX/LL,HH/HL,TR-UP,79.1,True,True,498,12,61.8,1789624800000,LOW,0.1901,4.55,,,,,,,0,0,0.1973,0.1901,EQH_SWEEP,17,0.19690000000000002,False,False,1.2131,499,native,52.73,NORMAL,62.26,74.67,True,300,16.5,BEAR,BOS DN,LH/LL,LH/LL,RANGE,83.9,True,True,498,12,45.7,1789488000000,HIGH,0.2159,2.99,,,,,,,0,0,0.2159,0.1901,LOW_SWEEP,49,0.2148,False,False,2.414,-993,900,1381.16,16676.02,-15294.86,-84.7,7.65,5.0,DOWN,271,37,18057.19,4.6,60.0,1.0,True,0,0.0,0,0.0,0.0,31.2,0.084,0.564,1.0,1.0,155627.52,196900.52,-41273.01,-11.71,44.15,28.1,DOWN,1389,248,352528.04,13.6,300.0,1.0,True,4,91532.19,5,152476.78,-60944.59,52.1,0.214,0.887,1.0,1.0,587745.65,700470.19,-112724.55,-8.75,45.62,33.0,DOWN,4382,758,1288215.84,18.1,900.0,1.0,True,15,370264.1,12,533907.49,-163643.38,58.9,0.266,1.0,1.0,1.0,-20736.97,-30704.46,-124273.42,-50.45,-4.5,1.0,10729.01,0.3252,2199.64,0.0312,-0.2762,UP,1789670980915,SELL,12937.84,0.2017,1789670940000,ok,1.0,1.0,1.0,continuous,1,53,0,,0,0,0,0,False,637,0.2013,0.2014,4.966,-0.396,0.1579,0.0477,2839367.0,2064951.39,96.85,1789671051038,2301,False,,AGGRESSIVE_SELLER,,
2,v2,v1.2,REALF_PY_V4_2_DERIVED,ZPTDIFAT_PY_V1_4_DERIVED,fc-v1,native,,058e38aec59f4c35,20260917_214621,67,LTC_20260917_215058_243,LTCUSDT,BINANCE,FUTURES,TOP100,25,10000,1789671058243,2026-09-17T21:50:58.243+03:00,67,True,1789671058230,1789671058243,77.2,1789671000000,1789671059999,False,58.2,53.48,-0.0934,54.3,FAIR (DENGE),True,500,55.9,53.2,53.8,50.8,-0.00062,-0.93,-0.95,0.00093,0.37,0.41,13.7,80.0,-27.8,YOK,2.7,1.0,53.44668468400032,-0.062,CLV_PROXY_1M,0,0.0,100.0,54.3,62.8,62.8,61.0,-8.5,-8.5,-6.7,-0.00062,0.00066,0.00045,0.0001,41.06,44.31,43.06,42.08,-3.25,-2.0,-1.02,36.14,27.33,500,native,41.06,NORMAL,36.14,27.33,True,300,14.7,BEAR,BOS DN,LH/LL,LH/LL,TR DN,90.2,True,True,499,16,72.3,1789670040000,HIGH,53.71,6.07,,,,,,,0,0,53.71,53.44,HIGH_SWEEP,39,53.78,False,False,0.0708,499,native,17.21,DINLENMIS,19.57,9.33,True,300,29.8,TR-DN,CHOCH DN,LH/MIX,LH/LL,TR-DN,72.7,True,True,498,4,57.3,1789670160000,HIGH,53.86,4.55,,,,,,,0,0,53.86,53.65,HIGH_SWEEP,36,53.74,False,False,0.1601,499,native,17.26,DINLENMIS,20.51,5.67,True,300,66.7,BULL,BOS UP,MIX/HL,LH/LL,RANGE,73.2,True,True,498,21,34.8,1789664700000,LOW,53.31,1.28,,,,50.21,26.01,2,0,2,53.86,50.21,HIGH_SWEEP,22,53.74,False,False,0.2342,499,native,64.03,NORMAL,46.12,48.0,True,300,70.1,BULL,BOS UP,HH/MIX,HH/HL,TR UP,78.7,True,True,498,18,42.9,1789654500000,LOW,52.51,4.33,,,,,,,0,0,53.98,52.46,HIGH_SWEEP,17,53.11,False,False,0.4182,499,native,85.43,ASIRI,78.12,86.0,True,300,66.1,TR-UP,CHOCH UP,MIX/HL,HH/MIX,TR-UP,63.2,True,True,498,7,40.7,1789642800000,LOW,50.13,7.31,,,,,,,0,0,52.81,52.46,HIGH_SWEEP,9,52.81,False,False,0.8504,499,native,65.05,NORMAL,76.57,84.33,True,300,50.7,TR-DN,CHOCH DN,HH/MIX,LH/LL,TR-DN,72.3,True,True,498,11,38.2,1789502400000,HIGH,55.24,1.99,,,,,,,0,0,55.24,50.13,HIGH_SWEEP,27,54.28,False,False,1.6471,3796,515,181.12,16441.82,-16260.7,-97.82,1.09,5.0,DOWN,114,22,16622.94,5.4,60.0,1.0,True,0,0.0,0,0.0,0.0,32.9,0.098,0.555,1.0,0.937,84781.96,89077.74,-4295.78,-2.47,48.76,45.0,FLAT,509,110,173859.7,8.3,300.0,1.0,True,2,59505.66,3,49209.59,10296.07,43.0,0.143,0.81,1.0,0.987,250698.23,247269.43,3428.8,0.69,50.34,51.4,FLAT,1854,400,497967.66,37.8,900.0,1.0,True,5,130234.56,7,109720.05,20514.5,69.7,0.431,0.924,1.0,0.996,-16813.73,-44918.77,-7942.51,-89.12,-9.08,1.0,11776.16,0.3797,6359.83,0.1829,-0.1566,UP,1789670914877,BUY,10329.52,53.519999999999996,1789670940000,ok,1.0,1.0,1.0,continuous,1,28,0,,0,0,0,0,False,671,53.47,53.48,1.87,-0.366,-0.0217,-0.0783,784016.5,818861.06,36.47,1789671057107,1136,False,,AGGRESSIVE_SELLER,,
2,v2,v1.2,REALF_PY_V4_2_DERIVED,ZPTDIFAT_PY_V1_4_DERIVED,fc-v1,native,,058e38aec59f4c35,20260917_214621,68,AVAX_20260917_215101_721,AVAXUSDT,BINANCE,FUTURES,TOP100,31,5000,1789671061721,2026-09-17T21:51:01.721+03:00,67,True,1789671061521,1789671061721,77.3,1789671000000,1789671059999,True,61.5,7.598,-0.092,52.3,FAIR (DENGE),True,500,54.2,49.4,52.5,50.3,0.00016,-0.08,-0.2,0.00114,0.662,0.32,10.3,50.0,-4.0,YOK,4.7,0.887,7.5992530712715896,0.016,CLV_PROXY_1M,0,0.0,100.0,52.3,52.0,45.3,50.1,0.3,7.0,2.2,0.00016,0.00059,-0.0005,-0.00022,65.87,65.38,54.04,48.22,0.49,11.83,17.65,65.04,71.67,500,native,65.87,NORMAL,65.04,71.67,True,300,44.8,TR-DN,CHOCH DN,HH/MIX,HH/HL,TR-DN,81.7,True,True,499,16,86.3,1789670040000,HIGH,7.618,2.64,,,,,,,0,0,7.618,7.57,HIGH_SWEEP,22,7.609,False,False,0.0995,499,native,33.83,NORMAL,46.86,43.67,True,300,43.6,BEAR,BOS DN,MIX/HL,MIX/LL,RANGE,68.6,True,True,498,10,51.8,1789669080000,HIGH,7.635,2.83,,,,,,,0,0,7.618,7.605,LOW_SWEEP,11,7.605,False,False,0.172,499,native,29.48,DINLENMIS,42.89,28.0,True,300,60.9,TR-DN,CHOCH DN,HH/HL,LH/MIX,TR-DN,89.2,True,True,498,3,51.7,1789670100000,HIGH,7.646,2.44,,,,,,,0,0,7.646,7.603,LOW_SWEEP,7,7.603,False,False,0.2536,499,native,51.26,NORMAL,44.12,41.0,True,300,48.5,BULL,BOS UP,MIX/LL,HH/HL,RANGE,70.0,True,True,498,25,14.8,1789648200000,LOW,7.514,2.48,7.648,1.48,2,,,,1,0,7.648,7.523,LOW_SWEEP,14,7.539,False,False,0.4453,499,native,69.39,NORMAL,65.21,71.0,True,300,71.5,BEAR,BOS DN,HH/HL,HH/HL,TR DN,79.6,True,True,498,52,46.7,1789480800000,HIGH,7.8,2.83,8.192,8.32,3,7.186,5.77,2,1,1,8.192,7.186,EQL_SWEEP,25,7.186,False,False,0.939,499,native,72.32,YORGUN,77.42,86.33,True,300,46.4,TR-DN,CHOCH DN,HH/MIX,LH/MIX,TR-DN,73.8,True,True,498,7,50.3,1789560000000,HIGH,7.8,1.41,,,,7.173500000000001,2.96,2,0,1,7.8,7.173500000000001,LOW_SWEEP,12,7.243,False,False,1.8868,1213,812,8940.49,13441.16,-4500.68,-20.11,39.95,17.5,DOWN,156,27,22381.65,11.5,60.0,1.0,True,0,0.0,0,0.0,0.0,43.5,0.187,0.587,1.0,0.98,192478.23,218064.77,-25586.54,-6.23,46.88,37.6,DOWN,1564,250,410543.01,34.1,300.0,1.0,True,6,91115.84,13,133222.45,-42106.61,67.6,0.405,0.903,1.0,0.996,518089.17,564240.55,-46151.38,-4.26,47.87,41.4,DOWN,4179,661,1082329.72,55.8,900.0,1.0,True,20,288737.14,28,400952.53,-112215.39,77.4,0.527,1.0,1.0,0.999,-5816.43,-85379.89,21306.02,-11.47,-8.28,1.0,5048.0,0.1264,3365.37,0.041,0.0126,NONE,1789670961908,SELL,7605.82,7.60582,1789670940000,ok,1.0,1.0,1.0,continuous,1,35,0,,0,0,0,0,False,34,7.598,7.599,1.316,-0.111,0.1603,-0.5742,360418.52,260824.29,25.66,1789671061011,710,False,,,,
2,v2,v1.2,REALF_PY_V4_2_DERIVED,ZPTDIFAT_PY_V1_4_DERIVED,fc-v1,native,,058e38aec59f4c35,20260917_214621,69,SUI_20260917_215105_122,SUIUSDT,BINANCE,FUTURES,TOP100,35,5000,1789671065122,2026-09-17T21:51:05.122+03:00,67,True,1789671065024,1789671065122,74.7,1789671000000,1789671059999,True,65.0,0.7316,-0.1365,52.7,FAIR (DENGE),True,500,53.3,53.2,51.5,51.0,-0.00109,-1.0,-1.1,0.00143,0.674,0.63,39.0,50.0,-20.2,YOK,1.8,1.0,0.7308036743458232,-0.109,CLV_PROXY_1M,0,0.0,100.0,52.7,59.4,56.7,55.8,-6.7,-4.0,-3.1,-0.00109,0.00065,-1e-05,-7e-05,56.32,57.35,49.28,42.3,-1.03,7.04,14.02,52.9,56.33,500,native,56.32,NORMAL,52.9,56.33,True,300,47.9,TR-DN,CHOCH DN,HH/MIX,MIX/HL,TR-DN,75.7,True,True,499,16,83.1,1789670040000,HIGH,0.7344,3.03,,,,,,,0,0,0.7352,0.7287,HIGH_SWEEP,17,0.7344,False,False,0.126,499,native,32.27,NORMAL,35.01,32.67,True,300,59.5,BULL,BOS UP,MIX/HL,HH/MIX,RANGE,73.8,True,True,498,35,54.4,1789664580000,LOW,0.7291,1.53,,,,0.7292,1.47,2,0,3,0.7352,0.7292,EQL_SWEEP,3,0.7292,False,False,0.2234,499,native,31.74,NORMAL,41.14,29.0,True,300,81.4,BULL,BOS UP,HH/HL,LH/LL,RANGE,90.7,True,True,498,21,31.2,1789664700000,LOW,0.7291,1.1,,,,0.71575,7.0,2,0,2,0.7387,0.71575,HIGH_SWEEP,20,0.7373,False,False,0.3089,499,native,52.76,NORMAL,42.91,37.0,True,300,90.0,BULL,BOS UP,HH/HL,HH/HL,RANGE,89.7,True,True,498,6,54.6,1789665300000,LOW,0.7223,2.25,,,,,,,0,0,0.7387,0.7291,HIGH_SWEEP,11,0.7351,False,False,0.5712,499,native,82.48,YORGUN,78.21,90.67,True,300,72.6,BEAR,BOS DN,HH/HL,HH/HL,TR DN,82.7,True,True,498,52,50.4,1789480800000,HIGH,0.7479,1.89,0.8336,11.83,2,,,,2,0,0.8336,0.7157,LOW_SWEEP,25,0.6814,False,False,1.1765,499,native,72.55,YORGUN,77.76,90.0,True,300,59.4,BEAR,BOS DN,HH/HL,MIX/HL,TR DN,78.3,True,True,498,11,25.5,1789502400000,HIGH,0.7479,0.95,,,,,,,0,0,0.7479,0.6773,LOW_SWEEP,13,0.692,False,False,2.3241,1747,1356,26331.46,56482.05,-30150.6,-36.41,31.8,8.2,DOWN,421,76,82813.51,18.7,60.0,1.0,True,2,19527.34,4,31997.43,-12470.09,53.9,0.272,0.73,1.0,0.971,173953.04,383312.93,-209359.88,-37.57,31.22,7.9,DOWN,2348,389,557265.97,62.2,300.0,1.0,True,7,67717.64,19,290578.2,-222860.56,77.4,0.554,0.937,1.0,0.994,838844.56,1049518.69,-210674.13,-11.16,44.42,29.0,DOWN,7630,1151,1888363.26,223.6,900.0,1.0,True,45,508994.43,52,694716.21,-185721.78,92.2,0.817,1.0,1.0,0.998,-11867.3,-38246.21,-27880.77,3.8,-3.13,1.0,-14166.27,-0.2983,-32578.13,-0.2923,-0.3857,NONE,1789671058313,SELL,6894.81,0.7317,1789670940000,ok,1.0,1.0,1.0,continuous,1,88,0,,0,0,0,0,False,108,0.7316,0.7317,1.367,0.347,-0.0823,-0.2685,473420.25,558327.3,26.65,1789671064518,604,False,,,,
2,v2,v1.2,REALF_PY_V4_2_DERIVED,ZPTDIFAT_PY_V1_4_DERIVED,fc-v1,native,,058e38aec59f4c35,20260917_214621,70,AKE_20260917_215108_214,AKEUSDT,BINANCE,FUTURES,TOP100,94,2000,1789671068214,2026-09-17T21:51:08.214+03:00,67,True,1789671068183,1789671068214,74.5,1789671060000,1789671119999,False,8.2,0.020827,-0.0144,41.0,PRICE LAG,True,500,38.1,41.7,42.1,49.9,0.0122,0.09,0.64,0.0076,0.708,0.03,0.3,60.0,-8.9,YOK,4.0,1.0,0.02108257219339941,1.227,CLV_PROXY_1M,0,0.0,100.0,41.0,37.5,36.0,44.3,3.5,5.0,-3.3,0.0122,-0.00035,-0.00229,0.00335,37.23,32.06,21.33,20.9,5.17,15.9,16.33,46.02,57.0,500,native,37.23,NORMAL,46.02,57.0,True,300,28.1,BEAR,BOS DN,MIX/LL,LH/LL,TR DN,71.3,True,True,499,6,34.4,1789670700000,HIGH,0.021142,5.46,0.021141,5.45,2,,,,1,0,0.021141,0.020824,LOW_SWEEP,1,0.020824,True,False,0.2767,499,native,24.44,DINLENMIS,26.01,20.0,True,300,47.3,TR-DN,CHOCH DN,HH/MIX,MIX/LL,TR-DN,76.1,True,True,498,2,51.0,1789670700000,HIGH,0.021142,2.57,,,,,,,0,0,0.021142,0.020851,EQL_SWEEP,5,0.020852500000000003,False,False,0.5885,499,native,27.45,DINLENMIS,26.04,20.67,True,300,78.9,TR-UP,CHOCH UP,HH/HL,HH/MIX,TR-UP,82.8,True,True,498,17,62.4,1789665900000,LOW,0.020714,0.68,,,,,,,0,0,0.021935,0.020811,LOW_SWEEP,1,0.020811,True,True,0.8375,499,native,27.44,DINLENMIS,26.67,9.33,True,300,59.3,BEAR,BOS DN,HH/MIX,HH/HL,SQZ,70.0,True,True,498,106,97.0,1789575300000,HIGH,0.028247,19.79,0.029421000000000003,22.92,2,0.020765,0.18,2,1,3,0.029421000000000003,0.020765,EQL_SWEEP,9,0.020765,False,True,1.7961,499,native,54.19,NORMAL,44.61,41.0,True,300,56.6,BULL,BOS UP,MIX/HL,MIX/HL,RANGE,70.2,True,True,498,62,56.3,1789444800000,LOW,0.014658,4.82,0.029844000000000002,7.03,2,0.012500500000000001,6.5,3,1,2,0.029844000000000002,0.012500500000000001,HIGH_SWEEP,63,0.0165,False,False,6.0934,499,native,42.08,NORMAL,37.98,31.67,True,300,86.4,BULL,BOS UP,HH/HL,MIX/HL,TR UP,90.5,True,True,498,15,80.8,1789444800000,LOW,0.013069,2.66,,,,0.0128725,2.73,2,0,3,0.029888,0.0128725,EQL_SWEEP,64,0.0128725,False,False,13.8617,961,2487,14193.05,17141.05,-2948.0,-9.41,45.3,31.8,DOWN,845,348,31334.1,84.0,60.0,1.0,True,1,8329.47,2,9653.38,-1323.92,71.9,0.627,0.624,1.0,0.984,63774.12,62645.64,1128.47,0.89,50.45,51.8,FLAT,3552,1567,126419.76,260.7,300.0,1.0,True,4,15624.03,7,27176.85,-11552.82,86.3,0.839,0.775,1.0,0.997,107793.7,95458.8,12334.9,6.07,53.03,62.1,UP,5858,2487,203252.49,372.6,591.6,0.6573,False,7,23540.6,8,31935.5,-8394.9,82.6,0.882,0.827,0.657,0.999,-6130.95,5584.85,,-27.91,2.28,0.5906,2608.45,0.1444,1031.38,0.0408,-0.148,UP,1789671047614,SELL,2950.98,0.02079222367132399,1789670940000,ok,1.0,1.0,1.0,continuous,1,376,0,,0,0,0,0,False,183,0.020834,0.020837,1.44,0.396,0.0533,0.6333,4159.71,3739.05,9.84,1789671067831,383,False,,,,
2,v2,v1.2,REALF_PY_V4_2_DERIVED,ZPTDIFAT_PY_V1_4_DERIVED,fc-v1,native,,058e38aec59f4c35,20260917_214621,71,PONS_20260917_215111_591,PONSUSDT,BINANCE,FUTURES,OUTSIDE100,112,2000,1789671071591,2026-09-17T21:51:11.591+03:00,67,True,1789671071585,1789671071591,74.0,1789671060000,1789671119999,False,11.6,0.6388,0.0313,42.6,FAIR (DENGE),True,500,40.7,41.6,44.8,49.9,0.0081,-0.28,-0.08,0.00422,0.545,0.06,0.3,55.0,-14.5,YOK,4.1,1.0,0.6439984114712903,0.814,CLV_PROXY_1M,0,0.0,100.0,42.6,41.7,46.7,44.8,0.9,-4.1,-2.2,0.0081,-2e-05,0.00023,0.00042,38.55,37.09,32.14,27.45,1.46,6.41,11.1,41.65,42.67,500,native,38.55,NORMAL,41.65,42.67,True,300,16.8,BEAR,BOS DN,LH/LL,MIX/HL,TR DN,88.8,True,True,499,17,49.5,1789670040000,HIGH,0.6584,8.87,,,,,,,0,0,0.6423,0.6375,LOW_SWEEP,16,0.6446,False,False,0.3461,499,native,12.89,DINLENMIS,15.43,6.67,True,300,9.2,BEAR,BOS DN,LH/LL,LH/LL,RANGE,92.6,True,True,498,4,55.4,1789670340000,HIGH,0.6584,4.91,0.6657,6.73,2,,,,1,0,0.6657,0.6433,LOW_SWEEP,5,0.6433,False,False,0.6309,499,native,18.3,DINLENMIS,18.25,8.0,True,300,8.6,BEAR,BOS DN,LH/LL,LH/LL,RANGE,91.1,True,True,498,3,62.4,1789670100000,HIGH,0.6584,3.44,0.6657,4.72,2,,,,1,0,0.6657,0.6433,LOW_SWEEP,12,0.6466,False,False,0.89,499,native,39.51,NORMAL,26.71,20.33,True,300,72.0,BULL,BOS UP,HH/MIX,MIX/HL,RANGE,73.2,True,True,498,12,67.0,1789659900000,LOW,0.6099,2.29,,,,,,,0,0,0.6721,0.6099,HIGH_SWEEP,8,0.6573,False,False,1.9567,277,native,62.43,NORMAL,49.57,58.37,False,257,79.1,TR-UP,CHOCH UP,HH/HL,HH/HL,TR-UP,85.3,True,True,276,17,48.5,1789606800000,LOW,0.5563,3.29,,,,,,,0,0,0.669,0.6099,HIGH_SWEEP,2,0.669,False,False,3.852,70,native,69.42,NORMAL,64.12,80.0,False,50,45.0,BEAR,BOS DN,HH/MIX,HH/MIX,RANGE,70.9,True,False,69,7,30.3,1789560000000,HIGH,0.6992,1.26,,,,,,,0,0,0.6992,0.5483,LOW_SWEEP,9,0.5821,False,False,7.231,840,1505,6916.85,8700.66,-1783.81,-11.42,44.29,28.5,DOWN,321,84,15617.52,29.4,60.0,1.0,True,0,0.0,0,0.0,0.0,56.0,0.37,0.548,1.0,0.986,82575.33,76161.26,6414.08,4.04,52.02,58.2,UP,1902,539,158736.59,46.5,300.0,1.0,True,4,36225.18,5,24135.6,12089.57,69.8,0.482,0.8,1.0,0.997,293828.69,282331.41,11497.28,2.0,51.0,54.1,FLAT,5460,1505,576160.1,180.8,702.1,0.7801,False,27,157412.97,27,124545.53,32867.44,84.7,0.783,0.94,0.78,0.999,-3987.43,770.71,,-8.89,0.28,0.7134,6475.96,0.2355,4019.26,0.1266,-0.2265,UP,1789671002143,SELL,2967.06,0.639727490297542,1789671000000,ok,1.0,1.0,1.0,continuous,1,116,0,,0,0,0,0,False,217,0.6389,0.639,1.565,-0.59,-0.0877,-0.191,26340.89,31407.3,30.52,1789671071225,366,False,,,,
2,v2,v1.2,REALF_PY_V4_2_DERIVED,ZPTDIFAT_PY_V1_4_DERIVED,fc-v1,native,,058e38aec59f4c35,20260917_214621,72,SKR_20260917_215115_060,SKRUSDT,BINANCE,FUTURES,OUTSIDE100,227,500,1789671075060,2026-09-17T21:51:15.060+03:00,67,True,1789671074810,1789671075060,74.0,1789671060000,1789671119999,False,14.8,0.018742,-0.0959,45.2,FAIR (DENGE),True,500,45.3,40.4,49.2,49.0,0.00428,0.58,0.53,0.00191,0.46,0.26,26.7,60.0,-0.1,YOK,8.8,1.0,0.018822378661219587,0.429,CLV_PROXY_1M,0,0.0,100.0,45.2,51.5,49.1,40.9,-6.3,-3.9,4.3,0.00428,0.00087,-0.00011,-0.00062,58.71,56.66,38.92,39.73,2.05,19.79,18.98,60.41,70.67,500,native,58.71,NORMAL,60.41,70.67,True,300,49.5,TR-DN,CHOCH DN,MIX/HL,LH/MIX,TR-DN,77.3,True,True,499,23,83.5,1789669680000,HIGH,0.018927,5.74,0.018926,5.71,2,,,,3,0,0.018926,0.018709,EQL_SWEEP,131,0.019110500000000002,False,False,0.1717,499,native,24.08,DINLENMIS,33.44,34.33,True,300,5.5,BEAR,BOS DN,LH/LL,LH/LL,TR DN,99.1,True,True,498,8,97.5,1789669620000,HIGH,0.018967,3.87,0.019326,10.06,2,,,,2,0,0.019326,0.018669,LOW_SWEEP,9,0.018854,False,False,0.3095,499,native,22.79,DINLENMIS,29.44,30.0,True,300,40.5,BULL,BOS UP,MIX/LL,LH/LL,TR UP,70.6,True,True,498,101,21.7,1789640700000,LOW,0.018378,4.45,0.019326,7.13,2,,,,2,0,0.019326,0.018915,LOW_SWEEP,11,0.018915,False,False,0.4362,499,native,22.54,DINLENMIS,20.0,11.0,True,300,28.1,BULL,BOS UP,LH/LL,MIX/LL,RANGE,80.8,True,True,498,42,67.4,1789632900000,LOW,0.018378,2.06,,,,0.017547,6.77,2,0,2,0.019329,0.017547,HIGH_SWEEP,44,0.018739,False,False,0.9438,499,native,44.34,NORMAL,32.6,28.67,True,300,89.6,BULL,BOS UP,HH/HL,HH/HL,TR UP,91.9,True,True,498,9,72.8,1789635600000,LOW,0.017378,3.15,0.025375500000000002,15.32,2,,,,1,0,0.025375500000000002,0.018378,LOW_SWEEP,25,0.017542,False,False,2.2875,499,native,77.5,YORGUN,68.02,76.67,True,300,72.0,BULL,BOS UP,HH/HL,HH/HL,TR UP,80.9,True,True,498,111,36.2,1788062400000,LOW,0.008858,11.24,,,,0.017043000000000003,1.93,2,0,1,0.019684,0.017043000000000003,HIGH_SWEEP,1,0.019684,True,False,4.5845,3343,611,3479.8,4654.9,-1175.1,-14.45,42.78,24.1,DOWN,100,66,8134.7,21.5,60.0,1.0,True,1,779.08,3,1742.14,-963.06,49.3,0.301,0.478,1.0,0.944,19470.41,8510.3,10960.11,39.17,69.59,92.5,UP,351,224,27980.7,53.4,300.0,1.0,True,6,14403.02,5,3535.87,10867.15,66.2,0.516,0.612,1.0,0.989,38309.55,19700.07,18609.49,32.08,66.04,90.4,UP,826,524,58009.62,125.4,900.0,1.0,True,22,26313.75,11,10081.27,16232.48,78.2,0.715,0.691,1.0,0.996,-13551.57,-1307.19,-3365.1,-44.14,-11.07,1.0,4713.74,0.5583,2722.2,0.4864,-0.2891,UP,1789671060151,SELL,520.87,0.01875524938787268,1789671000000,ok,1.0,1.0,1.0,continuous,1,69,0,,0,0,0,0,False,251,0.018735,0.018742,3.736,-0.062,0.1632,0.2564,3317.65,2386.92,17.34,1789671074336,724,False,,,,
2,v2,v1.2,REALF_PY_V4_2_DERIVED,ZPTDIFAT_PY_V1_4_DERIVED,fc-v1,native,,058e38aec59f4c35,20260917_214621,73,PROM_20260917_215118_253,PROMUSDT,BINANCE,FUTURES,OUTSIDE100,266,1000,1789671078253,2026-09-17T21:51:18.253+03:00,67,True,1789671078111,1789671078253,74.0,1789671060000,1789671119999,False,18.1,5.438,0.0,46.7,FAIR (DENGE),True,500,43.1,60.5,35.8,49.9,-0.00359,-0.99,0.4,0.0014,0.358,0.08,1.0,60.0,-4.5,YOK,24.7,0.388,5.4184949892887895,-0.359,CLV_PROXY_1M,0,0.0,100.0,46.7,45.3,58.0,65.4,1.4,-11.3,-18.7,-0.00359,-7e-05,0.00232,0.00367,33.22,39.52,55.48,60.53,-6.3,-22.26,-27.31,20.05,15.0,500,native,33.22,NORMAL,20.05,15.0,True,300,12.8,BEAR,BOS DN,LH/LL,HH/HL,RANGE,85.0,True,True,499,1,23.7,1789671000000,HIGH,5.455,2.27,,,,5.408,4.01,2,0,1,5.455,5.408,HIGH_SWEEP,21,5.458,False,False,0.1375,499,native,46.94,NORMAL,32.42,27.67,True,300,57.1,BEAR,BOS DN,MIX/HL,MIX/HL,TR DN,68.8,True,True,498,60,51.4,1789660260000,HIGH,5.519,5.15,,,,5.3934999999999995,2.83,2,0,1,5.46,5.3934999999999995,HIGH_SWEEP,88,5.56,False,False,0.2894,499,native,65.02,NORMAL,54.33,62.67,True,300,82.8,BULL,BOS UP,HH/HL,MIX/HL,TR UP,81.3,True,True,498,9,31.8,1789668300000,LOW,5.408,1.45,,,,5.3919999999999995,2.22,2,0,2,5.493,5.3919999999999995,HIGH_SWEEP,10,5.442,False,False,0.3808,499,native,42.72,NORMAL,46.62,50.0,True,300,39.3,TR-DN,CHOCH DN,LH/MIX,LH/MIX,TR-DN,73.7,True,True,498,31,60.6,1789642800000,HIGH,5.659,5.43,5.7285,7.14,2,5.4015,0.9,2,2,1,5.7285,5.4015,LOW_SWEEP,124,5.332,False,False,0.7456,499,native,33.28,NORMAL,29.69,22.0,True,300,54.1,BEAR,BOS DN,MIX/HL,LH/MIX,RANGE,75.6,True,True,498,34,75.0,1789545600000,HIGH,5.729,3.21,5.8375,4.4,3,4.906499999999999,5.85,2,2,1,5.8375,4.906499999999999,EQL_SWEEP,82,5.5815,False,False,1.6737,499,native,39.21,NORMAL,45.76,36.0,True,300,27.1,BULL,BOS UP,LH/LL,LH/LL,SQZ,83.7,True,True,498,55,11.5,1788868800000,LOW,4.913,2.62,,,,4.4025,5.16,2,0,3,5.771,4.4025,HIGH_SWEEP,54,5.986,False,False,3.6806,-3,459,1177.2,11294.73,-10117.53,-81.12,9.44,5.1,DOWN,145,40,12471.93,8.8,60.0,1.0,True,0,0.0,2,10331.46,-10331.46,38.5,0.15,0.524,1.0,1.0,2952.41,17161.97,-14209.56,-70.64,14.68,5.1,DOWN,432,155,20114.38,20.1,300.0,1.0,True,0,0.0,3,12951.08,-12951.08,51.4,0.286,0.576,1.0,1.0,9445.71,30124.9,-20679.19,-52.26,23.87,5.8,DOWN,1053,393,39570.61,54.1,900.0,1.0,True,0,0.0,6,16172.12,-16172.12,67.6,0.52,0.649,1.0,1.0,-9883.55,-10066.31,-8881.18,-17.84,-9.44,1.0,-3148.12,-0.7089,-2338.62,-0.5813,-0.5052,NONE,1789671042730,SELL,4376.84,5.429649299094406,1789671000000,ok,1.0,1.0,1.0,continuous,1,44,0,,0,0,0,0,False,285,5.438,5.439,1.839,-0.158,0.2389,0.2239,26809.68,16469.78,35.86,1789671077724,529,False,,AGGRESSIVE_SELLER,,
2,v2,v1.2,REALF_PY_V4_2_DERIVED,ZPTDIFAT_PY_V1_4_DERIVED,fc-v1,native,,058e38aec59f4c35,20260917_214621,74,UAI_20260917_215122_310,UAIUSDT,BINANCE,FUTURES,OUTSIDE100,296,2000,1789671082310,2026-09-17T21:51:22.310+03:00,67,True,1789671081838,1789671082310,74.4,1789671060000,1789671119999,False,21.8,0.3982,-0.0502,51.7,FAIR (DENGE),True,500,51.4,55.7,48.4,50.1,-0.00566,-0.43,-0.18,0.00354,0.41,0.26,2.7,35.0,-3.2,YOK,7.2,0.734,0.39595316165011696,-0.564,CLV_PROXY_1M,0,0.0,100.0,51.7,51.9,61.8,56.3,-0.2,-10.1,-4.6,-0.00566,-0.00029,0.00374,0.00184,22.17,25.06,32.37,46.82,-2.89,-10.2,-24.65,17.9,9.67,500,native,22.17,DINLENMIS,17.9,9.67,True,300,41.0,BEAR,BOS DN,MIX/HL,MIX/HL,SQZ,73.4,True,True,499,4,50.9,1789670820000,HIGH,0.4013,3.44,,,,,,,0,0,0.4005,0.3985,LOW_SWEEP,3,0.3985,False,False,0.2262,499,native,39.99,NORMAL,30.12,16.33,True,300,65.3,BEAR,BOS DN,HH/HL,MIX/HL,SQZ,86.5,True,True,498,23,42.5,1789666920000,HIGH,0.4029,2.24,0.40255,2.07,2,,,,1,0,0.40255,0.398,LOW_SWEEP,1,0.398,True,False,0.5153,499,native,54.73,NORMAL,48.87,38.67,True,300,69.0,TR-DN,CHOCH DN,HH/HL,MIX/HL,SQZ,89.3,True,True,498,30,62.9,1789662000000,HIGH,0.4026,1.38,0.40275,1.43,2,0.3559,13.63,3,1,1,0.40275,0.3559,EQH_SWEEP,9,0.40275,False,False,0.7809,499,native,70.38,NORMAL,65.14,83.0,True,300,58.9,BULL,BOS UP,MIX/HL,MIX/HL,SQZ,66.0,True,True,498,57,72.2,1789619400000,LOW,0.3708,3.73,0.5356000000000001,18.62,2,0.3838,1.97,2,1,2,0.5356000000000001,0.3838,LOW_SWEEP,126,0.3294,False,False,1.8434,499,native,55.93,NORMAL,54.22,55.33,True,300,68.4,BEAR,BOS DN,HH/HL,HH/HL,RANGE,81.1,True,True,498,35,45.2,1789542000000,HIGH,0.4132,0.76,,,,,,,0,0,0.418,0.3561,HIGH_SWEEP,13,0.3982,False,False,4.9257,499,native,50.2,NORMAL,57.69,58.0,True,300,17.1,BEAR,BOS DN,LH/LL,LH/LL,RANGE,87.8,True,True,498,16,42.0,1789430400000,HIGH,0.5943,3.99,,,,,,,0,0,0.5943,0.322,LOW_SWEEP,17,0.4503,False,False,12.2805,2460,577,404.45,1361.41,-956.95,-54.19,22.9,5.6,DOWN,48,22,1765.86,7.8,60.0,1.0,True,0,0.0,0,0.0,0.0,31.5,0.135,0.312,1.0,0.959,7920.18,24778.51,-16858.33,-51.56,24.22,5.8,DOWN,559,213,32698.7,49.1,300.0,1.0,True,0,0.0,2,10387.62,-10387.62,65.6,0.495,0.629,1.0,0.992,26670.4,44009.48,-17339.08,-24.53,37.73,13.7,DOWN,1324,506,70679.88,82.2,900.0,1.0,True,2,6269.03,3,15092.44,-8823.41,74.7,0.622,0.712,1.0,0.997,-2342.71,1992.95,-2733.1,-67.38,1.91,1.0,-2910.92,-0.3752,-3804.26,-0.5817,-0.7675,NONE,1789670947857,SELL,7897.52,0.3977799637352675,1789671000000,ok,1.0,1.0,1.0,continuous,1,31,0,,0,0,0,0,False,319,0.3983,0.3985,5.02,0.685,-0.0113,-0.4486,17644.02,18048.73,50.2,1789671081411,899,False,,FATIGUE_RESTED_1M,,
2,v2,v1.2,REALF_PY_V4_2_DERIVED,ZPTDIFAT_PY_V1_4_DERIVED,fc-v1,native,,058e38aec59f4c35,20260917_214621,75,BULLA_20260917_215126_120,BULLAUSDT,BINANCE,FUTURES,OUTSIDE100,339,5000,1789671086120,2026-09-17T21:51:26.120+03:00,67,True,1789671085397,1789671086120,75.0,1789671060000,1789671119999,False,25.4,0.09236,0.2388,40.8,PRICE LAG,True,500,37.3,49.4,34.6,47.3,0.00111,-0.08,1.16,0.00931,0.378,0.74,20.3,55.0,8.5,YOK,14.9,1.0,0.09246292625124061,0.111,CLV_PROXY_1M,0,0.0,100.0,40.8,39.6,52.3,55.2,1.2,-11.5,-14.4,0.00111,0.00083,0.01162,0.01496,79.42,82.2,82.9,76.99,-2.78,-3.48,2.43,67.9,84.67,500,native,79.42,YORGUN,67.9,84.67,True,300,42.6,BEAR,BOS DN,LH/MIX,HH/HL,TR DN,65.0,True,True,499,84,41.6,1789666020000,HIGH,0.093324,1.56,0.1026155,16.63,3,0.09092,2.34,2,1,2,0.1026155,0.09092,LOW_SWEEP,85,0.09008,False,False,0.6693,499,native,73.35,YORGUN,74.56,89.67,True,300,71.4,BEAR,BOS DN,HH/HL,HH/MIX,SQZ,88.4,True,True,498,35,34.2,1789664760000,HIGH,0.09816,5.41,,,,,,,0,0,0.09288,0.0909,HIGH_SWEEP,1,0.09288,True,False,1.1942,499,native,75.73,YORGUN,75.86,86.33,True,300,15.8,BEAR,BOS DN,LH/LL,HH/HL,SQZ,95.5,True,True,498,21,64.2,1789664700000,HIGH,0.09816,4.14,,,,,,,0,0,0.09288,0.08758,LOW_SWEEP,19,0.09027,False,True,1.505,499,native,37.88,NORMAL,48.3,55.67,True,300,31.7,BEAR,BOS DN,MIX/LL,LH/LL,TR DN,73.6,True,True,498,17,27.4,1789655400000,HIGH,0.10999,5.82,0.109785,5.75,2,,,,1,0,0.109785,0.08758,LOW_SWEEP,19,0.1007,False,False,3.2929,499,native,18.84,DINLENMIS,19.9,7.33,True,300,31.0,BULL,BOS UP,LH/LL,MIX/LL,TR UP,82.3,True,True,498,32,42.2,1789552800000,LOW,0.060024,3.22,,,,0.060025499999999996,3.22,2,0,1,0.121362,0.060025499999999996,HIGH_SWEEP,33,0.076341,False,False,10.9357,499,native,62.17,NORMAL,52.0,49.33,True,300,76.9,BULL,BOS UP,HH/MIX,HH/MIX,EXP UP,78.0,True,True,498,8,96.7,1789545600000,LOW,0.0675,1.48,,,,0.0154205,4.6,2,0,1,0.139078,0.0154205,HIGH_SWEEP,49,0.085989,False,False,17.3558,867,2790,38088.87,66124.1,-28035.22,-26.9,36.55,12.2,DOWN,1887,1020,104212.97,207.1,60.0,1.0,True,0,0.0,3,39680.61,-39680.61,84.2,0.805,0.754,1.0,0.986,80226.23,88994.5,-8768.27,-5.18,47.41,39.6,DOWN,3588,1832,169220.73,366.3,300.0,1.0,True,2,15894.83,3,39680.61,-23785.78,89.1,0.88,0.807,1.0,0.997,152210.99,116562.05,35648.94,13.26,56.63,74.3,UP,5650,2790,268773.04,424.0,564.9,0.6277,False,6,49543.04,3,39680.61,9862.43,83.2,0.895,0.857,0.628,0.999,-37688.99,-35981.8,,-28.2,-19.81,0.561,-1314.36,-0.0252,642.14,0.019,0.2341,DOWN,1789671046062,SELL,5533.31,0.09113727394011265,1789671000000,ok,1.0,1.0,1.0,continuous,2,1062,0,,0,0,0,0,False,378,0.09234,0.0924,6.496,2.923,0.1254,0.2781,4338.66,3371.91,27.07,1789671085043,1077,False,,,,
2,v2,v1.2,REALF_PY_V4_2_DERIVED,ZPTDIFAT_PY_V1_4_DERIVED,fc-v1,native,,058e38aec59f4c35,20260917_214621,76,OG_20260917_215132_162,OGUSDT,BINANCE,FUTURES,OUTSIDE100,523,500,1789671092162,2026-09-17T21:51:32.162+03:00,67,True,1789671089255,1789671092162,77.7,1789671060000,1789671119999,False,29.3,2.68,0.0,43.3,FAIR (DENGE),True,500,42.9,37.4,48.3,50.0,0.00325,0.0,0.03,0.0003,0.118,0.0,3.3,30.0,24.5,YOK,10.8,1.0,2.6887135862034666,0.325,CLV_PROXY_1M,0,0.0333,96.7,43.3,42.6,44.6,36.2,0.7,-1.3,7.1,0.00325,-6e-05,0.00032,-0.00037,58.57,60.73,50.86,48.07,-2.16,7.71,10.5,52.77,55.33,500,native,58.57,NORMAL,52.77,55.33,True,300,14.9,BEAR,BOS DN,LH/LL,EQ/RANGE,SQZ,90.4,True,True,499,17,78.2,1789670040000,HIGH,2.682,1.52,2.696,12.2,2,2.679,0.76,2,1,1,2.696,2.679,EQL_SWEEP,44,2.679,False,False,0.0489,499,native,41.06,NORMAL,41.83,37.17,True,300,33.4,TR-DN,CHOCH DN,LH/MIX,MIX/HL,SQZ,73.5,True,True,498,22,61.9,1789667100000,HIGH,2.691,4.17,2.692,4.55,2,2.677,1.14,2,2,1,2.692,2.677,EQH_SWEEP,27,2.692,False,False,0.0984,499,native,32.87,NORMAL,39.85,30.0,True,300,44.4,BEAR,BOS DN,HH/MIX,LH/MIX,RANGE,73.4,True,True,498,11,60.5,1789667700000,HIGH,2.696,4.0,2.692,3.0,2,2.6635,4.12,2,1,1,2.692,2.6635,EQH_SWEEP,16,2.692,False,False,0.1493,499,native,33.8,NORMAL,30.55,19.67,True,300,56.9,TR-DN,CHOCH DN,MIX/HL,HH/MIX,SQZ,75.6,True,True,498,40,61.7,1789634700000,HIGH,2.719,4.32,2.6995,2.16,2,2.6635,1.83,2,1,1,2.6995,2.6635,EQL_SWEEP,21,2.6635,False,False,0.3366,499,native,33.94,NORMAL,31.53,27.0,True,300,63.8,TR-UP,CHOCH UP,MIX/HL,LH/MIX,TR-UP,80.6,True,True,498,32,49.7,1789552800000,LOW,2.61,3.08,2.7195,1.74,2,2.6,3.52,2,1,1,2.7195,2.6,HIGH_SWEEP,18,2.712,False,False,0.8491,499,native,64.54,NORMAL,56.31,56.33,True,300,63.4,BULL,BOS UP,MIX/HL,HH/HL,RANGE,74.5,True,True,498,28,65.4,1789257600000,LOW,2.595,1.86,2.9825,6.63,3,2.5975,1.81,2,2,2,2.9825,2.5975,EQH_SWEEP,84,2.9425,False,False,1.6988,39823,77,41.01,619.97,-578.96,-87.59,6.2,5.0,DOWN,33,10,660.98,2.8,60.0,1.0,True,0,0.0,1,619.97,-619.97,17.1,0.052,0.205,1.0,0.336,252.27,983.38,-731.11,-59.17,20.42,5.4,DOWN,77,25,1235.65,7.8,300.0,1.0,True,0,0.0,1,619.97,-619.97,30.0,0.135,0.273,1.0,0.867,2462.85,2819.89,-357.03,-6.76,46.62,36.6,DOWN,279,66,5282.74,16.9,900.0,1.0,True,1,1225.11,1,619.97,605.14,44.6,0.252,0.431,1.0,0.956,-531.0,-257.63,-912.35,-19.68,-3.16,1.0,-217.47,-0.7647,-121.58,-0.492,-0.4305,NONE,1789671043818,SELL,619.97,2.6792156439066557,1789671000000,ok,1.0,1.0,1.0,continuous,1,10,0,,0,0,0,0,False,492,2.679,2.68,3.732,0.667,-0.1101,-0.7234,27132.86,33843.71,72.77,1789671085137,7025,True,,,,
2,v2,v1.2,REALF_PY_V4_2_DERIVED,ZPTDIFAT_PY_V1_4_DERIVED,fc-v1,native,,058e38aec59f4c35,20260917_214621,77,ZORA_20260917_215135_480,ZORAUSDT,BINANCE,FUTURES,OUTSIDE100,612,500,1789671095480,2026-09-17T21:51:35.480+03:00,67,True,1789671095220,1789671095480,77.5,1789671060000,1789671119999,False,35.2,0.007711,-0.0648,60.7,PRICE AHEAD,True,500,61.7,66.6,54.8,53.7,-0.00696,-0.67,-0.67,0.00132,0.199,0.51,41.7,65.0,-50.4,YOK,11.8,1.0,0.00765748400936502,-0.694,CLV_PROXY_1M,0,0.0,100.0,60.7,60.6,58.4,65.6,0.1,2.3,-4.9,-0.00696,-9e-05,-0.00065,0.00093,33.24,37.03,42.81,54.52,-3.79,-9.57,-21.28,26.99,18.33,500,native,33.24,NORMAL,26.99,18.33,True,300,63.4,TR-UP,CHOCH UP,MIX/HL,MIX/HL,TR-UP,75.3,True,True,499,28,62.7,1789669380000,LOW,0.007638,6.98,,,,0.007610499999999999,9.61,2,0,2,0.007742,0.007610499999999999,EQL_SWEEP,72,0.0076475,False,False,0.1356,499,native,59.6,NORMAL,47.81,39.0,True,300,28.7,BULL,BOS UP,LH/LL,HH/HL,TR UP,78.8,True,True,498,58,43.3,1789660620000,LOW,0.007562,5.58,,,,,,,0,0,0.007758,0.007612,HIGH_SWEEP,18,0.007699,False,False,0.3458,499,native,68.73,NORMAL,62.32,59.0,True,300,62.9,BULL,BOS UP,HH/MIX,LH/LL,TR UP,74.7,True,True,498,31,81.9,1789661700000,LOW,0.007562,4.0,0.007767,1.5,2,,,,1,0,0.007767,0.007612,EQH_SWEEP,11,0.007767,False,False,0.4821,499,native,75.41,YORGUN,71.75,80.33,True,300,91.5,BULL,BOS UP,HH/HL,HH/HL,TR UP,90.1,True,True,498,2,60.9,1789668900000,LOW,0.007562,2.36,,,,,,,0,0,0.007723,0.007562,HIGH_SWEEP,4,0.007723,False,True,0.8156,499,native,75.7,YORGUN,75.13,89.0,True,300,72.6,BEAR,BOS DN,HH/HL,HH/HL,TR DN,82.7,True,True,498,57,59.5,1789462800000,HIGH,0.007987,2.39,0.009008,11.24,2,0.007187,4.54,2,1,1,0.009008,0.007187,LOW_SWEEP,114,0.008102,False,False,1.5046,499,native,57.89,NORMAL,67.68,81.0,True,300,16.9,TR-DN,CHOCH DN,LH/LL,LH/LL,TR-DN,90.3,True,True,498,13,65.9,1789473600000,HIGH,0.008968,4.83,,,,0.0058755000000000005,7.06,2,0,2,0.008336,0.0058755000000000005,HIGH_SWEEP,26,0.008437,False,False,3.4157,428,307,56.6,853.86,-797.25,-87.57,6.22,5.0,DOWN,24,12,910.46,4.8,60.0,1.0,True,0,0.0,0,0.0,0.0,24.7,0.088,0.24,1.0,0.993,1353.69,6777.08,-5423.39,-66.7,16.65,5.2,DOWN,217,90,8130.76,15.6,300.0,1.0,True,1,598.22,1,1605.07,-1006.85,45.1,0.238,0.478,1.0,0.999,4427.03,13267.69,-8840.66,-49.96,25.02,5.9,DOWN,586,233,17694.72,31.3,900.0,1.0,True,1,598.22,5,6032.95,-5434.73,57.4,0.385,0.562,1.0,1.0,1145.73,194.65,877.11,3.46,-0.63,1.0,-980.56,-0.9373,-850.24,-0.5229,-0.7122,NONE,1789670902950,BUY,598.22,0.007719938108142987,1789671000000,ok,1.0,1.0,1.0,continuous,1,16,0,,0,0,0,0,False,527,0.007711,0.007712,1.297,0.357,0.3028,0.8301,25103.95,13434.06,26.58,1789671094587,893,False,,,,
2,v2,v1.2,REALF_PY_V4_2_DERIVED,ZPTDIFAT_PY_V1_4_DERIVED,fc-v1,native,,058e38aec59f4c35,20260917_214621,78,TNSR_20260917_215138_633,TNSRUSDT,BINANCE,FUTURES,OUTSIDE100,738,200,1789671098633,2026-09-17T21:51:38.633+03:00,67,True,1789671098580,1789671098633,77.2,1789671060000,1789671119999,False,38.6,0.03465,0.0,48.8,FAIR (DENGE),True,500,50.3,37.7,58.7,49.9,0.00389,1.33,0.32,0.00096,0.322,0.04,15.0,65.0,43.2,YOK,21.0,0.242,0.03478494785054575,0.389,CLV_PROXY_1M,0,0.0267,97.3,48.8,46.4,50.5,33.7,2.4,-1.7,15.1,0.00389,-1e-05,0.0002,-0.0022,80.86,80.65,77.52,62.73,0.21,3.34,18.13,79.2,86.33,500,native,80.86,YORGUN,79.2,86.33,True,300,77.8,BULL,BOS UP,MIX/HL,HH/HL,EXP UP,75.2,True,True,499,4,74.3,1789670820000,LOW,0.03443,5.38,,,,,,,0,0,0.03457,0.03454,HIGH_SWEEP,5,0.03457,False,False,0.1181,499,native,63.5,NORMAL,71.98,78.0,True,300,88.4,BULL,BOS UP,HH/HL,LH/LL,RANGE,89.5,True,True,498,13,100.0,1789668720000,LOW,0.03437,3.33,,,,,,,0,0,0.03473,0.03438,HIGH_SWEEP,11,0.03459,False,False,0.2425,499,native,50.28,NORMAL,69.88,68.33,True,300,32.3,TR-DN,CHOCH DN,MIX/LL,HH/MIX,TR-DN,72.3,True,True,498,3,39.5,1789670100000,HIGH,0.03473,0.78,0.034725,0.73,2,,,,1,0,0.034725,0.03437,HIGH_SWEEP,7,0.03472,False,False,0.2952,499,native,65.13,NORMAL,64.55,75.33,True,300,75.3,BULL,BOS UP,HH/MIX,HH/MIX,RANGE,78.3,True,True,498,8,57.1,1789663500000,LOW,0.03405,3.71,,,,,,,0,0,0.03472,0.03405,HIGH_SWEEP,11,0.03461,False,False,0.4676,499,native,59.75,NORMAL,65.63,79.0,True,300,78.7,TR-UP,CHOCH UP,HH/HL,HH/HL,TR-UP,83.9,True,True,498,19,66.2,1789599600000,LOW,0.03258,5.52,,,,,,,0,0,0.03539,0.03405,LOW_SWEEP,24,0.03304,False,False,1.0868,499,native,66.8,NORMAL,72.35,83.0,True,300,32.5,BULL,BOS UP,LH/LL,HH/MIX,RANGE,83.9,True,True,498,28,28.1,1789257600000,LOW,0.033,2.11,0.037065,3.09,2,0.029225,6.94,2,1,1,0.037065,0.029225,EQH_SWEEP,56,0.037065,False,False,2.2634,923,149,85.26,35.98,49.28,40.65,70.32,92.8,UP,6,5,121.24,3.7,60.0,1.0,True,0,0.0,0,0.0,0.0,10.7,0.069,0.021,1.0,0.985,7617.77,2347.12,5270.65,52.89,76.45,94.3,UP,193,79,9964.89,29.0,300.0,1.0,True,10,7276.98,3,1472.93,5804.06,54.4,0.367,0.5,1.0,0.997,12435.76,3502.99,8932.77,56.04,78.02,94.5,UP,360,144,15938.75,40.2,900.0,1.0,True,15,11277.3,3,1472.93,9804.37,60.5,0.446,0.551,1.0,0.999,106.25,-183.69,-19.68,54.64,-0.62,1.0,305.89,0.7219,1176.95,0.5905,0.4711,NONE,1789670937396,BUY,615.36,0.03466532597245303,1789671000000,ok,1.0,1.0,1.0,continuous,1,7,0,,0,0,0,0,False,562,0.03464,0.03465,2.886,0.081,-0.1157,-0.0751,11079.55,13978.91,56.29,1789671098025,608,False,,,,
2,v2,v1.2,REALF_PY_V4_2_DERIVED,ZPTDIFAT_PY_V1_4_DERIVED,fc-v1,native,,058e38aec59f4c35,20260917_214621,79,VELVET_20260917_215143_145,VELVETUSDT,BINANCE,FUTURES,OUTSIDE100,761,200,1789671103145,2026-09-17T21:51:43.145+03:00,67,True,1789671102094,1789671103145,78.3,1789671060000,1789671119999,False,42.1,0.05825,0.1892,51.0,FAIR (DENGE),True,500,50.9,52.9,49.5,50.1,-0.00374,-0.12,-0.2,0.006,0.621,0.27,3.7,50.0,0.8,YOK,3.4,0.827,0.05803236120631951,-0.374,CLV_PROXY_1M,0,0.0,100.0,51.0,50.0,50.3,51.1,1.0,0.7,-0.1,-0.00374,-0.00054,0.00018,0.00046,29.37,27.3,28.37,40.49,2.07,1.0,-11.12,37.15,27.33,500,native,29.37,DINLENMIS,37.15,27.33,True,300,43.7,BEAR,BOS DN,MIX/HL,LH/LL,RANGE,68.6,True,True,499,2,24.2,1789670940000,HIGH,0.05868,2.02,0.059495,5.86,2,,,,1,0,0.059495,0.05827,LOW_SWEEP,30,0.05838,False,False,0.3656,499,native,42.76,NORMAL,40.91,27.0,True,300,67.5,BULL,BOS UP,MIX/HL,HH/MIX,RANGE,68.2,True,True,498,21,48.3,1789667280000,LOW,0.05702,2.86,,,,0.05588,5.46,2,0,2,0.05878,0.05588,HIGH_SWEEP,15,0.05863,False,False,0.7525,499,native,57.48,NORMAL,56.26,42.0,True,300,63.4,BULL,BOS UP,MIX/HL,MIX/HL,RANGE,76.3,True,True,498,32,47.0,1789661400000,LOW,0.05666,2.74,,,,0.0515,11.62,2,0,1,0.0589,0.0515,HIGH_SWEEP,31,0.05796,False,False,0.9977,499,native,62.74,NORMAL,57.01,62.0,True,300,87.6,BULL,BOS UP,HH/HL,MIX/HL,EXP UP,93.1,True,True,498,9,42.5,1789662600000,LOW,0.05433,3.93,,,,0.0515,6.77,3,0,1,0.06014,0.0515,HIGH_SWEEP,7,0.05886,False,False,1.7023,499,native,77.42,YORGUN,72.74,80.33,True,300,74.0,BULL,BOS UP,HH/MIX,HH/HL,TR UP,70.9,True,True,498,2,40.8,1789660800000,LOW,0.0494,5.19,,,,,,,0,0,0.05886,0.0494,HIGH_SWEEP,1,0.05886,True,False,2.9455,499,native,85.83,ASIRI,93.75,96.67,True,300,46.9,BEAR,BOS DN,MIX/HL,MIX/HL,SQZ,65.7,True,True,498,13,34.6,1789473600000,HIGH,0.0633,1.93,,,,,,,0,0,0.0536,0.0494,HIGH_SWEEP,3,0.0536,False,False,4.5377,2208,1020,1671.01,953.49,717.52,27.34,63.67,88.1,UP,77,34,2624.49,8.8,60.0,1.0,True,2,1305.27,3,939.22,366.05,34.1,0.149,0.355,1.0,0.963,38868.38,35131.36,3737.02,5.05,52.53,60.2,UP,835,352,73999.74,10.5,300.0,1.0,True,19,34837.31,23,30537.04,4300.27,44.9,0.174,0.717,1.0,0.993,65734.29,58093.39,7640.91,6.17,53.09,62.3,UP,2062,908,123827.68,28.4,900.0,1.0,True,41,54511.33,49,46367.83,8143.5,61.7,0.362,0.773,1.0,0.998,3901.66,458.43,-323.27,46.51,0.4,1.0,-1292.77,-0.3621,996.88,0.0674,0.083,DOWN,1789671078697,SELL,422.62,0.05822037332965972,1789671000000,ok,1.0,1.0,1.0,continuous,1,57,0,,0,0,0,0,False,636,0.05827,0.05828,1.716,-0.253,0.0975,-0.3327,21019.48,17285.11,33.46,1789671101167,1978,False,,FATIGUE_RESTED_1M,,
2,v2,v1.2,REALF_PY_V4_2_DERIVED,ZPTDIFAT_PY_V1_4_DERIVED,fc-v1,native,,058e38aec59f4c35,20260917_214621,80,ZKC_20260917_215146_831,ZKCUSDT,BINANCE,FUTURES,OUTSIDE100,1142,200,1789671106831,2026-09-17T21:51:46.831+03:00,67,True,1789671106731,1789671106831,78.5,1789671060000,1789671119999,False,46.7,0.03774,-0.053,37.8,PRICE LAG,True,500,35.2,35.0,42.2,47.8,0.00335,-0.37,-0.06,0.00073,0.313,0.31,18.3,70.0,40.2,YOK,7.1,1.0,0.037866594259446065,0.335,CLV_PROXY_1M,0,0.0,100.0,37.8,39.4,48.4,40.4,-1.6,-10.6,-2.6,0.00335,0.00021,0.00101,0.0003,79.06,82.85,83.33,73.45,-3.79,-4.27,5.61,68.29,74.67,500,native,79.06,YORGUN,68.29,74.67,True,300,68.7,TR-UP,CHOCH UP,HH/MIX,HH/MIX,TR-UP,74.7,True,True,499,3,50.2,1789670880000,LOW,0.03757,3.94,,,,,,,0,0,0.03777,0.03757,HIGH_SWEEP,5,0.03777,False,False,0.1143,499,native,65.6,NORMAL,74.03,81.33,True,300,28.0,BULL,BOS UP,LH/LL,LH/LL,SQZ,81.0,True,True,498,46,86.7,1789662780000,LOW,0.03751,3.22,,,,0.03749,3.5,2,0,1,0.03777,0.03749,HIGH_SWEEP,1,0.03777,True,False,0.1889,499,native,47.31,NORMAL,60.54,63.33,True,300,57.8,BULL,BOS UP,MIX/HL,LH/LL,RANGE,66.6,True,True,498,56,72.5,1789654200000,LOW,0.03729,4.46,,,,,,,0,0,0.03777,0.0376,LOW_SWEEP,3,0.0376,False,False,0.2669,499,native,49.0,NORMAL,45.22,54.0,True,300,65.0,TR-UP,CHOCH UP,MIX/HL,MIX/HL,SQZ,71.5,True,True,498,18,44.0,1789654500000,LOW,0.03718,2.9,0.049025,58.35,2,0.037065,3.49,2,1,1,0.049025,0.037065,LOW_SWEEP,105,0.03752,False,False,0.5132,499,native,50.0,NORMAL,52.99,63.67,True,300,58.0,BEAR,BOS DN,MIX/HL,MIX/HL,RANGE,64.9,True,True,498,41,61.2,1789520400000,HIGH,0.04772,18.49,0.05792,37.4,2,,,,1,0,0.05792,0.03718,LOW_SWEEP,26,0.03718,False,False,1.4314,499,native,28.89,DINLENMIS,37.57,39.0,True,300,14.9,BEAR,BOS DN,LH/LL,LH/MIX,TR DN,87.8,True,True,498,15,73.5,1789444800000,HIGH,0.04904,8.33,,,,0.036074999999999996,1.23,2,0,1,0.04772,0.036074999999999996,HIGH_SWEEP,23,0.04757,False,False,3.6131,288,428,590.17,110.24,479.93,68.52,84.26,94.8,UP,33,25,700.41,12.5,60.0,1.0,True,0,0.0,0,0.0,0.0,33.0,0.2,0.211,1.0,0.995,9286.91,2119.6,7167.31,62.84,81.42,94.7,UP,254,127,11406.51,20.2,300.0,1.0,True,6,7641.7,2,1251.02,6390.68,49.8,0.288,0.514,1.0,0.999,20846.06,7419.45,13426.61,47.5,73.75,93.8,UP,789,380,28265.51,63.0,900.0,1.0,True,25,16291.15,5,4013.35,12277.81,68.3,0.557,0.613,1.0,1.0,652.91,625.82,767.91,56.62,4.41,1.0,102.45,0.2247,1033.6,0.4531,0.6939,NONE,1789670863692,BUY,257.03,0.03776,1789671000000,ok,1.0,1.0,1.0,continuous,1,33,0,,0,0,0,0,False,670,0.03774,0.03775,2.649,-0.787,0.0064,0.1363,21330.15,21060.94,51.66,1789671105696,1135,False,,,,
2,v2,v1.2,REALF_PY_V4_2_DERIVED,ZPTDIFAT_PY_V1_4_DERIVED,fc-v1,native,,058e38aec59f4c35,20260917_214621,81,ETH_20260917_215153_826,ETHUSDT,BINANCE,FUTURES,TOP100,2,75000,1789671113826,2026-09-17T21:51:53.826+03:00,67,True,1789671112987,1789671113826,79.3,1789671060000,1789671119999,False,53.0,2454.23,0.0249,45.7,FAIR (DENGE),True,500,43.6,50.2,42.7,49.8,-4e-05,-0.03,0.37,0.00082,0.611,0.21,2.0,55.0,-4.8,YOK,7.5,0.979,2454.1354233600523,-0.004,CLV_PROXY_1M,0,0.0,100.0,45.7,45.3,58.7,56.7,0.4,-13.0,-11.0,-4e-05,-9e-05,0.00082,0.00046,57.98,58.02,55.07,48.0,-0.04,2.91,9.98,55.14,64.33,500,native,57.98,NORMAL,55.14,64.33,True,300,19.8,BEAR,BOS DN,LH/LL,MIX/HL,TR DN,92.5,True,True,499,27,67.5,1789669440000,HIGH,2462.33,4.3,,,,,,,0,0,2457.87,2448.48,LOW_SWEEP,25,2460.13,False,False,0.0768,499,native,27.71,DINLENMIS,33.75,35.33,True,300,14.2,TR-DN,CHOCH DN,LH/LL,LH/LL,TR-DN,89.0,True,True,498,5,67.0,1789670160000,HIGH,2462.33,2.42,,,,,,,0,0,2462.33,2448.48,HIGH_SWEEP,29,2475.2,False,False,0.1408,499,native,27.15,DINLENMIS,37.58,28.67,True,300,56.4,BULL,BOS UP,MIX/HL,LH/LL,RANGE,70.7,True,True,498,83,76.9,1789646100000,LOW,2428.88,5.12,,,,2365.835,17.85,2,0,1,2462.33,2365.835,HIGH_SWEEP,56,2479.44,False,False,0.2016,499,native,32.48,NORMAL,22.82,14.0,True,300,65.9,BULL,BOS UP,MIX/HL,MIX/HL,RANGE,76.7,True,True,498,27,66.0,1789646400000,LOW,2435.9,1.76,,,,,,,0,0,2476.4,2453.68,LOW_SWEEP,1,2453.68,True,False,0.4189,499,native,77.03,YORGUN,61.92,67.33,True,300,71.4,BEAR,BOS DN,HH/HL,HH/HL,TR DN,79.3,True,True,498,53,44.7,1789477200000,HIGH,2614.99,7.43,,,,,,,0,0,2453.33,2426.52,EQH_SWEEP,17,2429.45,False,False,0.8791,499,native,52.03,NORMAL,60.98,64.0,True,300,50.9,TR-DN,CHOCH DN,MIX/HL,HH/HL,TR-DN,70.6,True,True,498,11,32.7,1789502400000,HIGH,2614.99,3.92,,,,1862.655,14.42,2,0,2,2614.99,1862.655,HIGH_SWEEP,35,2522.75,False,False,1.6617,41,3985,422240.61,1220162.82,-797922.21,-48.58,25.71,6.1,DOWN,1445,365,1642403.43,21.4,60.0,1.0,True,2,170151.61,4,731245.35,-561093.74,61.8,0.3,1.0,1.0,0.999,4331226.28,5377479.1,-1046252.82,-10.78,44.61,29.6,DOWN,9269,2233,9708705.37,67.5,300.0,1.0,True,12,2263977.52,13,2787799.44,-523821.93,80.1,0.575,1.0,1.0,1.0,11086894.64,11180317.55,-93422.91,-0.42,49.79,49.1,FLAT,17662,3985,22267212.19,203.4,499.1,0.5546,False,31,5126231.66,39,6550903.29,-1424671.63,81.4,0.803,1.0,0.555,1.0,-411338.59,1231273.13,,-9.67,2.24,0.4879,-302310.82,-0.2067,-138546.58,-0.0714,-0.1691,NONE,1789671113156,SELL,220331.53,2453.990399287186,1789671000000,ok,1.0,1.0,1.0,continuous,1,463,0,,0,0,0,0,False,704,2454.22,2454.23,0.041,0.005,0.3695,0.2246,489812.74,225494.53,0.84,1789671112531,1295,False,,AGGRESSIVE_SELLER,,
2,v2,v1.2,REALF_PY_V4_2_DERIVED,ZPTDIFAT_PY_V1_4_DERIVED,fc-v1,native,,058e38aec59f4c35,20260917_214621,82,BNB_20260917_215200_568,BNBUSDT,BINANCE,FUTURES,TOP100,4,25000,1789671120568,2026-09-17T21:52:00.568+03:00,67,True,1789671118168,1789671120568,82.4,1789671060000,1789671119999,False,58.2,728.33,0.0069,45.8,FAIR (DENGE),True,500,43.9,47.5,46.1,49.8,0.00028,0.1,0.36,0.00042,0.577,0.16,1.7,60.0,-17.9,YOK,3.6,1.0,728.5347554554735,0.028,CLV_PROXY_1M,0,0.0,100.0,45.8,46.5,53.3,55.1,-0.7,-7.5,-9.3,0.00028,-1e-05,7e-05,0.00013,49.85,48.57,43.31,41.94,1.28,6.54,7.91,52.5,53.67,500,native,49.85,NORMAL,52.5,53.67,True,300,14.2,BEAR,BOS DN,LH/LL,MIX/HL,TR DN,91.1,True,True,499,18,100.0,1789669980000,HIGH,729.98,6.69,,,,727.475,3.47,2,0,1,728.82,727.475,HIGH_SWEEP,31,729.81,False,False,0.0339,499,native,23.0,DINLENMIS,27.74,23.67,True,300,38.2,BEAR,BOS DN,MIX/HL,HH/MIX,RANGE,75.2,True,True,498,6,86.3,1789669980000,HIGH,729.98,3.3,,,,724.995,6.61,2,0,1,729.98,724.995,HIGH_SWEEP,27,730.49,False,False,0.069,499,native,24.25,DINLENMIS,29.22,15.0,True,300,41.4,BEAR,BOS DN,MIX/HL,HH/HL,RANGE,71.8,True,True,498,4,50.6,1789669800000,HIGH,730.89,3.38,,,,718.6600000000001,12.76,2,0,1,729.98,718.6600000000001,HIGH_SWEEP,218,727.51,False,False,0.104,499,native,55.57,NORMAL,44.31,33.33,True,300,86.3,BULL,BOS UP,HH/HL,HH/HL,SQZ,86.6,True,True,498,6,37.3,1789665300000,LOW,724.99,1.92,,,,,,,0,0,730.89,724.99,HIGH_SWEEP,7,730.21,False,False,0.2384,499,native,71.01,NORMAL,68.89,76.33,True,300,65.4,TR-UP,CHOCH UP,HH/MIX,HH/MIX,TR-UP,76.7,True,True,498,23,52.6,1789585200000,LOW,704.34,5.74,,,,,,,0,0,732.95,721.24,HIGH_SWEEP,6,729.58,False,False,0.5726,499,native,72.28,YORGUN,78.12,84.67,True,300,41.6,BULL,BOS UP,LH/LL,HH/MIX,RANGE,86.1,True,True,498,1,31.3,1789646400000,LOW,704.34,2.72,,,,,,,0,0,725.94,704.34,HIGH_SWEEP,3,725.94,False,False,1.2108,-292,1529,9067.5,17705.46,-8637.96,-32.26,33.87,9.5,DOWN,180,54,26772.96,6.5,60.0,1.0,True,0,0.0,0,0.0,0.0,36.2,0.115,0.607,1.0,1.0,208642.25,121667.13,86975.12,26.33,63.17,87.5,UP,1637,392,330309.37,36.3,300.0,1.0,True,0,0.0,0,0.0,0.0,68.0,0.42,0.88,1.0,1.0,1198690.03,1154376.79,44313.24,1.88,50.94,53.8,FLAT,7744,1528,2353066.82,107.0,896.9,0.9966,False,6,422674.27,7,554511.19,-131836.91,85.7,0.682,1.0,0.997,1.0,11567.36,426369.95,,-0.24,33.12,0.9299,1374.27,0.0257,22895.32,0.3466,-0.4567,UP,1789670800369,SELL,37295.98,728.5794412971285,1789671000000,ok,1.0,1.0,1.0,continuous,1,87,0,,0,0,0,0,False,20,728.32,728.33,0.137,-0.021,-0.5185,-0.3541,66696.47,210326.24,2.81,1789671116742,3826,False,,,,
2,v2,v1.2,REALF_PY_V4_2_DERIVED,ZPTDIFAT_PY_V1_4_DERIVED,fc-v1,native,,058e38aec59f4c35,20260917_214621,83,XRP_20260917_215204_937,XRPUSDT,BINANCE,FUTURES,TOP100,5,25000,1789671124937,2026-09-17T21:52:04.937+03:00,67,True,1789671124775,1789671124937,83.6,1789671120000,1789671179999,False,4.8,1.2954,0.0077,49.0,FAIR (DENGE),True,500,48.2,51.5,47.3,50.0,-0.00037,-0.35,-0.2,0.00091,0.543,0.0,0.3,50.0,-17.6,YOK,4.2,0.557,1.2949211322088494,-0.037,CLV_PROXY_1M,0,0.0,100.0,49.0,47.3,61.5,56.5,1.7,-12.5,-7.5,-0.00037,-4e-05,0.00083,0.00022,50.91,53.41,58.76,50.05,-2.5,-7.85,0.86,43.39,49.0,500,native,50.91,NORMAL,43.39,49.0,True,300,12.3,BEAR,BOS DN,LH/LL,MIX/HL,TR DN,95.5,True,True,499,13,57.8,1789670340000,HIGH,1.2998,4.19,,,,,,,0,0,1.2981,1.2934,LOW_SWEEP,12,1.294,False,False,0.0811,499,native,23.86,DINLENMIS,24.86,22.33,True,300,56.1,BULL,BOS UP,MIX/HL,LH/LL,SQZ,68.3,True,True,498,93,46.8,1789654320000,LOW,1.2888,3.42,,,,1.2744499999999999,10.96,2,0,1,1.3,1.2744499999999999,HIGH_SWEEP,92,1.3087,False,False,0.1468,499,native,26.09,DINLENMIS,34.08,27.33,True,300,57.5,BULL,BOS UP,MIX/HL,MIX/HL,TR UP,67.6,True,True,498,54,54.0,1789654800000,LOW,1.2888,2.28,,,,,,,0,0,1.3086,1.2979,HIGH_SWEEP,52,1.3151,False,False,0.2194,499,native,28.17,DINLENMIS,20.36,15.0,True,300,43.3,BEAR,BOS DN,MIX/HL,MIX/HL,RANGE,71.9,True,True,498,1,36.1,1789669800000,HIGH,1.3086,2.22,,,,,,,0,0,1.3086,1.2979,HIGH_SWEEP,17,1.3151,False,False,0.463,499,native,54.26,NORMAL,29.47,24.0,True,300,54.5,BEAR,BOS DN,MIX/HL,HH/HL,RANGE,72.1,True,True,498,29,35.2,1789563600000,HIGH,1.312,1.16,,,,,,,0,0,1.3096,1.2888,HIGH_SWEEP,6,1.3096,False,False,1.0981,499,native,34.75,NORMAL,38.38,37.33,True,300,45.9,TR-DN,CHOCH DN,HH/MIX,HH/MIX,TR-DN,75.8,True,True,498,12,73.1,1789488000000,HIGH,1.4916,5.78,1.5507,7.52,2,0.98775,9.06,2,1,1,1.5507,0.98775,EQH_SWEEP,54,1.43175,False,False,2.598,55,1733,101725.82,204140.89,-102415.07,-33.48,33.26,9.1,DOWN,826,93,305866.72,17.3,60.0,1.0,True,2,59641.56,1,29856.07,29785.5,55.7,0.257,0.871,1.0,0.999,721361.08,767692.01,-46330.94,-3.11,48.44,43.7,DOWN,4258,552,1489053.09,68.3,300.0,1.0,True,7,301900.95,5,294046.18,7854.77,80.3,0.577,1.0,1.0,1.0,3313074.58,2821369.71,491704.87,8.02,54.01,65.7,UP,12886,1733,6134444.3,134.7,759.4,0.8438,False,32,1553540.55,23,1569088.47,-15547.92,85.2,0.729,1.0,0.844,1.0,-11694.78,705037.23,,-0.23,12.47,0.7771,-36488.67,-0.1585,8490.54,0.0285,-0.3104,NONE,1789671109516,BUY,33943.04,1.2955999999999999,1789671000000,ok,1.0,1.0,1.0,continuous,1,129,0,,0,0,0,0,False,54,1.2953,1.2954,0.772,0.087,0.1309,0.1254,1499730.2,1152536.58,15.05,1789671124368,569,False,,,,
2,v2,v1.2,REALF_PY_V4_2_DERIVED,ZPTDIFAT_PY_V1_4_DERIVED,fc-v1,native,,058e38aec59f4c35,20260917_214621,84,DOGE_20260917_215208_571,DOGEUSDT,BINANCE,FUTURES,TOP100,12,15000,1789671128571,2026-09-17T21:52:08.571+03:00,67,True,1789671128309,1789671128571,84.1,1789671120000,1789671179999,False,8.3,0.08148,0.0,58.5,PRICE AHEAD,True,500,59.0,67.9,50.0,50.1,-0.00446,-0.69,-0.42,0.00082,0.579,0.03,0.3,50.0,-31.6,YOK,17.8,1.0,0.08111708716984767,-0.445,CLV_PROXY_1M,0,0.0,100.0,58.5,58.9,68.2,69.3,-0.4,-9.7,-10.8,-0.00446,0.00014,0.00101,0.00078,50.09,51.76,56.97,51.98,-1.67,-6.88,-1.89,45.67,47.33,500,native,50.09,NORMAL,45.67,47.33,True,300,16.3,TR-DN,CHOCH DN,LH/LL,MIX/HL,TR-DN,94.6,True,True,499,18,87.8,1789670040000,HIGH,0.08178,4.39,0.0818,4.68,2,,,,1,0,0.0818,0.08131,LOW_SWEEP,45,0.08167,False,False,0.0839,499,native,28.09,DINLENMIS,29.75,28.33,True,300,12.4,BEAR,BOS DN,LH/LL,MIX/LL,TR DN,87.5,True,True,498,6,49.0,1789669980000,HIGH,0.08179,2.44,,,,,,,0,0,0.08179,0.08159,LOW_SWEEP,24,0.08196,False,False,0.1557,499,native,28.16,DINLENMIS,36.84,27.33,True,300,44.0,TR-DN,CHOCH DN,MIX/HL,LH/LL,TR-DN,74.7,True,True,498,3,70.3,1789670100000,HIGH,0.08226,4.2,,,,0.07986,8.73,2,0,1,0.08179,0.07986,HIGH_SWEEP,20,0.08206,False,False,0.2276,499,native,39.96,NORMAL,27.76,23.67,True,300,68.7,BULL,BOS UP,MIX/HL,HH/HL,RANGE,74.0,True,True,498,19,56.8,1789653600000,LOW,0.08054,2.63,,,,0.080555,2.58,2,0,1,0.08226,0.080555,HIGH_SWEEP,17,0.08179,False,False,0.4389,499,native,75.6,YORGUN,62.06,71.33,True,300,85.2,BULL,BOS UP,HH/HL,HH/HL,RANGE,85.8,True,True,498,10,49.0,1789632000000,LOW,0.07828,4.29,,,,,,,0,0,0.08134,0.08054,HIGH_SWEEP,9,0.08134,False,False,0.9131,499,native,52.12,NORMAL,57.4,67.33,True,300,46.4,BEAR,BOS DN,HH/MIX,HH/MIX,TR DN,73.2,True,True,498,13,26.7,1789473600000,HIGH,0.08616,3.15,,,,0.07835,2.11,2,0,1,0.08616,0.07835,HIGH_SWEEP,17,0.08534,False,False,1.8121,83,1423,43067.35,82956.84,-39889.5,-31.65,34.17,9.8,DOWN,344,61,126024.19,10.4,60.0,1.0,True,2,36206.09,1,19851.87,16354.22,45.8,0.172,0.775,1.0,0.999,148195.12,258056.41,-109861.3,-27.04,36.48,12.1,DOWN,1624,323,406251.53,35.9,300.0,1.0,True,3,51960.92,2,77632.41,-25671.49,68.4,0.418,0.902,1.0,1.0,1712787.4,2042281.16,-329493.76,-8.77,45.61,32.9,DOWN,8944,1372,3755068.56,119.4,900.0,1.0,True,35,1004146.67,30,1345009.7,-340863.03,86.9,0.705,1.0,1.0,1.0,31104.01,248080.15,-37025.42,31.5,8.95,0.9637,-59507.68,-0.6305,-25570.74,-0.3147,-0.3029,NONE,1789671109516,BUY,19936.85,0.08149,1789671000000,ok,1.0,1.0,1.0,continuous,1,89,0,,0,0,0,0,False,129,0.08148,0.08149,1.227,0.147,0.0083,-0.2225,951098.32,935351.65,23.93,1789671127842,729,False,,,,
2,v2,v1.2,REALF_PY_V4_2_DERIVED,ZPTDIFAT_PY_V1_4_DERIVED,fc-v1,native,,058e38aec59f4c35,20260917_214621,85,LINK_20260917_215212_106,LINKUSDT,BINANCE,FUTURES,TOP100,17,10000,1789671132106,2026-09-17T21:52:12.106+03:00,67,True,1789671131726,1789671132106,83.7,1789671120000,1789671179999,False,11.7,11.333,-0.0088,53.2,FAIR (DENGE),True,500,53.8,54.6,51.9,50.0,-0.00142,-0.05,-0.16,0.00119,0.603,0.0,0.3,50.0,-16.2,YOK,2.7,1.0,11.31688272831579,-0.142,CLV_PROXY_1M,0,0.0,100.0,53.2,51.6,60.8,57.9,1.6,-7.6,-4.7,-0.00142,0.00016,0.0008,3e-05,53.73,55.13,57.43,51.07,-1.4,-3.7,2.66,50.37,50.67,500,native,53.73,NORMAL,50.37,50.67,True,300,46.8,BEAR,BOS DN,MIX/HL,LH/LL,RANGE,75.5,True,True,499,18,75.5,1789670040000,HIGH,11.379,4.02,,,,11.14,16.86,2,0,1,11.364,11.14,HIGH_SWEEP,21,11.358,False,False,0.101,499,native,33.22,NORMAL,34.55,32.33,True,300,61.0,BULL,BOS UP,HH/MIX,HH/MIX,RANGE,72.9,True,True,498,35,60.7,1789664760000,LOW,11.302,1.39,,,,11.100999999999999,10.39,2,0,1,11.379,11.100999999999999,EQL_SWEEP,6,11.335,False,False,0.1969,499,native,32.36,NORMAL,41.31,27.0,True,300,81.4,BULL,BOS UP,HH/HL,HH/MIX,RANGE,89.1,True,True,498,21,47.6,1789664700000,LOW,11.302,0.94,,,,,,,0,0,11.428,11.302,HIGH_SWEEP,20,11.406,False,False,0.2912,499,native,47.96,NORMAL,38.26,34.0,True,300,70.9,BULL,BOS UP,MIX/HL,HH/HL,RANGE,77.0,True,True,498,19,61.0,1789653600000,LOW,11.089,3.84,11.428,1.5,2,11.0905,3.82,2,1,1,11.428,11.0905,HIGH_SWEEP,17,11.34,False,False,0.5598,499,native,82.66,YORGUN,76.54,85.0,True,300,54.7,BEAR,BOS DN,MIX/HL,HH/HL,TR DN,70.8,True,True,498,35,42.9,1789542000000,HIGH,11.501,1.32,12.7855,11.45,2,,,,1,0,12.7855,11.089,LOW_SWEEP,25,10.67,False,False,1.1169,499,native,57.57,NORMAL,67.32,73.0,True,300,16.6,BEAR,BOS DN,LH/LL,HH/MIX,RANGE,86.2,True,True,498,12,24.8,1789488000000,HIGH,11.961,2.54,,,,8.062,13.23,2,0,1,11.961,8.062,EQH_SWEEP,80,12.035499999999999,False,False,2.1745,395,862,6207.58,48348.5,-42140.92,-77.24,11.38,5.1,DOWN,85,24,54556.08,1.8,60.0,1.0,True,0,0.0,1,40005.15,-40005.15,23.4,0.035,0.684,1.0,0.993,107391.75,133477.24,-26085.5,-10.83,44.59,29.5,DOWN,812,165,240868.99,17.1,300.0,1.0,True,2,52474.54,2,72557.68,-20083.14,55.0,0.255,0.845,1.0,0.999,589341.35,668338.09,-78996.73,-6.28,46.86,37.5,DOWN,4528,774,1257679.44,161.9,900.0,1.0,True,12,225441.93,11,276414.91,-50972.98,89.8,0.764,1.0,1.0,1.0,-33234.65,111817.54,-41631.29,-19.84,9.43,1.0,-16623.4,-0.5622,-4502.33,-0.0935,-0.2497,NONE,1789671100677,SELL,40005.15,11.333,1789671060000,ok,1.0,1.0,1.0,continuous,1,42,0,,0,0,0,0,False,163,11.333,11.334,0.882,0.389,-0.0338,0.2516,203968.1,218244.0,17.21,1789671131306,800,False,,AGGRESSIVE_SELLER,,
2,v2,v1.2,REALF_PY_V4_2_DERIVED,ZPTDIFAT_PY_V1_4_DERIVED,fc-v1,native,,058e38aec59f4c35,20260917_214621,86,ADA_20260917_215215_355,ADAUSDT,BINANCE,FUTURES,TOP100,19,10000,1789671135355,2026-09-17T21:52:15.355+03:00,67,True,1789671135260,1789671135355,82.0,1789671120000,1789671179999,False,15.3,0.2013,0.0,43.4,FAIR (DENGE),True,500,39.8,49.9,40.3,49.9,4e-05,-0.48,0.03,0.0015,0.6,0.04,0.3,50.0,-0.1,YOK,10.1,1.0,0.20130877420475318,0.004,CLV_PROXY_1M,0,0.0,100.0,43.4,42.5,56.6,56.5,0.9,-13.2,-13.1,4e-05,-3e-05,0.00147,0.00118,47.38,50.65,58.67,51.57,-3.27,-11.29,-4.19,39.94,39.33,500,native,47.38,NORMAL,39.94,39.33,True,300,14.5,BEAR,BOS DN,LH/LL,MIX/HL,TR DN,93.2,True,True,499,18,79.1,1789670040000,HIGH,0.2022,3.38,0.2022,3.38,2,,,,2,0,0.2022,0.2009,LOW_SWEEP,137,0.2016,False,False,0.1324,499,native,21.64,DINLENMIS,26.97,15.67,True,300,13.3,BEAR,BOS DN,LH/LL,MIX/LL,TR DN,88.0,True,True,498,6,36.4,1789669980000,HIGH,0.203,3.56,,,,,,,0,0,0.2022,0.2016,LOW_SWEEP,20,0.2021,False,False,0.2374,499,native,22.9,DINLENMIS,30.07,16.67,True,300,66.9,BULL,BOS UP,MIX/HL,LH/LL,RANGE,73.0,True,True,498,22,65.2,1789664400000,LOW,0.2008,0.94,,,,0.1903,17.39,2,0,1,0.203,0.1903,HIGH_SWEEP,20,0.2028,False,False,0.3165,499,native,42.52,NORMAL,28.52,23.33,True,300,71.8,BULL,BOS UP,MIX/HL,HH/HL,RANGE,79.0,True,True,498,18,79.1,1789654500000,LOW,0.1972,3.26,,,,0.1972,3.26,2,0,2,0.2033,0.1972,HIGH_SWEEP,16,0.2022,False,False,0.625,499,native,84.39,ASIRI,72.52,84.33,True,300,49.9,TR-UP,CHOCH UP,MIX/LL,HH/HL,TR-UP,79.1,True,True,498,12,61.8,1789624800000,LOW,0.1901,4.55,,,,,,,0,0,0.1973,0.1901,EQH_SWEEP,17,0.19690000000000002,False,False,1.2131,499,native,52.73,NORMAL,62.26,74.67,True,300,16.5,BEAR,BOS DN,LH/LL,LH/LL,RANGE,83.9,True,True,498,12,45.7,1789488000000,HIGH,0.2159,2.99,,,,,,,0,0,0.2159,0.1901,LOW_SWEEP,49,0.2148,False,False,2.414,3642,837,3161.17,11019.56,-7858.39,-55.42,22.29,5.6,DOWN,171,44,14180.74,16.9,60.0,1.0,True,0,0.0,0,0.0,0.0,47.6,0.252,0.538,1.0,0.939,80377.66,49710.32,30667.34,23.57,61.79,85.6,UP,926,233,130087.98,9.8,300.0,1.0,True,2,48370.84,1,12937.84,35433.0,45.0,0.165,0.779,1.0,0.988,557441.65,420718.93,136722.72,13.98,56.99,75.3,UP,4190,738,978160.57,41.9,900.0,1.0,True,14,347342.47,10,261071.15,86271.32,73.0,0.456,0.998,1.0,0.996,8364.68,74399.83,242046.91,15.06,18.0,1.0,-12137.57,-0.7203,6840.97,0.2629,-0.0413,NONE,1789670980915,SELL,12937.84,0.2017,1789671060000,ok,1.0,1.0,1.0,continuous,1,59,0,,0,0,0,0,False,197,0.2013,0.2014,4.966,1.835,0.1637,-0.0307,2808612.83,2018567.33,96.85,1789671134948,407,False,,AGGRESSIVE_SELLER,,
2,v2,v1.2,REALF_PY_V4_2_DERIVED,ZPTDIFAT_PY_V1_4_DERIVED,fc-v1,native,,058e38aec59f4c35,20260917_214621,87,LTC_20260917_215218_638,LTCUSDT,BINANCE,FUTURES,TOP100,25,10000,1789671138638,2026-09-17T21:52:18.638+03:00,67,True,1789671138392,1789671138638,80.4,1789671120000,1789671179999,False,18.4,53.46,-0.0187,48.7,FAIR (DENGE),True,500,48.6,51.5,44.7,50.0,-0.00028,-0.81,-0.3,0.00092,0.366,0.0,0.3,85.0,-25.9,YOK,6.8,0.637,53.44503683151566,-0.028,CLV_PROXY_1M,0,0.0,100.0,48.7,50.9,62.8,62.8,-2.2,-14.1,-14.1,-0.00028,0.00022,0.001,0.00079,33.49,37.2,44.31,43.06,-3.71,-10.82,-9.57,27.61,18.33,500,native,33.49,NORMAL,27.61,18.33,True,300,15.1,BEAR,BOS DN,LH/LL,LH/LL,TR DN,92.3,True,True,499,18,72.3,1789670040000,HIGH,53.71,6.22,,,,,,,0,0,53.58,53.44,HIGH_SWEEP,41,53.78,False,False,0.0751,499,native,16.93,DINLENMIS,19.26,9.33,True,300,30.1,TR-DN,CHOCH DN,LH/MIX,LH/LL,TR-DN,72.7,True,True,498,5,57.3,1789670160000,HIGH,53.86,4.73,,,,,,,0,0,53.86,53.65,HIGH_SWEEP,37,53.74,False,False,0.1581,499,native,17.26,DINLENMIS,20.51,5.67,True,300,66.7,BULL,BOS UP,MIX/HL,LH/LL,RANGE,73.2,True,True,498,21,34.8,1789664700000,LOW,53.31,1.28,,,,50.21,26.01,2,0,2,53.86,50.21,HIGH_SWEEP,22,53.74,False,False,0.2342,499,native,63.69,NORMAL,45.21,46.33,True,300,70.1,BULL,BOS UP,HH/MIX,HH/HL,TR UP,78.7,True,True,498,18,42.9,1789654500000,LOW,52.51,4.24,,,,,,,0,0,53.98,52.46,HIGH_SWEEP,17,53.11,False,False,0.4182,499,native,85.36,ASIRI,77.79,86.0,True,300,66.1,TR-UP,CHOCH UP,MIX/HL,HH/MIX,TR-UP,63.2,True,True,498,7,40.7,1789642800000,LOW,50.13,7.29,,,,,,,0,0,52.81,52.46,HIGH_SWEEP,9,52.81,False,False,0.8504,499,native,64.98,NORMAL,76.27,84.33,True,300,50.7,TR-DN,CHOCH DN,HH/MIX,LH/LL,TR-DN,72.3,True,True,498,11,38.2,1789502400000,HIGH,55.24,2.01,,,,,,,0,0,55.24,50.13,HIGH_SWEEP,27,54.28,False,False,1.6471,1394,460,12756.04,18228.82,-5472.79,-17.66,41.17,20.0,DOWN,136,26,30984.86,6.8,60.0,1.0,True,0,0.0,1,10836.46,-10836.46,37.1,0.12,0.623,1.0,0.977,90243.99,47455.98,42788.01,31.07,65.54,90.0,UP,454,111,137699.97,6.5,300.0,1.0,True,3,70092.13,1,10836.46,59255.67,39.2,0.115,0.785,1.0,0.995,261134.54,211142.75,49991.79,10.59,55.29,70.1,UP,1764,395,472277.29,35.0,900.0,1.0,True,6,140821.03,6,93725.23,47095.8,68.3,0.412,0.919,1.0,0.998,-3780.78,37016.25,29876.65,-5.39,13.98,1.0,-3562.46,-0.1757,10185.65,0.3698,0.0658,DOWN,1789671090990,SELL,10836.46,53.454256230145425,1789671060000,ok,1.0,1.0,1.0,continuous,1,41,0,,0,0,0,0,False,231,53.46,53.47,1.87,-0.305,0.0805,-0.0443,954662.59,812483.91,36.47,1789671138066,572,False,,,,
2,v2,v1.2,REALF_PY_V4_2_DERIVED,ZPTDIFAT_PY_V1_4_DERIVED,fc-v1,native,,058e38aec59f4c35,20260917_214621,88,AVAX_20260917_215221_891,AVAXUSDT,BINANCE,FUTURES,TOP100,31,5000,1789671141891,2026-09-17T21:52:21.891+03:00,67,True,1789671141720,1789671141891,80.2,1789671120000,1789671179999,False,21.7,7.602,0.0526,55.2,FAIR (DENGE),True,500,58.3,50.3,56.9,50.3,-9e-05,0.5,0.03,0.00112,0.656,0.17,2.3,55.0,-2.7,YOK,8.0,1.0,7.601339372166031,-0.009,CLV_PROXY_1M,0,0.0,100.0,55.2,51.4,52.0,45.3,3.8,3.2,9.9,-9e-05,-0.00033,0.00034,-0.00075,68.08,66.3,65.38,54.04,1.78,2.7,14.04,70.75,75.67,500,native,68.08,NORMAL,70.75,75.67,True,300,45.7,TR-DN,CHOCH DN,HH/MIX,MIX/HL,TR-DN,81.7,True,True,499,18,86.3,1789670040000,HIGH,7.618,2.22,,,,,,,0,0,7.618,7.57,HIGH_SWEEP,24,7.609,False,False,0.0948,499,native,40.2,NORMAL,55.17,52.33,True,300,44.1,BEAR,BOS DN,MIX/HL,MIX/LL,RANGE,68.6,True,True,498,11,51.8,1789669080000,HIGH,7.635,2.51,,,,,,,0,0,7.618,7.605,LOW_SWEEP,12,7.605,False,False,0.1728,499,native,30.19,NORMAL,45.41,30.0,True,300,60.9,TR-DN,CHOCH DN,HH/HL,LH/MIX,TR-DN,89.2,True,True,498,3,51.7,1789670100000,HIGH,7.646,2.28,,,,,,,0,0,7.646,7.603,LOW_SWEEP,7,7.603,False,False,0.2536,499,native,52.15,NORMAL,46.78,44.67,True,300,48.5,BULL,BOS UP,MIX/LL,HH/HL,RANGE,70.0,True,True,498,25,14.8,1789648200000,LOW,7.514,2.6,7.648,1.36,2,,,,1,0,7.648,7.523,LOW_SWEEP,14,7.539,False,False,0.4453,499,native,69.98,NORMAL,66.85,73.67,True,300,71.5,BEAR,BOS DN,HH/HL,HH/HL,TR DN,79.6,True,True,498,52,46.7,1789480800000,HIGH,7.8,2.77,8.192,8.26,3,7.186,5.82,2,1,1,8.192,7.186,EQL_SWEEP,25,7.186,False,False,0.939,499,native,72.44,YORGUN,77.86,86.67,True,300,46.4,TR-DN,CHOCH DN,HH/MIX,LH/MIX,TR-DN,73.8,True,True,498,7,50.3,1789560000000,HIGH,7.8,1.38,,,,7.173500000000001,2.99,2,0,1,7.8,7.173500000000001,LOW_SWEEP,12,7.243,False,False,1.8868,1039,749,12903.39,11748.42,1154.97,4.69,52.34,59.4,UP,177,38,24651.81,6.8,60.0,1.0,True,1,5881.63,1,5069.87,811.76,36.7,0.12,0.598,1.0,0.983,175122.76,110856.23,64266.53,22.47,61.24,84.7,UP,1256,222,285978.99,21.7,300.0,1.0,True,7,96997.47,6,47119.1,49878.37,59.3,0.303,0.864,1.0,0.997,523170.39,554357.27,-31186.88,-2.89,48.55,44.1,FLAT,4187,664,1077527.66,55.7,900.0,1.0,True,21,294618.77,28,389973.47,-95354.7,77.4,0.527,1.0,1.0,0.999,10920.52,85081.74,4593.04,28.62,13.8,1.0,-7016.39,-0.2922,9687.31,0.1694,0.0458,DOWN,1789671139394,SELL,5069.87,7.601,1789671060000,ok,1.0,1.0,1.0,continuous,1,53,0,,0,0,0,0,False,265,7.6,7.601,1.316,-0.257,0.1558,-0.4095,363065.56,265158.16,25.66,1789671141364,527,False,,,,
2,v2,v1.2,REALF_PY_V4_2_DERIVED,ZPTDIFAT_PY_V1_4_DERIVED,fc-v1,native,,058e38aec59f4c35,20260917_214621,89,SUI_20260917_215225_174,SUIUSDT,BINANCE,FUTURES,TOP100,35,5000,1789671145174,2026-09-17T21:52:25.174+03:00,67,True,1789671145074,1789671145174,80.1,1789671120000,1789671179999,False,25.1,0.7316,-0.0137,54.1,FAIR (DENGE),True,500,55.3,54.2,53.0,50.1,-0.00133,-0.52,-0.73,0.00139,0.672,0.19,1.0,55.0,-27.2,YOK,2.4,1.0,0.7306285214569044,-0.133,CLV_PROXY_1M,0,0.0,100.0,54.1,53.2,59.4,56.7,0.9,-5.3,-2.6,-0.00133,-7e-05,0.00041,-0.00025,55.21,55.99,57.35,49.28,-0.78,-2.14,5.93,52.38,55.67,500,native,55.21,NORMAL,52.38,55.67,True,300,19.1,TR-DN,CHOCH DN,LH/LL,MIX/HL,TR-DN,86.9,True,True,499,18,83.1,1789670040000,HIGH,0.7344,3.12,,,,,,,0,0,0.7337,0.7287,HIGH_SWEEP,19,0.7344,False,False,0.1226,499,native,33.92,NORMAL,37.1,36.0,True,300,59.1,BULL,BOS UP,MIX/HL,HH/MIX,RANGE,73.8,True,True,498,36,54.4,1789664580000,LOW,0.7291,1.59,,,,0.7292,1.53,2,0,3,0.7352,0.7292,EQL_SWEEP,4,0.7292,False,False,0.2232,499,native,31.93,NORMAL,41.88,29.33,True,300,81.4,BULL,BOS UP,HH/HL,LH/LL,RANGE,90.7,True,True,498,21,31.2,1789664700000,LOW,0.7291,1.15,,,,0.71575,7.05,2,0,2,0.7387,0.71575,HIGH_SWEEP,20,0.7373,False,False,0.3089,499,native,52.76,NORMAL,42.91,37.0,True,300,90.0,BULL,BOS UP,HH/HL,HH/HL,RANGE,89.7,True,True,498,6,54.6,1789665300000,LOW,0.7223,2.25,,,,,,,0,0,0.7387,0.7291,HIGH_SWEEP,11,0.7351,False,False,0.5712,499,native,82.54,YORGUN,78.53,90.67,True,300,72.6,BEAR,BOS DN,HH/HL,HH/HL,TR DN,82.7,True,True,498,52,50.4,1789480800000,HIGH,0.7479,1.88,0.8336,11.82,2,,,,2,0,0.8336,0.7157,LOW_SWEEP,25,0.6814,False,False,1.1765,499,native,72.55,YORGUN,77.76,90.0,True,300,59.4,BEAR,BOS DN,HH/HL,MIX/HL,TR DN,78.3,True,True,498,11,25.5,1789502400000,HIGH,0.7479,0.95,,,,,,,0,0,0.7479,0.6773,LOW_SWEEP,13,0.692,False,False,2.3241,342,1261,17808.98,47050.66,-29241.67,-45.08,27.46,6.5,DOWN,365,61,64859.64,18.3,60.0,1.0,True,0,0.0,2,15069.53,-15069.53,53.1,0.268,0.703,1.0,0.994,97965.99,160063.71,-62097.71,-24.07,37.97,14.1,DOWN,1588,297,258029.7,56.3,300.0,1.0,True,3,32341.88,8,76969.4,-44627.52,73.9,0.529,0.853,1.0,0.999,810213.0,1074028.83,-263815.83,-14.0,43.0,24.7,DOWN,7617,1149,1884241.83,223.4,900.0,1.0,True,43,479883.71,54,713076.85,-233193.14,92.2,0.817,1.0,1.0,1.0,274.1,163064.77,-42703.03,-4.6,8.07,1.0,-23082.83,-0.3885,-13739.57,-0.2662,-0.3633,NONE,1789671122034,SELL,8515.09,0.7316999999999999,1789671060000,ok,1.0,1.0,1.0,continuous,1,72,0,,0,0,0,0,False,304,0.7316,0.7317,1.367,-0.267,-0.0904,-0.1912,464571.73,556862.96,26.65,1789671144624,550,False,,AGGRESSIVE_SELLER,,
2,v2,v1.2,REALF_PY_V4_2_DERIVED,ZPTDIFAT_PY_V1_4_DERIVED,fc-v1,native,,058e38aec59f4c35,20260917_214621,90,AKE_20260917_215228_705,AKEUSDT,BINANCE,FUTURES,TOP100,94,2000,1789671148705,2026-09-17T21:52:28.705+03:00,67,True,1789671148314,1789671148705,80.5,1789671120000,1789671179999,False,28.3,0.020805,0.0144,44.3,FAIR (DENGE),True,500,43.0,42.3,47.4,48.4,0.01125,0.16,0.23,0.0076,0.709,0.64,20.3,60.0,-8.3,YOK,5.1,1.0,0.021040377846299557,1.131,CLV_PROXY_1M,0,0.0,100.0,44.3,40.6,36.3,39.6,3.7,8.0,4.7,0.01125,-0.0009,-0.00265,-0.00092,36.81,34.99,25.97,19.11,1.82,10.84,17.7,39.38,45.0,500,native,36.81,NORMAL,39.38,45.0,True,300,27.2,BEAR,BOS DN,MIX/LL,LH/LL,TR DN,75.3,True,True,499,7,34.4,1789670700000,HIGH,0.021142,5.79,0.021141,5.77,2,,,,1,0,0.021141,0.020721,LOW_SWEEP,2,0.020824,False,False,0.28,499,native,23.51,DINLENMIS,23.12,16.33,True,300,47.3,TR-DN,CHOCH DN,HH/MIX,MIX/LL,TR-DN,76.1,True,True,498,2,51.0,1789670700000,HIGH,0.021142,2.73,,,,,,,0,0,0.021142,0.020851,EQL_SWEEP,5,0.020852500000000003,False,False,0.5885,499,native,26.69,DINLENMIS,23.83,17.33,True,300,78.9,TR-UP,CHOCH UP,HH/HL,HH/MIX,TR-UP,82.8,True,True,498,17,62.4,1789665900000,LOW,0.020714,0.53,,,,,,,0,0,0.021935,0.020811,LOW_SWEEP,1,0.020811,True,False,0.8375,499,native,26.88,DINLENMIS,25.12,6.67,True,300,59.3,BEAR,BOS DN,HH/MIX,HH/HL,SQZ,70.0,True,True,498,106,97.0,1789575300000,HIGH,0.028247,19.86,0.029421000000000003,23.0,2,0.020765,0.11,2,1,3,0.029421000000000003,0.020765,EQL_SWEEP,9,0.020765,False,True,1.7961,499,native,54.07,NORMAL,44.19,40.67,True,300,56.6,BULL,BOS UP,MIX/HL,MIX/HL,RANGE,70.2,True,True,498,62,56.3,1789444800000,LOW,0.014658,4.8,0.029844000000000002,7.05,2,0.012500500000000001,6.48,3,1,2,0.029844000000000002,0.012500500000000001,HIGH_SWEEP,63,0.0165,False,False,6.0934,499,native,42.02,NORMAL,37.88,31.33,True,300,86.4,BULL,BOS UP,HH/HL,MIX/HL,TR UP,90.5,True,True,498,15,80.8,1789444800000,LOW,0.013069,2.65,,,,0.0128725,2.71,2,0,3,0.029888,0.0128725,EQL_SWEEP,64,0.0128725,False,False,13.8617,2487,2773,15780.36,16350.27,-569.91,-1.77,49.11,46.4,FLAT,624,244,32130.64,23.7,60.0,1.0,True,1,5541.36,1,9900.97,-4359.61,55.0,0.322,0.627,1.0,0.959,64814.12,55041.23,9772.89,8.15,54.08,66.0,UP,2948,1289,119855.36,177.4,300.0,1.0,True,4,18822.16,5,25857.56,-7035.4,83.6,0.78,0.77,1.0,0.992,125011.27,113372.19,11639.09,4.88,52.44,59.8,UP,6597,2773,238383.46,366.1,672.1,0.7467,False,8,29081.96,9,41836.47,-12754.52,85.2,0.88,0.844,0.747,0.997,9695.6,5386.56,,21.59,2.29,0.6801,-1770.07,-0.0758,1782.27,0.0744,0.0977,DOWN,1789671124084,BUY,5541.36,0.0208019959907803,1789671060000,ok,1.0,1.0,1.0,continuous,1,286,0,,0,0,0,0,False,338,0.020803,0.020804,0.481,0.185,0.0449,0.1981,5175.97,4730.86,9.37,1789671147929,776,False,,,,
2,v2,v1.2,REALF_PY_V4_2_DERIVED,ZPTDIFAT_PY_V1_4_DERIVED,fc-v1,native,,058e38aec59f4c35,20260917_214621,91,PONS_20260917_215233_445,PONSUSDT,BINANCE,FUTURES,OUTSIDE100,112,2000,1789671153445,2026-09-17T21:52:33.445+03:00,67,True,1789671152858,1789671153445,81.9,1789671120000,1789671179999,False,32.9,0.6393,-0.0625,45.2,FAIR (DENGE),True,500,44.5,42.4,48.2,49.9,0.00731,0.11,0.03,0.00421,0.545,0.1,0.7,55.0,-14.0,YOK,5.8,1.0,0.6439876821762489,0.733,CLV_PROXY_1M,0,0.0,100.0,45.2,44.5,47.0,44.7,0.7,-1.8,0.5,0.00731,0.00016,0.00072,-0.001,42.47,40.53,36.03,29.61,1.94,6.44,12.86,46.15,49.0,500,native,42.47,NORMAL,46.15,49.0,True,300,17.2,BEAR,BOS DN,LH/LL,MIX/HL,TR DN,88.8,True,True,499,18,49.5,1789670040000,HIGH,0.6584,8.56,,,,,,,0,0,0.6423,0.6375,LOW_SWEEP,17,0.6446,False,False,0.3488,499,native,13.77,DINLENMIS,18.35,9.67,True,300,9.2,BEAR,BOS DN,LH/LL,LH/LL,RANGE,92.6,True,True,498,4,55.4,1789670340000,HIGH,0.6584,4.74,0.6657,6.55,2,,,,1,0,0.6657,0.6433,LOW_SWEEP,5,0.6433,False,False,0.6309,499,native,18.76,DINLENMIS,19.61,10.0,True,300,8.6,BEAR,BOS DN,LH/LL,LH/LL,RANGE,91.1,True,True,498,3,62.4,1789670100000,HIGH,0.6584,3.35,0.6657,4.63,2,,,,1,0,0.6657,0.6433,LOW_SWEEP,12,0.6466,False,False,0.89,499,native,39.89,NORMAL,27.64,22.33,True,300,72.0,BULL,BOS UP,HH/MIX,MIX/HL,RANGE,73.2,True,True,498,12,67.0,1789659900000,LOW,0.6099,2.35,,,,,,,0,0,0.6721,0.6099,HIGH_SWEEP,8,0.6573,False,False,1.9567,277,native,62.55,NORMAL,49.96,58.75,False,257,79.1,TR-UP,CHOCH UP,HH/HL,HH/HL,TR-UP,85.3,True,True,276,17,48.5,1789606800000,LOW,0.5563,3.31,,,,,,,0,0,0.669,0.6099,HIGH_SWEEP,2,0.669,False,False,3.852,70,native,69.52,NORMAL,64.6,80.0,False,50,45.0,BEAR,BOS DN,HH/MIX,HH/MIX,RANGE,70.9,True,False,69,7,30.3,1789560000000,HIGH,0.6992,1.24,,,,,,,0,0,0.6992,0.5483,LOW_SWEEP,9,0.5821,False,False,7.231,328,1621,3138.21,8869.28,-5731.07,-47.73,26.14,6.2,DOWN,184,59,12007.48,17.0,60.0,1.0,True,0,0.0,1,2526.68,-2526.68,47.4,0.253,0.52,1.0,0.995,85721.66,46253.11,39468.55,29.91,64.95,89.4,UP,1545,440,131974.77,35.5,300.0,1.0,True,6,53302.7,3,7843.02,45459.68,65.3,0.415,0.78,1.0,0.999,316033.49,296556.39,19477.1,3.18,51.59,56.5,UP,5860,1621,612589.88,200.0,783.9,0.871,False,29,174490.5,28,127072.21,47418.29,87.5,0.8,0.947,0.871,1.0,-20947.47,6945.44,,-46.71,5.24,0.8044,4345.51,0.1643,8564.0,0.3245,0.1895,NONE,1789671136279,SELL,2526.68,0.6396651898734178,1789671060000,ok,1.0,1.0,1.0,continuous,1,116,0,,0,0,0,0,False,372,0.6391,0.6392,1.565,-0.75,-0.2339,0.0084,24535.77,39514.57,30.51,1789671152408,1037,False,,AGGRESSIVE_SELLER,,
2,v2,v1.2,REALF_PY_V4_2_DERIVED,ZPTDIFAT_PY_V1_4_DERIVED,fc-v1,native,,058e38aec59f4c35,20260917_214621,92,SKR_20260917_215237_518,SKRUSDT,BINANCE,FUTURES,OUTSIDE100,227,500,1789671157518,2026-09-17T21:52:37.518+03:00,67,True,1789671157173,1789671157518,82.5,1789671120000,1789671179999,False,37.2,0.01873,0.0534,45.4,FAIR (DENGE),True,500,45.0,42.0,48.2,50.0,0.0041,0.26,0.32,0.00194,0.481,0.02,0.3,45.0,4.9,YOK,6.2,1.0,0.018806882118536414,0.41,CLV_PROXY_1M,0,0.0,100.0,45.4,43.2,56.7,45.0,2.2,-11.3,0.4,0.0041,-0.00059,0.0016,-0.00037,53.36,53.84,49.82,39.44,-0.48,3.54,13.92,49.47,58.67,500,native,53.36,NORMAL,49.47,58.67,True,300,50.0,TR-DN,CHOCH DN,MIX/HL,HH/MIX,TR-DN,77.3,True,True,499,24,83.5,1789669680000,HIGH,0.018927,6.01,0.018926,5.98,2,,,,3,0,0.018926,0.018709,EQL_SWEEP,132,0.019110500000000002,False,False,0.175,499,native,23.3,DINLENMIS,31.25,30.67,True,300,5.5,BEAR,BOS DN,LH/LL,LH/LL,TR DN,99.1,True,True,498,8,97.5,1789669620000,HIGH,0.018967,4.08,0.019326,10.26,2,,,,2,0,0.019326,0.018669,LOW_SWEEP,9,0.018854,False,False,0.3095,499,native,22.23,DINLENMIS,27.75,27.67,True,300,40.5,BULL,BOS UP,MIX/LL,LH/LL,TR UP,70.6,True,True,498,101,21.7,1789640700000,LOW,0.018378,4.3,0.019326,7.28,2,,,,2,0,0.019326,0.018915,LOW_SWEEP,11,0.018915,False,False,0.4362,499,native,22.11,DINLENMIS,18.91,8.67,True,300,28.1,BULL,BOS UP,LH/LL,MIX/LL,RANGE,80.8,True,True,498,42,67.4,1789632900000,LOW,0.018378,1.99,,,,0.017547,6.7,2,0,2,0.019329,0.017547,HIGH_SWEEP,44,0.018739,False,False,0.9438,499,native,44.23,NORMAL,32.23,28.33,True,300,89.6,BULL,BOS UP,HH/HL,HH/HL,TR UP,91.9,True,True,498,9,72.8,1789635600000,LOW,0.017378,3.12,0.025375500000000002,15.35,2,,,,1,0,0.025375500000000002,0.018378,LOW_SWEEP,25,0.017542,False,False,2.2875,499,native,77.43,YORGUN,67.71,76.67,True,300,72.0,BULL,BOS UP,HH/HL,HH/HL,TR UP,80.9,True,True,498,111,36.2,1788062400000,LOW,0.008858,11.23,,,,0.017043000000000003,1.92,2,0,1,0.019684,0.017043000000000003,HIGH_SWEEP,1,0.019684,True,False,4.5845,9140,586,60.5,108.7,-48.2,-28.48,35.76,11.3,DOWN,12,9,169.2,3.3,60.0,1.0,True,0,0.0,0,0.0,0.0,13.6,0.061,0.057,1.0,0.848,18921.06,7346.9,11574.16,44.06,72.03,93.4,UP,324,206,26267.96,49.5,300.0,1.0,True,5,13828.2,4,2935.15,10893.05,64.8,0.498,0.605,1.0,0.97,35949.46,17220.11,18729.35,35.23,67.61,91.5,UP,778,492,53169.57,113.1,900.0,1.0,True,20,25120.19,10,7639.52,17480.67,76.9,0.694,0.681,1.0,0.99,-444.77,836.68,1757.88,-17.69,3.19,1.0,3361.79,0.3929,2945.71,0.5607,-0.1036,UP,1789671060151,SELL,520.87,0.01875524938787268,1789671060000,ok,1.0,1.0,1.0,continuous,1,21,0,,0,0,0,0,False,404,,,,,,,,,,,,True,URLError: <urlopen error [WinError 10054] Varolan bir bağlantı uzaktaki bir ana bilgisayar tarafından zorla kapatıldı>,,,
2,v2,v1.2,REALF_PY_V4_2_DERIVED,ZPTDIFAT_PY_V1_4_DERIVED,fc-v1,native,,058e38aec59f4c35,20260917_214621,93,PROM_20260917_215240_907,PROMUSDT,BINANCE,FUTURES,OUTSIDE100,266,1000,1789671160907,2026-09-17T21:52:40.907+03:00,67,True,1789671160890,1789671160907,82.7,1789671120000,1789671179999,False,40.9,5.431,-0.0184,43.2,FAIR (DENGE),True,500,38.4,59.1,31.1,49.4,-0.00299,-1.88,-0.26,0.00141,0.358,0.24,6.0,65.0,-8.8,YOK,28.0,0.596,5.414799003986909,-0.298,CLV_PROXY_1M,0,0.0,100.0,43.2,43.5,55.4,65.6,-0.3,-12.2,-22.4,-0.00299,-0.00012,0.00263,0.00402,23.85,30.12,48.95,62.55,-6.27,-25.1,-38.7,10.89,5.33,500,native,23.85,DINLENMIS,10.89,5.33,True,300,13.2,BEAR,BOS DN,LH/LL,HH/HL,RANGE,85.0,True,True,499,2,23.7,1789671000000,HIGH,5.455,3.19,,,,5.408,3.06,2,0,1,5.455,5.408,HIGH_SWEEP,22,5.458,False,False,0.1383,499,native,44.61,NORMAL,25.17,18.67,True,300,57.1,BEAR,BOS DN,MIX/HL,MIX/HL,TR DN,68.8,True,True,498,60,51.4,1789660260000,HIGH,5.519,5.59,,,,5.3934999999999995,2.38,2,0,1,5.46,5.3934999999999995,HIGH_SWEEP,88,5.56,False,False,0.2894,499,native,62.66,NORMAL,46.64,54.33,True,300,82.8,BULL,BOS UP,HH/HL,MIX/HL,TR UP,81.3,True,True,498,9,31.8,1789668300000,LOW,5.408,1.11,,,,5.3919999999999995,1.88,2,0,2,5.493,5.3919999999999995,HIGH_SWEEP,10,5.442,False,False,0.3808,499,native,41.69,NORMAL,43.6,45.67,True,300,39.3,TR-DN,CHOCH DN,LH/MIX,LH/MIX,TR-DN,73.7,True,True,498,31,60.6,1789642800000,HIGH,5.659,5.61,5.7285,7.31,2,5.4015,0.73,2,2,1,5.7285,5.4015,LOW_SWEEP,124,5.332,False,False,0.7456,499,native,32.7,NORMAL,27.91,19.67,True,300,54.1,BEAR,BOS DN,MIX/HL,LH/MIX,RANGE,75.6,True,True,498,34,75.0,1789545600000,HIGH,5.729,3.28,5.8375,4.48,3,4.906499999999999,5.78,2,2,1,5.8375,4.906499999999999,EQL_SWEEP,82,5.5815,False,False,1.6737,499,native,38.95,NORMAL,44.96,35.0,True,300,27.1,BULL,BOS UP,LH/LL,LH/LL,SQZ,83.7,True,True,498,55,11.5,1788868800000,LOW,4.913,2.58,,,,4.4025,5.13,2,0,3,5.771,4.4025,HIGH_SWEEP,54,5.986,False,False,3.6806,4032,441,51.08,955.97,-904.89,-89.86,5.07,5.0,DOWN,46,22,1007.04,6.6,60.0,1.0,True,0,0.0,0,0.0,0.0,27.7,0.116,0.251,1.0,0.933,1616.03,16715.22,-15099.19,-82.37,8.82,5.1,DOWN,390,146,18331.25,17.7,300.0,1.0,True,0,0.0,3,12951.08,-12951.08,49.2,0.261,0.566,1.0,0.987,8108.86,29216.17,-21107.3,-56.55,21.73,5.5,DOWN,1019,387,37325.03,50.9,900.0,1.0,True,0,0.0,6,16172.12,-16172.12,66.6,0.505,0.643,1.0,0.996,9214.53,-1906.51,-1042.96,-3.9,-6.48,1.0,-4527.65,-0.9448,-3109.44,-0.8481,-0.556,NONE,1789671042730,SELL,4376.84,5.429649299094406,1789671060000,ok,1.0,1.0,1.0,continuous,1,33,0,,0,0,0,0,False,439,5.431,5.432,1.841,0.472,0.2139,0.167,25082.92,16241.57,35.9,1789671160283,624,False,,FATIGUE_RESTED_1M,,
2,v2,v1.2,REALF_PY_V4_2_DERIVED,ZPTDIFAT_PY_V1_4_DERIVED,fc-v1,native,,058e38aec59f4c35,20260917_214621,94,UAI_20260917_215244_096,UAIUSDT,BINANCE,FUTURES,OUTSIDE100,296,2000,1789671164096,2026-09-17T21:52:44.096+03:00,67,True,1789671164062,1789671164096,81.8,1789671120000,1789671179999,False,44.1,0.3985,-0.1754,43.8,FAIR (DENGE),True,500,39.7,54.2,37.0,49.9,-0.00327,0.05,1.19,0.00356,0.404,0.1,0.7,60.0,1.7,YOK,17.2,0.745,0.39720028236731986,-0.326,CLV_PROXY_1M,0,0.0,100.0,43.8,50.1,56.5,59.5,-6.3,-12.7,-15.7,-0.00327,0.00157,0.00266,0.00559,27.52,28.75,28.0,37.7,-1.23,-0.48,-10.18,28.06,16.67,500,native,27.52,DINLENMIS,28.06,16.67,True,300,41.5,BEAR,BOS DN,MIX/HL,MIX/LL,SQZ,73.4,True,True,499,5,50.9,1789670820000,HIGH,0.4013,3.01,,,,,,,0,0,0.4005,0.3985,LOW_SWEEP,4,0.3985,False,False,0.2328,499,native,40.69,NORMAL,32.43,18.67,True,300,65.3,BEAR,BOS DN,HH/HL,MIX/HL,SQZ,86.5,True,True,498,23,42.5,1789666920000,HIGH,0.4029,2.14,0.40255,1.97,2,,,,1,0,0.40255,0.398,LOW_SWEEP,1,0.398,True,False,0.5153,499,native,55.25,NORMAL,50.21,41.33,True,300,69.0,TR-DN,CHOCH DN,HH/HL,MIX/HL,SQZ,89.3,True,True,498,30,62.9,1789662000000,HIGH,0.4026,1.32,0.40275,1.37,2,0.3559,13.69,3,1,1,0.40275,0.3559,EQH_SWEEP,9,0.40275,False,False,0.7809,499,native,70.72,NORMAL,66.06,84.67,True,300,58.9,BULL,BOS UP,MIX/HL,MIX/HL,SQZ,66.0,True,True,498,57,72.2,1789619400000,LOW,0.3708,3.76,0.5356000000000001,18.59,2,0.3838,1.99,2,1,2,0.5356000000000001,0.3838,LOW_SWEEP,126,0.3294,False,False,1.8434,499,native,56.07,NORMAL,54.49,56.33,True,300,68.4,BEAR,BOS DN,HH/HL,HH/HL,RANGE,81.1,True,True,498,35,45.2,1789542000000,HIGH,0.4132,0.75,,,,,,,0,0,0.418,0.3561,HIGH_SWEEP,13,0.3982,False,False,4.9257,499,native,50.21,NORMAL,57.77,58.0,True,300,17.1,BEAR,BOS DN,LH/LL,LH/LL,RANGE,87.8,True,True,498,16,42.0,1789430400000,HIGH,0.5943,3.99,,,,,,,0,0,0.5943,0.322,LOW_SWEEP,17,0.4503,False,False,12.2805,-967,600,1403.69,442.28,961.42,52.08,76.04,94.2,UP,78,33,1845.97,13.3,60.0,1.0,True,0,0.0,0,0.0,0.0,37.9,0.21,0.317,1.0,1.0,11959.9,21641.28,-9681.38,-28.81,35.59,11.1,DOWN,624,218,33601.18,51.6,300.0,1.0,True,0,0.0,2,10387.62,-10387.62,66.4,0.508,0.632,1.0,1.0,26156.66,43568.79,-17412.13,-24.97,37.51,13.4,DOWN,1346,513,69725.44,82.5,900.0,1.0,True,1,2498.21,3,15092.44,-12594.23,74.7,0.623,0.711,1.0,1.0,-445.09,3746.94,-3624.74,12.04,4.96,1.0,1318.39,0.4461,-2005.29,-0.2984,-0.5648,UP,1789670947857,SELL,7897.52,0.3977799637352675,1789671060000,ok,1.0,1.0,1.0,continuous,1,73,0,,0,0,0,0,False,473,0.3987,0.3988,2.508,-0.026,0.0322,-0.143,16933.03,15875.12,48.9,1789671163629,467,False,,FATIGUE_RESTED_1M,,
2,v2,v1.2,REALF_PY_V4_2_DERIVED,ZPTDIFAT_PY_V1_4_DERIVED,fc-v1,native,,058e38aec59f4c35,20260917_214621,95,BULLA_20260917_215248_689,BULLAUSDT,BINANCE,FUTURES,OUTSIDE100,339,5000,1789671168689,2026-09-17T21:52:48.689+03:00,67,True,1789671168300,1789671168689,82.6,1789671120000,1789671179999,False,48.3,0.09186,-0.3255,38.8,PRICE LAG,True,500,35.1,48.4,32.7,43.4,0.00307,-0.39,0.96,0.00923,0.37,1.41,45.3,55.0,8.9,YOK,15.7,1.0,0.09214263225793948,0.308,CLV_PROXY_1M,0,0.0,100.0,38.8,43.7,48.4,52.6,-4.9,-9.6,-13.8,0.00307,0.00525,0.00958,0.01585,70.65,78.01,86.44,79.94,-7.36,-15.79,-9.29,50.4,60.67,500,native,70.65,NORMAL,50.4,60.67,True,300,42.6,BEAR,BOS DN,LH/MIX,HH/HL,RANGE,65.0,True,True,499,85,41.6,1789666020000,HIGH,0.093324,2.38,0.1026155,17.48,3,0.09092,1.53,2,1,2,0.1026155,0.09092,LOW_SWEEP,86,0.09008,False,False,0.6678,499,native,70.3,NORMAL,64.19,80.0,True,300,71.4,BEAR,BOS DN,HH/HL,HH/MIX,SQZ,88.4,True,True,498,35,34.2,1789664760000,HIGH,0.09816,5.73,,,,,,,0,0,0.09288,0.0909,HIGH_SWEEP,1,0.09288,True,False,1.1942,499,native,72.39,YORGUN,64.97,74.67,True,300,15.8,BEAR,BOS DN,LH/LL,HH/HL,SQZ,95.5,True,True,498,21,64.2,1789664700000,HIGH,0.09816,4.6,,,,,,,0,0,0.09288,0.08758,LOW_SWEEP,19,0.09027,False,True,1.505,499,native,36.93,NORMAL,45.63,51.33,True,300,31.7,BEAR,BOS DN,MIX/LL,LH/LL,TR DN,73.6,True,True,498,17,27.4,1789655400000,HIGH,0.10999,6.03,0.109785,5.96,2,,,,1,0,0.109785,0.08758,LOW_SWEEP,19,0.1007,False,False,3.2929,499,native,18.63,DINLENMIS,19.19,6.67,True,300,31.0,BULL,BOS UP,LH/LL,MIX/LL,TR UP,82.3,True,True,498,32,42.2,1789552800000,LOW,0.060024,3.19,,,,0.060025499999999996,3.18,2,0,1,0.121362,0.060025499999999996,HIGH_SWEEP,33,0.076341,False,False,10.9357,499,native,62.08,NORMAL,51.57,49.33,True,300,76.9,BULL,BOS UP,HH/MIX,HH/MIX,EXP UP,78.0,True,True,498,8,96.7,1789545600000,LOW,0.0675,1.45,,,,0.0154205,4.57,2,0,1,0.139078,0.0154205,HIGH_SWEEP,49,0.085989,False,False,17.3558,357,3229,8408.41,16873.88,-8465.47,-33.48,33.26,9.1,DOWN,659,348,25282.28,96.9,60.0,1.0,True,0,0.0,1,5851.89,-5851.89,72.6,0.66,0.601,1.0,0.994,87491.59,104832.22,-17340.63,-9.02,45.49,32.5,DOWN,4105,2104,192323.81,438.8,300.0,1.0,True,2,15894.83,4,45532.5,-29637.67,90.3,0.898,0.821,1.0,0.999,163574.45,136614.96,26959.49,8.98,54.49,67.4,UP,6479,3229,300189.41,505.5,647.5,0.7194,False,6,49543.04,4,45532.5,4010.54,86.4,0.91,0.869,0.719,1.0,-10277.36,-6047.07,,-19.85,-1.21,0.6528,-8356.95,-0.1565,-3836.02,-0.0997,0.2124,DOWN,1789671144751,SELL,5851.89,0.09157460064472715,1789671060000,ok,1.0,1.0,1.0,continuous,1,439,0,,0,0,0,0,False,547,0.09186,0.09193,7.617,-3.037,0.1355,-0.1426,4771.96,3633.35,24.48,1789671167923,766,False,,,,
2,v2,v1.2,REALF_PY_V4_2_DERIVED,ZPTDIFAT_PY_V1_4_DERIVED,fc-v1,native,,058e38aec59f4c35,20260917_214621,96,OG_20260917_215252_136,OGUSDT,BINANCE,FUTURES,OUTSIDE100,523,500,1789671172136,2026-09-17T21:52:52.136+03:00,67,True,1789671172135,1789671172136,80.0,1789671120000,1789671179999,False,52.1,2.68,0.0,40.8,PRICE LAG,True,500,38.7,37.5,45.6,48.8,0.00323,0.0,0.32,0.00032,0.126,0.14,18.7,30.0,24.8,YOK,8.1,1.0,2.6886683429525324,0.323,CLV_PROXY_1M,0,0.0333,96.7,40.8,43.3,51.3,43.0,-2.5,-10.5,-2.2,0.00323,-2e-05,0.00089,2e-05,55.36,58.57,63.12,49.6,-3.21,-7.76,5.76,48.37,46.67,500,native,55.36,NORMAL,48.37,46.67,True,300,15.4,BEAR,BOS DN,LH/LL,HH/MIX,SQZ,90.4,True,True,499,18,78.2,1789670040000,HIGH,2.682,1.64,2.696,13.14,2,2.679,0.82,2,1,1,2.696,2.679,EQL_SWEEP,45,2.679,False,False,0.0454,499,native,41.06,NORMAL,41.83,37.17,True,300,33.4,TR-DN,CHOCH DN,LH/MIX,MIX/HL,SQZ,73.5,True,True,498,22,61.9,1789667100000,HIGH,2.691,4.17,2.692,4.55,2,2.677,1.14,2,2,1,2.692,2.677,EQH_SWEEP,27,2.692,False,False,0.0984,499,native,32.87,NORMAL,39.85,30.0,True,300,44.4,BEAR,BOS DN,HH/MIX,LH/MIX,RANGE,73.4,True,True,498,11,60.5,1789667700000,HIGH,2.696,4.0,2.692,3.0,2,2.6635,4.12,2,1,1,2.692,2.6635,EQH_SWEEP,16,2.692,False,False,0.1493,499,native,33.8,NORMAL,30.55,19.67,True,300,56.9,TR-DN,CHOCH DN,MIX/HL,HH/MIX,SQZ,75.6,True,True,498,40,61.7,1789634700000,HIGH,2.719,4.32,2.6995,2.16,2,2.6635,1.83,2,1,1,2.6995,2.6635,EQL_SWEEP,21,2.6635,False,False,0.3366,499,native,33.94,NORMAL,31.53,27.0,True,300,63.8,TR-UP,CHOCH UP,MIX/HL,LH/MIX,TR-UP,80.6,True,True,498,32,49.7,1789552800000,LOW,2.61,3.08,2.7195,1.74,2,2.6,3.52,2,1,1,2.7195,2.6,HIGH_SWEEP,18,2.712,False,False,0.8491,499,native,64.54,NORMAL,56.31,56.33,True,300,63.4,BULL,BOS UP,MIX/HL,HH/HL,RANGE,74.5,True,True,498,28,65.4,1789257600000,LOW,2.595,1.86,2.9825,6.63,3,2.5975,1.81,2,2,2,2.9825,2.5975,EQH_SWEEP,84,2.9425,False,False,1.6988,10407,77,48.24,0.0,48.24,100.0,100.0,95.0,UP,3,3,48.24,1.9,60.0,1.0,True,0,0.0,0,0.0,0.0,0.0,0.037,0.0,1.0,0.827,159.76,896.55,-736.79,-69.75,15.12,5.2,DOWN,64,23,1056.31,6.1,300.0,1.0,True,0,0.0,1,619.97,-619.97,27.3,0.109,0.256,1.0,0.965,2484.83,2674.42,-189.59,-3.67,48.16,42.6,DOWN,263,62,5159.25,16.2,900.0,1.0,True,1,1225.11,1,619.97,605.14,44.1,0.244,0.428,1.0,0.988,42.61,-5.68,167.45,0.0,-5.29,1.0,-173.04,-0.642,-184.09,-0.8714,-0.2453,NONE,1789671043818,SELL,619.97,2.6792156439066557,1789671060000,ok,,,,continuous,1,3,0,,0,0,0,0,False,581,2.68,2.681,3.731,-0.973,-0.0915,-0.7788,26838.83,32244.58,72.75,1789671171359,777,False,,,,
2,v2,v1.2,REALF_PY_V4_2_DERIVED,ZPTDIFAT_PY_V1_4_DERIVED,fc-v1,native,,058e38aec59f4c35,20260917_214621,97,ZORA_20260917_215255_569,ZORAUSDT,BINANCE,FUTURES,OUTSIDE100,612,500,1789671175569,2026-09-17T21:52:55.569+03:00,67,True,1789671175187,1789671175569,80.1,1789671120000,1789671179999,False,55.2,0.007729,0.2204,68.5,PRICE AHEAD,True,500,71.7,66.9,64.4,66.5,-0.00758,0.81,0.05,0.00137,0.212,2.39,77.7,60.0,-35.5,YOK,7.3,1.0,0.007670599515649104,-0.756,CLV_PROXY_1M,0,0.0,100.0,68.5,59.9,62.6,58.9,8.6,5.9,9.6,-0.00758,-0.0008,-0.0004,-0.00103,38.18,33.48,39.74,46.65,4.7,-1.56,-8.47,50.19,46.67,500,native,38.18,NORMAL,50.19,46.67,True,300,63.0,TR-UP,CHOCH UP,MIX/HL,MIX/HL,TR-UP,75.3,True,True,499,29,62.7,1789669380000,LOW,0.007638,9.04,,,,0.007610499999999999,11.77,2,0,2,0.007742,0.007610499999999999,EQL_SWEEP,73,0.0076475,False,False,0.1306,499,native,62.82,NORMAL,57.25,52.67,True,300,28.7,BULL,BOS UP,LH/LL,HH/HL,TR UP,78.8,True,True,498,58,43.3,1789660620000,LOW,0.007562,6.26,,,,,,,0,0,0.007758,0.007612,HIGH_SWEEP,18,0.007699,False,False,0.3458,499,native,70.81,NORMAL,68.65,67.33,True,300,62.9,BULL,BOS UP,HH/MIX,LH/LL,TR UP,74.7,True,True,498,31,81.9,1789661700000,LOW,0.007562,4.38,0.007767,1.13,2,,,,1,0,0.007767,0.007612,EQH_SWEEP,11,0.007767,False,False,0.4821,499,native,77.14,YORGUN,77.52,86.0,True,300,91.5,BULL,BOS UP,HH/HL,HH/HL,TR UP,90.1,True,True,498,2,60.9,1789668900000,LOW,0.007562,2.65,,,,,,,0,0,0.007723,0.007562,HIGH_SWEEP,4,0.007723,False,False,0.8156,499,native,76.3,YORGUN,76.98,91.33,True,300,72.6,BEAR,BOS DN,HH/HL,HH/HL,TR DN,82.7,True,True,498,57,59.5,1789462800000,HIGH,0.007987,2.27,0.009008,11.12,2,0.007187,4.66,2,1,1,0.009008,0.007187,LOW_SWEEP,114,0.008102,False,False,1.5046,499,native,58.14,NORMAL,68.46,82.0,True,300,16.9,TR-DN,CHOCH DN,LH/LL,LH/LL,TR-DN,90.3,True,True,498,13,65.9,1789473600000,HIGH,0.008968,4.78,,,,0.0058755000000000005,7.11,2,0,2,0.008336,0.0058755000000000005,HIGH_SWEEP,26,0.008437,False,False,3.4157,3950,276,3237.94,1780.87,1457.07,29.03,64.52,89.0,UP,84,39,5018.81,6.0,60.0,1.0,True,2,2891.35,2,1290.19,1601.16,31.4,0.106,0.425,1.0,0.934,4583.11,4751.3,-168.2,-1.8,49.1,46.3,FLAT,199,90,9334.41,16.1,300.0,1.0,True,3,3489.57,2,1290.19,2199.38,45.9,0.244,0.493,1.0,0.987,7695.34,14957.57,-7262.23,-32.06,33.97,9.6,DOWN,654,261,22652.91,36.1,900.0,1.0,True,3,3489.57,7,7323.14,-3833.57,60.2,0.419,0.589,1.0,0.996,2248.65,2181.17,1513.05,57.72,22.33,1.0,-128.2,-0.0559,-269.93,-0.1446,-0.1143,NONE,1789671171219,SELL,751.6,0.007724999999999999,1789671060000,ok,1.0,1.0,1.0,continuous,1,40,0,,0,0,0,0,False,615,0.007728,0.007729,1.294,0.337,0.566,0.1792,19286.94,5345.84,25.23,1789671174621,948,False,,,,
2,v2,v1.2,REALF_PY_V4_2_DERIVED,ZPTDIFAT_PY_V1_4_DERIVED,fc-v1,native,,058e38aec59f4c35,20260917_214621,98,TNSR_20260917_215258_754,TNSRUSDT,BINANCE,FUTURES,OUTSIDE100,738,200,1789671178754,2026-09-17T21:52:58.754+03:00,67,True,1789671178671,1789671178754,80.1,1789671120000,1789671179999,False,58.7,0.03467,0.0577,41.7,PRICE LAG,True,500,40.0,38.7,47.2,46.2,0.00357,0.44,0.41,0.00096,0.321,0.51,75.0,65.0,43.4,YOK,8.6,1.0,0.03479415174824485,0.358,CLV_PROXY_1M,0,0.0267,97.3,41.7,48.5,47.3,47.6,-6.8,-5.6,-5.9,0.00357,-0.00037,-0.00062,-0.00043,81.85,80.86,79.49,71.35,0.99,2.36,10.5,82.11,89.0,500,native,81.85,YORGUN,82.11,89.0,True,300,90.6,BULL,BOS UP,HH/HL,HH/HL,EXP UP,88.2,True,True,499,5,74.3,1789670820000,LOW,0.03443,6.2,,,,,,,0,0,0.03471,0.03454,HIGH_SWEEP,6,0.03457,False,False,0.1117,499,native,64.52,NORMAL,75.68,80.67,True,300,88.4,BULL,BOS UP,HH/HL,LH/LL,RANGE,89.5,True,True,498,13,100.0,1789668720000,LOW,0.03437,3.57,,,,,,,0,0,0.03473,0.03438,HIGH_SWEEP,11,0.03459,False,False,0.2425,499,native,51.45,NORMAL,73.6,72.67,True,300,32.3,TR-DN,CHOCH DN,MIX/LL,HH/MIX,TR-DN,72.3,True,True,498,3,39.5,1789670100000,HIGH,0.03473,0.59,0.034725,0.54,2,,,,1,0,0.034725,0.03437,HIGH_SWEEP,7,0.03472,False,False,0.2952,499,native,65.8,NORMAL,67.47,76.0,True,300,75.3,BULL,BOS UP,HH/MIX,HH/MIX,RANGE,78.3,True,True,498,8,57.1,1789663500000,LOW,0.03405,3.84,,,,,,,0,0,0.03472,0.03405,HIGH_SWEEP,11,0.03461,False,False,0.4676,499,native,60.16,NORMAL,67.03,80.33,True,300,78.7,TR-UP,CHOCH UP,HH/HL,HH/HL,TR-UP,83.9,True,True,498,19,66.2,1789599600000,LOW,0.03258,5.57,,,,,,,0,0,0.03539,0.03405,LOW_SWEEP,24,0.03304,False,False,1.0868,499,native,66.97,NORMAL,72.87,83.67,True,300,32.5,BULL,BOS UP,LH/LL,HH/MIX,RANGE,83.9,True,True,498,28,28.1,1789257600000,LOW,0.033,2.13,0.037065,3.06,2,0.029225,6.96,2,1,1,0.037065,0.029225,EQH_SWEEP,56,0.037065,False,False,2.2634,11974,154,589.73,20.42,569.31,93.31,96.65,95.0,UP,17,8,610.14,2.8,60.0,1.0,True,2,521.88,0,0.0,521.88,18.5,0.053,0.196,1.0,0.8,1751.01,215.44,1535.57,78.09,89.04,94.9,UP,51,31,1966.45,12.3,300.0,1.0,True,4,1551.14,0,0.0,1551.14,37.1,0.197,0.323,1.0,0.96,12685.49,3292.19,9393.31,58.79,79.4,94.6,UP,339,137,15977.68,40.2,900.0,1.0,True,16,11488.61,3,1472.93,10015.68,60.4,0.446,0.551,1.0,0.987,548.97,-4237.29,691.62,35.63,6.76,1.0,170.52,0.6281,217.03,0.5518,0.6294,NONE,1789671161726,BUY,280.96,0.034679630201068914,1789671060000,ok,1.0,1.0,1.0,continuous,1,8,0,,0,0,0,0,False,649,0.03465,0.03467,5.77,0.24,-0.1154,0.0379,11458.32,14448.33,57.7,1789671177940,814,False,,,,
2,v2,v1.2,REALF_PY_V4_2_DERIVED,ZPTDIFAT_PY_V1_4_DERIVED,fc-v1,native,,058e38aec59f4c35,20260917_214621,99,VELVET_20260917_215303_069,VELVETUSDT,BINANCE,FUTURES,OUTSIDE100,761,200,1789671183069,2026-09-17T21:53:03.069+03:00,67,True,1789671182821,1789671183069,79.9,1789671120000,1789671179999,True,62.8,0.0582,-0.1373,46.7,FAIR (DENGE),True,500,44.7,51.6,43.4,49.8,-0.00217,0.64,1.22,0.00604,0.622,0.25,3.3,45.0,-2.8,YOK,8.2,0.806,0.05807410615996944,-0.216,CLV_PROXY_1M,0,0.0,100.0,46.7,50.7,51.2,55.4,-4.0,-4.5,-8.7,-0.00217,0.00137,0.00113,0.00543,30.84,29.87,28.37,29.18,0.97,2.47,1.66,35.86,26.67,500,native,30.84,NORMAL,35.86,26.67,True,300,14.6,BEAR,BOS DN,LH/LL,LH/LL,RANGE,82.1,True,True,499,3,24.2,1789670940000,HIGH,0.05868,2.31,0.059495,6.24,2,,,,1,0,0.059495,0.05793,LOW_SWEEP,31,0.05838,False,False,0.3559,499,native,41.48,NORMAL,37.11,21.67,True,300,67.5,BULL,BOS UP,MIX/HL,HH/MIX,RANGE,68.2,True,True,498,21,48.3,1789667280000,LOW,0.05702,2.7,,,,0.05588,5.3,2,0,2,0.05878,0.05588,HIGH_SWEEP,15,0.05863,False,False,0.7525,499,native,56.83,NORMAL,54.42,39.0,True,300,63.4,BULL,BOS UP,MIX/HL,MIX/HL,RANGE,76.3,True,True,498,32,47.0,1789661400000,LOW,0.05666,2.65,,,,0.0515,11.53,2,0,1,0.0589,0.0515,HIGH_SWEEP,31,0.05796,False,False,0.9977,499,native,62.51,NORMAL,56.08,61.67,True,300,87.6,BULL,BOS UP,HH/HL,MIX/HL,EXP UP,93.1,True,True,498,9,42.5,1789662600000,LOW,0.05433,3.88,,,,0.0515,6.72,3,0,1,0.06014,0.0515,HIGH_SWEEP,7,0.05886,False,False,1.7023,499,native,77.34,YORGUN,72.35,80.33,True,300,74.0,BULL,BOS UP,HH/MIX,HH/HL,TR UP,70.9,True,True,498,2,40.8,1789660800000,LOW,0.0494,5.14,,,,,,,0,0,0.05886,0.0494,HIGH_SWEEP,1,0.05886,True,False,2.9455,499,native,85.78,ASIRI,93.48,96.67,True,300,46.9,BEAR,BOS DN,MIX/HL,MIX/HL,SQZ,65.7,True,True,498,13,34.6,1789473600000,HIGH,0.0633,1.96,,,,,,,0,0,0.0536,0.0494,HIGH_SWEEP,3,0.0536,False,False,4.5377,2273,987,1271.44,593.56,677.88,36.35,68.17,91.8,UP,72,37,1865.0,14.4,60.0,1.0,True,2,744.69,0,0.0,744.69,38.8,0.224,0.318,1.0,0.962,34581.24,9367.0,25214.24,57.37,78.69,94.5,UP,511,236,43948.23,4.2,300.0,1.0,True,12,31685.94,9,5734.31,25951.63,31.7,0.077,0.661,1.0,0.992,64321.71,51748.09,12573.62,10.83,55.42,70.5,UP,1952,867,116069.81,25.1,900.0,1.0,True,38,53014.07,44,40035.69,12978.38,59.6,0.335,0.766,1.0,0.997,-380.01,20141.9,5225.49,-0.98,25.03,1.0,-492.79,-0.1524,3246.1,0.3693,0.2469,DOWN,1789671161790,BUY,334.97,0.058215128606187,1789671060000,ok,1.0,1.0,1.0,continuous,1,49,0,,0,0,0,0,False,34,0.05819,0.0582,1.718,-0.586,0.2879,-0.3317,19877.5,10989.62,33.51,1789671182466,603,False,,,,
2,v2,v1.2,REALF_PY_V4_2_DERIVED,ZPTDIFAT_PY_V1_4_DERIVED,fc-v1,native,,058e38aec59f4c35,20260917_214621,100,ZKC_20260917_215306_621,ZKCUSDT,BINANCE,FUTURES,OUTSIDE100,1142,200,1789671186621,2026-09-17T21:53:06.621+03:00,67,True,1789671186609,1789671186621,79.8,1789671120000,1789671179999,True,66.6,0.03775,0.0,39.1,PRICE LAG,True,500,37.7,35.5,43.5,45.3,0.00321,-0.38,-0.0,0.00074,0.328,0.67,49.0,70.0,42.7,YOK,8.1,1.0,0.03787134382237713,0.321,CLV_PROXY_1M,0,0.0,100.0,39.1,37.8,45.3,43.0,1.3,-6.2,-3.9,0.00321,-0.00014,0.00052,0.00043,76.84,79.83,84.43,79.28,-2.99,-7.59,-2.44,68.23,73.67,500,native,76.84,YORGUN,68.23,73.67,True,300,68.4,TR-UP,CHOCH UP,HH/MIX,HH/MIX,TR-UP,74.7,True,True,499,4,50.2,1789670880000,LOW,0.03757,4.34,,,,,,,0,0,0.03777,0.03757,HIGH_SWEEP,6,0.03777,False,True,0.11,499,native,66.56,NORMAL,77.3,84.33,True,300,28.0,BULL,BOS UP,LH/LL,LH/LL,SQZ,81.0,True,True,498,46,86.7,1789662780000,LOW,0.03751,3.36,,,,0.03749,3.64,2,0,1,0.03777,0.03749,HIGH_SWEEP,1,0.03777,True,True,0.1889,499,native,48.65,NORMAL,64.46,69.0,True,300,57.8,BULL,BOS UP,MIX/HL,LH/LL,RANGE,66.6,True,True,498,56,72.5,1789654200000,LOW,0.03729,4.66,,,,,,,0,0,0.03777,0.0376,LOW_SWEEP,3,0.0376,False,False,0.2669,499,native,49.55,NORMAL,46.4,57.33,True,300,65.0,TR-UP,CHOCH UP,MIX/HL,MIX/HL,SQZ,71.5,True,True,498,18,44.0,1789654500000,LOW,0.03718,2.95,0.049025,58.3,2,0.037065,3.54,2,1,1,0.049025,0.037065,LOW_SWEEP,105,0.03752,False,False,0.5132,499,native,50.37,NORMAL,54.19,65.0,True,300,58.0,BEAR,BOS DN,MIX/HL,MIX/HL,RANGE,64.9,True,True,498,41,61.2,1789520400000,HIGH,0.04772,18.46,0.05792,37.36,2,,,,1,0,0.05792,0.03718,LOW_SWEEP,26,0.03718,False,False,1.4314,499,native,29.03,DINLENMIS,37.8,40.0,True,300,14.9,BEAR,BOS DN,LH/LL,LH/MIX,TR DN,87.8,True,True,498,15,73.5,1789444800000,HIGH,0.04904,8.31,,,,0.036074999999999996,1.24,2,0,1,0.04772,0.036074999999999996,HIGH_SWEEP,23,0.04757,False,False,3.6131,4472,421,745.15,437.64,307.51,26.0,63.0,87.3,UP,53,26,1182.79,8.4,60.0,1.0,True,2,507.6,1,294.19,213.41,30.8,0.144,0.268,1.0,0.925,1890.51,1086.4,804.1,27.01,63.51,87.9,UP,153,100,2976.91,33.1,300.0,1.0,True,2,507.6,1,294.19,213.41,51.2,0.398,0.368,1.0,0.985,20653.52,5398.34,15255.18,58.56,79.28,94.6,UP,755,359,26051.86,59.4,900.0,1.0,True,25,16294.07,5,2308.9,13985.17,67.3,0.543,0.604,1.0,0.995,-225.16,-694.01,127.65,-34.01,-11.28,1.0,252.79,0.3447,131.33,0.2206,0.5488,NONE,1789671167790,SELL,294.19,0.03775586883983573,1789671060000,ok,1.0,1.0,1.0,continuous,1,27,0,,0,0,0,0,False,68,0.03775,0.03776,2.649,-0.393,0.0522,0.1809,21852.61,19682.85,51.65,1789671185224,1397,False,,,,
2,v2,v1.2,REALF_PY_V4_2_DERIVED,ZPTDIFAT_PY_V1_4_DERIVED,fc-v1,native,,058e38aec59f4c35,20260917_214621,101,ETH_20260917_215312_994,ETHUSDT,BINANCE,FUTURES,TOP100,2,75000,1789671192994,2026-09-17T21:53:12.994+03:00,67,True,1789671192724,1789671192994,79.2,1789671180000,1789671239999,False,12.7,2454.16,-0.0175,44.6,FAIR (DENGE),True,500,41.7,50.7,41.4,48.5,-0.00016,-0.72,-0.18,0.00082,0.599,0.49,25.7,50.0,-3.3,YOK,9.3,0.936,2453.772304858887,-0.016,CLV_PROXY_1M,0,0.0,100.0,44.6,50.3,45.3,58.7,-5.7,-0.7,-14.1,-0.00016,0.00031,-0.00021,0.0007,57.73,58.11,58.02,55.07,-0.38,-0.29,2.66,54.32,62.67,500,native,57.73,NORMAL,54.32,62.67,True,300,20.8,BEAR,BOS DN,LH/LL,LH/MIX,TR DN,92.5,True,True,499,29,67.5,1789669440000,HIGH,2462.33,4.41,,,,,,,0,0,2457.87,2448.48,LOW_SWEEP,27,2460.13,False,False,0.0755,499,native,27.38,DINLENMIS,32.87,33.67,True,300,14.2,TR-DN,CHOCH DN,LH/LL,LH/LL,TR-DN,89.0,True,True,498,5,67.0,1789670160000,HIGH,2462.33,2.47,,,,,,,0,0,2462.33,2448.48,HIGH_SWEEP,29,2475.2,False,False,0.1408,499,native,26.85,DINLENMIS,36.57,27.67,True,300,56.4,BULL,BOS UP,MIX/HL,LH/LL,RANGE,70.7,True,True,498,83,76.9,1789646100000,LOW,2428.88,5.03,,,,2365.835,17.76,2,0,1,2462.33,2365.835,HIGH_SWEEP,56,2479.44,False,False,0.2016,499,native,32.57,NORMAL,23.1,14.33,True,300,65.9,BULL,BOS UP,MIX/HL,MIX/HL,RANGE,76.7,True,True,498,27,66.0,1789646400000,LOW,2435.9,1.78,,,,,,,0,0,2476.4,2453.68,LOW_SWEEP,1,2453.68,True,False,0.4189,499,native,77.01,YORGUN,61.84,67.33,True,300,71.4,BEAR,BOS DN,HH/HL,HH/HL,TR DN,79.3,True,True,498,53,44.7,1789477200000,HIGH,2614.99,7.43,,,,,,,0,0,2453.33,2426.52,EQH_SWEEP,17,2429.45,False,False,0.8791,499,native,52.03,NORMAL,60.96,64.0,True,300,50.9,TR-DN,CHOCH DN,MIX/HL,HH/HL,TR-DN,70.6,True,True,498,11,32.7,1789502400000,HIGH,2614.99,3.92,,,,1862.655,14.41,2,0,2,2614.99,1862.655,HIGH_SWEEP,35,2522.75,False,False,1.6617,1227,4823,3437594.53,4132757.85,-695163.31,-9.18,45.41,32.2,DOWN,3928,806,7570352.38,53.3,60.0,1.0,True,16,2658979.02,10,3337283.59,-678304.57,76.6,0.516,1.0,1.0,0.98,6798067.1,8381759.01,-1583691.91,-10.43,44.78,30.1,DOWN,10671,2401,15179826.11,102.5,300.0,1.0,True,26,4561121.36,22,5810016.09,-1248894.73,85.3,0.672,1.0,1.0,0.996,14616516.46,15448512.15,-831995.69,-2.77,48.62,44.4,FLAT,21720,4823,30065028.6,256.7,578.3,0.6425,False,47,7785210.69,49,9888186.88,-2102976.2,85.2,0.837,1.0,0.643,0.999,31922.94,-967450.1,,16.31,-1.76,0.5759,-595998.79,-0.1699,-347617.71,-0.1145,0.0866,DOWN,1789671186743,BUY,105431.68,2453.44,1789671120000,ok,1.0,1.0,1.0,continuous,1,838,0,,0,0,0,0,False,143,2454.16,2454.17,0.041,-0.013,-0.563,-0.6474,106040.09,379223.15,0.92,1789671192381,613,False,,,,
2,v2,v1.2,REALF_PY_V4_2_DERIVED,ZPTDIFAT_PY_V1_4_DERIVED,fc-v1,native,,058e38aec59f4c35,20260917_214621,102,BNB_20260917_215316_778,BNBUSDT,BINANCE,FUTURES,TOP100,4,25000,1789671196778,2026-09-17T21:53:16.778+03:00,67,True,1789671196777,1789671196778,76.2,1789671180000,1789671239999,False,16.8,728.48,-0.011,50.1,FAIR (DENGE),True,500,50.0,49.4,51.4,50.0,7e-05,0.27,0.08,0.00042,0.576,0.1,0.7,55.0,-9.0,YOK,2.0,0.269,728.5298306760394,0.007,CLV_PROXY_1M,0,0.0,100.0,50.1,51.9,46.5,53.3,-1.8,3.6,-3.2,7e-05,0.0001,-0.00022,-0.00014,59.08,55.61,48.57,43.31,3.47,10.51,15.77,64.84,72.67,500,native,59.08,NORMAL,64.84,72.67,True,300,45.6,BEAR,BOS DN,MIX/HL,MIX/HL,TR DN,76.2,True,True,499,20,100.0,1789669980000,HIGH,729.98,6.06,,,,727.475,4.06,2,0,1,728.82,727.475,HIGH_SWEEP,33,729.81,False,False,0.034,499,native,24.53,DINLENMIS,32.16,30.33,True,300,38.2,BEAR,BOS DN,MIX/HL,HH/MIX,RANGE,75.2,True,True,498,6,86.3,1789669980000,HIGH,729.98,2.98,,,,724.995,6.93,2,0,1,729.98,724.995,HIGH_SWEEP,27,730.49,False,False,0.069,499,native,25.36,DINLENMIS,32.04,20.67,True,300,41.4,BEAR,BOS DN,MIX/HL,HH/HL,RANGE,71.8,True,True,498,4,50.6,1789669800000,HIGH,730.89,3.18,,,,718.6600000000001,12.96,2,0,1,729.98,718.6600000000001,HIGH_SWEEP,218,727.51,False,False,0.104,499,native,56.04,NORMAL,45.96,34.67,True,300,86.3,BULL,BOS UP,HH/HL,HH/HL,SQZ,86.6,True,True,498,6,37.3,1789665300000,LOW,724.99,2.01,,,,,,,0,0,730.89,724.99,HIGH_SWEEP,7,730.21,False,False,0.2384,499,native,71.35,NORMAL,70.24,77.0,True,300,65.4,TR-UP,CHOCH UP,HH/MIX,HH/MIX,TR-UP,76.7,True,True,498,23,52.6,1789585200000,LOW,704.34,5.78,,,,,,,0,0,732.95,721.24,HIGH_SWEEP,6,729.58,False,False,0.5726,499,native,72.34,YORGUN,78.43,84.67,True,300,41.6,BULL,BOS UP,LH/LL,HH/MIX,RANGE,86.1,True,True,498,1,31.3,1789646400000,LOW,704.34,2.74,,,,,,,0,0,725.94,704.34,HIGH_SWEEP,3,725.94,False,False,1.2108,1977,1674,160144.96,48274.66,111870.29,53.68,76.84,94.3,UP,724,133,208419.62,25.3,60.0,1.0,True,1,33546.43,0,0.0,33546.43,60.9,0.336,0.83,1.0,0.967,337949.34,126292.29,211657.04,45.59,72.8,93.6,UP,1997,454,464241.63,54.3,300.0,1.0,True,1,33546.43,0,0.0,33546.43,75.0,0.521,0.917,1.0,0.993,1324282.75,1131165.94,193116.8,7.86,53.93,65.4,UP,7799,1558,2455448.69,114.2,900.0,1.0,True,7,456220.7,6,525009.39,-68788.69,86.5,0.695,1.0,1.0,0.998,124899.86,123138.0,161789.65,54.34,9.33,1.0,25876.22,0.2684,29153.74,0.314,0.5316,NONE,1789671161704,BUY,33546.43,728.4783344191097,1789671120000,ok,1.0,1.0,1.0,continuous,1,145,0,,0,0,0,0,False,177,728.47,728.48,0.137,-0.04,-0.3333,-0.6812,87194.37,174358.32,2.68,1789671196003,775,False,,AGGRESSIVE_BUYER,,
2,v2,v1.2,REALF_PY_V4_2_DERIVED,ZPTDIFAT_PY_V1_4_DERIVED,fc-v1,native,,058e38aec59f4c35,20260917_214621,103,XRP_20260917_215320_266,XRPUSDT,BINANCE,FUTURES,TOP100,5,25000,1789671200266,2026-09-17T21:53:20.266+03:00,67,True,1789671199814,1789671200266,75.3,1789671180000,1789671239999,False,19.8,1.2959,-0.0309,49.4,FAIR (DENGE),True,500,48.5,52.8,46.8,49.9,-0.00068,-0.63,-0.36,0.00092,0.539,0.3,8.0,50.0,-10.7,YOK,6.0,0.306,1.2950222105558653,-0.068,CLV_PROXY_1M,0,0.0,100.0,49.4,54.2,49.8,61.0,-4.8,-0.4,-11.6,-0.00068,0.00026,-0.00044,0.00043,55.16,55.63,56.8,54.18,-0.47,-1.64,0.98,51.08,61.0,500,native,55.16,NORMAL,51.08,61.0,True,300,12.8,BEAR,BOS DN,LH/LL,MIX/HL,TR DN,95.5,True,True,499,14,57.8,1789670340000,HIGH,1.2998,3.42,,,,,,,0,0,1.2981,1.2934,LOW_SWEEP,13,1.294,False,False,0.0879,499,native,27.49,DINLENMIS,35.16,38.67,True,300,56.1,BULL,BOS UP,MIX/HL,LH/LL,SQZ,68.3,True,True,498,93,46.8,1789654320000,LOW,1.2888,3.94,,,,1.2744499999999999,11.48,2,0,1,1.3,1.2744499999999999,HIGH_SWEEP,92,1.3087,False,False,0.1468,499,native,26.63,DINLENMIS,35.8,29.33,True,300,57.5,BULL,BOS UP,MIX/HL,MIX/HL,TR UP,67.6,True,True,498,54,54.0,1789654800000,LOW,1.2888,2.42,,,,,,,0,0,1.3086,1.2979,HIGH_SWEEP,52,1.3151,False,False,0.2194,499,native,28.7,DINLENMIS,21.74,17.67,True,300,43.3,BEAR,BOS DN,MIX/HL,MIX/HL,RANGE,71.9,True,True,498,1,36.1,1789669800000,HIGH,1.3086,2.12,,,,,,,0,0,1.3086,1.2979,HIGH_SWEEP,17,1.3151,False,False,0.463,499,native,55.33,NORMAL,32.0,30.0,True,300,54.5,BEAR,BOS DN,MIX/HL,HH/HL,RANGE,72.1,True,True,498,29,35.2,1789563600000,HIGH,1.312,1.11,,,,,,,0,0,1.3096,1.2888,HIGH_SWEEP,6,1.3096,False,False,1.0981,499,native,34.79,NORMAL,38.58,37.33,True,300,45.9,TR-DN,CHOCH DN,HH/MIX,HH/MIX,TR-DN,75.8,True,True,498,12,73.1,1789488000000,HIGH,1.4916,5.76,1.5507,7.5,2,0.98775,9.07,2,1,1,1.5507,0.98775,EQH_SWEEP,54,1.43175,False,False,2.598,496,1911,1043104.41,468157.57,574946.84,38.04,69.02,92.3,UP,2189,161,1511261.99,37.5,60.0,1.0,True,13,789287.92,3,202681.34,586606.58,71.2,0.428,1.0,1.0,0.992,1472947.18,891090.08,581857.11,24.61,62.31,86.3,UP,5204,578,2364037.26,75.6,300.0,1.0,True,18,933481.89,5,259639.52,673842.37,81.6,0.602,1.0,1.0,0.998,4380851.4,3297275.57,1083575.84,14.11,57.06,75.5,UP,15250,1911,7678126.97,172.9,834.7,0.9275,False,45,2342828.47,26,1771769.81,571058.66,89.0,0.776,1.0,0.927,0.999,686801.53,696867.54,,38.59,17.05,0.8608,107926.13,0.157,68452.48,0.1448,0.1565,NONE,1789671197953,BUY,60912.13,1.295944909482768,1789671120000,ok,1.0,1.0,1.0,continuous,1,178,0,,0,0,0,0,False,211,1.2959,1.296,0.772,-0.241,-0.0045,-0.1472,1428387.48,1441419.89,15.05,1789671199479,787,False,,,,
2,v2,v1.2,REALF_PY_V4_2_DERIVED,ZPTDIFAT_PY_V1_4_DERIVED,fc-v1,native,,058e38aec59f4c35,20260917_214621,104,DOGE_20260917_215324_280,DOGEUSDT,BINANCE,FUTURES,TOP100,12,15000,1789671204280,2026-09-17T21:53:24.280+03:00,67,True,1789671203449,1789671204280,75.7,1789671180000,1789671239999,False,23.4,0.0815,-0.0491,59.4,PRICE AHEAD,True,500,59.4,69.8,50.6,50.9,-0.00482,-0.78,-0.64,0.00082,0.57,0.18,7.7,55.0,-22.5,YOK,19.1,1.0,0.08110805313638657,-0.481,CLV_PROXY_1M,0,0.0,100.0,59.4,67.1,54.7,69.5,-7.7,4.7,-10.1,-0.00482,0.00049,-0.00036,0.00062,53.05,54.12,54.03,54.92,-1.07,-0.98,-1.87,49.79,52.33,500,native,53.05,NORMAL,49.79,52.33,True,300,16.8,TR-DN,CHOCH DN,LH/LL,MIX/HL,TR-DN,94.6,True,True,499,19,87.8,1789670040000,HIGH,0.08178,3.77,0.0818,4.04,2,,,,1,0,0.0818,0.08131,LOW_SWEEP,46,0.08167,False,False,0.091,499,native,29.06,DINLENMIS,32.97,31.67,True,300,12.4,BEAR,BOS DN,LH/LL,MIX/LL,TR DN,87.5,True,True,498,6,49.0,1789669980000,HIGH,0.08179,2.29,,,,,,,0,0,0.08179,0.08159,LOW_SWEEP,24,0.08196,False,False,0.1557,499,native,28.64,DINLENMIS,38.25,29.33,True,300,44.0,TR-DN,CHOCH DN,MIX/HL,LH/LL,TR-DN,74.7,True,True,498,3,70.3,1789670100000,HIGH,0.08226,4.09,,,,0.07986,8.83,2,0,1,0.08179,0.07986,HIGH_SWEEP,20,0.08206,False,False,0.2276,499,native,40.27,NORMAL,28.65,25.0,True,300,68.7,BULL,BOS UP,MIX/HL,HH/HL,RANGE,74.0,True,True,498,19,56.8,1789653600000,LOW,0.08054,2.68,,,,0.080555,2.64,2,0,1,0.08226,0.080555,HIGH_SWEEP,17,0.08179,False,False,0.4389,499,native,75.9,YORGUN,62.81,73.0,True,300,85.2,BULL,BOS UP,HH/HL,HH/HL,RANGE,85.8,True,True,498,10,49.0,1789632000000,LOW,0.07828,4.32,,,,,,,0,0,0.08134,0.08054,HIGH_SWEEP,9,0.08134,False,False,0.9131,499,native,52.22,NORMAL,57.62,68.0,True,300,46.4,BEAR,BOS DN,HH/MIX,HH/MIX,TR DN,73.2,True,True,498,13,26.7,1789473600000,HIGH,0.08616,3.14,,,,0.07835,2.12,2,0,1,0.08616,0.07835,HIGH_SWEEP,17,0.08534,False,False,1.8121,574,1581,496008.98,184116.55,311892.42,45.86,72.93,93.6,UP,1182,141,680125.53,29.9,60.0,1.0,True,10,382072.06,4,108394.42,273677.63,66.6,0.374,0.958,1.0,0.99,593904.95,439555.75,154349.21,14.94,57.47,76.6,UP,2347,413,1033460.7,54.8,300.0,1.0,True,12,418278.15,6,186026.83,232251.31,77.1,0.523,1.0,1.0,0.998,2081614.52,1966457.53,115156.99,2.84,51.42,55.8,FLAT,9479,1386,4048072.05,164.9,900.0,1.0,True,42,1274405.76,31,1229422.54,44983.22,89.9,0.767,1.0,1.0,0.999,377311.79,289001.2,460978.44,50.44,23.99,1.0,52299.94,0.1774,5592.03,0.0271,-0.0576,UP,1789671195720,SELL,26523.43,0.08152,1789671120000,ok,1.0,1.0,1.0,continuous,1,158,0,,0,0,0,0,False,250,0.08149,0.0815,1.227,-0.194,-0.0854,-0.2357,799688.94,948969.86,23.93,1789671203016,1264,False,,AGGRESSIVE_BUYER,,
2,v2,v1.2,REALF_PY_V4_2_DERIVED,ZPTDIFAT_PY_V1_4_DERIVED,fc-v1,native,,058e38aec59f4c35,20260917_214621,105,LINK_20260917_215327_910,LINKUSDT,BINANCE,FUTURES,TOP100,17,10000,1789671207910,2026-09-17T21:53:27.910+03:00,67,True,1789671207910,1789671207910,75.8,1789671180000,1789671239999,False,27.9,11.331,-0.1146,48.6,FAIR (DENGE),True,500,46.8,54.1,45.3,49.9,-0.0013,-0.8,-0.31,0.0012,0.595,0.24,4.3,50.0,-12.9,YOK,8.8,0.398,11.31632870547114,-0.129,CLV_PROXY_1M,0,0.0,100.0,48.6,59.0,50.9,61.0,-10.4,-2.3,-12.4,-0.0013,0.00091,0.00014,0.00109,54.39,58.35,56.17,54.75,-3.96,-1.78,-0.36,46.22,42.67,500,native,54.39,NORMAL,46.22,42.67,True,300,47.4,BEAR,BOS DN,MIX/HL,LH/LL,RANGE,75.5,True,True,499,19,75.5,1789670040000,HIGH,11.379,3.96,,,,11.14,15.75,2,0,1,11.364,11.14,HIGH_SWEEP,22,11.358,False,False,0.1069,499,native,32.13,NORMAL,31.23,28.0,True,300,61.0,BULL,BOS UP,HH/MIX,HH/MIX,RANGE,72.9,True,True,498,35,60.7,1789664760000,LOW,11.302,1.25,,,,11.100999999999999,10.26,2,0,1,11.379,11.100999999999999,EQL_SWEEP,6,11.335,False,False,0.1969,499,native,31.77,NORMAL,39.61,24.33,True,300,81.4,BULL,BOS UP,HH/HL,HH/MIX,RANGE,89.1,True,True,498,21,47.6,1789664700000,LOW,11.302,0.85,,,,,,,0,0,11.428,11.302,HIGH_SWEEP,20,11.406,False,False,0.2912,499,native,47.68,NORMAL,37.66,32.33,True,300,70.9,BULL,BOS UP,MIX/HL,HH/HL,RANGE,77.0,True,True,498,19,61.0,1789653600000,LOW,11.089,3.81,11.428,1.53,2,11.0905,3.79,2,1,1,11.428,11.0905,HIGH_SWEEP,17,11.34,False,False,0.5598,499,native,82.46,YORGUN,76.0,84.0,True,300,54.7,BEAR,BOS DN,MIX/HL,HH/HL,TR DN,70.8,True,True,498,35,42.9,1789542000000,HIGH,11.501,1.35,12.7855,11.47,2,,,,1,0,12.7855,11.089,LOW_SWEEP,25,10.67,False,False,1.1169,499,native,57.5,NORMAL,67.14,72.67,True,300,16.6,BEAR,BOS DN,LH/LL,HH/MIX,RANGE,86.2,True,True,498,12,24.8,1789488000000,HIGH,11.961,2.55,,,,8.062,13.21,2,0,1,11.961,8.062,EQH_SWEEP,80,12.035499999999999,False,False,2.1745,436,900,144117.17,86505.03,57612.14,24.98,62.49,86.6,UP,646,97,230622.2,21.2,60.0,1.0,True,4,100045.93,1,32198.53,67847.41,58.5,0.298,0.841,1.0,0.993,169170.33,173157.65,-3987.32,-1.16,49.42,47.6,FLAT,1151,214,342327.98,27.3,300.0,1.0,True,4,100045.93,2,72203.68,27842.26,63.5,0.353,0.884,1.0,0.999,714664.91,735655.16,-20990.25,-1.45,49.28,47.0,FLAT,4952,833,1450320.07,173.3,900.0,1.0,True,15,315449.12,12,308613.44,6835.68,90.4,0.776,1.0,1.0,1.0,103438.95,19327.73,60831.45,50.63,4.62,1.0,-4796.16,-0.0454,-6052.11,-0.0884,0.225,DOWN,1789671161709,BUY,20067.51,11.347000000000001,1789671120000,ok,1.0,1.0,1.0,continuous,1,107,0,,0,0,0,0,False,324,11.33,11.331,0.883,-0.013,0.0866,-0.2499,213409.18,179403.4,17.21,1789671207035,875,False,,,,
2,v2,v1.2,REALF_PY_V4_2_DERIVED,ZPTDIFAT_PY_V1_4_DERIVED,fc-v1,native,,058e38aec59f4c35,20260917_214621,106,ADA_20260917_215331_209,ADAUSDT,BINANCE,FUTURES,TOP100,19,10000,1789671211209,2026-09-17T21:53:31.209+03:00,67,True,1789671211014,1789671211209,75.9,1789671180000,1789671239999,False,31.0,0.2013,-0.0497,47.4,FAIR (DENGE),True,500,45.3,52.1,44.8,49.9,-0.00079,-0.96,-0.71,0.00148,0.585,0.1,1.3,50.0,-2.4,YOK,7.4,0.711,0.20114157647433617,-0.079,CLV_PROXY_1M,0,0.0,100.0,47.4,50.1,43.7,57.6,-2.7,3.7,-10.2,-0.00079,0.00037,-0.00107,0.00069,46.66,49.74,54.29,55.31,-3.08,-7.63,-8.65,39.54,39.33,500,native,46.66,NORMAL,39.54,39.33,True,300,15.0,BEAR,BOS DN,LH/LL,MIX/HL,TR DN,93.2,True,True,499,19,79.1,1789670040000,HIGH,0.2022,3.26,0.2022,3.26,2,,,,2,0,0.2022,0.2009,LOW_SWEEP,138,0.2016,False,False,0.1371,499,native,21.64,DINLENMIS,26.97,15.67,True,300,13.3,BEAR,BOS DN,LH/LL,MIX/LL,TR DN,88.0,True,True,498,6,36.4,1789669980000,HIGH,0.203,3.56,,,,,,,0,0,0.2022,0.2016,LOW_SWEEP,20,0.2021,False,False,0.2374,499,native,22.12,DINLENMIS,27.79,13.33,True,300,66.9,BULL,BOS UP,MIX/HL,LH/LL,RANGE,73.0,True,True,498,22,65.2,1789664400000,LOW,0.2008,0.78,,,,0.1903,17.23,2,0,1,0.203,0.1903,HIGH_SWEEP,20,0.2028,False,False,0.3165,499,native,42.52,NORMAL,28.52,23.33,True,300,71.8,BULL,BOS UP,MIX/HL,HH/HL,RANGE,79.0,True,True,498,18,79.1,1789654500000,LOW,0.1972,3.26,,,,0.1972,3.26,2,0,2,0.2033,0.1972,HIGH_SWEEP,16,0.2022,False,False,0.625,499,native,84.39,ASIRI,72.52,84.33,True,300,49.9,TR-UP,CHOCH UP,MIX/LL,HH/HL,TR-UP,79.1,True,True,498,12,61.8,1789624800000,LOW,0.1901,4.55,,,,,,,0,0,0.1973,0.1901,EQH_SWEEP,17,0.19690000000000002,False,False,1.2131,499,native,52.73,NORMAL,62.26,74.67,True,300,16.5,BEAR,BOS DN,LH/LL,LH/LL,RANGE,83.9,True,True,498,12,45.7,1789488000000,HIGH,0.2159,2.99,,,,,,,0,0,0.2159,0.1901,LOW_SWEEP,49,0.2148,False,False,2.414,3569,862,133467.02,31548.9,101918.12,61.76,80.88,94.7,UP,453,64,165015.92,3.6,60.0,1.0,True,3,128259.19,1,14172.5,114086.69,31.5,0.067,0.804,1.0,0.941,176065.83,74659.53,101406.3,40.45,70.22,92.8,UP,1220,247,250725.35,7.7,300.0,1.0,True,4,144006.51,2,27110.35,116896.17,42.4,0.133,0.85,1.0,0.988,690966.31,433874.89,257091.42,22.86,61.43,85.0,UP,4540,752,1124841.19,41.6,900.0,1.0,True,17,475601.66,11,275243.66,200358.01,72.9,0.454,1.0,1.0,0.996,103618.19,59501.21,114109.99,35.52,4.4,1.0,29884.69,0.4732,11971.11,0.2387,0.444,NONE,1789671172844,SELL,14172.5,0.2015,1789671120000,ok,1.0,1.0,1.0,continuous,1,75,0,,0,0,0,0,False,358,0.2013,0.2014,4.966,0.9,0.1971,0.2251,2810259.93,1884727.12,96.85,1789671210630,579,False,,AGGRESSIVE_BUYER,,
2,v2,v1.2,REALF_PY_V4_2_DERIVED,ZPTDIFAT_PY_V1_4_DERIVED,fc-v1,native,,058e38aec59f4c35,20260917_214621,107,LTC_20260917_215334_679,LTCUSDT,BINANCE,FUTURES,TOP100,25,10000,1789671214679,2026-09-17T21:53:34.679+03:00,67,True,1789671214364,1789671214679,76.0,1789671180000,1789671239999,False,34.4,53.46,-0.0561,44.6,FAIR (DENGE),True,500,42.2,50.8,40.0,49.3,-0.00015,-0.95,-0.18,0.00099,0.414,0.32,8.3,75.0,-19.4,YOK,10.8,0.932,53.451791872052354,-0.015,CLV_PROXY_1M,0,0.0,100.0,44.6,52.3,53.7,64.4,-7.7,-9.1,-19.8,-0.00015,0.00052,0.00042,0.00111,32.59,36.69,40.33,43.65,-4.1,-7.74,-11.06,25.86,16.33,500,native,32.59,NORMAL,25.86,16.33,True,300,15.6,BEAR,BOS DN,LH/LL,LH/LL,TR DN,92.3,True,True,499,19,72.3,1789670040000,HIGH,53.71,6.12,,,,,,,0,0,53.58,53.44,HIGH_SWEEP,42,53.78,False,False,0.0764,499,native,16.93,DINLENMIS,19.26,9.33,True,300,30.1,TR-DN,CHOCH DN,LH/MIX,LH/LL,TR-DN,72.7,True,True,498,5,57.3,1789670160000,HIGH,53.86,4.73,,,,,,,0,0,53.86,53.65,HIGH_SWEEP,37,53.74,False,False,0.1581,499,native,17.04,DINLENMIS,19.59,5.33,True,300,66.7,BULL,BOS UP,MIX/HL,LH/LL,RANGE,73.2,True,True,498,21,34.8,1789664700000,LOW,53.31,1.2,,,,50.21,25.93,2,0,2,53.86,50.21,HIGH_SWEEP,22,53.74,False,False,0.2342,499,native,63.69,NORMAL,45.21,46.33,True,300,70.1,BULL,BOS UP,HH/MIX,HH/HL,TR UP,78.7,True,True,498,18,42.9,1789654500000,LOW,52.51,4.24,,,,,,,0,0,53.98,52.46,HIGH_SWEEP,17,53.11,False,False,0.4182,499,native,85.36,ASIRI,77.79,86.0,True,300,66.1,TR-UP,CHOCH UP,MIX/HL,HH/MIX,TR-UP,63.2,True,True,498,7,40.7,1789642800000,LOW,50.13,7.29,,,,,,,0,0,52.81,52.46,HIGH_SWEEP,9,52.81,False,False,0.8504,499,native,64.98,NORMAL,76.27,84.33,True,300,50.7,TR-DN,CHOCH DN,HH/MIX,LH/LL,TR-DN,72.3,True,True,498,11,38.2,1789502400000,HIGH,55.24,2.01,,,,,,,0,0,55.24,50.13,HIGH_SWEEP,27,54.28,False,False,1.6471,9695,455,44634.91,16096.36,28538.55,46.99,73.5,93.8,UP,229,29,60731.26,6.7,60.0,1.0,True,2,27554.03,0,0.0,27554.03,37.6,0.119,0.696,1.0,0.838,84068.75,52907.45,31161.3,22.75,61.37,84.9,UP,595,124,136976.21,19.3,300.0,1.0,True,4,48470.03,1,10836.46,37633.56,55.5,0.278,0.784,1.0,0.968,274725.14,209274.99,65450.15,13.52,56.76,74.6,UP,1842,395,484000.14,35.2,900.0,1.0,True,7,156558.87,6,93725.23,62833.64,68.5,0.413,0.921,1.0,0.989,22309.55,-11822.26,13880.69,7.3,-4.25,1.0,10377.16,0.296,3360.16,0.1227,0.4241,NONE,1789671161738,BUY,15430.47,53.5,1789671120000,ok,1.0,1.0,1.0,continuous,1,35,0,,0,0,0,0,False,392,53.46,53.47,1.87,0.203,-0.0598,-0.2602,848732.18,956711.74,36.47,1789671213905,774,False,,AGGRESSIVE_BUYER,,
2,v2,v1.2,REALF_PY_V4_2_DERIVED,ZPTDIFAT_PY_V1_4_DERIVED,fc-v1,native,,058e38aec59f4c35,20260917_214621,108,AVAX_20260917_215337_799,AVAXUSDT,BINANCE,FUTURES,TOP100,31,5000,1789671217799,2026-09-17T21:53:37.799+03:00,67,True,1789671217752,1789671217799,75.9,1789671180000,1789671239999,False,37.8,7.602,-0.0263,52.2,FAIR (DENGE),True,500,53.6,50.6,52.1,50.2,-0.00017,-0.33,-0.36,0.00113,0.651,0.23,5.3,50.0,-0.9,YOK,3.0,1.0,7.600682444135392,-0.017,CLV_PROXY_1M,0,0.0,100.0,52.2,58.4,52.6,49.8,-6.2,-0.4,2.4,-0.00017,0.00028,-0.00029,-1e-05,69.96,69.06,66.24,60.51,0.9,3.72,9.45,70.52,75.67,500,native,69.96,NORMAL,70.52,75.67,True,300,46.2,TR-DN,CHOCH DN,HH/MIX,MIX/HL,TR-DN,81.7,True,True,499,19,86.3,1789670040000,HIGH,7.618,2.1,,,,,,,0,0,7.618,7.57,HIGH_SWEEP,25,7.609,False,False,0.1001,499,native,40.2,NORMAL,55.17,52.33,True,300,44.1,BEAR,BOS DN,MIX/HL,MIX/LL,RANGE,68.6,True,True,498,11,51.8,1789669080000,HIGH,7.635,2.51,,,,,,,0,0,7.618,7.605,LOW_SWEEP,12,7.605,False,False,0.1728,499,native,29.71,DINLENMIS,43.72,28.67,True,300,60.9,TR-DN,CHOCH DN,HH/HL,LH/MIX,TR-DN,89.2,True,True,498,3,51.7,1789670100000,HIGH,7.646,2.38,,,,,,,0,0,7.646,7.603,LOW_SWEEP,7,7.603,False,False,0.2536,499,native,51.72,NORMAL,45.45,43.0,True,300,48.5,BULL,BOS UP,MIX/LL,HH/HL,RANGE,70.0,True,True,498,25,14.8,1789648200000,LOW,7.514,2.54,7.648,1.42,2,,,,1,0,7.648,7.523,LOW_SWEEP,14,7.539,False,False,0.4453,499,native,69.63,NORMAL,66.03,71.67,True,300,71.5,BEAR,BOS DN,HH/HL,HH/HL,TR DN,79.6,True,True,498,52,46.7,1789480800000,HIGH,7.8,2.8,8.192,8.29,3,7.186,5.8,2,1,1,8.192,7.186,EQL_SWEEP,25,7.186,False,False,0.939,499,native,72.4,YORGUN,77.67,86.67,True,300,46.4,TR-DN,CHOCH DN,HH/MIX,LH/MIX,TR-DN,73.8,True,True,498,7,50.3,1789560000000,HIGH,7.8,1.39,,,,7.173500000000001,2.97,2,0,1,7.8,7.173500000000001,LOW_SWEEP,12,7.243,False,False,1.8868,2295,746,92283.53,23680.66,68602.87,59.16,79.58,94.6,UP,400,48,115964.19,11.5,60.0,1.0,True,6,78818.45,2,11537.73,67280.73,47.1,0.188,0.766,1.0,0.962,159339.49,88666.98,70672.51,28.5,64.25,88.7,UP,1230,198,248006.46,36.6,300.0,1.0,True,9,106961.1,5,29744.76,77216.34,67.4,0.423,0.849,1.0,0.992,611330.0,557489.48,53840.52,4.61,52.3,59.3,UP,4446,675,1168819.47,62.5,900.0,1.0,True,27,373437.22,28,383931.21,-10493.99,79.0,0.555,1.0,1.0,0.997,67774.86,-9462.28,86828.47,28.15,-0.37,1.0,18448.09,0.3534,8496.38,0.1713,0.3607,NONE,1789671184864,SELL,5489.37,7.603,1789671120000,ok,1.0,1.0,1.0,continuous,1,57,0,,0,0,0,0,False,426,7.602,7.603,1.315,0.401,0.2147,0.1082,317270.64,205095.44,25.65,1789671217361,438,False,,AGGRESSIVE_BUYER,,
2,v2,v1.2,REALF_PY_V4_2_DERIVED,ZPTDIFAT_PY_V1_4_DERIVED,fc-v1,native,,058e38aec59f4c35,20260917_214621,109,SUI_20260917_215341_304,SUIUSDT,BINANCE,FUTURES,TOP100,35,5000,1789671221304,2026-09-17T21:53:41.304+03:00,67,True,1789671221298,1789671221304,76.1,1789671180000,1789671239999,False,41.3,0.7319,-0.0273,54.9,FAIR (DENGE),True,500,56.6,55.2,53.0,50.1,-0.00171,-0.74,-0.82,0.00138,0.663,0.11,0.3,50.0,-22.8,YOK,3.6,1.0,0.730648014194256,-0.171,CLV_PROXY_1M,0,0.0,100.0,54.9,59.3,52.7,58.9,-4.4,2.2,-4.0,-0.00171,0.00033,-0.00062,7e-05,57.75,57.62,56.61,54.31,0.13,1.14,3.44,56.67,61.33,500,native,57.75,NORMAL,56.67,61.33,True,300,19.6,TR-DN,CHOCH DN,LH/LL,MIX/HL,TR-DN,86.9,True,True,499,19,83.1,1789670040000,HIGH,0.7344,2.62,,,,,,,0,0,0.7337,0.7287,HIGH_SWEEP,20,0.7344,False,False,0.1304,499,native,34.66,NORMAL,39.62,38.33,True,300,59.1,BULL,BOS UP,MIX/HL,HH/MIX,RANGE,73.8,True,True,498,36,54.4,1789664580000,LOW,0.7291,1.71,,,,0.7292,1.65,2,0,3,0.7352,0.7292,EQL_SWEEP,4,0.7292,False,False,0.2232,499,native,32.43,NORMAL,43.39,31.33,True,300,81.4,BULL,BOS UP,HH/HL,LH/LL,RANGE,90.7,True,True,498,21,31.2,1789664700000,LOW,0.7291,1.24,,,,0.71575,7.14,2,0,2,0.7387,0.71575,HIGH_SWEEP,20,0.7373,False,False,0.3089,499,native,53.06,NORMAL,43.77,38.33,True,300,90.0,BULL,BOS UP,HH/HL,HH/HL,RANGE,89.7,True,True,498,6,54.6,1789665300000,LOW,0.7223,2.3,,,,,,,0,0,0.7387,0.7291,HIGH_SWEEP,11,0.7351,False,False,0.5712,499,native,82.77,YORGUN,79.15,91.67,True,300,72.6,BEAR,BOS DN,HH/HL,HH/HL,TR DN,82.7,True,True,498,52,50.4,1789480800000,HIGH,0.7479,1.86,0.8336,11.79,2,,,,2,0,0.8336,0.7157,LOW_SWEEP,25,0.6814,False,False,1.1765,499,native,72.62,YORGUN,77.95,90.33,True,300,59.4,BEAR,BOS DN,HH/HL,MIX/HL,TR DN,78.3,True,True,498,11,25.5,1789502400000,HIGH,0.7479,0.94,,,,,,,0,0,0.7479,0.6773,LOW_SWEEP,13,0.692,False,False,2.3241,-1040,1331,212656.75,33439.27,179217.47,72.82,86.41,94.9,UP,691,117,246096.02,16.9,60.0,1.0,True,10,178726.66,2,15483.24,163243.41,54.9,0.253,0.848,1.0,1.0,290219.34,191846.84,98372.5,20.41,60.2,82.8,UP,2084,362,482066.18,50.1,300.0,1.0,True,13,205597.34,11,97668.38,107928.96,73.9,0.5,0.921,1.0,1.0,953208.25,930611.73,22596.52,1.2,50.6,52.5,FLAT,7625,1170,1883819.97,206.8,900.0,1.0,True,49,617151.67,49,589478.95,27672.72,91.7,0.805,1.0,1.0,1.0,192066.24,160924.98,287837.73,46.57,21.9,1.0,41825.07,0.3205,7809.26,0.081,-0.238,UP,1789671162733,SELL,5633.66,0.7327000000000001,1789671120000,ok,1.0,1.0,1.0,continuous,1,144,0,,0,0,0,0,False,501,0.7319,0.732,1.366,0.35,0.1255,0.1202,444762.99,345591.87,26.64,1789671220540,764,False,,AGGRESSIVE_BUYER,,
2,v2,v1.2,REALF_PY_V4_2_DERIVED,ZPTDIFAT_PY_V1_4_DERIVED,fc-v1,native,,058e38aec59f4c35,20260917_214621,110,AKE_20260917_215345_990,AKEUSDT,BINANCE,FUTURES,TOP100,94,2000,1789671225990,2026-09-17T21:53:45.990+03:00,67,True,1789671225526,1789671225990,77.3,1789671180000,1789671239999,False,45.5,0.020776,-0.1346,47.7,FAIR (DENGE),True,500,47.9,42.9,52.2,49.9,0.01036,-0.16,-0.48,0.00762,0.71,0.27,2.0,60.0,-7.2,YOK,9.3,0.718,0.020992407109158083,1.042,CLV_PROXY_1M,0,0.0,100.0,47.7,44.7,37.5,36.0,3.0,10.2,11.7,0.01036,-0.00055,-0.00219,-0.00413,34.0,36.74,32.06,21.33,-2.74,1.94,12.67,27.58,27.67,500,native,34.0,NORMAL,27.58,27.67,True,300,27.6,BEAR,BOS DN,MIX/LL,HH/MIX,TR DN,75.3,True,True,499,8,34.4,1789670700000,HIGH,0.021142,6.49,0.021141,6.48,2,,,,1,0,0.021141,0.020721,LOW_SWEEP,3,0.020824,False,False,0.2709,499,native,21.9,DINLENMIS,18.92,8.33,True,300,47.3,TR-DN,CHOCH DN,HH/MIX,MIX/LL,TR-DN,76.1,True,True,498,2,51.0,1789670700000,HIGH,0.021142,2.99,,,,,,,0,0,0.021142,0.020851,EQL_SWEEP,5,0.020852500000000003,False,False,0.5885,499,native,25.71,DINLENMIS,21.71,11.33,True,300,78.9,TR-UP,CHOCH UP,HH/HL,HH/MIX,TR-UP,82.8,True,True,498,17,62.4,1789665900000,LOW,0.020714,0.36,,,,,,,0,0,0.021935,0.020811,LOW_SWEEP,1,0.020811,True,False,0.8375,499,native,26.41,DINLENMIS,23.62,5.0,True,300,59.3,BEAR,BOS DN,HH/MIX,HH/HL,SQZ,70.0,True,True,498,106,97.0,1789575300000,HIGH,0.028247,19.94,0.029421000000000003,23.07,2,0.020765,0.03,2,1,3,0.029421000000000003,0.020765,EQL_SWEEP,9,0.020765,False,True,1.7961,499,native,53.99,NORMAL,43.78,40.67,True,300,56.6,BULL,BOS UP,MIX/HL,MIX/HL,RANGE,70.2,True,True,498,62,56.3,1789444800000,LOW,0.014658,4.77,0.029844000000000002,7.07,2,0.012500500000000001,6.46,3,1,2,0.029844000000000002,0.012500500000000001,HIGH_SWEEP,63,0.0165,False,False,6.0934,499,native,42.0,NORMAL,37.77,31.33,True,300,86.4,BULL,BOS UP,HH/HL,MIX/HL,TR UP,90.5,True,True,498,15,80.8,1789444800000,LOW,0.013069,2.64,,,,0.0128725,2.7,2,0,3,0.029888,0.0128725,EQL_SWEEP,64,0.0128725,False,False,13.8617,1036,2937,6265.8,4433.62,1832.18,17.12,58.56,79.3,UP,327,150,10699.42,31.0,60.0,1.0,True,0,0.0,0,0.0,0.0,55.5,0.383,0.507,1.0,0.983,44986.53,43169.4,1817.13,2.06,51.03,54.2,FLAT,2282,958,88155.93,121.6,300.0,1.0,True,2,13870.83,3,19554.36,-5683.53,79.5,0.709,0.736,1.0,0.997,132125.12,117858.89,14266.24,5.71,52.85,61.4,UP,6957,2937,249984.01,392.1,749.4,0.8326,False,8,29081.96,9,41836.47,-12754.52,87.5,0.887,0.849,0.833,0.999,-4770.11,-10141.48,,-10.26,-4.86,0.766,-953.06,-0.0451,-256.63,-0.0146,0.3624,DOWN,1789671124084,BUY,5541.36,0.0208019959907803,1789671120000,ok,1.0,1.0,1.0,continuous,1,164,0,,0,0,0,0,False,535,0.020769,0.020773,1.926,0.789,0.2588,-0.4124,6092.22,3587.21,10.11,1789671225143,847,False,,,,
2,v2,v1.2,REALF_PY_V4_2_DERIVED,ZPTDIFAT_PY_V1_4_DERIVED,fc-v1,native,,058e38aec59f4c35,20260917_214621,111,PONS_20260917_215349_533,PONSUSDT,BINANCE,FUTURES,OUTSIDE100,112,2000,1789671229533,2026-09-17T21:53:49.533+03:00,67,True,1789671229285,1789671229533,76.1,1789671180000,1789671239999,False,49.3,0.6414,0.0936,49.1,FAIR (DENGE),True,500,49.9,44.8,52.5,49.9,0.0054,0.59,0.22,0.00423,0.545,0.19,3.7,45.0,-11.8,YOK,7.6,0.466,0.6448728488763774,0.541,CLV_PROXY_1M,0,0.0,100.0,49.1,48.4,41.7,46.7,0.7,7.4,2.4,0.0054,-0.00036,-0.00272,-0.00247,50.61,45.17,37.09,32.14,5.44,13.52,18.47,61.71,67.0,500,native,50.61,NORMAL,61.71,67.0,True,300,17.7,BEAR,BOS DN,LH/LL,MIX/HL,TR DN,88.8,True,True,499,19,49.5,1789670040000,HIGH,0.6584,7.51,,,,,,,0,0,0.6423,0.6375,LOW_SWEEP,18,0.6446,False,False,0.3534,499,native,15.62,DINLENMIS,25.18,14.33,True,300,9.2,BEAR,BOS DN,LH/LL,LH/LL,RANGE,92.6,True,True,498,4,55.4,1789670340000,HIGH,0.6584,4.32,0.6657,6.13,2,,,,1,0,0.6657,0.6433,LOW_SWEEP,5,0.6433,False,False,0.6309,499,native,20.73,DINLENMIS,26.87,15.0,True,300,8.6,BEAR,BOS DN,LH/LL,LH/LL,RANGE,91.1,True,True,498,3,62.4,1789670100000,HIGH,0.6584,2.95,0.6657,4.23,2,,,,1,0,0.6657,0.6433,LOW_SWEEP,12,0.6466,False,False,0.89,499,native,40.82,NORMAL,30.19,26.67,True,300,72.0,BULL,BOS UP,HH/MIX,MIX/HL,RANGE,73.2,True,True,498,12,67.0,1789659900000,LOW,0.6099,2.48,,,,,,,0,0,0.6721,0.6099,HIGH_SWEEP,8,0.6573,False,False,1.9567,277,native,63.07,NORMAL,51.6,60.7,False,257,79.1,TR-UP,CHOCH UP,HH/HL,HH/HL,TR-UP,85.3,True,True,276,17,48.5,1789606800000,LOW,0.5563,3.39,,,,,,,0,0,0.669,0.6099,HIGH_SWEEP,2,0.669,False,False,3.852,70,native,69.74,NORMAL,65.61,80.0,False,50,45.0,BEAR,BOS DN,HH/MIX,HH/MIX,RANGE,70.9,True,False,69,7,30.3,1789560000000,HIGH,0.6992,1.2,,,,,,,0,0,0.6992,0.5483,LOW_SWEEP,9,0.5821,False,False,7.231,2347,1796,8522.95,9160.84,-637.89,-3.61,48.2,42.7,DOWN,300,106,17683.79,36.9,60.0,1.0,True,0,0.0,0,0.0,0.0,59.5,0.424,0.562,1.0,0.961,100400.91,60171.55,40229.36,25.05,62.53,86.6,UP,1894,537,160572.46,44.9,300.0,1.0,True,7,60260.72,4,10877.64,49383.09,69.3,0.473,0.801,1.0,0.992,345502.56,313572.42,31930.14,4.84,52.42,59.8,UP,6436,1796,659074.99,219.8,860.0,0.9556,False,32,188632.36,29,130106.82,58525.54,90.0,0.815,0.955,0.956,0.997,-8148.94,-10143.77,,-11.95,-3.49,0.8889,7355.61,0.2444,7674.55,0.239,0.3776,NONE,1789671167533,SELL,3034.61,0.6412960270498732,1789671120000,ok,1.0,1.0,1.0,continuous,1,175,0,,0,0,0,0,False,573,0.6414,0.6415,1.559,-0.658,-0.1232,0.2113,25383.22,32514.53,30.4,1789671228836,697,False,,,,
2,v2,v1.2,REALF_PY_V4_2_DERIVED,ZPTDIFAT_PY_V1_4_DERIVED,fc-v1,native,,058e38aec59f4c35,20260917_214621,112,SKR_20260917_215353_852,SKRUSDT,BINANCE,FUTURES,OUTSIDE100,227,500,1789671233852,2026-09-17T21:53:53.852+03:00,67,True,1789671232652,1789671233852,76.3,1789671180000,1789671239999,False,52.7,0.018793,0.2133,57.5,FAIR (DENGE),True,500,62.6,47.4,62.3,50.5,0.00124,1.51,0.57,0.00197,0.469,0.1,7.0,50.0,14.9,YOK,15.2,0.854,0.01881637338092852,0.124,CLV_PROXY_1M,0,0.0,100.0,57.5,48.8,51.5,49.1,8.7,6.0,8.4,0.00124,-0.00201,-0.00217,-0.00315,66.94,58.21,56.66,38.92,8.73,10.28,28.02,84.55,93.67,500,native,66.94,NORMAL,84.55,93.67,True,300,50.4,TR-DN,CHOCH DN,MIX/HL,HH/MIX,TR-DN,77.3,True,True,499,25,83.5,1789669680000,HIGH,0.018927,4.04,0.018926,4.01,2,,,,3,0,0.018926,0.018709,EQL_SWEEP,133,0.019110500000000002,False,False,0.1767,499,native,27.37,DINLENMIS,43.79,46.67,True,300,5.5,BEAR,BOS DN,LH/LL,LH/LL,TR DN,99.1,True,True,498,8,97.5,1789669620000,HIGH,0.018967,3.07,0.019326,9.25,2,,,,2,0,0.019326,0.018669,LOW_SWEEP,9,0.018854,False,False,0.3095,499,native,25.02,DINLENMIS,38.02,34.67,True,300,40.5,BULL,BOS UP,MIX/LL,LH/LL,TR UP,70.6,True,True,498,101,21.7,1789640700000,LOW,0.018378,5.07,0.019326,6.51,2,,,,2,0,0.019326,0.018915,LOW_SWEEP,11,0.018915,False,False,0.4362,499,native,23.86,DINLENMIS,24.27,15.67,True,300,28.1,BULL,BOS UP,LH/LL,MIX/LL,RANGE,80.8,True,True,498,42,67.4,1789632900000,LOW,0.018378,2.33,,,,0.017547,7.03,2,0,2,0.019329,0.017547,HIGH_SWEEP,44,0.018739,False,False,0.9438,499,native,44.92,NORMAL,33.91,32.0,True,300,89.6,BULL,BOS UP,HH/HL,HH/HL,TR UP,91.9,True,True,498,9,72.8,1789635600000,LOW,0.017378,3.26,0.025375500000000002,15.21,2,,,,1,0,0.025375500000000002,0.018378,LOW_SWEEP,25,0.017542,False,False,2.2875,499,native,77.9,YORGUN,69.21,78.33,True,300,72.0,BULL,BOS UP,HH/HL,HH/HL,TR UP,80.9,True,True,498,111,36.2,1788062400000,LOW,0.008858,11.29,,,,0.017043000000000003,1.99,2,0,1,0.019684,0.017043000000000003,HIGH_SWEEP,1,0.019684,True,False,4.5845,4175,560,290.25,172.22,118.03,25.52,62.76,86.9,UP,28,21,462.46,12.7,60.0,1.0,True,0,0.0,0,0.0,0.0,30.6,0.203,0.166,1.0,0.93,20323.78,7494.11,12829.66,46.12,73.06,93.7,UP,364,235,27817.89,54.4,300.0,1.0,True,6,14653.8,4,2935.15,11718.65,66.4,0.521,0.611,1.0,0.986,28585.73,14325.82,14259.92,33.23,66.62,90.8,UP,676,435,42911.55,92.5,900.0,1.0,True,13,20274.34,9,7116.58,13157.76,74.2,0.649,0.658,1.0,0.995,-1199.17,-7.02,-5753.99,-35.71,-0.25,1.0,282.16,0.2116,1812.81,0.3258,0.6251,NONE,1789671173329,BUY,825.6,0.018752949892106758,1789671120000,ok,1.0,1.0,1.0,continuous,1,37,0,,0,0,0,0,False,617,0.018788,0.018792,2.129,-0.884,-0.3831,-0.3035,2119.17,4751.35,15.43,1789671232358,1494,False,,,,
2,v2,v1.2,REALF_PY_V4_2_DERIVED,ZPTDIFAT_PY_V1_4_DERIVED,fc-v1,native,,058e38aec59f4c35,20260917_214621,113,PROM_20260917_215357_170,PROMUSDT,BINANCE,FUTURES,OUTSIDE100,266,1000,1789671237170,2026-09-17T21:53:57.170+03:00,67,True,1789671237170,1789671237170,76.3,1789671180000,1789671239999,False,57.2,5.433,-0.0368,48.8,FAIR (DENGE),True,500,46.2,60.6,39.5,49.6,-0.00358,-1.0,-0.18,0.00137,0.335,0.56,26.7,60.0,-5.6,YOK,21.1,0.181,5.413597039817933,-0.357,CLV_PROXY_1M,0,0.0,100.0,48.8,43.9,45.3,58.0,4.9,3.5,-9.2,-0.00358,-0.00037,-6e-05,0.00233,23.37,26.29,39.52,55.48,-2.92,-16.15,-32.11,18.22,12.67,500,native,23.37,DINLENMIS,18.22,12.67,True,300,13.6,BEAR,BOS DN,LH/LL,HH/MIX,RANGE,85.0,True,True,499,3,23.7,1789671000000,HIGH,5.455,2.94,,,,5.408,3.34,2,0,1,5.455,5.408,HIGH_SWEEP,23,5.458,False,False,0.1376,499,native,45.23,NORMAL,27.17,21.0,True,300,57.1,BEAR,BOS DN,MIX/HL,MIX/HL,TR DN,68.8,True,True,498,60,51.4,1789660260000,HIGH,5.519,5.46,,,,5.3934999999999995,2.51,2,0,1,5.46,5.3934999999999995,HIGH_SWEEP,88,5.56,False,False,0.2894,499,native,63.32,NORMAL,48.8,56.67,True,300,82.8,BULL,BOS UP,HH/HL,MIX/HL,TR UP,81.3,True,True,498,9,31.8,1789668300000,LOW,5.408,1.21,,,,5.3919999999999995,1.98,2,0,2,5.493,5.3919999999999995,HIGH_SWEEP,10,5.442,False,False,0.3808,499,native,41.93,NORMAL,44.45,46.33,True,300,39.3,TR-DN,CHOCH DN,LH/MIX,LH/MIX,TR-DN,73.7,True,True,498,31,60.6,1789642800000,HIGH,5.659,5.56,5.7285,7.27,2,5.4015,0.77,2,2,1,5.7285,5.4015,LOW_SWEEP,124,5.332,False,False,0.7456,499,native,32.87,NORMAL,28.41,20.33,True,300,54.1,BEAR,BOS DN,MIX/HL,LH/MIX,RANGE,75.6,True,True,498,34,75.0,1789545600000,HIGH,5.729,3.26,5.8375,4.46,3,4.906499999999999,5.8,2,2,1,5.8375,4.906499999999999,EQL_SWEEP,82,5.5815,False,False,1.6737,499,native,39.03,NORMAL,45.19,35.33,True,300,27.1,BULL,BOS UP,LH/LL,LH/LL,SQZ,83.7,True,True,498,55,11.5,1788868800000,LOW,4.913,2.59,,,,4.4025,5.14,2,0,3,5.771,4.4025,HIGH_SWEEP,54,5.986,False,False,3.6806,458,448,51.64,1436.92,-1385.28,-93.06,3.47,5.0,DOWN,47,26,1488.57,7.9,60.0,1.0,True,0,0.0,0,0.0,0.0,31.1,0.136,0.293,1.0,0.992,2469.62,14706.95,-12237.34,-71.24,14.38,5.1,DOWN,353,134,17176.57,15.9,300.0,1.0,True,0,0.0,2,10331.46,-10331.46,47.6,0.242,0.559,1.0,0.998,8565.49,28568.18,-20002.69,-53.87,23.07,5.7,DOWN,1010,391,37133.67,52.0,900.0,1.0,True,0,0.0,5,15170.07,-15170.07,66.9,0.51,0.642,1.0,0.999,-1522.51,1756.31,-51.33,-50.02,0.9,1.0,-331.82,-0.1867,-2665.45,-0.7759,-0.8384,NONE,1789671042730,SELL,4376.84,5.429649299094406,1789671120000,ok,1.0,1.0,1.0,continuous,1,36,0,,0,0,0,0,False,657,5.433,5.435,3.681,0.327,0.4911,0.2271,24071.05,8214.86,36.81,1789671236646,524,False,,FATIGUE_RESTED_1M,,
2,v2,v1.2,REALF_PY_V4_2_DERIVED,ZPTDIFAT_PY_V1_4_DERIVED,fc-v1,native,,058e38aec59f4c35,20260917_214621,114,UAI_20260917_215400_437,UAIUSDT,BINANCE,FUTURES,OUTSIDE100,296,2000,1789671240437,2026-09-17T21:54:00.437+03:00,67,True,1789671240216,1789671240437,76.3,1789671180000,1789671239999,True,60.2,0.3977,-0.2258,46.7,FAIR (DENGE),True,500,43.8,54.7,41.9,49.6,-0.00435,-0.54,0.47,0.00352,0.399,0.39,6.0,40.0,-8.1,YOK,12.8,0.58,0.3959723851920254,-0.434,CLV_PROXY_1M,0,0.0,100.0,46.7,48.7,51.9,61.8,-2.0,-5.2,-15.1,-0.00435,0.00114,0.00102,0.00505,23.92,28.09,25.06,32.37,-4.17,-1.14,-8.45,16.72,8.33,500,native,23.92,DINLENMIS,16.72,8.33,True,300,41.9,BEAR,BOS DN,MIX/HL,MIX/LL,SQZ,73.4,True,True,499,6,50.9,1789670820000,HIGH,0.4013,3.79,,,,,,,0,0,0.4005,0.3985,LOW_SWEEP,5,0.3985,False,False,0.238,499,native,38.38,NORMAL,24.29,12.0,True,300,65.3,BEAR,BOS DN,HH/HL,MIX/HL,SQZ,86.5,True,True,498,23,42.5,1789666920000,HIGH,0.4029,2.53,0.40255,2.36,2,,,,1,0,0.40255,0.398,LOW_SWEEP,1,0.398,True,False,0.5153,499,native,53.12,NORMAL,44.9,30.0,True,300,69.0,TR-DN,CHOCH DN,HH/HL,MIX/HL,SQZ,89.3,True,True,498,30,62.9,1789662000000,HIGH,0.4026,1.57,0.40275,1.62,2,0.3559,13.43,3,1,1,0.40275,0.3559,EQH_SWEEP,9,0.40275,False,False,0.7809,499,native,69.61,NORMAL,62.34,81.0,True,300,58.9,BULL,BOS UP,MIX/HL,MIX/HL,SQZ,66.0,True,True,498,57,72.2,1789619400000,LOW,0.3708,3.65,0.5356000000000001,18.7,2,0.3838,1.88,2,1,2,0.5356000000000001,0.3838,LOW_SWEEP,126,0.3294,False,False,1.8434,499,native,55.67,NORMAL,53.4,54.33,True,300,68.4,BEAR,BOS DN,HH/HL,HH/HL,RANGE,81.1,True,True,498,35,45.2,1789542000000,HIGH,0.4132,0.79,,,,,,,0,0,0.418,0.3561,HIGH_SWEEP,13,0.3982,False,False,4.9257,499,native,50.15,NORMAL,57.45,58.0,True,300,17.1,BEAR,BOS DN,LH/LL,LH/LL,RANGE,87.8,True,True,498,16,42.0,1789430400000,HIGH,0.5943,4.01,,,,,,,0,0,0.5943,0.322,LOW_SWEEP,17,0.4503,False,False,12.2805,955,599,346.24,1617.85,-1271.61,-64.74,17.63,5.2,DOWN,83,38,1964.1,9.2,60.0,1.0,True,0,0.0,0,0.0,0.0,33.8,0.155,0.323,1.0,0.984,18201.05,19115.41,-914.35,-2.45,48.77,45.0,FLAT,662,228,37316.46,50.9,300.0,1.0,True,1,7249.99,1,7897.52,-647.54,66.6,0.504,0.643,1.0,0.997,32115.34,43829.66,-11714.31,-15.42,42.29,22.8,DOWN,1427,541,75945.0,87.6,900.0,1.0,True,2,9748.19,3,15092.44,-5344.25,75.6,0.637,0.72,1.0,0.999,-8951.71,-1478.51,-1307.3,-77.18,-1.99,1.0,3287.08,0.6068,806.44,0.1081,-0.4922,UP,1789671164921,BUY,7249.99,0.3991623134944668,1789671120000,ok,1.0,1.0,1.0,continuous,1,48,0,,0,0,0,0,False,22,0.3976,0.3979,7.542,0.715,-0.012,-0.1905,19051.65,19512.71,51.54,1789671239911,526,False,,FATIGUE_RESTED_1M,,
2,v2,v1.2,REALF_PY_V4_2_DERIVED,ZPTDIFAT_PY_V1_4_DERIVED,fc-v1,native,,058e38aec59f4c35,20260917_214621,115,BULLA_20260917_215406_548,BULLAUSDT,BINANCE,FUTURES,OUTSIDE100,339,5000,1789671246548,2026-09-17T21:54:06.548+03:00,67,True,1789671243723,1789671246548,77.9,1789671180000,1789671239999,True,63.7,0.09186,0.1636,42.8,FAIR (DENGE),True,500,39.6,50.0,37.3,49.9,-7e-05,-0.65,0.27,0.00916,0.374,0.17,0.3,55.0,7.2,YOK,12.8,0.998,0.09185385884021811,-0.007,CLV_PROXY_1M,0,0.0,100.0,42.8,41.1,39.6,52.3,1.7,3.2,-9.5,-7e-05,-0.00063,-0.00035,0.01044,63.67,69.36,82.2,82.9,-5.69,-18.53,-19.23,47.69,56.67,500,native,63.67,NORMAL,47.69,56.67,True,300,42.6,BEAR,BOS DN,LH/MIX,HH/HL,RANGE,65.0,True,True,499,86,41.6,1789666020000,HIGH,0.093324,2.35,0.1026155,17.25,3,0.09092,1.51,2,1,2,0.1026155,0.09092,LOW_SWEEP,87,0.09008,False,False,0.68,499,native,70.49,NORMAL,64.8,80.67,True,300,71.4,BEAR,BOS DN,HH/HL,HH/MIX,SQZ,88.4,True,True,498,35,34.2,1789664760000,HIGH,0.09816,5.71,,,,,,,0,0,0.09288,0.0909,HIGH_SWEEP,1,0.09288,True,False,1.1942,499,native,73.28,YORGUN,67.77,78.0,True,300,15.8,BEAR,BOS DN,LH/LL,HH/HL,SQZ,95.5,True,True,498,21,64.2,1789664700000,HIGH,0.09816,4.49,,,,,,,0,0,0.09288,0.08758,LOW_SWEEP,19,0.09027,False,True,1.505,499,native,36.97,NORMAL,45.85,51.33,True,300,31.7,BEAR,BOS DN,MIX/LL,LH/LL,TR DN,73.6,True,True,498,17,27.4,1789655400000,HIGH,0.10999,6.01,0.109785,5.95,2,,,,1,0,0.109785,0.08758,LOW_SWEEP,19,0.1007,False,False,3.2929,499,native,18.59,DINLENMIS,19.01,6.67,True,300,31.0,BULL,BOS UP,LH/LL,MIX/LL,TR UP,82.3,True,True,498,32,42.2,1789552800000,LOW,0.060024,3.18,,,,0.060025499999999996,3.18,2,0,1,0.121362,0.060025499999999996,HIGH_SWEEP,33,0.076341,False,False,10.9357,499,native,62.11,NORMAL,51.69,49.33,True,300,76.9,BULL,BOS UP,HH/MIX,HH/MIX,EXP UP,78.0,True,True,498,8,96.7,1789545600000,LOW,0.0675,1.46,,,,0.0154205,4.58,2,0,1,0.139078,0.0154205,HIGH_SWEEP,49,0.085989,False,False,17.3558,1017,3383,860.43,1905.2,-1044.76,-37.78,31.11,7.8,DOWN,168,97,2765.63,34.2,60.0,1.0,True,0,0.0,0,0.0,0.0,51.3,0.406,0.36,1.0,0.983,84308.93,103350.76,-19041.83,-10.15,44.93,30.6,DOWN,4085,2114,187659.69,427.2,300.0,1.0,True,2,15894.83,4,45532.5,-29637.67,90.1,0.895,0.818,1.0,0.997,164808.31,139306.62,25501.69,8.39,54.19,66.4,UP,6727,3383,304114.93,517.9,725.3,0.8059,False,6,49543.04,4,45532.5,4010.54,88.5,0.912,0.871,0.806,0.999,6691.89,-1988.76,,-3.06,-0.6,0.7393,-2972.69,-0.1969,-6344.87,-0.1691,-0.0153,NONE,1789671144751,SELL,5851.89,0.09157460064472715,1789671120000,ok,1.0,1.0,1.0,continuous,1,154,0,,0,0,0,0,False,116,0.09171,0.09177,6.54,-0.293,0.2545,0.1654,4461.08,2650.97,25.07,1789671243260,3288,False,,,,
2,v2,v1.2,REALF_PY_V4_2_DERIVED,ZPTDIFAT_PY_V1_4_DERIVED,fc-v1,native,,058e38aec59f4c35,20260917_214621,116,OG_20260917_215410_503,OGUSDT,BINANCE,FUTURES,OUTSIDE100,523,500,1789671250503,2026-09-17T21:54:10.503+03:00,67,True,1789671250010,1789671250503,78.4,1789671240000,1789671299999,False,10.0,2.681,0.0,40.1,PRICE LAG,True,500,36.4,39.8,43.8,50.0,0.00275,-0.35,0.25,0.00032,0.125,0.0,3.7,25.0,35.2,YOK,7.4,1.0,2.6883858839451724,0.275,CLV_PROXY_1M,0,0.0367,96.3,40.1,43.3,43.3,51.3,-3.2,-3.2,-11.2,0.00275,-5e-05,-0.0005,0.00041,61.89,59.44,58.57,63.12,2.45,3.32,-1.23,65.71,72.0,500,native,61.89,NORMAL,65.71,72.0,True,300,29.3,BEAR,BOS DN,MIX/LL,HH/MIX,SQZ,79.1,True,True,499,20,78.2,1789670040000,HIGH,2.682,0.89,2.682,0.89,2,2.679,1.78,2,2,1,2.682,2.679,EQL_SWEEP,47,2.679,False,False,0.0418,499,native,50.67,NORMAL,60.25,65.33,True,300,33.8,TR-DN,CHOCH DN,LH/MIX,MIX/HL,SQZ,73.5,True,True,498,23,61.9,1789667100000,HIGH,2.691,3.97,2.692,4.36,2,2.677,1.59,2,2,1,2.692,2.677,EQH_SWEEP,28,2.692,False,False,0.094,499,native,34.72,NORMAL,44.94,38.67,True,300,44.4,BEAR,BOS DN,HH/MIX,LH/MIX,RANGE,73.4,True,True,498,11,60.5,1789667700000,HIGH,2.696,3.75,2.692,2.75,2,2.6635,4.37,2,1,1,2.692,2.6635,EQH_SWEEP,16,2.692,False,False,0.1493,499,native,34.82,NORMAL,33.56,24.0,True,300,56.9,TR-DN,CHOCH DN,MIX/HL,HH/MIX,SQZ,75.6,True,True,498,40,61.7,1789634700000,HIGH,2.719,4.21,2.6995,2.05,2,2.6635,1.94,2,1,1,2.6995,2.6635,EQL_SWEEP,21,2.6635,False,False,0.3366,499,native,34.37,NORMAL,32.99,28.33,True,300,63.8,TR-UP,CHOCH UP,MIX/HL,LH/MIX,TR-UP,80.6,True,True,498,32,49.7,1789552800000,LOW,2.61,3.12,2.7195,1.69,2,2.6,3.56,2,1,1,2.7195,2.6,HIGH_SWEEP,18,2.712,False,False,0.8491,499,native,64.82,NORMAL,56.92,58.0,True,300,63.4,BULL,BOS UP,MIX/HL,HH/HL,RANGE,74.5,True,True,498,28,65.4,1789257600000,LOW,2.595,1.88,2.9825,6.61,3,2.5975,1.83,2,2,2,2.9825,2.5975,EQH_SWEEP,84,2.9425,False,False,1.6988,42015,70,47.19,0.0,47.19,100.0,100.0,95.0,UP,1,1,47.19,1.0,60.0,1.0,True,0,0.0,0,0.0,0.0,0.0,0.02,0.0,1.0,0.3,180.14,703.32,-523.18,-59.22,20.39,5.4,DOWN,45,22,883.45,4.7,300.0,1.0,True,0,0.0,1,619.97,-619.97,23.9,0.085,0.237,1.0,0.86,2518.62,2465.19,53.43,1.07,50.54,52.2,FLAT,233,59,4983.81,15.2,900.0,1.0,True,1,1225.11,1,619.97,605.14,43.0,0.233,0.424,1.0,0.953,-4.01,123.55,127.01,13.69,3.01,1.0,34.63,0.8829,-125.67,-0.7113,-0.6743,UP,1789671043818,SELL,619.97,2.6792156439066557,1789671180000,ok,1.0,1.0,1.0,continuous,1,3,0,,0,0,0,0,False,163,2.681,2.682,3.729,-1.816,-0.112,-0.6912,26241.59,32862.23,72.72,1789671249052,1451,False,,,,
2,v2,v1.2,REALF_PY_V4_2_DERIVED,ZPTDIFAT_PY_V1_4_DERIVED,fc-v1,native,,058e38aec59f4c35,20260917_214621,117,ZORA_20260917_215413_908,ZORAUSDT,BINANCE,FUTURES,OUTSIDE100,612,500,1789671253908,2026-09-17T21:54:13.908+03:00,67,True,1789671253871,1789671253908,78.3,1789671240000,1789671299999,False,13.9,0.007727,-0.0259,65.2,PRICE AHEAD,True,500,69.5,66.4,61.3,50.1,-0.00732,0.41,0.04,0.00136,0.208,0.01,0.3,60.0,-15.1,YOK,8.2,1.0,0.007670621118850483,-0.73,CLV_PROXY_1M,0,0.0,100.0,65.2,67.7,59.9,62.6,-2.5,5.3,2.6,-0.00732,0.00043,-0.00054,-0.00014,44.86,42.01,33.48,39.74,2.85,11.38,5.12,52.71,48.67,500,native,44.86,NORMAL,52.71,48.67,True,300,62.3,TR-UP,CHOCH UP,MIX/HL,LH/LL,TR-UP,75.3,True,True,499,31,62.7,1789669380000,LOW,0.007638,8.31,,,,0.007610499999999999,10.88,2,0,2,0.007742,0.007610499999999999,EQL_SWEEP,75,0.0076475,False,False,0.1386,499,native,60.04,NORMAL,55.08,50.0,True,300,28.7,BULL,BOS UP,LH/LL,MIX/HL,TR UP,78.8,True,True,498,59,43.3,1789660620000,LOW,0.007562,6.23,,,,,,,0,0,0.007758,0.007612,HIGH_SWEEP,19,0.007699,False,False,0.3428,499,native,71.07,NORMAL,69.47,68.33,True,300,62.9,BULL,BOS UP,HH/MIX,LH/LL,TR UP,74.7,True,True,498,31,81.9,1789661700000,LOW,0.007562,4.43,0.007767,1.07,2,,,,1,0,0.007767,0.007612,EQH_SWEEP,11,0.007767,False,False,0.4821,499,native,76.97,YORGUN,76.88,85.67,True,300,91.5,BULL,BOS UP,HH/HL,HH/HL,TR UP,90.1,True,True,498,2,60.9,1789668900000,LOW,0.007562,2.61,,,,,,,0,0,0.007723,0.007562,HIGH_SWEEP,4,0.007723,False,False,0.8156,499,native,76.35,YORGUN,77.24,91.33,True,300,72.6,BEAR,BOS DN,HH/HL,HH/HL,TR DN,82.7,True,True,498,57,59.5,1789462800000,HIGH,0.007987,2.25,0.009008,11.11,2,0.007187,4.68,2,1,1,0.009008,0.007187,LOW_SWEEP,114,0.008102,False,False,1.5046,499,native,58.17,NORMAL,68.56,82.0,True,300,16.9,TR-DN,CHOCH DN,LH/LL,LH/LL,TR-DN,90.3,True,True,498,13,65.9,1789473600000,HIGH,0.008968,4.77,,,,0.0058755000000000005,7.12,2,0,2,0.008336,0.0058755000000000005,HIGH_SWEEP,26,0.008437,False,False,3.4157,2150,298,245.75,524.38,-278.63,-36.18,31.91,8.2,DOWN,26,18,770.13,4.9,60.0,1.0,True,0,0.0,0,0.0,0.0,24.2,0.09,0.222,1.0,0.964,3741.91,5269.06,-1527.15,-16.95,41.53,20.9,DOWN,193,92,9010.96,15.7,300.0,1.0,True,2,2891.35,2,1290.19,1601.16,45.5,0.239,0.489,1.0,0.993,7778.03,13437.69,-5659.66,-26.68,36.66,12.3,DOWN,622,265,21215.72,40.7,900.0,1.0,True,3,3489.57,6,5523.11,-2033.54,61.7,0.449,0.582,1.0,0.998,-1628.34,-943.22,1615.75,-31.29,-5.26,1.0,364.57,0.1685,-217.69,-0.1208,-0.5565,UP,1789671171219,SELL,751.6,0.007724999999999999,1789671180000,ok,1.0,1.0,1.0,continuous,1,29,0,,0,0,0,0,False,247,0.007727,0.007729,2.588,0.942,0.5589,0.5408,22100.93,6253.23,25.88,1789671253127,781,False,,,,
2,v2,v1.2,REALF_PY_V4_2_DERIVED,ZPTDIFAT_PY_V1_4_DERIVED,fc-v1,native,,058e38aec59f4c35,20260917_214621,118,TNSR_20260917_215417_504,TNSRUSDT,BINANCE,FUTURES,OUTSIDE100,738,200,1789671257504,2026-09-17T21:54:17.504+03:00,67,True,1789671257237,1789671257504,78.8,1789671240000,1789671299999,False,17.2,0.03465,0.0,45.8,FAIR (DENGE),True,500,46.4,38.3,52.0,50.0,0.00386,0.15,0.13,0.00097,0.324,0.0,3.0,60.0,37.2,YOK,13.6,0.841,0.0347840334240327,0.387,CLV_PROXY_1M,0,0.03,97.0,45.8,40.0,48.5,47.3,5.8,-2.7,-1.5,0.00386,-4e-05,-8e-05,-0.00033,77.89,80.19,80.86,79.49,-2.3,-2.97,-1.6,71.34,75.33,500,native,77.89,YORGUN,71.34,75.33,True,300,89.5,BULL,BOS UP,HH/HL,HH/HL,EXP UP,88.2,True,True,499,7,74.3,1789670820000,LOW,0.03443,5.87,,,,,,,0,0,0.03471,0.03454,HIGH_SWEEP,8,0.03457,False,False,0.1081,499,native,66.89,NORMAL,72.71,79.67,True,300,87.7,BULL,BOS UP,HH/HL,HH/MIX,RANGE,89.5,True,True,498,14,100.0,1789668720000,LOW,0.03437,3.46,,,,,,,0,0,0.03473,0.03438,HIGH_SWEEP,12,0.03459,False,False,0.2334,499,native,50.28,NORMAL,69.88,68.33,True,300,32.3,TR-DN,CHOCH DN,MIX/LL,HH/MIX,TR-DN,72.3,True,True,498,3,39.5,1789670100000,HIGH,0.03473,0.78,0.034725,0.73,2,,,,1,0,0.034725,0.03437,HIGH_SWEEP,7,0.03472,False,False,0.2952,499,native,65.13,NORMAL,64.55,75.33,True,300,75.3,BULL,BOS UP,HH/MIX,HH/MIX,RANGE,78.3,True,True,498,8,57.1,1789663500000,LOW,0.03405,3.71,,,,,,,0,0,0.03472,0.03405,HIGH_SWEEP,11,0.03461,False,False,0.4676,499,native,59.75,NORMAL,65.63,79.0,True,300,78.7,TR-UP,CHOCH UP,HH/HL,HH/HL,TR-UP,83.9,True,True,498,19,66.2,1789599600000,LOW,0.03258,5.52,,,,,,,0,0,0.03539,0.03405,LOW_SWEEP,24,0.03304,False,False,1.0868,499,native,66.8,NORMAL,72.35,83.0,True,300,32.5,BULL,BOS UP,LH/LL,HH/MIX,RANGE,83.9,True,True,498,28,28.1,1789257600000,LOW,0.033,2.11,0.037065,3.09,2,0.029225,6.94,2,1,1,0.037065,0.029225,EQH_SWEEP,56,0.037065,False,False,2.2634,20572,147,6.0,25.39,-19.39,-61.76,19.12,5.3,DOWN,2,2,31.39,1.4,60.0,1.0,True,0,0.0,0,0.0,0.0,0.0,0.028,0.0,1.0,0.657,694.01,318.32,375.68,37.11,68.56,92.0,UP,33,20,1012.33,6.1,300.0,1.0,True,2,521.88,0,0.0,521.88,27.0,0.109,0.251,1.0,0.931,12527.8,3088.93,9438.87,60.44,80.22,94.6,UP,321,128,15616.72,38.5,900.0,1.0,True,16,11488.61,3,1472.93,10015.68,59.7,0.435,0.548,1.0,0.977,-437.41,-1055.13,230.02,-58.71,-16.2,1.0,171.76,0.6006,88.52,0.4372,0.7147,NONE,1789671161726,BUY,280.96,0.034679630201068914,1789671180000,ok,1.0,1.0,1.0,continuous,1,4,0,,0,0,0,0,False,305,0.03465,0.03467,5.77,-0.635,-0.0962,-0.1892,11484.51,13928.01,57.7,1789671253569,3935,False,,,,
2,v2,v1.2,REALF_PY_V4_2_DERIVED,ZPTDIFAT_PY_V1_4_DERIVED,fc-v1,native,,058e38aec59f4c35,20260917_214621,119,VELVET_20260917_215421_058,VELVETUSDT,BINANCE,FUTURES,OUTSIDE100,761,200,1789671261058,2026-09-17T21:54:21.058+03:00,67,True,1789671261058,1789671261058,78.0,1789671240000,1789671299999,False,21.1,0.05826,0.0,49.1,FAIR (DENGE),True,500,48.7,51.5,46.6,50.0,-0.00184,0.05,0.17,0.00568,0.599,0.03,0.3,50.0,0.7,YOK,4.9,0.532,0.05815307923856729,-0.184,CLV_PROXY_1M,0,0.0,100.0,49.1,48.8,50.7,51.2,0.3,-1.6,-2.1,-0.00184,0.00031,0.0017,0.00146,35.84,33.48,29.87,28.37,2.36,5.97,7.47,43.77,35.67,500,native,35.84,NORMAL,43.77,35.67,True,300,15.3,BEAR,BOS DN,LH/LL,LH/LL,RANGE,82.1,True,True,499,5,24.2,1789670940000,HIGH,0.05868,2.13,0.059495,6.26,2,,,,1,0,0.059495,0.05793,LOW_SWEEP,33,0.05838,False,False,0.3385,499,native,40.67,NORMAL,40.12,26.67,True,300,67.0,BULL,BOS UP,MIX/HL,HH/MIX,RANGE,68.2,True,True,498,22,48.3,1789667280000,LOW,0.05702,2.98,,,,0.05588,5.7,2,0,2,0.05878,0.05588,HIGH_SWEEP,16,0.05863,False,False,0.7194,499,native,57.78,NORMAL,56.99,43.67,True,300,63.4,BULL,BOS UP,MIX/HL,MIX/HL,RANGE,76.3,True,True,498,32,47.0,1789661400000,LOW,0.05666,2.77,,,,0.0515,11.65,2,0,1,0.0589,0.0515,HIGH_SWEEP,31,0.05796,False,False,0.9977,499,native,62.85,NORMAL,57.38,62.33,True,300,87.6,BULL,BOS UP,HH/HL,MIX/HL,EXP UP,93.1,True,True,498,9,42.5,1789662600000,LOW,0.05433,3.95,,,,0.0515,6.79,3,0,1,0.06014,0.0515,HIGH_SWEEP,7,0.05886,False,False,1.7023,499,native,77.42,YORGUN,72.74,80.33,True,300,74.0,BULL,BOS UP,HH/MIX,HH/HL,TR UP,70.9,True,True,498,2,40.8,1789660800000,LOW,0.0494,5.19,,,,,,,0,0,0.05886,0.0494,HIGH_SWEEP,1,0.05886,True,False,2.9455,499,native,85.83,ASIRI,93.71,96.67,True,300,46.9,BEAR,BOS DN,MIX/HL,MIX/HL,SQZ,65.7,True,True,498,13,34.6,1789473600000,HIGH,0.0633,1.94,,,,,,,0,0,0.0536,0.0494,HIGH_SWEEP,3,0.0536,False,False,4.5377,1287,955,827.9,801.62,26.27,1.61,50.81,53.3,FLAT,50,25,1629.52,12.6,60.0,1.0,True,1,439.92,1,498.96,-59.04,36.7,0.201,0.303,1.0,0.979,6719.81,7841.92,-1122.11,-7.71,46.15,34.9,DOWN,406,188,14561.73,42.8,300.0,1.0,True,8,4253.37,8,5463.18,-1209.81,61.0,0.461,0.541,1.0,0.996,63582.06,50841.64,12740.42,11.13,55.57,71.0,UP,1866,823,114423.7,24.4,900.0,1.0,True,38,52397.5,43,39661.39,12736.11,59.1,0.328,0.765,1.0,0.999,-1187.24,-23460.91,391.63,-26.63,-32.0,1.0,583.02,0.3314,-201.47,-0.0692,0.5155,NONE,1789671259771,BUY,439.92,0.05828299682034976,1789671180000,ok,1.0,1.0,1.0,continuous,1,36,0,,0,0,0,0,False,359,0.05826,0.05828,3.432,-0.917,-0.1488,-0.3534,9392.13,12676.49,34.32,1789671260245,813,False,,,,
2,v2,v1.2,REALF_PY_V4_2_DERIVED,ZPTDIFAT_PY_V1_4_DERIVED,fc-v1,native,,058e38aec59f4c35,20260917_214621,120,ZKC_20260917_215424_250,ZKCUSDT,BINANCE,FUTURES,OUTSIDE100,1142,200,1789671264250,2026-09-17T21:54:24.250+03:00,67,True,1789671264244,1789671264250,77.6,1789671240000,1789671299999,False,24.2,0.03775,0.0,36.6,PRICE LAG,True,500,34.6,33.4,38.5,49.8,0.0034,-0.57,0.16,0.00075,0.334,0.03,1.0,80.0,48.3,YOK,5.1,1.0,0.03787862327705115,0.341,CLV_PROXY_1M,0,0.0,100.0,36.6,33.6,37.8,45.3,3.0,-1.2,-8.7,0.0034,1e-05,5e-05,0.00071,71.67,74.12,79.83,84.43,-2.45,-8.16,-12.76,64.09,70.33,500,native,71.67,NORMAL,64.09,70.33,True,300,69.6,TR-UP,CHOCH UP,HH/MIX,HH/MIX,TR-UP,72.9,True,True,499,6,50.2,1789670880000,LOW,0.03757,4.22,,,,,,,0,0,0.0378,0.03757,HIGH_SWEEP,8,0.03777,False,False,0.1131,499,native,69.63,NORMAL,74.71,81.67,True,300,28.0,BULL,BOS UP,LH/LL,LH/LL,SQZ,81.0,True,True,498,47,86.7,1789662780000,LOW,0.03751,3.4,,,,0.03749,3.69,2,0,1,0.03777,0.03749,HIGH_SWEEP,2,0.03777,False,False,0.1868,499,native,46.69,NORMAL,58.58,61.0,True,300,57.8,BULL,BOS UP,MIX/HL,LH/LL,RANGE,66.6,True,True,498,56,72.5,1789654200000,LOW,0.03729,4.36,,,,,,,0,0,0.03777,0.0376,LOW_SWEEP,3,0.0376,False,False,0.2669,499,native,48.66,NORMAL,44.02,53.0,True,300,65.0,TR-UP,CHOCH UP,MIX/HL,MIX/HL,SQZ,71.5,True,True,498,18,44.0,1789654500000,LOW,0.03718,2.84,0.049025,58.41,2,0.037065,3.44,2,1,1,0.049025,0.037065,LOW_SWEEP,105,0.03752,False,False,0.5132,499,native,49.69,NORMAL,52.39,61.67,True,300,58.0,BEAR,BOS DN,MIX/HL,MIX/HL,RANGE,64.9,True,True,498,41,61.2,1789520400000,HIGH,0.04772,18.51,0.05792,37.41,2,,,,1,0,0.05792,0.03718,LOW_SWEEP,26,0.03718,False,False,1.4314,499,native,28.94,DINLENMIS,37.69,39.33,True,300,14.9,BEAR,BOS DN,LH/LL,LH/MIX,TR DN,87.8,True,True,498,15,73.5,1789444800000,HIGH,0.04904,8.32,,,,0.036074999999999996,1.23,2,0,1,0.04772,0.036074999999999996,HIGH_SWEEP,23,0.04757,False,False,3.6131,5727,421,226.71,769.89,-543.18,-54.5,22.75,5.6,DOWN,30,22,996.6,6.4,60.0,1.0,True,0,0.0,2,521.82,-521.82,27.3,0.113,0.25,1.0,0.905,2013.98,7003.36,-4989.39,-55.33,22.33,5.6,DOWN,172,102,9017.34,3.6,300.0,1.0,True,3,806.29,5,5881.62,-5075.33,27.3,0.067,0.489,1.0,0.981,15284.99,11047.0,4237.99,16.09,58.05,78.1,UP,659,342,26331.99,22.8,900.0,1.0,True,20,11893.33,9,7896.32,3997.0,54.0,0.313,0.605,1.0,0.994,4266.3,-739.35,-5940.81,8.69,-2.48,1.0,-2001.33,-0.7339,-1082.3,-0.6001,0.1876,DOWN,1789671231244,SELL,310.0,0.03774,1789671180000,ok,1.0,1.0,1.0,continuous,1,36,0,,0,0,0,0,False,444,0.03773,0.03775,5.299,-0.233,0.0552,-0.0438,22955.89,20553.47,52.99,1789671261220,3030,False,,,,
2,v2,v1.2,REALF_PY_V4_2_DERIVED,ZPTDIFAT_PY_V1_4_DERIVED,fc-v1,native,,058e38aec59f4c35,20260917_214621,121,ETH_20260917_215430_733,ETHUSDT,BINANCE,FUTURES,TOP100,2,75000,1789671270733,2026-09-17T21:54:30.733+03:00,67,True,1789671270472,1789671270733,77.7,1789671240000,1789671299999,False,30.5,2453.25,-0.0306,42.9,FAIR (DENGE),True,500,39.5,49.3,39.1,49.8,0.00014,-1.1,-0.21,0.00082,0.596,0.13,0.7,50.0,-3.5,YOK,10.2,1.0,2453.60443433822,0.014,CLV_PROXY_1M,0,0.0,100.0,42.9,43.7,45.5,58.3,-0.8,-2.6,-15.4,0.00014,0.00021,0.00016,0.00111,54.04,57.28,57.23,59.87,-3.24,-3.19,-5.83,45.84,48.0,500,native,54.04,NORMAL,45.84,48.0,True,300,21.3,BEAR,BOS DN,LH/LL,LH/MIX,TR DN,92.5,True,True,499,30,67.5,1789669440000,HIGH,2462.33,4.95,,,,,,,0,0,2457.87,2448.48,LOW_SWEEP,28,2460.13,False,False,0.0748,499,native,29.15,DINLENMIS,32.06,33.0,True,300,14.6,TR-DN,CHOCH DN,LH/LL,LH/LL,TR-DN,89.0,True,True,498,6,67.0,1789670160000,HIGH,2462.33,2.64,,,,,,,0,0,2462.33,2448.48,HIGH_SWEEP,30,2475.2,False,False,0.1401,499,native,26.43,DINLENMIS,35.3,26.0,True,300,56.4,BULL,BOS UP,MIX/HL,LH/LL,RANGE,70.7,True,True,498,83,76.9,1789646100000,LOW,2428.88,4.92,,,,2365.835,17.65,2,0,1,2462.33,2365.835,HIGH_SWEEP,56,2479.44,False,False,0.2016,499,native,32.16,NORMAL,21.74,13.0,True,300,65.9,BULL,BOS UP,MIX/HL,MIX/HL,RANGE,76.7,True,True,498,27,66.0,1789646400000,LOW,2435.9,1.69,,,,,,,0,0,2476.4,2453.68,LOW_SWEEP,1,2453.68,True,False,0.4189,499,native,76.72,YORGUN,60.73,66.67,True,300,71.4,BEAR,BOS DN,HH/HL,HH/HL,TR DN,79.3,True,True,498,53,44.7,1789477200000,HIGH,2614.99,7.47,,,,,,,0,0,2453.33,2426.52,EQH_SWEEP,17,2429.45,False,True,0.8791,499,native,51.86,NORMAL,60.6,63.0,True,300,50.9,TR-DN,CHOCH DN,MIX/HL,HH/HL,TR-DN,70.6,True,True,498,11,32.7,1789502400000,HIGH,2614.99,3.94,,,,1862.655,14.39,2,0,2,2614.99,1862.655,HIGH_SWEEP,35,2522.75,False,False,1.6617,354,5451,860242.13,410563.8,449678.33,35.39,67.69,91.5,UP,1570,394,1270805.93,25.2,60.0,1.0,True,3,290436.67,1,79997.87,210438.8,64.5,0.335,1.0,1.0,0.994,5791944.63,7440041.98,-1648097.36,-12.46,43.77,26.9,DOWN,10631,2454,13231986.61,119.5,300.0,1.0,True,25,3685016.55,20,4594311.72,-909295.17,86.9,0.705,1.0,1.0,0.999,15779742.21,16232622.03,-452879.81,-1.41,49.29,47.1,FLAT,24217,5451,32012364.24,282.9,656.0,0.7289,False,52,8258013.74,51,10057686.0,-1799672.27,88.0,0.85,1.0,0.729,1.0,1191537.29,10490.92,,22.21,0.04,0.6622,-345274.72,-0.0963,-399211.72,-0.1509,-0.1047,NONE,1789671260514,BUY,83108.83,2453.18,1789671180000,ok,1.0,1.0,1.0,continuous,1,628,0,,0,0,0,0,False,494,2453.24,2453.25,0.041,0.011,0.4828,0.5514,314516.74,109712.09,0.84,1789671270090,643,False,,,,
2,v2,v1.2,REALF_PY_V4_2_DERIVED,ZPTDIFAT_PY_V1_4_DERIVED,fc-v1,native,,058e38aec59f4c35,20260917_214621,122,BNB_20260917_215435_126,BNBUSDT,BINANCE,FUTURES,TOP100,4,25000,1789671275126,2026-09-17T21:54:35.126+03:00,67,True,1789671274151,1789671275126,78.3,1789671240000,1789671299999,False,34.2,728.82,0.0261,53.1,FAIR (DENGE),True,500,54.5,51.0,53.9,50.8,-0.00012,0.45,0.28,0.00042,0.578,0.5,19.7,45.0,-3.7,YOK,3.6,1.0,728.7300648831447,-0.012,CLV_PROXY_1M,0,0.0,100.0,53.1,50.8,46.0,54.2,2.3,7.1,-1.1,-0.00012,-0.00015,-0.00039,-0.00012,69.43,62.11,49.75,48.36,7.32,19.68,21.07,83.45,93.67,500,native,69.43,NORMAL,83.45,93.67,True,300,46.2,BEAR,BOS DN,MIX/HL,MIX/HL,TR DN,76.2,True,True,499,21,100.0,1789669980000,HIGH,729.98,4.79,,,,727.475,5.56,2,0,1,728.82,727.475,HIGH_SWEEP,34,729.81,False,False,0.0332,499,native,31.92,NORMAL,44.81,49.33,True,300,9.4,BEAR,BOS DN,LH/LL,LH/LL,RANGE,88.5,True,True,498,7,86.3,1789669980000,HIGH,729.98,2.32,,,,724.995,7.63,2,0,1,729.98,724.995,HIGH_SWEEP,28,730.49,False,False,0.0688,499,native,27.62,DINLENMIS,38.98,29.67,True,300,41.4,BEAR,BOS DN,MIX/HL,HH/HL,RANGE,71.8,True,True,498,4,50.6,1789669800000,HIGH,730.89,2.73,,,,718.6600000000001,13.4,2,0,1,729.98,718.6600000000001,HIGH_SWEEP,218,727.51,False,False,0.104,499,native,57.75,NORMAL,50.23,43.67,True,300,86.3,BULL,BOS UP,HH/HL,HH/HL,SQZ,86.6,True,True,498,6,37.3,1789665300000,LOW,724.99,2.21,,,,,,,0,0,730.89,724.99,HIGH_SWEEP,7,730.21,False,False,0.2384,499,native,72.41,YORGUN,73.25,81.67,True,300,65.4,TR-UP,CHOCH UP,HH/MIX,HH/MIX,TR-UP,76.7,True,True,498,23,52.6,1789585200000,LOW,704.34,5.86,,,,,,,0,0,732.95,721.24,HIGH_SWEEP,6,729.58,False,False,0.5726,499,native,72.58,YORGUN,79.12,85.67,True,300,41.6,BULL,BOS UP,LH/LL,HH/MIX,RANGE,86.1,True,True,498,1,31.3,1789646400000,LOW,704.34,2.78,,,,,,,0,0,725.94,704.34,HIGH_SWEEP,3,725.94,False,False,1.2108,1596,1729,102000.38,15986.87,86013.5,72.9,86.45,94.9,UP,546,90,117987.25,16.6,60.0,1.0,True,1,40469.58,0,0.0,40469.58,52.9,0.249,0.768,1.0,0.973,311524.65,137457.0,174067.64,38.77,69.38,92.4,UP,2072,440,448981.65,63.2,300.0,1.0,True,2,74016.0,0,0.0,74016.0,77.0,0.558,0.913,1.0,0.995,1298007.72,971834.12,326173.6,14.37,57.18,75.8,UP,7114,1445,2269841.84,100.1,900.0,1.0,True,8,496690.28,5,483053.4,13636.88,85.0,0.667,1.0,1.0,0.998,-26097.62,7013.14,132313.04,9.64,-0.63,1.0,69711.18,0.6054,34595.51,0.3853,0.2335,NONE,1789671218546,BUY,40469.58,728.5252223222323,1789671180000,ok,1.0,1.0,1.0,continuous,1,106,0,,0,0,0,0,False,528,728.82,728.83,0.137,-0.051,-0.245,-0.8684,82845.64,136617.45,2.68,1789671273800,1326,False,,AGGRESSIVE_BUYER,,
2,v2,v1.2,REALF_PY_V4_2_DERIVED,ZPTDIFAT_PY_V1_4_DERIVED,fc-v1,native,,058e38aec59f4c35,20260917_214621,123,XRP_20260917_215439_229,XRPUSDT,BINANCE,FUTURES,TOP100,5,25000,1789671279229,2026-09-17T21:54:39.229+03:00,67,True,1789671278400,1789671279229,79.0,1789671240000,1789671299999,False,38.4,1.296,-0.0231,50.4,FAIR (DENGE),True,500,50.5,52.3,47.8,50.0,-0.00057,-0.75,-0.34,0.00092,0.539,0.12,0.3,45.0,-5.1,YOK,4.4,0.301,1.2952569202573714,-0.057,CLV_PROXY_1M,0,0.0,100.0,50.4,50.2,47.3,61.5,0.2,3.1,-11.1,-0.00057,0.0002,-0.00024,0.00063,56.76,57.38,53.41,58.76,-0.62,3.35,-2.0,52.01,63.0,500,native,56.76,NORMAL,52.01,63.0,True,300,13.2,BEAR,BOS DN,LH/LL,MIX/HL,TR DN,95.5,True,True,499,15,57.8,1789670340000,HIGH,1.2998,3.38,,,,,,,0,0,1.2981,1.2934,LOW_SWEEP,14,1.294,False,False,0.0866,499,native,29.96,DINLENMIS,34.72,38.0,True,300,27.1,BULL,BOS UP,LH/LL,LH/LL,TR UP,83.6,True,True,498,94,46.8,1789654320000,LOW,1.2888,3.73,,,,1.2744499999999999,11.16,2,0,1,1.3,1.2744499999999999,HIGH_SWEEP,93,1.3087,False,False,0.149,499,native,27.09,DINLENMIS,37.11,31.33,True,300,57.5,BULL,BOS UP,MIX/HL,MIX/HL,TR UP,67.6,True,True,498,54,54.0,1789654800000,LOW,1.2888,2.53,,,,,,,0,0,1.3086,1.2979,HIGH_SWEEP,52,1.3151,False,False,0.2194,499,native,28.75,DINLENMIS,21.97,17.67,True,300,43.3,BEAR,BOS DN,MIX/HL,MIX/HL,RANGE,71.9,True,True,498,1,36.1,1789669800000,HIGH,1.3086,2.1,,,,,,,0,0,1.3086,1.2979,HIGH_SWEEP,17,1.3151,False,False,0.463,499,native,55.05,NORMAL,31.36,28.33,True,300,54.5,BEAR,BOS DN,MIX/HL,HH/HL,RANGE,72.1,True,True,498,29,35.2,1789563600000,HIGH,1.312,1.12,,,,,,,0,0,1.3096,1.2888,HIGH_SWEEP,6,1.3096,False,False,1.0981,499,native,34.8,NORMAL,38.61,37.33,True,300,45.9,TR-DN,CHOCH DN,HH/MIX,HH/MIX,TR-DN,75.8,True,True,498,12,73.1,1789488000000,HIGH,1.4916,5.76,1.5507,7.5,2,0.98775,9.08,2,1,1,1.5507,0.98775,EQH_SWEEP,54,1.43175,False,False,2.598,639,2028,90400.93,28109.54,62291.39,52.56,76.28,94.2,UP,684,83,118510.46,14.2,60.0,1.0,True,0,0.0,0,0.0,0.0,50.5,0.221,0.768,1.0,0.989,1398005.21,907164.31,490840.89,21.29,60.65,83.6,UP,5115,533,2305169.52,73.1,300.0,1.0,True,17,907497.87,5,259639.52,647858.34,81.2,0.594,1.0,1.0,0.998,4447565.58,3222714.59,1224851.0,15.97,57.98,77.9,UP,15778,1981,7670280.17,174.3,900.0,1.0,True,45,2342828.47,24,1687353.28,655475.19,90.4,0.777,1.0,1.0,0.999,-583081.89,-74890.49,,4.33,-1.35,0.9485,235420.61,0.3735,106074.26,0.2301,0.0708,NONE,1789671197953,BUY,60912.13,1.295944909482768,1789671180000,ok,1.0,1.0,1.0,continuous,1,117,0,,0,0,0,0,False,562,1.2959,1.296,0.772,0.109,0.0462,0.2114,1485160.8,1354007.17,15.05,1789671277893,1336,False,,AGGRESSIVE_BUYER,,
2,v2,v1.2,REALF_PY_V4_2_DERIVED,ZPTDIFAT_PY_V1_4_DERIVED,fc-v1,native,,058e38aec59f4c35,20260917_214621,124,DOGE_20260917_215442_475,DOGEUSDT,BINANCE,FUTURES,TOP100,12,15000,1789671282475,2026-09-17T21:54:42.475+03:00,67,True,1789671282343,1789671282475,78.2,1789671240000,1789671299999,False,42.3,0.08145,-0.0859,59.8,PRICE AHEAD,True,500,59.8,68.8,50.3,55.9,-0.00454,-1.17,-0.86,0.00082,0.574,0.97,68.7,55.0,-20.2,YOK,18.5,1.0,0.08108127191428292,-0.453,CLV_PROXY_1M,0,0.0,100.0,59.8,60.4,58.9,68.2,-0.6,0.9,-8.4,-0.00454,0.00037,6e-05,0.00093,49.25,54.53,51.76,56.97,-5.28,-2.51,-7.72,37.18,36.33,500,native,49.25,NORMAL,37.18,36.33,True,300,17.3,TR-DN,CHOCH DN,LH/LL,MIX/HL,TR-DN,94.6,True,True,499,20,87.8,1789670040000,HIGH,0.08178,4.51,0.0818,4.78,2,,,,1,0,0.0818,0.08131,LOW_SWEEP,47,0.08167,False,False,0.0898,499,native,29.35,DINLENMIS,27.77,27.0,True,300,12.1,BEAR,BOS DN,LH/LL,LH/LL,TR DN,89.7,True,True,498,7,49.0,1789669980000,HIGH,0.08179,2.65,,,,,,,0,0,0.08179,0.08131,LOW_SWEEP,25,0.08196,False,False,0.1576,499,native,27.61,DINLENMIS,34.77,26.0,True,300,44.0,TR-DN,CHOCH DN,MIX/HL,LH/LL,TR-DN,74.7,True,True,498,3,70.3,1789670100000,HIGH,0.08226,4.36,,,,0.07986,8.57,2,0,1,0.08179,0.07986,HIGH_SWEEP,20,0.08206,False,False,0.2276,499,native,39.6,NORMAL,26.44,22.67,True,300,68.7,BULL,BOS UP,MIX/HL,HH/HL,RANGE,74.0,True,True,498,19,56.8,1789653600000,LOW,0.08054,2.54,,,,0.080555,2.5,2,0,1,0.08226,0.080555,HIGH_SWEEP,17,0.08179,False,False,0.4389,499,native,75.3,YORGUN,60.94,70.67,True,300,85.2,BULL,BOS UP,HH/HL,HH/HL,RANGE,85.8,True,True,498,10,49.0,1789632000000,LOW,0.07828,4.25,,,,,,,0,0,0.08134,0.08054,HIGH_SWEEP,9,0.08134,False,False,0.9131,499,native,51.96,NORMAL,57.07,66.33,True,300,46.4,BEAR,BOS DN,HH/MIX,HH/MIX,TR DN,73.2,True,True,498,13,26.7,1789473600000,HIGH,0.08616,3.17,,,,0.07835,2.09,2,0,1,0.08616,0.07835,HIGH_SWEEP,17,0.08534,False,False,1.8121,610,1567,57522.7,259044.08,-201521.39,-63.66,18.17,5.3,DOWN,501,74,316566.78,9.0,60.0,1.0,True,1,18109.13,5,239787.18,-221678.06,45.2,0.152,0.875,1.0,0.99,626448.86,674294.89,-47846.03,-3.68,48.16,42.5,DOWN,2696,431,1300743.76,56.0,300.0,1.0,True,13,436387.27,11,425814.02,10573.26,77.5,0.528,1.0,1.0,0.998,1878626.3,1395725.23,482901.07,14.75,57.37,76.3,UP,8340,1297,3274351.53,148.9,900.0,1.0,True,36,1146180.59,24,826079.38,320101.21,89.1,0.749,1.0,1.0,0.999,-207752.38,-233491.15,360868.44,-34.15,-10.73,1.0,29396.59,0.0802,24286.5,0.0934,-0.514,UP,1789671279177,BUY,18109.13,0.08146,1789671180000,ok,1.0,1.0,1.0,continuous,1,98,0,,0,0,0,0,False,601,0.08145,0.08146,1.228,-0.025,0.0428,-0.2007,1172128.04,1075887.02,23.94,1789671281951,524,False,,AGGRESSIVE_SELLER,,
2,v2,v1.2,REALF_PY_V4_2_DERIVED,ZPTDIFAT_PY_V1_4_DERIVED,fc-v1,native,,058e38aec59f4c35,20260917_214621,125,LINK_20260917_215446_610,LINKUSDT,BINANCE,FUTURES,TOP100,17,10000,1789671286610,2026-09-17T21:54:46.610+03:00,67,True,1789671285657,1789671286610,78.7,1789671240000,1789671299999,False,45.7,11.333,-0.0353,50.2,FAIR (DENGE),True,500,49.7,53.5,47.4,50.0,-0.00117,-0.61,-0.15,0.00119,0.595,0.15,0.7,45.0,-9.3,YOK,6.2,0.141,11.319797415025574,-0.116,CLV_PROXY_1M,0,0.0,100.0,50.2,50.0,51.6,60.8,0.2,-1.4,-10.6,-0.00117,0.00033,0.00041,0.00105,53.94,57.75,55.13,57.43,-3.81,-1.19,-3.49,46.04,42.67,500,native,53.94,NORMAL,46.04,42.67,True,300,47.9,BEAR,BOS DN,MIX/HL,LH/LL,RANGE,75.5,True,True,499,20,75.5,1789670040000,HIGH,11.379,3.75,,,,11.14,15.74,2,0,1,11.364,11.14,HIGH_SWEEP,23,11.358,False,False,0.1082,499,native,35.08,NORMAL,36.03,34.33,True,300,58.9,BULL,BOS UP,HH/MIX,LH/LL,RANGE,75.3,True,True,498,36,60.7,1789664760000,LOW,11.302,1.39,,,,11.100999999999999,10.37,2,0,1,11.379,11.100999999999999,EQL_SWEEP,7,11.335,False,False,0.1973,499,native,32.36,NORMAL,41.31,27.0,True,300,81.4,BULL,BOS UP,HH/HL,HH/MIX,RANGE,89.1,True,True,498,21,47.6,1789664700000,LOW,11.302,0.94,,,,,,,0,0,11.428,11.302,HIGH_SWEEP,20,11.406,False,False,0.2912,499,native,47.96,NORMAL,38.26,34.0,True,300,70.9,BULL,BOS UP,MIX/HL,HH/HL,RANGE,77.0,True,True,498,19,61.0,1789653600000,LOW,11.089,3.84,11.428,1.5,2,11.0905,3.82,2,1,1,11.428,11.0905,HIGH_SWEEP,17,11.34,False,False,0.5598,499,native,82.66,YORGUN,76.54,85.0,True,300,54.7,BEAR,BOS DN,MIX/HL,HH/HL,TR DN,70.8,True,True,498,35,42.9,1789542000000,HIGH,11.501,1.32,12.7855,11.45,2,,,,1,0,12.7855,11.089,LOW_SWEEP,25,10.67,False,False,1.1169,499,native,57.57,NORMAL,67.32,73.0,True,300,16.6,BEAR,BOS DN,LH/LL,HH/MIX,RANGE,86.2,True,True,498,12,24.8,1789488000000,HIGH,11.961,2.54,,,,8.062,13.23,2,0,1,11.961,8.062,EQH_SWEEP,80,12.035499999999999,False,False,2.1745,661,902,3392.41,22013.48,-18621.07,-73.29,13.35,5.1,DOWN,144,29,25405.89,3.6,60.0,1.0,True,0,0.0,1,12405.43,-12405.43,29.2,0.068,0.601,1.0,0.989,170969.86,187500.1,-16530.24,-4.61,47.69,40.7,DOWN,1193,228,358469.96,29.0,300.0,1.0,True,4,100045.93,3,84609.11,15436.82,64.6,0.367,0.889,1.0,0.998,666504.68,646366.24,20138.44,1.53,50.77,53.1,FLAT,4429,748,1312870.92,151.0,900.0,1.0,True,14,295669.45,11,275335.63,20333.82,89.2,0.751,1.0,1.0,0.999,5648.06,-13667.87,40433.2,-14.39,-1.89,1.0,9152.65,0.0969,1396.1,0.0195,-0.6502,UP,1789671231197,SELL,12405.43,11.339,1789671180000,ok,1.0,1.0,1.0,continuous,1,46,0,,0,0,0,0,False,645,11.333,11.334,0.882,0.113,0.025,0.1018,196407.6,186822.02,17.21,1789671285188,1422,False,,AGGRESSIVE_SELLER,,
2,v2,v1.2,REALF_PY_V4_2_DERIVED,ZPTDIFAT_PY_V1_4_DERIVED,fc-v1,native,,058e38aec59f4c35,20260917_214621,126,ADA_20260917_215450_736,ADAUSDT,BINANCE,FUTURES,TOP100,19,10000,1789671290736,2026-09-17T21:54:50.736+03:00,67,True,1789671289765,1789671290736,79.5,1789671240000,1789671299999,False,49.8,0.2014,-0.0496,52.3,FAIR (DENGE),True,500,52.7,53.9,50.5,50.3,-0.00137,-0.72,-0.77,0.00148,0.586,0.31,8.7,55.0,0.9,YOK,3.4,1.0,0.201123559174806,-0.137,CLV_PROXY_1M,0,0.0,100.0,52.3,51.1,42.5,56.6,1.2,9.8,-4.3,-0.00137,0.00011,-0.00144,6e-05,50.51,51.97,50.65,58.67,-1.46,-0.14,-8.16,46.42,48.67,500,native,50.51,NORMAL,46.42,48.67,True,300,15.6,BEAR,BOS DN,LH/LL,MIX/HL,RANGE,93.2,True,True,499,20,79.1,1789670040000,HIGH,0.2022,2.88,0.2022,2.88,2,,,,2,0,0.2022,0.2009,LOW_SWEEP,139,0.2016,False,False,0.1379,499,native,27.36,DINLENMIS,38.54,27.33,True,300,13.2,BEAR,BOS DN,LH/LL,LH/LL,TR DN,89.7,True,True,498,7,36.4,1789669980000,HIGH,0.203,3.18,,,,,,,0,0,0.2022,0.2009,LOW_SWEEP,21,0.2021,False,False,0.2344,499,native,23.57,DINLENMIS,32.45,18.67,True,300,66.9,BULL,BOS UP,MIX/HL,LH/LL,RANGE,73.0,True,True,498,22,65.2,1789664400000,LOW,0.2008,1.1,,,,0.1903,17.55,2,0,1,0.203,0.1903,HIGH_SWEEP,20,0.2028,False,False,0.3165,499,native,43.51,NORMAL,31.82,26.67,True,300,71.8,BULL,BOS UP,MIX/HL,HH/HL,RANGE,79.0,True,True,498,18,79.1,1789654500000,LOW,0.1972,3.41,,,,0.1972,3.41,2,0,2,0.2033,0.1972,HIGH_SWEEP,16,0.2022,False,False,0.625,499,native,84.86,ASIRI,74.06,86.0,True,300,49.9,TR-UP,CHOCH UP,MIX/LL,HH/HL,TR-UP,79.1,True,True,498,12,61.8,1789624800000,LOW,0.1901,4.63,,,,,,,0,0,0.1973,0.1901,EQH_SWEEP,17,0.19690000000000002,False,False,1.2131,499,native,52.91,NORMAL,62.87,75.33,True,300,16.5,BEAR,BOS DN,LH/LL,LH/LL,RANGE,83.9,True,True,498,12,45.7,1789488000000,HIGH,0.2159,2.95,,,,,,,0,0,0.2159,0.1901,LOW_SWEEP,49,0.2148,False,False,2.414,2859,839,5511.73,20822.65,-15310.92,-58.14,20.93,5.5,DOWN,199,41,26334.37,3.4,60.0,1.0,True,0,0.0,1,12764.62,-12764.62,28.3,0.063,0.605,1.0,0.952,165682.72,88852.3,76830.42,30.18,65.09,89.6,UP,1320,233,254535.03,8.0,300.0,1.0,True,3,128259.19,2,26937.12,101322.07,43.1,0.138,0.851,1.0,0.99,650272.39,395499.28,254773.11,24.36,62.18,86.1,UP,4230,725,1045771.67,37.0,900.0,1.0,True,16,448799.98,11,277684.41,171115.58,71.0,0.425,1.0,1.0,0.997,-771.19,-20760.9,-8387.71,-13.12,-3.55,1.0,26978.5,0.3566,23745.81,0.4665,-0.2589,UP,1789671240475,SELL,12764.62,0.2015,1789671180000,ok,1.0,1.0,1.0,continuous,1,61,0,,0,0,0,0,False,727,0.2014,0.2015,4.964,-1.045,0.154,-0.1906,2697848.2,1977784.23,96.8,1789671289407,1329,False,,AGGRESSIVE_SELLER,,
2,v2,v1.2,REALF_PY_V4_2_DERIVED,ZPTDIFAT_PY_V1_4_DERIVED,fc-v1,native,,058e38aec59f4c35,20260917_214621,127,LTC_20260917_215454_766,LTCUSDT,BINANCE,FUTURES,TOP100,25,10000,1789671294766,2026-09-17T21:54:54.766+03:00,67,True,1789671293948,1789671294766,80.1,1789671240000,1789671299999,False,53.9,53.44,-0.0561,42.5,FAIR (DENGE),True,500,40.2,48.0,38.3,47.1,0.00039,-1.26,-0.13,0.00096,0.416,0.84,30.3,75.0,-22.4,YOK,9.7,1.0,53.46080829539276,0.039,CLV_PROXY_1M,0,0.0,100.0,42.5,44.4,50.9,62.8,-1.9,-8.4,-20.3,0.00039,0.00052,0.00089,0.00167,28.27,33.68,37.2,44.31,-5.41,-8.93,-16.04,18.48,9.0,500,native,28.27,DINLENMIS,18.48,9.0,True,300,16.1,BEAR,BOS DN,LH/LL,LH/LL,SQZ,92.3,True,True,499,20,72.3,1789670040000,HIGH,53.71,6.5,,,,,,,0,0,53.58,53.44,HIGH_SWEEP,43,53.78,False,False,0.0776,499,native,16.63,DINLENMIS,18.03,8.33,True,300,30.5,TR-DN,CHOCH DN,LH/MIX,LH/LL,TR-DN,72.7,True,True,498,6,57.3,1789670160000,HIGH,53.86,5.03,,,,,,,0,0,53.86,53.65,HIGH_SWEEP,38,53.74,False,False,0.1562,499,native,16.63,DINLENMIS,17.81,5.0,True,300,66.7,BULL,BOS UP,MIX/HL,LH/LL,RANGE,73.2,True,True,498,21,34.8,1789664700000,LOW,53.31,1.04,,,,50.21,25.77,2,0,2,53.86,50.21,HIGH_SWEEP,22,53.74,False,False,0.2342,499,native,63.38,NORMAL,44.3,45.0,True,300,70.1,BULL,BOS UP,HH/MIX,HH/HL,TR UP,78.7,True,True,498,18,42.9,1789654500000,LOW,52.51,4.15,,,,,,,0,0,53.98,52.46,HIGH_SWEEP,17,53.11,False,False,0.4182,499,native,85.17,ASIRI,77.13,85.33,True,300,66.1,TR-UP,CHOCH UP,MIX/HL,HH/MIX,TR-UP,63.2,True,True,498,7,40.7,1789642800000,LOW,50.13,7.24,,,,,,,0,0,52.81,52.46,HIGH_SWEEP,9,52.81,False,False,0.8504,499,native,64.86,NORMAL,75.96,83.67,True,300,50.7,TR-DN,CHOCH DN,HH/MIX,LH/LL,TR-DN,72.3,True,True,498,11,38.2,1789502400000,HIGH,55.24,2.04,,,,,,,0,0,55.24,50.13,HIGH_SWEEP,27,54.28,False,False,1.6471,17735,442,3002.22,25089.84,-22087.62,-78.63,10.69,5.1,DOWN,136,25,28092.06,5.4,60.0,1.0,True,0,0.0,1,11155.07,-11155.07,32.9,0.098,0.612,1.0,0.704,72875.76,80005.62,-7129.85,-4.66,47.67,40.6,DOWN,709,132,152881.38,23.4,300.0,1.0,True,3,38140.5,2,21991.53,16148.98,58.8,0.319,0.796,1.0,0.941,274069.85,216637.39,57432.47,11.7,55.85,71.9,UP,1830,391,490707.24,35.7,900.0,1.0,True,7,156558.87,7,104880.3,51678.57,68.6,0.417,0.923,1.0,0.98,-8902.84,-26538.27,-14545.62,-2.23,-9.83,1.0,83.07,0.0027,2796.81,0.0915,-0.178,NONE,1789671254291,SELL,11155.07,53.438988809259186,1789671180000,ok,1.0,1.0,1.0,continuous,1,33,0,,0,0,0,0,False,777,53.43,53.44,1.871,-0.741,0.0478,0.1036,881491.39,801020.36,36.49,1789671293349,1417,False,,FATIGUE_RESTED_1M|AGGRESSIVE_SELLER,,
2,v2,v1.2,REALF_PY_V4_2_DERIVED,ZPTDIFAT_PY_V1_4_DERIVED,fc-v1,native,,058e38aec59f4c35,20260917_214621,128,AVAX_20260917_215458_726,AVAXUSDT,BINANCE,FUTURES,TOP100,31,5000,1789671298726,2026-09-17T21:54:58.726+03:00,67,True,1789671298726,1789671298726,80.9,1789671240000,1789671299999,False,58.7,7.599,-0.0526,54.6,FAIR (DENGE),True,500,57.0,51.5,54.1,52.8,-0.00041,-0.5,-0.5,0.00112,0.651,1.03,66.0,50.0,0.6,YOK,5.5,1.0,7.595849945101381,-0.041,CLV_PROXY_1M,0,0.0,100.0,54.6,51.8,51.4,52.0,2.8,3.2,2.6,-0.00041,-0.0003,-0.00065,2e-05,69.02,70.49,66.3,65.38,-1.47,2.72,3.64,63.82,69.67,500,native,69.02,NORMAL,63.82,69.67,True,300,46.6,TR-DN,CHOCH DN,HH/MIX,MIX/HL,TR-DN,81.7,True,True,499,20,86.3,1789670040000,HIGH,7.618,2.58,,,,,,,0,0,7.618,7.57,HIGH_SWEEP,26,7.609,False,False,0.0967,499,native,44.0,NORMAL,52.78,49.33,True,300,15.3,BEAR,BOS DN,LH/LL,MIX/LL,RANGE,86.3,True,True,498,12,51.8,1789669080000,HIGH,7.635,2.74,,,,,,,0,0,7.618,7.57,LOW_SWEEP,13,7.605,False,False,0.1726,499,native,29.48,DINLENMIS,42.89,28.0,True,300,60.9,TR-DN,CHOCH DN,HH/HL,LH/MIX,TR-DN,89.2,True,True,498,3,51.7,1789670100000,HIGH,7.646,2.44,,,,,,,0,0,7.646,7.603,LOW_SWEEP,7,7.603,False,False,0.2536,499,native,51.46,NORMAL,44.78,41.67,True,300,48.5,BULL,BOS UP,MIX/LL,HH/HL,RANGE,70.0,True,True,498,25,14.8,1789648200000,LOW,7.514,2.51,7.648,1.45,2,,,,1,0,7.648,7.523,LOW_SWEEP,14,7.539,False,False,0.4453,499,native,69.51,NORMAL,65.62,71.33,True,300,71.5,BEAR,BOS DN,HH/HL,HH/HL,TR DN,79.6,True,True,498,52,46.7,1789480800000,HIGH,7.8,2.81,8.192,8.3,3,7.186,5.78,2,1,1,8.192,7.186,EQL_SWEEP,25,7.186,False,False,0.939,499,native,72.37,YORGUN,77.54,86.67,True,300,46.4,TR-DN,CHOCH DN,HH/MIX,LH/MIX,TR-DN,73.8,True,True,498,7,50.3,1789560000000,HIGH,7.8,1.4,,,,7.173500000000001,2.97,2,0,1,7.8,7.173500000000001,LOW_SWEEP,12,7.243,False,False,1.8868,1866,751,39596.01,33346.48,6249.52,8.57,54.28,66.7,UP,294,33,72942.49,11.4,60.0,1.0,True,3,35255.54,1,5665.73,29589.81,46.0,0.186,0.716,1.0,0.969,161590.64,101423.07,60167.56,22.88,61.44,85.0,UP,1224,190,263013.71,37.6,300.0,1.0,True,10,119955.62,5,27804.66,92150.95,68.0,0.429,0.855,1.0,0.994,629979.71,483023.76,146955.94,13.2,56.6,74.2,UP,4253,647,1113003.47,59.7,900.0,1.0,True,29,401432.22,24,297512.9,103919.32,78.4,0.544,1.0,1.0,0.998,17494.48,4325.2,61429.01,23.79,-0.33,1.0,21022.57,0.2822,15783.67,0.3001,-0.1344,UP,1789671270335,BUY,11721.26,7.601333333333334,1789671180000,ok,1.0,1.0,1.0,continuous,1,50,0,,0,0,0,0,False,823,7.6,7.601,1.316,0.252,0.3238,-0.1101,363815.66,185831.49,25.66,1789671297936,790,False,,,,
2,v2,v1.2,REALF_PY_V4_2_DERIVED,ZPTDIFAT_PY_V1_4_DERIVED,fc-v1,native,,058e38aec59f4c35,20260917_214621,129,SUI_20260917_215502_577,SUIUSDT,BINANCE,FUTURES,TOP100,35,5000,1789671302577,2026-09-17T21:55:02.577+03:00,67,True,1789671302042,1789671302577,81.3,1789671240000,1789671299999,True,62.0,0.732,-0.0273,56.1,FAIR (DENGE),True,500,58.9,54.7,54.3,50.2,-0.00163,-0.45,-0.52,0.00138,0.661,0.2,1.0,45.0,-16.7,YOK,4.6,1.0,0.7308065235226964,-0.163,CLV_PROXY_1M,0,0.0,100.0,56.1,56.4,53.2,59.4,-0.3,2.9,-3.3,-0.00163,0.00032,-0.00037,0.00011,59.2,59.42,55.99,57.35,-0.22,3.21,1.85,57.27,62.0,500,native,59.2,NORMAL,57.27,62.0,True,300,20.0,TR-DN,CHOCH DN,LH/LL,MIX/HL,TR-DN,86.9,True,True,499,20,83.1,1789670040000,HIGH,0.7344,2.54,,,,,,,0,0,0.7337,0.7287,HIGH_SWEEP,21,0.7344,False,False,0.1289,499,native,37.6,NORMAL,41.61,41.67,True,300,29.3,BULL,BOS UP,LH/LL,LH/LL,RANGE,86.6,True,True,498,37,54.4,1789664580000,LOW,0.7291,1.77,,,,0.7292,1.71,2,0,3,0.7352,0.7292,EQL_SWEEP,5,0.7292,False,False,0.2237,499,native,32.71,NORMAL,44.15,32.67,True,300,81.4,BULL,BOS UP,HH/HL,LH/LL,RANGE,90.7,True,True,498,21,31.2,1789664700000,LOW,0.7291,1.28,,,,0.71575,7.18,2,0,2,0.7387,0.71575,HIGH_SWEEP,20,0.7373,False,False,0.3089,34,resampled_1m,45.44,NORMAL,44.4,7.14,False,14,89.0,BULL,BOS UP,HH/HL,HH/HL,TR UP,86.7,True,False,33,6,54.5,1789665300000,LOW,0.7223,2.31,,,,,,,0,0,0.7387,0.7291,HIGH_SWEEP,11,0.7351,False,False,0.5726,499,native,82.77,YORGUN,79.15,91.67,True,300,72.6,BEAR,BOS DN,HH/HL,HH/HL,TR DN,82.7,True,True,498,52,50.4,1789480800000,HIGH,0.7479,1.86,0.8336,11.79,2,,,,2,0,0.8336,0.7157,LOW_SWEEP,25,0.6814,False,False,1.1765,499,native,72.64,YORGUN,78.04,90.33,True,300,59.4,BEAR,BOS DN,HH/HL,MIX/HL,TR DN,78.3,True,True,498,11,25.5,1789502400000,HIGH,0.7479,0.93,,,,,,,0,0,0.7479,0.6773,LOW_SWEEP,13,0.692,False,False,2.3241,2859,1314,9322.54,11244.41,-1921.86,-9.34,45.33,32.0,DOWN,193,52,20566.95,8.1,60.0,1.0,True,1,5000.68,0,0.0,5000.68,38.4,0.139,0.578,1.0,0.952,301105.99,176073.84,125032.14,26.2,63.1,87.4,UP,2024,365,477179.83,49.8,300.0,1.0,True,15,221150.57,10,76909.05,144241.51,73.8,0.499,0.92,1.0,0.99,859187.87,716996.36,142191.51,9.02,54.51,67.5,UP,6734,1072,1576184.23,178.1,900.0,1.0,True,42,543670.84,38,460260.21,83410.63,90.5,0.781,1.0,1.0,0.997,-12875.43,15902.99,91041.52,-20.65,2.15,1.0,55589.81,0.5074,36266.69,0.38,-0.3997,UP,1789671294491,BUY,5000.68,0.7321000000000001,1789671180000,ok,1.0,1.0,1.0,continuous,1,70,0,,0,0,0,0,False,76,0.732,0.7321,1.366,0.206,0.0154,0.1297,423346.67,410500.95,26.64,1789671301665,912,False,,,,
2,v2,v1.2,REALF_PY_V4_2_DERIVED,ZPTDIFAT_PY_V1_4_DERIVED,fc-v1,native,,058e38aec59f4c35,20260917_214621,130,AKE_20260917_215505_946,AKEUSDT,BINANCE,FUTURES,TOP100,94,2000,1789671305946,2026-09-17T21:55:05.946+03:00,67,True,1789671305912,1789671305946,80.0,1789671300000,1789671359999,False,5.9,0.020786,-0.0192,43.2,FAIR (DENGE),True,500,41.0,42.4,45.9,50.0,0.01233,-0.24,-0.12,0.00766,0.71,0.03,0.3,50.0,2.3,YOK,5.0,1.0,0.02104391800857416,1.241,CLV_PROXY_1M,0,0.0,100.0,43.2,44.5,44.7,37.5,-1.3,-1.5,5.7,0.01233,8e-05,0.00142,-0.00022,33.76,33.98,36.74,32.06,-0.22,-2.98,1.7,32.18,35.67,500,native,33.76,NORMAL,32.18,35.67,True,300,15.4,BEAR,BOS DN,LH/LL,HH/MIX,SQZ,87.0,True,True,499,10,34.4,1789670700000,HIGH,0.021142,6.55,0.021141,6.53,2,,,,1,0,0.021141,0.020721,LOW_SWEEP,5,0.020824,False,False,0.2615,499,native,21.73,DINLENMIS,23.32,16.67,True,300,47.6,TR-DN,CHOCH DN,HH/MIX,MIX/LL,TR-DN,76.1,True,True,498,3,51.0,1789670700000,HIGH,0.021142,2.96,,,,,,,0,0,0.021142,0.020851,EQL_SWEEP,6,0.020852500000000003,False,False,0.5768,499,native,26.13,DINLENMIS,22.45,14.33,True,300,78.9,TR-UP,CHOCH UP,HH/HL,HH/MIX,TR-UP,82.8,True,True,498,17,62.4,1789665900000,LOW,0.020714,0.42,,,,,,,0,0,0.021935,0.020811,LOW_SWEEP,1,0.020811,True,False,0.8375,499,native,26.59,DINLENMIS,24.19,5.67,True,300,59.3,BEAR,BOS DN,HH/MIX,HH/HL,SQZ,70.0,True,True,498,106,97.0,1789575300000,HIGH,0.028247,19.91,0.029421000000000003,23.05,2,0.020765,0.06,2,1,3,0.029421000000000003,0.020765,EQL_SWEEP,9,0.020765,False,True,1.7961,499,native,54.01,NORMAL,43.91,40.67,True,300,56.6,BULL,BOS UP,MIX/HL,MIX/HL,RANGE,70.2,True,True,498,62,56.3,1789444800000,LOW,0.014658,4.78,0.029844000000000002,7.07,2,0.012500500000000001,6.46,3,1,2,0.029844000000000002,0.012500500000000001,HIGH_SWEEP,63,0.0165,False,False,6.0934,499,native,42.01,NORMAL,37.81,31.33,True,300,86.4,BULL,BOS UP,HH/HL,MIX/HL,TR UP,90.5,True,True,498,15,80.8,1789444800000,LOW,0.013069,2.64,,,,0.0128725,2.71,2,0,3,0.029888,0.0128725,EQL_SWEEP,64,0.0128725,False,False,13.8617,2358,3257,5730.16,4493.82,1236.34,12.09,56.05,72.5,UP,445,215,10223.97,23.9,60.0,1.0,True,0,0.0,0,0.0,0.0,51.6,0.324,0.502,1.0,0.961,47542.26,48181.05,-638.79,-0.67,49.67,48.6,FLAT,2642,1133,95723.32,136.1,300.0,1.0,True,2,13870.83,3,19554.36,-5683.53,80.7,0.731,0.745,1.0,0.992,140767.46,126430.91,14336.55,5.37,52.68,60.8,UP,7622,3257,267198.36,428.8,829.3,0.9215,False,8,29081.96,9,41836.47,-12754.52,89.8,0.896,0.857,0.921,0.997,424.96,-1427.33,,3.31,-0.76,0.8548,478.75,0.0453,-41.15,-0.0021,-0.0026,NONE,1789671124084,BUY,5541.36,0.0208019959907803,1789671180000,ok,1.0,1.0,1.0,continuous,1,320,0,,0,0,0,0,False,124,0.020783,0.020784,0.481,-0.193,-0.0315,-0.1408,3782.78,4028.95,9.38,1789671305372,574,False,,,,
2,v2,v1.2,REALF_PY_V4_2_DERIVED,ZPTDIFAT_PY_V1_4_DERIVED,fc-v1,native,,058e38aec59f4c35,20260917_214621,131,PONS_20260917_215510_208,PONSUSDT,BINANCE,FUTURES,OUTSIDE100,112,2000,1789671310208,2026-09-17T21:55:10.208+03:00,67,True,1789671309372,1789671310208,80.7,1789671300000,1789671359999,False,9.4,0.6413,-0.0468,47.0,FAIR (DENGE),True,500,46.3,44.5,50.0,50.0,0.00602,0.77,0.44,0.00421,0.544,0.03,0.3,40.0,-3.5,YOK,5.5,0.995,0.6451714187514035,0.604,CLV_PROXY_1M,0,0.0,100.0,47.0,46.6,48.4,41.7,0.4,-1.4,5.3,0.00602,0.00023,0.00026,-0.0021,57.26,54.15,45.17,37.09,3.11,12.09,20.17,63.16,67.67,500,native,57.26,NORMAL,63.16,67.67,True,300,18.6,BEAR,BOS DN,LH/LL,LH/LL,TR DN,88.8,True,True,499,21,49.5,1789670040000,HIGH,0.6584,7.69,,,,,,,0,0,0.6423,0.6375,LOW_SWEEP,20,0.6446,False,False,0.3464,499,native,19.22,DINLENMIS,30.27,22.67,True,300,9.4,BEAR,BOS DN,LH/LL,LH/LL,RANGE,93.5,True,True,498,5,55.4,1789670340000,HIGH,0.6584,4.25,0.6657,6.06,2,,,,1,0,0.6657,0.6375,LOW_SWEEP,6,0.6433,False,False,0.6284,499,native,21.97,DINLENMIS,28.07,17.33,True,300,9.1,BEAR,BOS DN,LH/LL,LH/LL,RANGE,91.1,True,True,498,4,62.4,1789670100000,HIGH,0.6584,3.06,0.6657,4.37,2,,,,1,0,0.6657,0.6433,LOW_SWEEP,13,0.6466,False,False,0.8701,499,native,40.95,NORMAL,30.71,27.0,True,300,72.0,BULL,BOS UP,HH/MIX,MIX/HL,RANGE,73.2,True,True,498,12,67.0,1789659900000,LOW,0.6099,2.51,,,,,,,0,0,0.6721,0.6099,HIGH_SWEEP,8,0.6573,False,False,1.9567,277,native,63.05,NORMAL,51.52,60.7,False,257,79.1,TR-UP,CHOCH UP,HH/HL,HH/HL,TR-UP,85.3,True,True,276,17,48.5,1789606800000,LOW,0.5563,3.39,,,,,,,0,0,0.669,0.6099,HIGH_SWEEP,2,0.669,False,False,3.852,70,native,69.73,NORMAL,65.56,80.0,False,50,45.0,BEAR,BOS DN,HH/MIX,HH/MIX,RANGE,70.9,True,False,69,7,30.3,1789560000000,HIGH,0.6992,1.2,,,,,,,0,0,0.6992,0.5483,LOW_SWEEP,9,0.5821,False,False,7.231,-210,1919,32174.06,5770.79,26403.27,69.58,84.79,94.8,UP,336,92,37944.85,32.5,60.0,1.0,True,2,16490.94,0,0.0,16490.94,60.4,0.394,0.645,1.0,1.0,92031.06,55585.46,36445.6,24.69,62.34,86.4,UP,1731,499,147616.52,92.1,300.0,1.0,True,7,47710.33,3,11989.99,35720.34,78.4,0.648,0.792,1.0,1.0,281090.62,252310.37,28780.25,5.4,52.7,60.8,UP,5774,1663,533400.99,226.2,900.0,1.0,True,21,125052.74,17,96442.18,28610.56,90.4,0.819,0.932,1.0,1.0,33446.88,23618.44,4857.07,57.44,7.89,0.9785,7176.42,0.2107,6468.52,0.2191,0.1375,NONE,1789671254646,BUY,9601.92,0.6416682504677894,1789671180000,ok,1.0,1.0,1.0,continuous,1,123,0,,0,0,0,0,False,182,0.6416,0.6417,1.558,-0.048,-0.1295,0.0936,23727.75,30785.98,30.39,1789671309866,342,False,,AGGRESSIVE_BUYER,,
2,v2,v1.2,REALF_PY_V4_2_DERIVED,ZPTDIFAT_PY_V1_4_DERIVED,fc-v1,native,,058e38aec59f4c35,20260917_214621,132,SKR_20260917_215513_557,SKRUSDT,BINANCE,FUTURES,OUTSIDE100,227,500,1789671313557,2026-09-17T21:55:13.557+03:00,67,True,1789671313552,1789671313557,79.7,1789671300000,1789671359999,False,13.6,0.018781,0.0213,58.1,PRICE AHEAD,True,500,63.2,48.4,62.8,50.1,0.00072,0.41,-0.44,0.00197,0.47,0.03,1.0,55.0,-0.1,YOK,14.7,0.913,0.01879448631717352,0.072,CLV_PROXY_1M,0,0.0,100.0,58.1,56.1,48.8,51.5,2.0,9.3,6.6,0.00072,-0.00023,-0.00253,-0.00269,73.72,70.92,58.21,56.66,2.8,15.51,17.06,76.79,88.33,500,native,73.72,YORGUN,76.79,88.33,True,300,75.8,BULL,BOS UP,MIX/HL,HH/MIX,TR UP,75.2,True,True,499,2,63.1,1789671180000,LOW,0.018709,2.13,0.018926,4.28,2,,,,3,0,0.018926,0.018709,EQL_SWEEP,135,0.019110500000000002,False,False,0.1804,499,native,33.89,NORMAL,47.91,50.33,True,300,6.1,BEAR,BOS DN,LH/LL,MIX/HL,TR DN,99.1,True,True,498,9,97.5,1789669620000,HIGH,0.018967,3.15,0.019326,9.22,2,,,,2,0,0.019326,0.018669,LOW_SWEEP,10,0.018854,False,False,0.3147,499,native,28.81,DINLENMIS,40.65,37.0,True,300,39.4,BULL,BOS UP,MIX/LL,LH/LL,TR UP,73.7,True,True,498,102,21.7,1789640700000,LOW,0.018378,4.91,0.019326,6.65,2,,,,2,0,0.019326,0.018669,LOW_SWEEP,12,0.018915,False,False,0.4368,499,native,23.62,DINLENMIS,23.55,14.67,True,300,28.1,BULL,BOS UP,LH/LL,MIX/LL,RANGE,80.8,True,True,498,42,67.4,1789632900000,LOW,0.018378,2.28,,,,0.017547,6.99,2,0,2,0.019329,0.017547,HIGH_SWEEP,44,0.018739,False,False,0.9438,499,native,44.75,NORMAL,33.68,30.67,True,300,89.6,BULL,BOS UP,HH/HL,HH/HL,TR UP,91.9,True,True,498,9,72.8,1789635600000,LOW,0.017378,3.24,0.025375500000000002,15.23,2,,,,1,0,0.025375500000000002,0.018378,LOW_SWEEP,25,0.017542,False,False,2.2875,499,native,77.86,YORGUN,69.01,78.33,True,300,72.0,BULL,BOS UP,HH/HL,HH/HL,TR UP,80.9,True,True,498,111,36.2,1788062400000,LOW,0.008858,11.29,,,,0.017043000000000003,1.98,2,0,1,0.019684,0.017043000000000003,HIGH_SWEEP,1,0.019684,True,False,4.5845,6355,540,128.82,18.68,110.14,74.67,87.33,94.9,UP,11,7,147.5,2.6,60.0,1.0,True,0,0.0,0,0.0,0.0,11.5,0.049,0.042,1.0,0.894,6559.48,6496.79,62.69,0.48,50.24,51.0,FLAT,223,153,13056.28,43.3,300.0,1.0,True,3,2590.12,5,2918.22,-328.1,60.6,0.464,0.529,1.0,0.979,24887.12,14876.09,10011.04,25.18,62.59,86.7,UP,636,428,39763.21,87.9,900.0,1.0,True,9,16945.47,11,8292.66,8652.81,73.3,0.637,0.65,1.0,0.993,94.84,-12266.34,-1900.08,37.02,-20.54,1.0,422.33,0.3063,142.1,0.0544,0.3731,NONE,1789671245810,SELL,504.2,0.018786244308655314,1789671240000,ok,1.0,1.0,1.0,continuous,1,29,0,,0,0,0,0,False,225,0.018779,0.01878,0.532,0.078,-0.0143,-0.5746,2241.79,2306.66,15.71,1789671313042,515,False,,,,
2,v2,v1.2,REALF_PY_V4_2_DERIVED,ZPTDIFAT_PY_V1_4_DERIVED,fc-v1,native,,058e38aec59f4c35,20260917_214621,133,PROM_20260917_215516_919,PROMUSDT,BINANCE,FUTURES,OUTSIDE100,266,1000,1789671316919,2026-09-17T21:55:16.919+03:00,67,True,1789671316797,1789671316919,79.7,1789671300000,1789671359999,False,16.8,5.435,0.0,58.2,PRICE AHEAD,True,500,60.4,61.0,53.5,50.0,-0.00374,-0.27,-0.49,0.00144,0.354,0.01,0.3,60.0,-8.9,YOK,7.5,1.0,5.414688813945954,-0.374,CLV_PROXY_1M,0,0.0,100.0,58.2,51.8,43.9,45.3,6.4,14.3,12.9,-0.00374,5e-05,-0.00053,-0.00022,24.72,23.86,26.29,39.52,0.86,-1.57,-14.8,27.18,25.67,500,native,24.72,DINLENMIS,27.18,25.67,True,300,13.6,BEAR,BOS DN,LH/LL,HH/MIX,RANGE,87.2,True,True,499,5,23.7,1789671000000,HIGH,5.455,2.92,,,,5.408,3.94,2,0,1,5.455,5.408,HIGH_SWEEP,25,5.458,False,False,0.1262,499,native,38.7,NORMAL,25.38,19.0,True,300,57.1,BEAR,BOS DN,MIX/HL,MIX/HL,RANGE,68.8,True,True,498,61,51.4,1789660260000,HIGH,5.519,5.51,,,,5.3934999999999995,2.72,2,0,1,5.46,5.3934999999999995,HIGH_SWEEP,89,5.56,False,False,0.2808,499,native,59.32,NORMAL,46.0,54.0,True,300,82.5,BULL,BOS UP,HH/HL,MIX/HL,SQZ,81.3,True,True,498,10,31.8,1789668300000,LOW,5.408,1.33,,,,5.3919999999999995,2.12,2,0,2,5.493,5.3919999999999995,HIGH_SWEEP,11,5.442,False,False,0.3725,499,native,42.17,NORMAL,45.31,47.0,True,300,39.3,TR-DN,CHOCH DN,LH/MIX,LH/MIX,TR-DN,73.7,True,True,498,31,60.6,1789642800000,HIGH,5.659,5.51,5.7285,7.22,2,5.4015,0.82,2,2,1,5.7285,5.4015,LOW_SWEEP,124,5.332,False,False,0.7456,499,native,33.09,NORMAL,28.92,21.67,True,300,54.1,BEAR,BOS DN,MIX/HL,LH/MIX,RANGE,75.6,True,True,498,34,75.0,1789545600000,HIGH,5.729,3.24,5.8375,4.43,3,4.906499999999999,5.82,2,2,1,5.8375,4.906499999999999,EQL_SWEEP,82,5.5815,False,False,1.6737,499,native,39.08,NORMAL,45.42,35.33,True,300,27.1,BULL,BOS UP,LH/LL,LH/LL,SQZ,83.7,True,True,498,55,11.5,1788868800000,LOW,4.913,2.6,,,,4.4025,5.15,2,0,3,5.771,4.4025,HIGH_SWEEP,54,5.986,False,False,3.6806,58,430,514.12,184.73,329.38,47.13,73.57,93.8,UP,34,14,698.85,4.5,60.0,1.0,True,0,0.0,0,0.0,0.0,23.1,0.083,0.211,1.0,0.999,2870.94,14562.24,-11691.29,-67.06,16.47,5.2,DOWN,343,130,17433.18,16.3,300.0,1.0,True,0,0.0,2,10331.46,-10331.46,48.0,0.246,0.56,1.0,1.0,7750.95,27547.12,-19796.17,-56.08,21.96,5.5,DOWN,965,374,35298.08,47.8,900.0,1.0,True,0,0.0,5,15170.07,-15170.07,65.6,0.489,0.637,1.0,1.0,1616.81,563.36,229.83,66.87,1.99,1.0,-340.15,-0.2558,-1826.07,-0.5237,-0.9409,NONE,1789671042730,SELL,4376.84,5.429649299094406,1789671240000,ok,1.0,1.0,1.0,continuous,1,20,0,,0,0,0,0,False,307,5.435,5.436,1.84,0.521,0.2765,0.237,25102.1,14227.76,35.88,1789671316471,448,False,,FATIGUE_RESTED_1M,,
2,v2,v1.2,REALF_PY_V4_2_DERIVED,ZPTDIFAT_PY_V1_4_DERIVED,fc-v1,native,,058e38aec59f4c35,20260917_214621,134,UAI_20260917_215521_151,UAIUSDT,BINANCE,FUTURES,OUTSIDE100,296,2000,1789671321151,2026-09-17T21:55:21.151+03:00,67,True,1789671320259,1789671321151,80.7,1789671300000,1789671359999,False,20.3,0.3975,-0.0252,49.0,FAIR (DENGE),True,500,47.5,53.4,46.4,50.0,-0.00305,-0.5,-0.1,0.00337,0.38,0.01,0.3,40.0,-6.2,YOK,7.0,0.362,0.3962881284064169,-0.305,CLV_PROXY_1M,0,0.0,100.0,49.0,49.3,48.7,51.9,-0.3,0.3,-2.9,-0.00305,0.00041,0.00244,0.00232,18.2,20.85,28.09,25.06,-2.65,-9.89,-6.86,14.33,6.67,500,native,18.2,DINLENMIS,14.33,6.67,True,300,13.6,BEAR,BOS DN,LH/LL,LH/LL,SQZ,86.2,True,True,499,8,50.9,1789670820000,HIGH,0.4013,4.13,,,,,,,0,0,0.4005,0.3973,LOW_SWEEP,7,0.3985,False,False,0.2314,499,native,32.85,NORMAL,22.54,9.67,True,300,65.7,BEAR,BOS DN,HH/HL,MIX/HL,SQZ,86.5,True,True,498,24,42.5,1789666920000,HIGH,0.4029,2.64,0.40255,2.47,2,,,,1,0,0.40255,0.398,LOW_SWEEP,2,0.398,False,False,0.5132,499,native,47.51,NORMAL,40.03,23.33,True,300,69.3,TR-DN,CHOCH DN,HH/HL,MIX/HL,SQZ,89.3,True,True,498,31,62.9,1789662000000,HIGH,0.4026,1.68,0.40275,1.73,2,0.3559,13.69,3,1,1,0.40275,0.3559,EQH_SWEEP,10,0.40275,False,False,0.7645,499,native,69.74,NORMAL,62.81,81.33,True,300,58.9,BULL,BOS UP,MIX/HL,MIX/HL,SQZ,66.0,True,True,498,57,72.2,1789619400000,LOW,0.3708,3.66,0.5356000000000001,18.68,2,0.3838,1.9,2,1,2,0.5356000000000001,0.3838,LOW_SWEEP,126,0.3294,False,False,1.8434,499,native,55.55,NORMAL,53.13,53.67,True,300,68.4,BEAR,BOS DN,HH/HL,HH/HL,RANGE,81.1,True,True,498,35,45.2,1789542000000,HIGH,0.4132,0.8,,,,,,,0,0,0.418,0.3561,HIGH_SWEEP,13,0.3982,False,False,4.9257,499,native,50.13,NORMAL,57.38,58.0,True,300,17.1,BEAR,BOS DN,LH/LL,LH/LL,RANGE,87.8,True,True,498,16,42.0,1789430400000,HIGH,0.5943,4.01,,,,,,,0,0,0.5943,0.322,LOW_SWEEP,17,0.4503,False,False,12.2805,1947,587,422.68,1597.59,-1174.91,-58.16,20.92,5.5,DOWN,55,19,2020.27,5.3,60.0,1.0,True,0,0.0,0,0.0,0.0,27.9,0.096,0.326,1.0,0.968,13274.05,5841.98,7432.06,38.88,69.44,92.4,UP,437,167,19116.03,34.2,300.0,1.0,True,1,7249.99,0,0.0,7249.99,58.9,0.406,0.57,1.0,0.994,27615.05,42794.3,-15179.25,-21.56,39.22,16.1,DOWN,1346,505,70409.35,82.0,900.0,1.0,True,1,7249.99,3,15092.44,-7842.45,74.6,0.621,0.712,1.0,0.998,48.1,-2557.08,-3874.27,0.43,-7.11,1.0,1456.75,0.3439,2100.08,0.5493,0.3581,NONE,1789671164921,BUY,7249.99,0.3991623134944668,1789671240000,ok,1.0,1.0,1.0,continuous,1,23,0,,0,0,0,0,False,347,0.3977,0.3979,5.028,1.762,0.0445,-0.0065,19868.39,18174.03,50.28,1789671319911,1240,False,,FATIGUE_RESTED_1M|AGGRESSIVE_SELLER,,
2,v2,v1.2,REALF_PY_V4_2_DERIVED,ZPTDIFAT_PY_V1_4_DERIVED,fc-v1,native,,058e38aec59f4c35,20260917_214621,135,BULLA_20260917_215524_391,BULLAUSDT,BINANCE,FUTURES,OUTSIDE100,339,5000,1789671324391,2026-09-17T21:55:24.391+03:00,67,True,1789671324245,1789671324391,77.8,1789671300000,1789671359999,False,24.2,0.09254,0.1949,54.4,FAIR (DENGE),True,500,55.4,53.9,54.9,50.1,-0.00544,0.5,-0.01,0.00771,0.413,0.15,0.3,60.0,8.8,YOK,1.6,1.0,0.09203836267152189,-0.542,CLV_PROXY_1M,0,0.0,100.0,54.4,47.4,41.1,39.6,7.0,13.3,14.8,-0.00544,-0.00301,-0.006,-0.00572,65.12,63.46,69.36,82.2,1.66,-4.24,-17.08,64.0,80.67,500,native,65.12,NORMAL,64.0,80.67,True,300,72.9,BEAR,BOS DN,HH/HL,HH/HL,RANGE,83.6,True,True,499,88,41.6,1789666020000,HIGH,0.093324,1.29,0.1026155,16.57,3,0.09092,2.66,2,1,2,0.1026155,0.09092,LOW_SWEEP,89,0.09008,False,False,0.6584,499,native,74.15,YORGUN,79.59,91.33,True,300,71.8,BEAR,BOS DN,HH/HL,HH/MIX,SQZ,88.4,True,True,498,36,34.2,1789664760000,HIGH,0.09816,5.1,,,,,,,0,0,0.09288,0.0909,HIGH_SWEEP,2,0.09288,False,False,1.1986,499,native,76.2,YORGUN,74.43,84.0,True,300,16.3,BEAR,BOS DN,LH/LL,HH/HL,SQZ,95.5,True,True,498,22,64.2,1789664700000,HIGH,0.09816,3.86,,,,,,,0,0,0.09288,0.08758,HIGH_SWEEP,1,0.09288,True,False,1.594,499,native,37.53,NORMAL,47.48,53.67,True,300,31.7,BEAR,BOS DN,MIX/LL,LH/LL,TR DN,73.6,True,True,498,17,27.4,1789655400000,HIGH,0.10999,5.89,0.109785,5.82,2,,,,1,0,0.109785,0.08758,LOW_SWEEP,19,0.1007,False,False,3.2929,499,native,19.07,DINLENMIS,20.44,8.67,True,300,31.0,BULL,BOS UP,LH/LL,MIX/LL,TR UP,82.3,True,True,498,32,42.2,1789552800000,LOW,0.060024,3.25,,,,0.060025499999999996,3.25,2,0,1,0.121362,0.060025499999999996,HIGH_SWEEP,33,0.076341,False,False,10.9357,499,native,62.25,NORMAL,52.24,49.67,True,300,76.9,BULL,BOS UP,HH/MIX,HH/MIX,EXP UP,78.0,True,True,498,8,96.7,1789545600000,LOW,0.0675,1.5,,,,0.0154205,4.62,2,0,1,0.139078,0.0154205,HIGH_SWEEP,49,0.085989,False,False,17.3558,-86,3751,5868.86,7653.92,-1785.06,-13.2,43.4,25.8,DOWN,550,307,13522.78,77.7,60.0,1.0,True,0,0.0,0,0.0,0.0,67.9,0.609,0.533,1.0,1.0,58135.15,96985.38,-38850.22,-25.05,37.48,13.4,DOWN,3639,1988,155120.53,380.8,300.0,1.0,True,0,0.0,4,45532.5,-45532.5,88.9,0.884,0.798,1.0,1.0,172168.43,147313.9,24854.53,7.78,53.89,65.3,UP,7385,3750,319482.34,563.5,803.2,0.8924,False,6,49543.04,4,45532.5,4010.54,90.8,0.919,0.876,0.892,1.0,-1803.12,-11149.5,,-6.81,-4.59,0.8258,-2628.39,-0.191,-6550.15,-0.2111,-0.1836,NONE,1789671144751,SELL,5851.89,0.09157460064472715,1789671240000,ok,1.0,1.0,1.0,continuous,1,368,0,,0,0,0,0,False,394,0.09209,0.09219,10.853,-3.117,0.1945,0.0078,5182.03,3494.55,27.13,1789671323862,529,False,,,,
2,v2,v1.2,REALF_PY_V4_2_DERIVED,ZPTDIFAT_PY_V1_4_DERIVED,fc-v1,native,,058e38aec59f4c35,20260917_214621,136,OG_20260917_215528_656,OGUSDT,BINANCE,FUTURES,OUTSIDE100,523,500,1789671328656,2026-09-17T21:55:28.656+03:00,67,True,1789671327476,1789671328656,78.2,1789671300000,1789671359999,False,27.5,2.681,0.0,47.4,FAIR (DENGE),True,500,48.3,40.7,52.6,50.0,0.00248,0.35,-0.18,0.00031,0.123,0.0,3.7,25.0,35.8,YOK,12.0,0.71,2.687649053350804,0.248,CLV_PROXY_1M,0,0.0367,96.3,47.4,41.6,40.8,42.6,5.8,6.6,4.8,0.00248,-8e-05,-0.00075,-0.00083,63.45,61.89,55.36,60.73,1.56,8.09,2.72,65.27,71.33,500,native,63.45,NORMAL,65.27,71.33,True,300,38.4,BEAR,BOS DN,EQ/RANGE,HH/MIX,SQZ,71.5,True,True,499,21,78.2,1789670040000,HIGH,2.682,0.9,2.682,0.9,2,2.679,1.8,2,2,2,2.682,2.679,EQL_SWEEP,48,2.679,False,False,0.0415,499,native,50.67,NORMAL,60.25,65.33,True,300,33.8,TR-DN,CHOCH DN,LH/MIX,MIX/HL,SQZ,73.5,True,True,498,23,61.9,1789667100000,HIGH,2.691,3.97,2.692,4.36,2,2.677,1.59,2,2,1,2.692,2.677,EQH_SWEEP,28,2.692,False,False,0.094,499,native,38.84,NORMAL,49.38,46.33,True,300,44.9,BEAR,BOS DN,HH/MIX,LH/MIX,RANGE,73.4,True,True,498,12,60.5,1789667700000,HIGH,2.696,3.75,2.692,2.75,2,2.6635,4.37,2,1,1,2.692,2.6635,EQH_SWEEP,17,2.692,False,False,0.1493,499,native,34.82,NORMAL,33.56,24.0,True,300,56.9,TR-DN,CHOCH DN,MIX/HL,HH/MIX,SQZ,75.6,True,True,498,40,61.7,1789634700000,HIGH,2.719,4.21,2.6995,2.05,2,2.6635,1.94,2,1,1,2.6995,2.6635,EQL_SWEEP,21,2.6635,False,False,0.3366,499,native,34.37,NORMAL,32.99,28.33,True,300,63.8,TR-UP,CHOCH UP,MIX/HL,LH/MIX,TR-UP,80.6,True,True,498,32,49.7,1789552800000,LOW,2.61,3.12,2.7195,1.69,2,2.6,3.56,2,1,1,2.7195,2.6,HIGH_SWEEP,18,2.712,False,False,0.8491,499,native,64.82,NORMAL,56.92,58.0,True,300,63.4,BULL,BOS UP,MIX/HL,HH/HL,RANGE,74.5,True,True,498,28,65.4,1789257600000,LOW,2.595,1.88,2.9825,6.61,3,2.5975,1.83,2,2,2,2.9825,2.5975,EQH_SWEEP,84,2.9425,False,False,1.6988,46264,64,0.0,73.73,-73.73,-100.0,0.0,5.0,DOWN,4,1,73.73,1.0,60.0,1.0,True,0,0.0,0,0.0,0.0,0.0,0.02,0.0,1.0,0.229,179.07,703.35,-524.27,-59.41,20.29,5.4,DOWN,44,18,882.42,4.6,300.0,1.0,True,0,0.0,1,619.97,-619.97,23.8,0.085,0.236,1.0,0.846,1665.82,2282.85,-617.02,-15.63,42.19,22.5,DOWN,198,55,3948.67,11.6,900.0,1.0,True,1,1225.11,1,619.97,605.14,38.7,0.189,0.399,1.0,0.949,-103.77,-25.77,-700.49,-100.0,-2.26,1.0,19.41,0.263,-61.08,-0.3461,-0.9704,UP,1789671043818,SELL,619.97,2.6792156439066557,1789671240000,ok,1.0,1.0,1.0,continuous,1,2,0,,0,0,0,0,False,428,2.681,2.682,3.729,-1.826,-0.1149,-0.7078,26273.33,33095.5,72.72,1789671326192,2464,False,,,,
2,v2,v1.2,REALF_PY_V4_2_DERIVED,ZPTDIFAT_PY_V1_4_DERIVED,fc-v1,native,,058e38aec59f4c35,20260917_214621,137,ZORA_20260917_215532_734,ZORAUSDT,BINANCE,FUTURES,OUTSIDE100,612,500,1789671332734,2026-09-17T21:55:32.734+03:00,67,True,1789671331718,1789671332734,78.8,1789671300000,1789671359999,False,31.7,0.007727,0.0,64.6,PRICE AHEAD,True,500,68.5,66.3,60.8,50.1,-0.00722,0.56,0.09,0.00135,0.207,0.01,0.3,60.0,-19.8,YOK,7.7,1.0,0.007671448982743324,-0.719,CLV_PROXY_1M,0,0.0,100.0,64.6,65.6,68.8,60.6,-1.0,-4.2,4.0,-0.00722,0.0002,0.0004,-0.00035,46.7,44.86,37.76,37.03,1.84,8.94,9.67,51.99,48.67,500,native,46.7,NORMAL,51.99,48.67,True,300,61.9,TR-UP,CHOCH UP,MIX/HL,HH/MIX,TR-UP,75.3,True,True,499,32,62.7,1789669380000,LOW,0.007638,8.82,,,,0.007610499999999999,11.55,2,0,2,0.007742,0.007610499999999999,EQL_SWEEP,76,0.0076475,False,False,0.1305,499,native,60.04,NORMAL,55.08,50.0,True,300,28.7,BULL,BOS UP,LH/LL,MIX/HL,TR UP,78.8,True,True,498,59,43.3,1789660620000,LOW,0.007562,6.23,,,,,,,0,0,0.007758,0.007612,HIGH_SWEEP,19,0.007699,False,False,0.3428,499,native,69.57,NORMAL,66.94,64.0,True,300,32.9,BULL,BOS UP,LH/LL,LH/LL,TR UP,88.0,True,True,498,32,81.9,1789661700000,LOW,0.007562,4.55,0.007767,1.1,2,,,,1,0,0.007767,0.007612,EQH_SWEEP,12,0.007767,False,False,0.4694,499,native,76.97,YORGUN,76.88,85.67,True,300,91.5,BULL,BOS UP,HH/HL,HH/HL,TR UP,90.1,True,True,498,2,60.9,1789668900000,LOW,0.007562,2.61,,,,,,,0,0,0.007723,0.007562,HIGH_SWEEP,4,0.007723,False,False,0.8156,499,native,76.35,YORGUN,77.24,91.33,True,300,72.6,BEAR,BOS DN,HH/HL,HH/HL,TR DN,82.7,True,True,498,57,59.5,1789462800000,HIGH,0.007987,2.25,0.009008,11.11,2,0.007187,4.68,2,1,1,0.009008,0.007187,LOW_SWEEP,114,0.008102,False,False,1.5046,499,native,58.17,NORMAL,68.56,82.0,True,300,16.9,TR-DN,CHOCH DN,LH/LL,LH/LL,TR-DN,90.3,True,True,498,13,65.9,1789473600000,HIGH,0.008968,4.77,,,,0.0058755000000000005,7.12,2,0,2,0.008336,0.0058755000000000005,HIGH_SWEEP,26,0.008437,False,False,3.4157,-113,296,29.77,30.76,-0.99,-1.63,49.18,46.7,FLAT,5,4,60.53,2.4,60.0,1.0,True,0,0.0,0,0.0,0.0,0.0,0.047,0.0,1.0,1.0,3715.05,3300.21,414.84,5.91,52.96,61.8,UP,160,85,7015.26,10.9,300.0,1.0,True,2,2891.35,2,1290.19,1601.16,39.8,0.179,0.462,1.0,1.0,6651.96,13217.85,-6565.89,-33.04,33.48,9.3,DOWN,564,242,19869.8,36.2,900.0,1.0,True,3,3489.57,6,5523.11,-2033.54,59.9,0.42,0.575,1.0,1.0,-39.4,1941.99,-906.23,-5.06,11.43,1.0,344.22,0.1757,191.38,0.1364,-0.8218,UP,1789671171219,SELL,751.6,0.007724999999999999,1789671240000,ok,1.0,1.0,1.0,continuous,1,12,0,,0,0,0,0,False,462,0.007727,0.007728,1.294,0.625,0.5114,0.6051,21917.17,7085.16,25.23,1789671330972,1762,False,,,,
2,v2,v1.2,REALF_PY_V4_2_DERIVED,ZPTDIFAT_PY_V1_4_DERIVED,fc-v1,native,,058e38aec59f4c35,20260917_214621,138,TNSR_20260917_215536_341,TNSRUSDT,BINANCE,FUTURES,OUTSIDE100,738,200,1789671336341,2026-09-17T21:55:36.341+03:00,67,True,1789671335991,1789671336341,78.8,1789671300000,1789671359999,False,36.0,0.03465,0.0,45.3,FAIR (DENGE),True,500,45.5,38.6,51.0,50.0,0.00376,-0.0,0.07,0.00097,0.323,0.0,3.0,60.0,37.1,YOK,12.3,0.923,0.034780473348395353,0.377,CLV_PROXY_1M,0,0.0267,97.3,45.3,46.0,41.7,46.4,-0.7,3.6,-1.1,0.00376,-8e-05,0.00019,-0.00014,75.17,77.89,81.85,80.65,-2.72,-6.68,-5.48,68.04,70.67,500,native,75.17,YORGUN,68.04,70.67,True,300,89.0,BULL,BOS UP,HH/HL,MIX/HL,EXP UP,88.2,True,True,499,8,74.3,1789670820000,LOW,0.03443,6.08,,,,,,,0,0,0.03471,0.03454,HIGH_SWEEP,9,0.03457,False,False,0.1045,499,native,66.89,NORMAL,72.71,79.67,True,300,87.7,BULL,BOS UP,HH/HL,HH/MIX,RANGE,89.5,True,True,498,14,100.0,1789668720000,LOW,0.03437,3.46,,,,,,,0,0,0.03473,0.03438,HIGH_SWEEP,12,0.03459,False,False,0.2334,499,native,56.28,NORMAL,70.7,69.33,True,300,40.3,TR-DN,CHOCH DN,EQ/RANGE,HH/MIX,TR-DN,65.6,True,True,498,4,39.5,1789670100000,HIGH,0.03473,0.82,0.034725,0.77,2,0.034375,2.81,2,1,1,0.034725,0.034375,HIGH_SWEEP,8,0.03472,False,False,0.2823,499,native,65.13,NORMAL,64.55,75.33,True,300,75.3,BULL,BOS UP,HH/MIX,HH/MIX,RANGE,78.3,True,True,498,8,57.1,1789663500000,LOW,0.03405,3.71,,,,,,,0,0,0.03472,0.03405,HIGH_SWEEP,11,0.03461,False,False,0.4676,499,native,59.75,NORMAL,65.63,79.0,True,300,78.7,TR-UP,CHOCH UP,HH/HL,HH/HL,TR-UP,83.9,True,True,498,19,66.2,1789599600000,LOW,0.03258,5.52,,,,,,,0,0,0.03539,0.03405,LOW_SWEEP,24,0.03304,False,False,1.0868,499,native,66.8,NORMAL,72.35,83.0,True,300,32.5,BULL,BOS UP,LH/LL,HH/MIX,RANGE,83.9,True,True,498,28,28.1,1789257600000,LOW,0.033,2.11,0.037065,3.09,2,0.029225,6.94,2,1,1,0.037065,0.029225,EQH_SWEEP,56,0.037065,False,False,2.2634,13447,140,0.0,7.48,-7.48,-100.0,0.0,5.0,DOWN,2,2,7.48,1.0,60.0,1.0,True,0,0.0,0,0.0,0.0,0.0,0.02,0.0,1.0,0.776,690.14,255.81,434.33,45.91,72.96,93.6,UP,32,20,945.95,5.5,300.0,1.0,True,2,521.88,0,0.0,521.88,25.8,0.099,0.244,1.0,0.955,8598.51,2710.78,5887.73,52.06,76.03,94.2,UP,239,107,11309.29,35.2,900.0,1.0,True,12,7798.86,3,1472.93,6325.93,57.4,0.413,0.513,1.0,0.985,2.75,49.49,-3674.09,-37.38,4.12,1.0,113.29,0.4358,111.36,0.5886,-0.014,NONE,1789671161726,BUY,280.96,0.034679630201068914,1789671240000,ok,1.0,1.0,1.0,continuous,1,3,0,,0,0,0,0,False,496,0.03465,0.03466,2.886,0.927,-0.1052,0.1209,11145.54,13765.26,56.27,1789671332402,3939,False,,,,
2,v2,v1.2,REALF_PY_V4_2_DERIVED,ZPTDIFAT_PY_V1_4_DERIVED,fc-v1,native,,058e38aec59f4c35,20260917_214621,139,VELVET_20260917_215539_795,VELVETUSDT,BINANCE,FUTURES,OUTSIDE100,761,200,1789671339795,2026-09-17T21:55:39.795+03:00,67,True,1789671339724,1789671339795,78.7,1789671300000,1789671359999,False,39.7,0.05835,0.0,46.4,FAIR (DENGE),True,500,45.0,50.1,43.3,49.6,-9e-05,0.55,0.93,0.00562,0.593,0.32,5.3,55.0,7.2,YOK,6.8,0.99,0.05834503319483061,-0.009,CLV_PROXY_1M,0,0.0,100.0,46.4,49.0,46.7,50.0,-2.6,-0.3,-3.6,-9e-05,0.0017,0.00208,0.00311,42.57,38.4,30.84,27.3,4.17,11.73,15.27,52.58,51.67,500,native,42.57,NORMAL,52.58,51.67,True,300,15.7,BEAR,BOS DN,LH/LL,MIX/HL,RANGE,82.1,True,True,499,6,24.2,1789670940000,HIGH,0.05868,1.73,0.059495,6.0,2,,,,1,0,0.059495,0.05793,LOW_SWEEP,34,0.05838,False,False,0.3273,499,native,42.5,NORMAL,45.81,33.67,True,300,67.0,BULL,BOS UP,MIX/HL,HH/MIX,RANGE,68.2,True,True,498,22,48.3,1789667280000,LOW,0.05702,3.17,,,,0.05588,5.89,2,0,2,0.05878,0.05588,HIGH_SWEEP,16,0.05863,False,False,0.7194,499,native,56.83,NORMAL,56.47,42.33,True,300,62.9,BULL,BOS UP,MIX/HL,MIX/HL,RANGE,76.3,True,True,498,33,47.0,1789661400000,LOW,0.05666,3.02,,,,0.0515,12.29,2,0,1,0.0589,0.0515,HIGH_SWEEP,32,0.05796,False,False,0.9541,499,native,63.18,NORMAL,58.68,63.0,True,300,87.6,BULL,BOS UP,HH/HL,MIX/HL,EXP UP,93.1,True,True,498,9,42.5,1789662600000,LOW,0.05433,4.02,,,,0.0515,6.86,3,0,1,0.06014,0.0515,HIGH_SWEEP,7,0.05886,False,False,1.7023,499,native,77.57,YORGUN,73.18,81.0,True,300,74.0,BULL,BOS UP,HH/MIX,HH/HL,TR UP,70.9,True,True,498,2,40.8,1789660800000,LOW,0.0494,5.23,,,,,,,0,0,0.05886,0.0494,HIGH_SWEEP,1,0.05886,True,False,2.9455,499,native,85.9,ASIRI,94.06,96.67,True,300,46.9,BEAR,BOS DN,MIX/HL,MIX/HL,SQZ,65.7,True,True,498,13,34.6,1789473600000,HIGH,0.0633,1.9,,,,,,,0,0,0.0536,0.0494,HIGH_SWEEP,3,0.0536,False,False,4.5377,3343,918,1901.0,1766.32,134.69,3.67,51.84,57.4,UP,111,46,3667.32,20.9,60.0,1.0,True,3,1502.81,3,1391.91,110.9,46.0,0.295,0.391,1.0,0.944,7220.15,7639.04,-418.9,-2.82,48.59,44.3,FLAT,397,183,14859.19,44.5,300.0,1.0,True,9,4622.47,9,5821.62,-1199.15,61.5,0.471,0.543,1.0,0.989,62481.36,49864.6,12616.76,11.23,55.62,71.2,UP,1820,803,112345.96,23.6,900.0,1.0,True,38,51941.93,43,39634.65,12307.28,58.5,0.321,0.763,1.0,0.996,-48.87,491.08,-347.84,-3.83,2.12,1.0,531.22,0.2157,120.59,0.0406,-0.3158,UP,1789671324170,BUY,282.88,0.058326406185567004,1789671240000,ok,1.0,1.0,1.0,continuous,1,49,0,,0,0,0,0,False,530,0.05834,0.05835,1.714,0.775,0.1371,-0.3785,21555.35,16357.1,33.42,1789671339198,597,False,,,,
2,v2,v1.2,REALF_PY_V4_2_DERIVED,ZPTDIFAT_PY_V1_4_DERIVED,fc-v1,native,,058e38aec59f4c35,20260917_214621,140,ZKC_20260917_215543_922,ZKCUSDT,BINANCE,FUTURES,OUTSIDE100,1142,200,1789671343922,2026-09-17T21:55:43.922+03:00,67,True,1789671342910,1789671343922,79.7,1789671300000,1789671359999,False,42.9,0.03777,0.0,43.6,FAIR (DENGE),True,500,43.6,36.7,49.1,49.9,0.00279,0.19,0.15,0.00075,0.332,0.05,1.7,75.0,47.7,YOK,12.4,1.0,0.03787554633636538,0.279,CLV_PROXY_1M,0,0.0,100.0,43.6,40.6,39.1,39.4,3.0,4.5,4.2,0.00279,-0.00013,-0.00042,-0.00035,72.31,73.22,76.84,82.85,-0.91,-4.53,-10.54,68.4,74.33,500,native,72.31,YORGUN,68.4,74.33,True,300,69.3,TR-UP,CHOCH UP,HH/MIX,HH/MIX,TR-UP,72.9,True,True,499,7,50.2,1789670880000,LOW,0.03757,4.55,,,,,,,0,0,0.0378,0.03757,HIGH_SWEEP,9,0.03777,False,False,0.1163,499,native,71.31,NORMAL,80.56,86.67,True,300,28.0,BULL,BOS UP,LH/LL,LH/LL,SQZ,81.0,True,True,498,47,86.7,1789662780000,LOW,0.03751,3.69,,,,0.03749,3.97,2,0,1,0.03777,0.03749,HIGH_SWEEP,2,0.03777,False,False,0.1868,499,native,55.76,NORMAL,68.89,75.67,True,300,57.8,BULL,BOS UP,MIX/HL,LH/LL,SQZ,66.6,True,True,498,57,72.5,1789654200000,LOW,0.03729,4.87,,,,,,,0,0,0.03777,0.0376,LOW_SWEEP,4,0.0376,False,False,0.2612,499,native,50.4,NORMAL,48.75,61.33,True,300,65.0,TR-UP,CHOCH UP,MIX/HL,MIX/HL,SQZ,71.5,True,True,498,18,44.0,1789654500000,LOW,0.03718,3.05,0.049025,58.2,2,0.037065,3.65,2,1,1,0.049025,0.037065,LOW_SWEEP,105,0.03752,False,False,0.5132,499,native,50.55,NORMAL,54.79,65.67,True,300,58.0,BEAR,BOS DN,MIX/HL,MIX/HL,RANGE,64.9,True,True,498,41,61.2,1789520400000,HIGH,0.04772,18.44,0.05792,37.34,2,,,,1,0,0.05792,0.03718,LOW_SWEEP,26,0.03718,False,False,1.4314,499,native,29.05,DINLENMIS,37.92,40.0,True,300,14.9,BEAR,BOS DN,LH/LL,LH/MIX,TR DN,87.8,True,True,498,15,73.5,1789444800000,HIGH,0.04904,8.3,,,,0.036074999999999996,1.25,2,0,1,0.04772,0.036074999999999996,HIGH_SWEEP,23,0.04757,False,False,3.6131,9539,380,378.52,26.17,352.35,87.06,93.53,95.0,UP,21,10,404.7,4.1,60.0,1.0,True,0,0.0,0,0.0,0.0,19.9,0.076,0.152,1.0,0.841,2286.37,6774.2,-4487.83,-49.53,25.23,6.0,DOWN,173,101,9060.57,3.6,300.0,1.0,True,3,806.29,5,5881.62,-5075.33,27.4,0.068,0.489,1.0,0.968,14648.87,10937.95,3710.91,14.5,57.25,76.0,UP,654,345,25586.82,21.9,900.0,1.0,True,18,10930.52,9,7896.32,3034.19,53.3,0.304,0.602,1.0,0.989,1015.54,532.62,-660.51,87.16,3.02,1.0,-1729.2,-0.6886,-1246.34,-0.6878,0.4881,DOWN,1789671231244,SELL,310.0,0.03774,1789671240000,ok,1.0,1.0,1.0,continuous,1,12,0,,0,0,0,0,False,565,0.03777,0.03779,5.294,-1.333,-0.1358,-0.3028,17230.08,22643.08,52.94,1789671341766,2156,False,,,,
2,v2,v1.2,REALF_PY_V4_2_DERIVED,ZPTDIFAT_PY_V1_4_DERIVED,fc-v1,native,,058e38aec59f4c35,20260917_214621,141,ETH_20260917_215550_226,ETHUSDT,BINANCE,FUTURES,TOP100,2,75000,1789671350226,2026-09-17T21:55:50.226+03:00,67,True,1789671350191,1789671350226,79.5,1789671300000,1789671359999,False,50.2,2453.22,-0.0171,50.1,FAIR (DENGE),True,500,50.5,50.1,49.4,50.0,-2e-05,-0.13,-0.19,0.00082,0.596,0.33,7.7,50.0,-8.5,YOK,1.0,0.325,2453.1789379142033,-0.002,CLV_PROXY_1M,0,0.0,100.0,50.1,43.4,50.3,45.3,6.7,-0.2,4.8,-2e-05,-0.00012,0.00045,-7e-05,51.84,55.24,58.11,58.02,-3.4,-6.27,-6.18,43.74,44.33,500,native,51.84,NORMAL,43.74,44.33,True,300,21.8,BEAR,BOS DN,LH/LL,LH/MIX,TR DN,92.5,True,True,499,31,67.5,1789669440000,HIGH,2462.33,5.17,,,,,,,0,0,2457.87,2448.48,LOW_SWEEP,29,2460.13,False,False,0.0718,499,native,29.12,DINLENMIS,31.93,33.0,True,300,14.6,TR-DN,CHOCH DN,LH/LL,LH/LL,TR-DN,89.0,True,True,498,6,67.0,1789670160000,HIGH,2462.33,2.65,,,,,,,0,0,2462.33,2448.48,HIGH_SWEEP,30,2475.2,False,False,0.1401,499,native,29.33,DINLENMIS,38.05,29.33,True,300,56.4,BULL,BOS UP,MIX/HL,LH/LL,RANGE,70.7,True,True,498,84,76.9,1789646100000,LOW,2428.88,5.05,,,,2365.835,18.04,2,0,1,2462.33,2365.835,HIGH_SWEEP,57,2479.44,False,False,0.1978,499,native,32.21,NORMAL,21.98,13.0,True,300,65.9,BULL,BOS UP,MIX/HL,MIX/HL,RANGE,76.7,True,True,498,27,66.0,1789646400000,LOW,2435.9,1.7,,,,,,,0,0,2476.4,2453.68,LOW_SWEEP,1,2453.68,True,False,0.4189,499,native,76.79,YORGUN,60.93,67.0,True,300,71.4,BEAR,BOS DN,HH/HL,HH/HL,TR DN,79.3,True,True,498,53,44.7,1789477200000,HIGH,2614.99,7.47,,,,,,,0,0,2453.33,2426.52,EQH_SWEEP,17,2429.45,False,False,0.8791,499,native,51.93,NORMAL,60.66,63.67,True,300,50.9,TR-DN,CHOCH DN,MIX/HL,HH/HL,TR-DN,70.6,True,True,498,11,32.7,1789502400000,HIGH,2614.99,3.94,,,,1862.655,14.4,2,0,2,2614.99,1862.655,HIGH_SWEEP,35,2522.75,False,False,1.6617,-6,5913,321701.19,1350424.56,-1028723.37,-61.52,19.24,5.3,DOWN,1584,385,1672125.75,5.2,60.0,1.0,True,1,84880.09,3,951269.52,-866389.43,38.8,0.094,1.0,1.0,1.0,5863186.96,7673955.46,-1810768.5,-13.38,43.31,25.6,DOWN,9982,2322,13537142.42,94.0,300.0,1.0,True,25,3690848.94,19,5189297.59,-1498448.65,84.3,0.653,1.0,1.0,1.0,16194790.39,17628874.36,-1434083.97,-4.24,47.88,41.4,DOWN,26045,5912,33823664.75,274.5,735.5,0.8172,False,53,8342893.83,54,11008955.52,-2666061.7,89.8,0.846,1.0,0.817,1.0,-1240405.95,-308163.96,,-41.73,-0.84,0.7506,-698126.6,-0.3077,-375314.51,-0.1386,-0.0136,NONE,1789671328124,SELL,713315.66,2453.82,1789671240000,ok,1.0,1.0,1.0,continuous,1,462,0,,0,0,0,0,False,599,2453.22,2453.23,0.041,-0.015,-0.6602,-0.7219,113721.05,555622.26,0.79,1789671349846,380,False,,AGGRESSIVE_SELLER,,
2,v2,v1.2,REALF_PY_V4_2_DERIVED,ZPTDIFAT_PY_V1_4_DERIVED,fc-v1,native,,058e38aec59f4c35,20260917_214621,142,BNB_20260917_215554_093,BNBUSDT,BINANCE,FUTURES,TOP100,4,25000,1789671354093,2026-09-17T21:55:54.093+03:00,67,True,1789671353864,1789671354093,79.0,1789671300000,1789671359999,False,53.9,728.7,-0.0178,53.7,FAIR (DENGE),True,500,55.6,50.3,55.7,50.2,-4e-05,0.86,0.39,0.00042,0.575,0.19,2.0,45.0,-1.8,YOK,5.4,1.0,728.6727886913305,-0.004,CLV_PROXY_1M,0,0.0,100.0,53.7,53.1,51.9,46.5,0.6,1.8,7.2,-4e-05,8e-05,-1e-05,-0.00033,71.7,69.52,55.61,48.57,2.18,16.09,23.13,73.83,83.67,500,native,71.7,NORMAL,73.83,83.67,True,300,46.8,BEAR,BOS DN,MIX/HL,MIX/HL,TR DN,76.2,True,True,499,22,100.0,1789669980000,HIGH,729.98,5.23,,,,727.475,5.01,2,0,1,728.82,727.475,HIGH_SWEEP,35,729.81,False,False,0.0336,499,native,30.76,NORMAL,41.44,44.33,True,300,9.4,BEAR,BOS DN,LH/LL,LH/LL,RANGE,88.5,True,True,498,7,86.3,1789669980000,HIGH,729.98,2.55,,,,724.995,7.39,2,0,1,729.98,724.995,HIGH_SWEEP,28,730.49,False,False,0.0688,499,native,30.1,NORMAL,38.7,29.0,True,300,41.8,BEAR,BOS DN,MIX/HL,HH/MIX,RANGE,71.8,True,True,498,5,50.6,1789669800000,HIGH,730.89,2.94,,,,718.6600000000001,13.46,2,0,1,729.98,718.6600000000001,HIGH_SWEEP,219,727.51,False,False,0.1024,499,native,56.99,NORMAL,48.36,39.67,True,300,86.3,BULL,BOS UP,HH/HL,HH/HL,SQZ,86.6,True,True,498,6,37.3,1789665300000,LOW,724.99,2.12,,,,,,,0,0,730.89,724.99,HIGH_SWEEP,7,730.21,False,False,0.2384,499,native,71.89,NORMAL,71.93,79.0,True,300,65.4,TR-UP,CHOCH UP,HH/MIX,HH/MIX,TR-UP,76.7,True,True,498,23,52.6,1789585200000,LOW,704.34,5.82,,,,,,,0,0,732.95,721.24,HIGH_SWEEP,6,729.58,False,False,0.5726,499,native,72.49,YORGUN,78.82,85.33,True,300,41.6,BULL,BOS UP,LH/LL,HH/MIX,RANGE,86.1,True,True,498,1,31.3,1789646400000,LOW,704.34,2.76,,,,,,,0,0,725.94,704.34,HIGH_SWEEP,3,725.94,False,False,1.2108,422,1595,5079.49,27111.03,-22031.55,-68.44,15.78,5.2,DOWN,456,66,32190.52,4.1,60.0,1.0,True,0,0.0,0,0.0,0.0,30.9,0.076,0.627,1.0,0.993,281173.58,119354.86,161818.72,40.4,70.2,92.8,UP,2019,399,400528.44,53.8,300.0,1.0,True,2,74016.0,0,0.0,74016.0,74.5,0.518,0.901,1.0,0.999,1059289.6,908642.97,150646.63,7.66,53.83,65.1,UP,6491,1368,1967932.58,80.6,900.0,1.0,True,6,361916.04,5,483053.4,-121137.36,82.4,0.617,1.0,1.0,1.0,-66657.8,-10930.55,-177748.41,-63.45,-0.2,1.0,21779.81,0.3713,41298.85,0.5156,0.2816,NONE,1789671218546,BUY,40469.58,728.5252223222323,1789671240000,ok,1.0,1.0,1.0,continuous,1,80,0,,0,0,0,0,False,673,728.62,728.63,0.137,-0.069,-0.5777,-0.9929,81391.43,304046.93,2.68,1789671353498,595,False,,AGGRESSIVE_SELLER,,
2,v2,v1.2,REALF_PY_V4_2_DERIVED,ZPTDIFAT_PY_V1_4_DERIVED,fc-v1,native,,058e38aec59f4c35,20260917_214621,143,XRP_20260917_215557_692,XRPUSDT,BINANCE,FUTURES,TOP100,5,25000,1789671357692,2026-09-17T21:55:57.692+03:00,67,True,1789671357689,1789671357692,78.5,1789671300000,1789671359999,False,57.7,1.2959,-0.0309,54.2,FAIR (DENGE),True,500,56.3,52.2,53.9,50.6,-0.00057,0.12,-0.17,0.00092,0.542,0.38,8.3,45.0,-6.9,YOK,4.1,1.0,1.2951673059675128,-0.057,CLV_PROXY_1M,0,0.0,100.0,54.2,50.1,54.2,49.8,4.1,0.0,4.4,-0.00057,-4e-05,0.00037,-0.00033,56.13,58.44,55.63,56.8,-2.31,0.5,-0.67,48.51,56.0,500,native,56.13,NORMAL,48.51,56.0,True,300,13.7,BEAR,BOS DN,LH/LL,LH/LL,TR DN,95.5,True,True,499,16,57.8,1789670340000,HIGH,1.2998,3.64,,,,,,,0,0,1.2981,1.2934,LOW_SWEEP,15,1.294,False,False,0.0826,499,native,29.61,DINLENMIS,33.79,36.33,True,300,27.1,BULL,BOS UP,LH/LL,LH/LL,TR UP,83.6,True,True,498,94,46.8,1789654320000,LOW,1.2888,3.68,,,,1.2744499999999999,11.11,2,0,1,1.3,1.2744499999999999,HIGH_SWEEP,93,1.3087,False,False,0.149,499,native,30.57,NORMAL,39.75,33.33,True,300,57.5,BULL,BOS UP,MIX/HL,LH/LL,TR UP,67.6,True,True,498,55,54.0,1789654800000,LOW,1.2888,2.53,,,,,,,0,0,1.3086,1.2979,HIGH_SWEEP,53,1.3151,False,False,0.2165,499,native,28.7,DINLENMIS,21.74,17.67,True,300,43.3,BEAR,BOS DN,MIX/HL,MIX/HL,RANGE,71.9,True,True,498,1,36.1,1789669800000,HIGH,1.3086,2.12,,,,,,,0,0,1.3086,1.2979,HIGH_SWEEP,17,1.3151,False,False,0.463,499,native,54.95,NORMAL,31.04,28.0,True,300,54.5,BEAR,BOS DN,MIX/HL,HH/HL,RANGE,72.1,True,True,498,29,35.2,1789563600000,HIGH,1.312,1.13,,,,,,,0,0,1.3096,1.2888,HIGH_SWEEP,6,1.3096,False,False,1.0981,499,native,34.79,NORMAL,38.58,37.33,True,300,45.9,TR-DN,CHOCH DN,HH/MIX,HH/MIX,TR-DN,75.8,True,True,498,12,73.1,1789488000000,HIGH,1.4916,5.76,1.5507,7.5,2,0.98775,9.07,2,1,1,1.5507,0.98775,EQH_SWEEP,54,1.43175,False,False,2.598,60,2161,88431.12,104683.33,-16252.21,-8.42,45.79,33.6,DOWN,730,95,193114.46,11.4,60.0,1.0,True,1,26997.11,1,36724.85,-9727.74,48.1,0.186,0.821,1.0,0.999,1442696.48,853556.48,589140.0,25.66,62.83,87.0,UP,5066,537,2296252.96,72.4,300.0,1.0,True,16,875926.59,5,269262.25,606664.34,81.1,0.591,1.0,1.0,1.0,3557188.16,2897461.04,659727.13,10.22,55.11,69.5,UP,14101,1822,6454649.2,142.2,900.0,1.0,True,37,1761346.12,22,1602958.75,158387.37,88.6,0.74,1.0,1.0,1.0,-115874.05,42224.0,-655261.42,-42.41,1.26,1.0,70132.16,0.344,147911.08,0.3221,0.1374,NONE,1789671335822,BUY,26997.11,1.296,1789671240000,ok,1.0,1.0,1.0,continuous,1,133,0,,0,0,0,0,False,707,1.2958,1.2959,0.772,-0.031,0.121,0.1812,1876240.96,1471098.18,15.05,1789671356850,842,False,,,,
2,v2,v1.2,REALF_PY_V4_2_DERIVED,ZPTDIFAT_PY_V1_4_DERIVED,fc-v1,native,,058e38aec59f4c35,20260917_214621,144,DOGE_20260917_215601_099,DOGEUSDT,BINANCE,FUTURES,TOP100,12,15000,1789671361099,2026-09-17T21:56:01.099+03:00,67,True,1789671361036,1789671361099,78.6,1789671300000,1789671359999,True,61.0,0.08147,0.0,63.3,PRICE AHEAD,True,500,65.7,68.1,56.7,53.5,-0.00427,-0.1,-0.42,0.00081,0.568,0.44,27.3,55.0,-25.6,YOK,11.3,1.0,0.08112260512839949,-0.426,CLV_PROXY_1M,0,0.0,100.0,63.3,60.1,67.1,54.7,3.2,-3.8,8.6,-0.00427,0.00026,0.00104,0.00019,46.68,50.55,54.12,54.03,-3.87,-7.44,-7.35,37.78,37.33,500,native,46.68,NORMAL,37.78,37.33,True,300,17.7,TR-DN,CHOCH DN,LH/LL,HH/HL,TR-DN,94.6,True,True,499,21,87.8,1789670040000,HIGH,0.08178,4.25,0.0818,4.52,2,,,,1,0,0.0818,0.08131,LOW_SWEEP,48,0.08167,False,False,0.0895,499,native,30.04,NORMAL,30.32,28.67,True,300,12.1,BEAR,BOS DN,LH/LL,LH/LL,TR DN,89.7,True,True,498,7,49.0,1789669980000,HIGH,0.08179,2.49,,,,,,,0,0,0.08179,0.08131,LOW_SWEEP,25,0.08196,False,False,0.1576,499,native,29.95,DINLENMIS,37.23,28.0,True,300,44.4,TR-DN,CHOCH DN,MIX/HL,LH/LL,TR-DN,74.7,True,True,498,4,70.3,1789670100000,HIGH,0.08226,4.28,,,,0.07986,8.73,2,0,1,0.08179,0.07986,HIGH_SWEEP,21,0.08206,False,False,0.2265,499,native,39.87,NORMAL,27.32,23.67,True,300,68.7,BULL,BOS UP,MIX/HL,HH/HL,RANGE,74.0,True,True,498,19,56.8,1789653600000,LOW,0.08054,2.6,,,,0.080555,2.56,2,0,1,0.08226,0.080555,HIGH_SWEEP,17,0.08179,False,False,0.4389,499,native,75.52,YORGUN,61.69,71.33,True,300,85.2,BULL,BOS UP,HH/HL,HH/HL,RANGE,85.8,True,True,498,10,49.0,1789632000000,LOW,0.07828,4.28,,,,,,,0,0,0.08134,0.08054,HIGH_SWEEP,9,0.08134,False,False,0.9131,499,native,52.09,NORMAL,57.29,67.33,True,300,46.4,BEAR,BOS DN,HH/MIX,HH/MIX,TR DN,73.2,True,True,498,13,26.7,1789473600000,HIGH,0.08616,3.16,,,,0.07835,2.1,2,0,1,0.08616,0.07835,HIGH_SWEEP,17,0.08534,False,False,1.8121,1159,1455,93378.28,20019.78,73358.5,64.69,82.35,94.7,UP,263,38,113398.07,4.3,60.0,1.0,True,2,89965.42,0,0.0,89965.42,33.3,0.079,0.764,1.0,0.981,812172.49,651062.04,161110.45,11.01,55.51,70.8,UP,2710,381,1463234.53,51.0,300.0,1.0,True,17,615390.08,11,448522.96,166867.12,76.0,0.505,1.0,1.0,0.996,1612603.46,1321395.98,291207.48,9.93,54.96,69.0,UP,7545,1216,2933999.44,123.3,900.0,1.0,True,30,951481.38,21,815854.22,135627.16,87.3,0.711,1.0,1.0,0.999,73030.5,142087.22,-289023.91,32.28,4.84,1.0,-39907.51,-0.1712,26761.19,0.0914,0.2331,DOWN,1789671335823,BUY,20334.75,0.08147,1789671240000,ok,1.0,1.0,1.0,continuous,1,54,0,,0,0,0,0,False,34,0.08147,0.08148,1.227,-0.518,-0.0379,-0.3172,886205.79,956052.63,23.93,1789671360486,613,False,,AGGRESSIVE_BUYER,,
2,v2,v1.2,REALF_PY_V4_2_DERIVED,ZPTDIFAT_PY_V1_4_DERIVED,fc-v1,native,,058e38aec59f4c35,20260917_214621,145,LINK_20260917_215604_837,LINKUSDT,BINANCE,FUTURES,TOP100,17,10000,1789671364837,2026-09-17T21:56:04.837+03:00,67,True,1789671364836,1789671364837,78.2,1789671360000,1789671419999,False,4.8,11.331,0.0,51.0,FAIR (DENGE),True,500,51.3,52.7,48.8,50.0,-0.00089,-0.15,0.12,0.00118,0.598,0.03,0.3,45.0,-12.4,YOK,3.9,0.686,11.320970692884353,-0.089,CLV_PROXY_1M,0,0.0,100.0,51.0,51.4,50.0,51.6,-0.4,1.0,-0.6,-0.00089,4e-05,0.00061,0.00069,45.57,50.07,57.75,55.13,-4.5,-12.18,-9.56,37.37,29.67,500,native,45.57,NORMAL,37.37,29.67,True,300,49.0,BEAR,BOS DN,MIX/HL,HH/HL,RANGE,75.5,True,True,499,22,75.5,1789670040000,HIGH,11.379,4.16,,,,11.14,16.55,2,0,1,11.364,11.14,HIGH_SWEEP,25,11.358,False,False,0.1019,499,native,34.24,NORMAL,33.72,30.33,True,300,58.9,BULL,BOS UP,HH/MIX,LH/LL,RANGE,75.3,True,True,498,36,60.7,1789664760000,LOW,11.302,1.3,,,,11.100999999999999,10.28,2,0,1,11.379,11.100999999999999,EQL_SWEEP,7,11.335,False,False,0.1973,499,native,33.9,NORMAL,40.34,25.67,True,300,66.6,BULL,BOS UP,MIX/HL,HH/MIX,RANGE,72.8,True,True,498,22,47.6,1789664700000,LOW,11.302,0.9,,,,,,,0,0,11.379,11.302,HIGH_SWEEP,21,11.406,False,False,0.2851,499,native,47.68,NORMAL,37.66,32.33,True,300,70.9,BULL,BOS UP,MIX/HL,HH/HL,RANGE,77.0,True,True,498,19,61.0,1789653600000,LOW,11.089,3.81,11.428,1.53,2,11.0905,3.79,2,1,1,11.428,11.0905,HIGH_SWEEP,17,11.34,False,False,0.5598,499,native,82.55,YORGUN,76.18,84.67,True,300,54.7,BEAR,BOS DN,MIX/HL,HH/HL,TR DN,70.8,True,True,498,35,42.9,1789542000000,HIGH,11.501,1.34,12.7855,11.47,2,,,,1,0,12.7855,11.089,LOW_SWEEP,25,10.67,False,False,1.1169,499,native,57.55,NORMAL,67.2,73.0,True,300,16.6,BEAR,BOS DN,LH/LL,HH/MIX,RANGE,86.2,True,True,498,12,24.8,1789488000000,HIGH,11.961,2.55,,,,8.062,13.22,2,0,1,11.961,8.062,EQH_SWEEP,80,12.035499999999999,False,False,2.1745,678,849,1978.51,21113.35,-19134.84,-82.86,8.57,5.0,DOWN,159,31,23091.86,10.2,60.0,1.0,True,0,0.0,0,0.0,0.0,41.9,0.169,0.591,1.0,0.989,166186.99,193375.24,-27188.25,-7.56,46.22,35.1,DOWN,1181,221,359562.23,29.3,300.0,1.0,True,4,100045.93,3,84609.11,15436.82,64.8,0.37,0.889,1.0,0.998,483220.44,584921.95,-101701.5,-9.52,45.24,31.7,DOWN,3869,693,1068142.39,119.9,900.0,1.0,True,7,173026.72,9,253489.51,-80462.79,87.0,0.706,1.0,1.0,0.999,-12347.44,-7185.41,-133131.59,-23.66,-1.03,1.0,-14296.07,-0.5134,-1359.2,-0.0189,-0.025,NONE,1789671231197,SELL,12405.43,11.339,1789671240000,ok,1.0,1.0,1.0,continuous,1,40,0,,0,0,0,0,False,68,11.328,11.329,0.883,-0.269,0.062,-0.5679,258477.58,228277.03,17.21,1789671364287,550,False,,AGGRESSIVE_SELLER,,
2,v2,v1.2,REALF_PY_V4_2_DERIVED,ZPTDIFAT_PY_V1_4_DERIVED,fc-v1,native,,058e38aec59f4c35,20260917_214621,146,ADA_20260917_215608_369,ADAUSDT,BINANCE,FUTURES,TOP100,19,10000,1789671368369,2026-09-17T21:56:08.369+03:00,67,True,1789671368128,1789671368369,77.6,1789671360000,1789671419999,False,8.1,0.2013,0.0,59.8,PRICE AHEAD,True,500,64.9,54.0,60.5,50.0,-0.00157,-0.0,-0.89,0.00148,0.589,0.0,0.3,45.0,-10.4,YOK,10.9,1.0,0.2009836020729322,-0.157,CLV_PROXY_1M,0,0.0,100.0,59.8,60.5,51.1,42.5,-0.7,8.7,17.3,-0.00157,4e-05,-9e-05,-0.00164,41.65,45.95,51.97,50.65,-4.3,-10.32,-9.0,32.75,29.0,500,native,41.65,NORMAL,32.75,29.0,True,300,16.7,BEAR,BOS DN,LH/LL,MIX/HL,RANGE,93.2,True,True,499,22,79.1,1789670040000,HIGH,0.2022,3.28,0.2022,3.28,2,,,,2,0,0.2022,0.2009,LOW_SWEEP,141,0.2016,False,False,0.1362,499,native,25.33,DINLENMIS,31.59,21.0,True,300,13.2,BEAR,BOS DN,LH/LL,LH/LL,TR DN,89.7,True,True,498,7,36.4,1789669980000,HIGH,0.203,3.6,,,,,,,0,0,0.2022,0.2009,LOW_SWEEP,21,0.2021,False,False,0.2344,499,native,24.28,DINLENMIS,31.44,18.33,True,300,66.4,BULL,BOS UP,MIX/HL,LH/LL,RANGE,73.0,True,True,498,23,65.2,1789664400000,LOW,0.2008,0.97,,,,0.1903,17.87,2,0,1,0.203,0.1903,HIGH_SWEEP,21,0.2028,False,False,0.3085,499,native,42.52,NORMAL,28.52,23.33,True,300,71.8,BULL,BOS UP,MIX/HL,HH/HL,RANGE,79.0,True,True,498,18,79.1,1789654500000,LOW,0.1972,3.26,,,,0.1972,3.26,2,0,2,0.2033,0.1972,HIGH_SWEEP,16,0.2022,False,False,0.625,499,native,84.39,ASIRI,72.52,84.33,True,300,49.9,TR-UP,CHOCH UP,MIX/LL,HH/HL,TR-UP,79.1,True,True,498,12,61.8,1789624800000,LOW,0.1901,4.55,,,,,,,0,0,0.1973,0.1901,EQH_SWEEP,17,0.19690000000000002,False,False,1.2131,499,native,52.73,NORMAL,62.26,74.67,True,300,16.5,BEAR,BOS DN,LH/LL,LH/LL,RANGE,83.9,True,True,498,12,45.7,1789488000000,HIGH,0.2159,2.99,,,,,,,0,0,0.2159,0.1901,LOW_SWEEP,49,0.2148,False,False,2.414,117,794,888.43,38990.93,-38102.5,-95.54,2.23,5.0,DOWN,232,30,39879.36,2.6,60.0,1.0,True,0,0.0,2,34621.84,-34621.84,26.4,0.05,0.65,1.0,0.998,176055.79,110208.22,65847.58,23.0,61.5,85.1,UP,1347,219,286264.01,9.4,300.0,1.0,True,4,138599.57,4,61558.96,77040.6,45.8,0.158,0.864,1.0,1.0,489636.6,411658.38,77978.22,8.65,54.33,66.8,UP,3868,700,901294.98,35.8,900.0,1.0,True,13,317588.92,12,290058.18,27530.75,70.2,0.417,0.989,1.0,1.0,-46331.76,-21363.32,-103150.48,-66.33,-4.98,1.0,-10750.98,-0.3144,18704.4,0.3267,0.38,DOWN,1789671352001,SELL,17236.21,0.20139999999999997,1789671240000,ok,1.0,1.0,1.0,continuous,1,34,0,,0,0,0,0,False,142,0.2012,0.2013,4.969,1.238,0.1952,0.2972,3005301.64,2023568.94,96.89,1789671367518,851,False,,AGGRESSIVE_SELLER,,
2,v2,v1.2,REALF_PY_V4_2_DERIVED,ZPTDIFAT_PY_V1_4_DERIVED,fc-v1,native,,058e38aec59f4c35,20260917_214621,147,LTC_20260917_215612_553,LTCUSDT,BINANCE,FUTURES,TOP100,25,10000,1789671372553,2026-09-17T21:56:12.553+03:00,67,True,1789671371466,1789671372553,77.8,1789671360000,1789671419999,False,11.5,53.45,0.0,41.9,PRICE LAG,True,500,39.5,45.1,39.2,50.0,0.001,-0.29,0.69,0.00092,0.419,0.0,0.3,65.0,-9.6,YOK,5.8,1.0,53.503243385013135,0.1,CLV_PROXY_1M,0,0.0033,99.7,41.9,41.3,44.4,50.9,0.6,-2.5,-9.0,0.001,5e-05,0.00113,0.0015,23.35,25.19,33.68,37.2,-1.84,-10.33,-13.85,22.06,12.0,500,native,23.35,DINLENMIS,22.06,12.0,True,300,17.2,BEAR,BOS DN,LH/LL,LH/LL,TR DN,92.3,True,True,499,22,72.3,1789670040000,HIGH,53.71,6.41,,,,,,,0,0,53.58,53.44,LOW_SWEEP,1,53.44,True,False,0.0759,499,native,16.98,DINLENMIS,19.26,9.33,True,300,30.5,TR-DN,CHOCH DN,LH/MIX,LH/LL,TR-DN,72.7,True,True,498,6,57.3,1789670160000,HIGH,53.86,4.91,,,,,,,0,0,53.86,53.65,HIGH_SWEEP,38,53.74,False,False,0.1562,499,native,16.51,DINLENMIS,20.59,6.0,True,300,66.3,BULL,BOS UP,MIX/HL,LH/LL,RANGE,73.2,True,True,498,22,34.8,1789664700000,LOW,53.31,1.12,,,,50.21,25.93,2,0,2,53.86,50.21,HIGH_SWEEP,23,53.74,False,False,0.2339,499,native,63.53,NORMAL,44.75,45.67,True,300,70.1,BULL,BOS UP,HH/MIX,HH/HL,TR UP,78.7,True,True,498,18,42.9,1789654500000,LOW,52.51,4.2,,,,,,,0,0,53.98,52.46,HIGH_SWEEP,17,53.11,False,False,0.4182,499,native,85.29,ASIRI,77.46,86.0,True,300,66.1,TR-UP,CHOCH UP,MIX/HL,HH/MIX,TR-UP,63.2,True,True,498,7,40.7,1789642800000,LOW,50.13,7.26,,,,,,,0,0,52.81,52.46,HIGH_SWEEP,9,52.81,False,False,0.8504,499,native,64.92,NORMAL,76.11,84.0,True,300,50.7,TR-DN,CHOCH DN,HH/MIX,LH/LL,TR-DN,72.3,True,True,498,11,38.2,1789502400000,HIGH,55.24,2.02,,,,,,,0,0,55.24,50.13,HIGH_SWEEP,27,54.28,False,False,1.6471,1148,435,12853.39,10395.01,2458.38,10.57,55.29,70.1,UP,88,17,23248.4,4.3,60.0,1.0,True,0,0.0,0,0.0,0.0,30.9,0.079,0.592,1.0,0.981,88934.49,78402.03,10532.46,6.29,53.15,62.5,UP,712,125,167336.52,26.0,300.0,1.0,True,2,27554.03,2,21991.53,5562.5,61.0,0.342,0.806,1.0,0.996,261575.8,223592.92,37982.89,7.83,53.91,65.4,UP,1760,382,485168.72,35.7,900.0,1.0,True,6,139596.62,7,104880.3,34716.32,68.7,0.416,0.921,1.0,0.999,12487.31,2869.17,-120.41,16.36,0.86,1.0,-5187.88,-0.1962,2607.34,0.0779,0.1761,DOWN,1789671254291,SELL,11155.07,53.438988809259186,1789671300000,ok,1.0,1.0,1.0,continuous,1,26,0,,0,0,0,0,False,217,53.44,53.45,1.871,-0.645,-0.059,-0.3101,857490.58,964994.98,36.49,1789671372187,366,False,,FATIGUE_RESTED_1M,,
2,v2,v1.2,REALF_PY_V4_2_DERIVED,ZPTDIFAT_PY_V1_4_DERIVED,fc-v1,native,,058e38aec59f4c35,20260917_214621,148,AVAX_20260917_215617_101,AVAXUSDT,BINANCE,FUTURES,TOP100,31,5000,1789671377101,2026-09-17T21:56:17.101+03:00,67,True,1789671377101,1789671377101,78.4,1789671360000,1789671419999,False,17.1,7.597,-0.0395,53.2,FAIR (DENGE),True,500,56.1,49.4,53.3,50.1,0.00018,-0.09,-0.16,0.0011,0.651,0.08,0.7,50.0,2.8,YOK,6.7,0.909,7.598336630167291,0.018,CLV_PROXY_1M,0,0.0,100.0,53.2,55.0,51.8,51.4,-1.8,1.4,1.8,0.00018,0.00041,0.00029,-6e-05,64.39,68.12,70.49,66.3,-3.73,-6.1,-1.91,53.99,59.67,500,native,64.39,NORMAL,53.99,59.67,True,300,47.5,TR-DN,CHOCH DN,HH/MIX,MIX/HL,TR-DN,81.7,True,True,499,22,86.3,1789670040000,HIGH,7.618,2.96,,,,,,,0,0,7.618,7.57,HIGH_SWEEP,28,7.609,False,False,0.0934,499,native,43.01,NORMAL,49.66,45.67,True,300,15.3,BEAR,BOS DN,LH/LL,MIX/LL,RANGE,86.3,True,True,498,12,51.8,1789669080000,HIGH,7.635,2.9,,,,,,,0,0,7.618,7.57,LOW_SWEEP,13,7.605,False,False,0.1726,499,native,32.39,NORMAL,43.19,28.0,True,300,43.2,BEAR,BOS DN,MIX/HL,LH/LL,RANGE,65.2,True,True,498,1,35.5,1789671000000,HIGH,7.618,1.11,,,,,,,0,0,7.618,7.603,LOW_SWEEP,8,7.603,False,False,0.2479,499,native,51.12,NORMAL,43.45,41.0,True,300,48.5,BULL,BOS UP,MIX/LL,HH/HL,RANGE,70.0,True,True,498,25,14.8,1789648200000,LOW,7.514,2.45,7.648,1.51,2,,,,1,0,7.648,7.523,LOW_SWEEP,14,7.539,False,False,0.4453,499,native,69.28,NORMAL,64.8,70.67,True,300,71.5,BEAR,BOS DN,HH/HL,HH/HL,TR DN,79.6,True,True,498,52,46.7,1789480800000,HIGH,7.8,2.84,8.192,8.33,3,7.186,5.75,2,1,1,8.192,7.186,EQL_SWEEP,25,7.186,False,False,0.939,499,native,72.26,YORGUN,77.16,86.33,True,300,46.4,TR-DN,CHOCH DN,HH/MIX,LH/MIX,TR-DN,73.8,True,True,498,7,50.3,1789560000000,HIGH,7.8,1.42,,,,7.173500000000001,2.95,2,0,1,7.8,7.173500000000001,LOW_SWEEP,12,7.243,False,False,1.8868,1875,713,3662.58,15692.18,-12029.6,-62.15,18.92,5.3,DOWN,158,29,19354.75,9.7,60.0,1.0,True,0,0.0,0,0.0,0.0,40.8,0.163,0.572,1.0,0.969,158487.47,98690.82,59796.65,23.25,61.63,85.3,UP,1172,184,257178.28,36.5,300.0,1.0,True,10,119955.62,4,22273.32,97682.3,67.5,0.422,0.853,1.0,0.994,576986.29,483392.17,93594.11,8.83,54.41,67.1,UP,3918,618,1060378.46,54.8,900.0,1.0,True,24,369819.26,23,289125.34,80693.92,77.1,0.523,1.0,1.0,0.998,-13177.34,-4879.39,-27856.83,-32.66,-0.84,1.0,-1409.71,-0.0365,14362.34,0.2792,0.3298,DOWN,1789671270335,BUY,11721.26,7.601333333333334,1789671300000,ok,1.0,1.0,1.0,continuous,1,35,0,,0,0,0,0,False,251,7.596,7.597,1.316,-0.369,0.2273,0.0393,354449.68,223138.69,25.67,1789671375321,1780,False,,AGGRESSIVE_SELLER,,
2,v2,v1.2,REALF_PY_V4_2_DERIVED,ZPTDIFAT_PY_V1_4_DERIVED,fc-v1,native,,058e38aec59f4c35,20260917_214621,149,SUI_20260917_215621_954,SUIUSDT,BINANCE,FUTURES,TOP100,35,5000,1789671381954,2026-09-17T21:56:21.954+03:00,67,True,1789671381441,1789671381954,79.4,1789671360000,1789671419999,False,21.4,0.7315,-0.0547,54.5,FAIR (DENGE),True,500,56.8,53.3,53.3,50.0,-0.00103,-0.15,-0.14,0.00138,0.657,0.05,0.3,55.0,-20.7,YOK,3.5,1.0,0.730744580126409,-0.103,CLV_PROXY_1M,0,0.0,100.0,54.5,58.2,56.4,53.2,-3.7,-1.9,1.3,-0.00103,0.00052,0.00092,0.00023,53.64,58.2,59.42,55.99,-4.56,-5.78,-2.35,43.72,41.33,500,native,53.64,NORMAL,43.72,41.33,True,300,20.9,TR-DN,CHOCH DN,LH/LL,MIX/LL,TR-DN,86.9,True,True,499,22,83.1,1789670040000,HIGH,0.7344,3.31,,,,,,,0,0,0.7337,0.7287,HIGH_SWEEP,23,0.7344,False,False,0.1197,499,native,35.63,NORMAL,35.65,33.67,True,300,29.3,BULL,BOS UP,LH/LL,LH/LL,RANGE,86.6,True,True,498,37,54.4,1789664580000,LOW,0.7291,1.47,,,,0.7292,1.4,2,0,3,0.7352,0.7292,EQL_SWEEP,5,0.7292,False,False,0.2237,499,native,34.55,NORMAL,41.65,29.0,True,300,66.3,BULL,BOS UP,MIX/HL,LH/LL,RANGE,73.4,True,True,498,22,31.2,1789664700000,LOW,0.7291,1.08,,,,0.71575,7.09,2,0,2,0.7352,0.71575,HIGH_SWEEP,21,0.7373,False,False,0.3036,499,native,52.52,NORMAL,42.05,36.33,True,300,90.0,BULL,BOS UP,HH/HL,HH/HL,RANGE,89.7,True,True,498,6,54.6,1789665300000,LOW,0.7223,2.2,,,,,,,0,0,0.7387,0.7291,HIGH_SWEEP,11,0.7351,False,False,0.5712,499,native,82.38,YORGUN,77.9,90.33,True,300,72.6,BEAR,BOS DN,HH/HL,HH/HL,TR DN,82.7,True,True,498,52,50.4,1789480800000,HIGH,0.7479,1.9,0.8336,11.84,2,,,,2,0,0.8336,0.7157,LOW_SWEEP,25,0.6814,False,False,1.1765,499,native,72.51,YORGUN,77.57,90.0,True,300,59.4,BEAR,BOS DN,HH/HL,MIX/HL,TR DN,78.3,True,True,498,11,25.5,1789502400000,HIGH,0.7479,0.96,,,,,,,0,0,0.7479,0.6773,LOW_SWEEP,13,0.692,False,False,2.3241,1791,1219,6264.45,14469.63,-8205.18,-39.57,30.21,7.4,DOWN,218,59,20734.07,9.8,60.0,1.0,True,0,0.0,0,0.0,0.0,41.0,0.163,0.579,1.0,0.97,280752.9,136351.1,144401.8,34.62,67.31,91.3,UP,1847,351,417104.0,41.2,300.0,1.0,True,13,201623.22,6,41603.13,160020.09,70.6,0.452,0.905,1.0,0.994,678328.49,683543.86,-5215.38,-0.38,49.81,49.2,FLAT,6053,1019,1361872.35,158.7,900.0,1.0,True,32,397833.49,35,435688.52,-37855.03,89.6,0.76,1.0,1.0,0.998,-4556.48,25913.29,-35686.64,-13.39,5.24,1.0,-1605.34,-0.055,36094.58,0.4327,0.2249,DOWN,1789671319759,SELL,5834.62,0.7321,1789671300000,ok,1.0,1.0,1.0,continuous,1,74,0,,0,0,0,0,False,285,0.7315,0.7316,1.367,0.34,0.0647,0.2473,476000.5,418140.4,26.66,1789671380412,1542,False,,,,
2,v2,v1.2,REALF_PY_V4_2_DERIVED,ZPTDIFAT_PY_V1_4_DERIVED,fc-v1,native,,058e38aec59f4c35,20260917_214621,150,AKE_20260917_215627_372,AKEUSDT,BINANCE,FUTURES,TOP100,94,2000,1789671387372,2026-09-17T21:56:27.372+03:00,260,True,1789671386272,1789671387372,81.4,1789671360000,1789671419999,False,26.3,0.02085,-0.0671,38.1,PRICE LAG,True,500,33.6,40.3,39.7,49.8,0.01587,0.26,0.83,0.00752,0.707,0.19,0.3,50.0,15.7,YOK,6.7,1.0,0.021183515668556023,1.6,CLV_PROXY_1M,0,0.0,100.0,38.1,38.1,46.6,40.6,0.0,-8.5,-2.5,0.01587,0.00035,0.00469,0.00372,50.76,43.97,34.0,34.99,6.79,16.76,15.77,62.03,77.33,500,native,50.76,NORMAL,62.03,77.33,True,300,15.8,BEAR,BOS DN,LH/LL,HH/MIX,SQZ,87.0,True,True,499,11,34.4,1789670700000,HIGH,0.021142,4.95,0.021141,4.93,2,,,,1,0,0.021141,0.020721,LOW_SWEEP,6,0.020824,False,False,0.2827,499,native,25.66,DINLENMIS,33.74,36.0,True,300,47.6,TR-DN,CHOCH DN,HH/MIX,MIX/LL,TR-DN,76.1,True,True,498,3,51.0,1789670700000,HIGH,0.021142,2.4,,,,,,,0,0,0.021142,0.020851,EQL_SWEEP,6,0.020852500000000003,False,True,0.5768,499,native,27.51,DINLENMIS,30.4,30.67,True,300,42.2,BEAR,BOS DN,MIX/HL,HH/MIX,RANGE,72.4,True,True,498,1,29.7,1789671000000,HIGH,0.021142,1.7,,,,,,,0,0,0.021142,0.020811,LOW_SWEEP,2,0.020811,False,True,0.8239,499,native,27.88,DINLENMIS,27.75,11.67,True,300,59.3,BEAR,BOS DN,HH/MIX,HH/HL,SQZ,70.0,True,True,498,106,97.0,1789575300000,HIGH,0.028247,19.73,0.029421000000000003,22.87,2,0.020765,0.24,2,1,3,0.029421000000000003,0.020765,EQL_SWEEP,9,0.020765,False,True,1.7961,499,native,54.33,NORMAL,45.0,41.67,True,300,56.6,BULL,BOS UP,MIX/HL,MIX/HL,RANGE,70.2,True,True,498,62,56.3,1789444800000,LOW,0.014658,4.84,0.029844000000000002,7.01,2,0.012500500000000001,6.52,3,1,2,0.029844000000000002,0.012500500000000001,HIGH_SWEEP,63,0.0165,False,False,6.0934,499,native,42.09,NORMAL,38.04,31.67,True,300,86.4,BULL,BOS UP,HH/HL,MIX/HL,TR UP,90.5,True,True,498,15,80.8,1789444800000,LOW,0.013069,2.66,,,,0.0128725,2.73,2,0,3,0.029888,0.0128725,EQL_SWEEP,64,0.0128725,False,False,13.8617,288,3853,39542.43,9090.58,30451.85,62.62,81.31,94.7,UP,1306,513,48633.01,117.9,60.0,1.0,True,6,30512.45,1,2256.44,28256.02,77.0,0.702,0.672,1.0,0.995,73881.55,44632.29,29249.26,24.68,62.34,86.4,UP,3191,1331,118513.84,175.1,300.0,1.0,True,7,36053.81,3,14405.19,21648.62,83.6,0.778,0.768,1.0,0.999,181022.16,140356.04,40666.12,12.65,56.33,73.4,UP,9086,3826,321378.2,546.3,900.0,1.0,True,14,59594.41,11,46340.69,13253.71,92.8,0.916,0.877,1.0,1.0,32592.84,40741.17,,39.04,18.53,0.9453,8269.58,0.3136,4129.12,0.1742,-0.1377,UP,1789671363833,SELL,2256.44,0.020849874546076157,1789671300000,ok,1.0,1.0,1.0,continuous,1,596,0,,0,0,0,0,False,320,0.020857,0.020858,0.479,-0.172,-0.0646,0.2254,3307.03,3763.79,9.35,1789671385619,1753,False,,AGGRESSIVE_BUYER,,
2,v2,v1.2,REALF_PY_V4_2_DERIVED,ZPTDIFAT_PY_V1_4_DERIVED,fc-v1,native,,058e38aec59f4c35,20260917_214621,151,PONS_20260917_215630_709,PONSUSDT,BINANCE,FUTURES,OUTSIDE100,112,2000,1789671390709,2026-09-17T21:56:30.709+03:00,260,True,1789671390591,1789671390709,80.5,1789671360000,1789671419999,False,30.6,0.639,-0.4052,42.6,FAIR (DENGE),True,500,41.1,42.6,45.1,44.2,0.00834,-0.2,0.11,0.00424,0.543,1.73,67.0,40.0,-19.5,YOK,4.0,1.0,0.6443483366185605,0.837,CLV_PROXY_1M,0,0.0,100.0,42.6,47.4,48.4,44.5,-4.8,-5.8,-1.9,0.00834,0.00251,0.00256,0.00119,54.12,57.98,49.29,40.53,-3.86,4.83,13.59,44.59,46.33,500,native,54.12,NORMAL,44.59,46.33,True,300,49.4,BEAR,BOS DN,MIX/HL,LH/LL,RANGE,72.4,True,True,499,22,49.5,1789670040000,HIGH,0.6584,9.03,,,,,,,0,0,0.6423,0.6379,LOW_SWEEP,21,0.6446,False,True,0.335,499,native,16.95,DINLENMIS,23.31,13.67,True,300,9.4,BEAR,BOS DN,LH/LL,LH/LL,RANGE,93.5,True,True,498,5,55.4,1789670340000,HIGH,0.6584,4.77,0.6657,6.58,2,,,,1,0,0.6657,0.6375,LOW_SWEEP,6,0.6433,False,False,0.6284,499,native,20.07,DINLENMIS,21.48,11.67,True,300,9.1,BEAR,BOS DN,LH/LL,LH/LL,RANGE,91.1,True,True,498,4,62.4,1789670100000,HIGH,0.6584,3.48,0.6657,4.78,2,,,,1,0,0.6657,0.6433,LOW_SWEEP,13,0.6466,False,False,0.8701,499,native,39.86,NORMAL,27.51,22.33,True,300,72.0,BULL,BOS UP,HH/MIX,MIX/HL,RANGE,73.2,True,True,498,12,67.0,1789659900000,LOW,0.6099,2.34,,,,,,,0,0,0.6721,0.6099,HIGH_SWEEP,8,0.6573,False,False,1.9567,277,native,62.55,NORMAL,49.96,58.75,False,257,79.1,TR-UP,CHOCH UP,HH/HL,HH/HL,TR-UP,85.3,True,True,276,17,48.5,1789606800000,LOW,0.5563,3.31,,,,,,,0,0,0.669,0.6099,HIGH_SWEEP,2,0.669,False,False,3.852,70,native,69.49,NORMAL,64.45,80.0,False,50,45.0,BEAR,BOS DN,HH/MIX,HH/MIX,RANGE,70.9,True,False,69,7,30.3,1789560000000,HIGH,0.6992,1.25,,,,,,,0,0,0.6992,0.5483,LOW_SWEEP,9,0.5821,False,False,7.231,1399,2132,30074.77,79222.44,-49147.68,-44.97,27.52,6.5,DOWN,931,240,109297.21,53.0,60.0,1.0,True,4,11310.02,2,65573.05,-54263.03,70.4,0.514,0.76,1.0,0.977,100029.68,125241.16,-25211.48,-11.19,44.4,28.9,DOWN,2228,622,225270.84,117.4,300.0,1.0,True,9,41942.82,6,80393.79,-38450.96,82.3,0.701,0.838,1.0,0.995,270526.98,310240.03,-39713.05,-6.84,46.58,36.4,DOWN,6166,1744,580767.01,261.3,900.0,1.0,True,20,114675.49,19,157254.27,-42578.79,91.5,0.839,0.941,1.0,0.998,-52589.5,-63372.48,-65378.71,-30.58,-18.06,1.0,-8671.66,-0.1533,-562.25,-0.0125,0.1648,DOWN,1789671385397,BUY,2805.65,0.6391,1789671300000,ok,1.0,1.0,1.0,continuous,1,262,0,,0,0,0,0,False,354,0.6394,0.6395,1.564,0.221,-0.2095,0.113,22296.44,34111.6,30.49,1789671390008,701,False,,AGGRESSIVE_SELLER,,
2,v2,v1.2,REALF_PY_V4_2_DERIVED,ZPTDIFAT_PY_V1_4_DERIVED,fc-v1,native,,058e38aec59f4c35,20260917_214621,152,SKR_20260917_215635_226,SKRUSDT,BINANCE,FUTURES,OUTSIDE100,227,500,1789671395226,2026-09-17T21:56:35.226+03:00,260,True,1789671393907,1789671395226,81.7,1789671360000,1789671419999,False,33.9,0.018753,-0.2288,54.3,FAIR (DENGE),True,500,58.1,44.9,59.5,50.4,0.00231,0.64,-0.11,0.00197,0.459,0.17,10.3,60.0,-6.6,YOK,14.6,0.622,0.018796443545321888,0.232,CLV_PROXY_1M,0,0.0,100.0,54.3,59.2,57.3,43.2,-4.9,-3.0,11.1,0.00231,0.00193,0.00099,-0.00238,71.94,75.61,66.86,53.84,-3.67,5.08,18.1,60.09,71.0,500,native,71.94,NORMAL,60.09,71.0,True,300,75.3,BULL,BOS UP,MIX/HL,HH/MIX,TR UP,75.2,True,True,499,3,63.1,1789671180000,LOW,0.018709,1.34,0.018926,5.27,2,,,,3,0,0.018926,0.018709,EQL_SWEEP,136,0.019110500000000002,False,False,0.1746,499,native,32.35,NORMAL,42.42,46.0,True,300,6.1,BEAR,BOS DN,LH/LL,MIX/HL,TR DN,99.1,True,True,498,9,97.5,1789669620000,HIGH,0.018967,3.62,0.019326,9.69,2,,,,2,0,0.019326,0.018669,LOW_SWEEP,10,0.018854,False,False,0.3147,499,native,27.59,DINLENMIS,36.15,34.0,True,300,39.4,BULL,BOS UP,MIX/LL,LH/LL,TR UP,73.7,True,True,498,102,21.7,1789640700000,LOW,0.018378,4.57,0.019326,6.99,2,,,,2,0,0.019326,0.018669,LOW_SWEEP,12,0.018915,False,False,0.4368,499,native,22.84,DINLENMIS,21.0,12.0,True,300,28.1,BULL,BOS UP,LH/LL,MIX/LL,RANGE,80.8,True,True,498,42,67.4,1789632900000,LOW,0.018378,2.12,,,,0.017547,6.83,2,0,2,0.019329,0.017547,HIGH_SWEEP,44,0.018739,False,False,0.9438,499,native,44.46,NORMAL,32.88,29.33,True,300,89.6,BULL,BOS UP,HH/HL,HH/HL,TR UP,91.9,True,True,498,9,72.8,1789635600000,LOW,0.017378,3.18,0.025375500000000002,15.3,2,,,,1,0,0.025375500000000002,0.018378,LOW_SWEEP,25,0.017542,False,False,2.2875,499,native,77.56,YORGUN,68.3,76.67,True,300,72.0,BULL,BOS UP,HH/HL,HH/HL,TR UP,80.9,True,True,498,111,36.2,1788062400000,LOW,0.008858,11.25,,,,0.017043000000000003,1.94,2,0,1,0.019684,0.017043000000000003,HIGH_SWEEP,1,0.019684,True,False,4.5845,1853,468,734.21,966.13,-231.93,-13.64,43.18,25.2,DOWN,41,28,1700.34,12.1,60.0,1.0,True,1,697.68,1,531.61,166.08,36.4,0.195,0.308,1.0,0.969,3565.42,2483.92,1081.5,17.88,58.94,80.2,UP,154,107,6049.33,35.9,300.0,1.0,True,3,2508.73,3,1707.69,801.04,55.3,0.418,0.445,1.0,0.994,24290.87,15566.99,8723.88,21.89,60.94,84.2,UP,631,419,39857.85,88.1,900.0,1.0,True,9,16911.75,12,8824.27,8087.48,73.4,0.638,0.65,1.0,0.998,-285.48,-628.5,-341.32,-23.62,0.48,1.0,-78.01,-0.0562,268.37,0.2218,0.2049,DOWN,1789671365642,SELL,531.61,0.01877347441466257,1789671300000,ok,1.0,1.0,1.0,continuous,1,32,0,,0,0,0,0,False,388,0.018754,0.018764,5.331,-2.427,0.0688,-0.403,2410.39,2100.07,16.53,1789671393314,1912,False,,,,
2,v2,v1.2,REALF_PY_V4_2_DERIVED,ZPTDIFAT_PY_V1_4_DERIVED,fc-v1,native,,058e38aec59f4c35,20260917_214621,153,PROM_20260917_215638_827,PROMUSDT,BINANCE,FUTURES,OUTSIDE100,266,1000,1789671398827,2026-09-17T21:56:38.827+03:00,260,True,1789671398809,1789671398827,81.9,1789671360000,1789671419999,False,38.8,5.433,-0.0184,60.0,PRICE AHEAD,True,500,63.1,60.3,56.3,53.1,-0.00348,0.09,-0.33,0.00144,0.353,0.59,27.0,60.0,-4.9,YOK,6.8,1.0,5.414104861341219,-0.348,CLV_PROXY_1M,0,0.0,100.0,60.0,57.3,48.9,43.5,2.7,11.1,16.5,-0.00348,8e-05,0.00011,-0.00061,24.21,24.16,23.37,30.12,0.05,0.84,-5.91,24.89,23.0,500,native,24.21,DINLENMIS,24.89,23.0,True,300,14.0,BEAR,BOS DN,LH/LL,HH/MIX,RANGE,87.2,True,True,499,6,23.7,1789671000000,HIGH,5.455,3.31,,,,5.408,3.76,2,0,1,5.455,5.408,HIGH_SWEEP,26,5.458,False,False,0.1225,499,native,37.69,NORMAL,22.54,14.33,True,300,57.1,BEAR,BOS DN,MIX/HL,MIX/HL,RANGE,68.8,True,True,498,61,51.4,1789660260000,HIGH,5.519,5.64,,,,5.3934999999999995,2.59,2,0,1,5.46,5.3934999999999995,HIGH_SWEEP,89,5.56,False,False,0.2808,499,native,58.47,NORMAL,43.68,50.0,True,300,82.5,BULL,BOS UP,HH/HL,MIX/HL,SQZ,81.3,True,True,498,10,31.8,1789668300000,LOW,5.408,1.23,,,,5.3919999999999995,2.02,2,0,2,5.493,5.3919999999999995,HIGH_SWEEP,11,5.442,False,False,0.3725,499,native,41.93,NORMAL,44.45,46.33,True,300,39.3,TR-DN,CHOCH DN,LH/MIX,LH/MIX,TR-DN,73.7,True,True,498,31,60.6,1789642800000,HIGH,5.659,5.56,5.7285,7.27,2,5.4015,0.77,2,2,1,5.7285,5.4015,LOW_SWEEP,124,5.332,False,False,0.7456,499,native,32.87,NORMAL,28.41,20.33,True,300,54.1,BEAR,BOS DN,MIX/HL,LH/MIX,RANGE,75.6,True,True,498,34,75.0,1789545600000,HIGH,5.729,3.26,5.8375,4.46,3,4.906499999999999,5.8,2,2,1,5.8375,4.906499999999999,EQL_SWEEP,82,5.5815,False,False,1.6737,499,native,39.08,NORMAL,45.42,35.33,True,300,27.1,BULL,BOS UP,LH/LL,LH/LL,SQZ,83.7,True,True,498,55,11.5,1788868800000,LOW,4.913,2.6,,,,4.4025,5.15,2,0,3,5.771,4.4025,HIGH_SWEEP,54,5.986,False,False,3.6806,1576,449,340.73,1972.92,-1632.19,-70.55,14.73,5.1,DOWN,99,47,2313.64,9.2,60.0,1.0,True,0,0.0,0,0.0,0.0,34.3,0.156,0.341,1.0,0.974,2177.43,4803.24,-2625.81,-37.62,31.19,7.9,DOWN,303,131,6980.68,32.7,300.0,1.0,True,0,0.0,0,0.0,0.0,54.7,0.396,0.461,1.0,0.995,6489.83,29181.51,-22691.68,-63.61,18.19,5.3,DOWN,993,395,35671.33,49.3,900.0,1.0,True,0,0.0,5,15170.07,-15170.07,66.0,0.496,0.638,1.0,0.998,-2189.28,8437.21,-1844.83,-74.61,13.83,1.0,-672.28,-0.4441,-417.05,-0.2987,-0.6472,NONE,1789671042730,SELL,4376.84,5.429649299094406,1789671300000,ok,1.0,1.0,1.0,continuous,1,52,0,,0,0,0,0,False,422,5.432,5.434,3.681,-1.321,0.1763,-0.0687,23180.9,16231.0,36.81,1789671397810,1017,False,,FATIGUE_RESTED_1M|AGGRESSIVE_SELLER,,
2,v2,v1.2,REALF_PY_V4_2_DERIVED,ZPTDIFAT_PY_V1_4_DERIVED,fc-v1,native,,058e38aec59f4c35,20260917_214621,154,UAI_20260917_215643_134,UAIUSDT,BINANCE,FUTURES,OUTSIDE100,296,2000,1789671403134,2026-09-17T21:56:43.134+03:00,260,True,1789671402336,1789671403134,82.0,1789671360000,1789671419999,False,42.3,0.3987,-0.0501,52.1,FAIR (DENGE),True,500,51.0,56.0,49.9,51.2,-0.00453,-0.28,-0.29,0.00345,0.402,1.48,41.3,60.0,1.8,YOK,6.1,0.984,0.3968998227388358,-0.452,CLV_PROXY_1M,0,0.0,100.0,52.1,51.8,46.6,50.1,0.3,5.5,2.0,-0.00453,-0.00029,-0.00022,0.00031,28.82,25.38,24.75,28.75,3.44,4.07,0.07,40.62,28.0,500,native,28.82,DINLENMIS,40.62,28.0,True,300,14.0,BEAR,BOS DN,LH/LL,LH/LL,SQZ,86.2,True,True,499,9,50.9,1789670820000,HIGH,0.4013,2.72,,,,,,,0,0,0.4005,0.3973,LOW_SWEEP,8,0.3985,False,False,0.2393,499,native,38.38,NORMAL,39.99,30.33,True,300,65.7,BEAR,BOS DN,HH/HL,MIX/HL,SQZ,86.5,True,True,498,24,42.5,1789666920000,HIGH,0.4029,1.91,0.40255,1.74,2,,,,1,0,0.40255,0.398,LOW_SWEEP,2,0.398,False,True,0.5132,499,native,51.27,NORMAL,50.22,41.33,True,300,69.3,TR-DN,CHOCH DN,HH/HL,MIX/HL,SQZ,89.3,True,True,498,31,62.9,1789662000000,HIGH,0.4026,1.18,0.40275,1.23,2,0.3559,14.18,3,1,1,0.40275,0.3559,EQH_SWEEP,10,0.40275,False,False,0.7645,499,native,71.39,NORMAL,68.37,86.67,True,300,58.9,BULL,BOS UP,MIX/HL,MIX/HL,SQZ,66.0,True,True,498,57,72.2,1789619400000,LOW,0.3708,3.82,0.5356000000000001,18.52,2,0.3838,2.06,2,1,2,0.5356000000000001,0.3838,LOW_SWEEP,126,0.3294,False,False,1.8434,499,native,56.16,NORMAL,54.76,56.67,True,300,68.4,BEAR,BOS DN,HH/HL,HH/HL,RANGE,81.1,True,True,498,35,45.2,1789542000000,HIGH,0.4132,0.74,,,,,,,0,0,0.418,0.3561,HIGH_SWEEP,13,0.3982,False,False,4.9257,499,native,50.26,NORMAL,57.96,58.0,True,300,17.1,BEAR,BOS DN,LH/LL,LH/LL,RANGE,87.8,True,True,498,16,42.0,1789430400000,HIGH,0.5943,3.98,,,,,,,0,0,0.5943,0.322,LOW_SWEEP,17,0.4503,False,False,12.2805,5488,580,4959.07,4618.6,340.47,3.55,51.78,57.2,UP,139,51,9577.67,15.4,60.0,1.0,True,0,0.0,1,3738.44,-3738.44,45.0,0.236,0.495,1.0,0.909,15318.93,8565.13,6753.8,28.28,64.14,88.6,UP,465,173,23884.06,37.9,300.0,1.0,True,1,7249.99,1,3738.44,3511.54,61.0,0.431,0.595,1.0,0.982,32471.25,46731.4,-14260.15,-18.0,41.0,19.7,DOWN,1451,532,79202.65,94.4,900.0,1.0,True,1,7249.99,4,18830.88,-11580.89,76.6,0.654,0.725,1.0,0.994,-360.28,-1193.21,563.62,-42.99,-6.36,1.0,-73.93,-0.0173,1386.9,0.2903,0.5067,NONE,1789671387641,SELL,3738.44,0.398596971958631,1789671300000,ok,1.0,1.0,1.0,continuous,1,55,0,,0,0,0,0,False,457,0.3987,0.3988,2.508,1.191,0.1185,-0.0545,19771.9,15583.46,48.9,1789671401405,1729,False,,FATIGUE_RESTED_1M,,
2,v2,v1.2,REALF_PY_V4_2_DERIVED,ZPTDIFAT_PY_V1_4_DERIVED,fc-v1,native,,058e38aec59f4c35,20260917_214621,155,BULLA_20260917_215646_421,BULLAUSDT,BINANCE,FUTURES,OUTSIDE100,339,5000,1789671406421,2026-09-17T21:56:46.421+03:00,260,True,1789671406415,1789671406421,82.0,1789671360000,1789671419999,False,46.4,0.09191,-0.0761,54.8,FAIR (DENGE),True,500,56.0,54.7,54.0,51.4,-0.00658,-0.33,-0.76,0.00725,0.404,0.68,21.3,55.0,4.1,YOK,2.0,1.0,0.09130744487038717,-0.656,CLV_PROXY_1M,0,0.0,100.0,54.8,53.3,42.8,43.7,1.5,12.0,11.1,-0.00658,-0.00198,-0.00651,-0.0044,57.18,60.26,63.67,78.01,-3.08,-6.49,-20.83,47.31,56.33,500,native,57.18,NORMAL,47.31,56.33,True,300,72.9,BEAR,BOS DN,HH/HL,HH/HL,RANGE,83.6,True,True,499,89,41.6,1789666020000,HIGH,0.093324,2.3,0.1026155,17.38,3,0.09092,1.61,2,1,2,0.1026155,0.09092,LOW_SWEEP,90,0.09008,False,False,0.6698,499,native,69.16,NORMAL,62.15,76.67,True,300,71.8,BEAR,BOS DN,HH/HL,HH/MIX,SQZ,88.4,True,True,498,36,34.2,1789664760000,HIGH,0.09816,5.68,,,,,,,0,0,0.09288,0.0909,HIGH_SWEEP,2,0.09288,False,False,1.1986,499,native,73.27,YORGUN,64.62,74.33,True,300,16.3,BEAR,BOS DN,LH/LL,HH/HL,SQZ,95.5,True,True,498,22,64.2,1789664700000,HIGH,0.09816,4.27,,,,,,,0,0,0.09288,0.08758,HIGH_SWEEP,1,0.09288,True,False,1.594,499,native,37.27,NORMAL,46.69,52.67,True,300,31.7,BEAR,BOS DN,MIX/LL,LH/LL,TR DN,73.6,True,True,498,17,27.4,1789655400000,HIGH,0.10999,5.95,0.109785,5.88,2,,,,1,0,0.109785,0.08758,LOW_SWEEP,19,0.1007,False,False,3.2929,499,native,18.7,DINLENMIS,19.37,7.0,True,300,31.0,BULL,BOS UP,LH/LL,MIX/LL,TR UP,82.3,True,True,498,32,42.2,1789552800000,LOW,0.060024,3.19,,,,0.060025499999999996,3.19,2,0,1,0.121362,0.060025499999999996,HIGH_SWEEP,33,0.076341,False,False,10.9357,499,native,62.12,NORMAL,51.74,49.33,True,300,76.9,BULL,BOS UP,HH/MIX,HH/MIX,EXP UP,78.0,True,True,498,8,96.7,1789545600000,LOW,0.0675,1.46,,,,0.0154205,4.58,2,0,1,0.139078,0.0154205,HIGH_SWEEP,49,0.085989,False,False,17.3558,1258,4024,9300.64,8168.22,1132.42,6.48,53.24,62.9,UP,356,208,17468.86,13.8,60.0,1.0,True,0,0.0,0,0.0,0.0,45.4,0.216,0.561,1.0,0.979,26834.78,36730.05,-9895.27,-15.57,42.22,22.6,DOWN,2032,1145,63564.84,127.2,300.0,1.0,True,0,0.0,1,5851.89,-5851.89,78.7,0.718,0.701,1.0,0.996,182000.82,156462.94,25537.88,7.55,53.77,64.9,UP,7850,4024,338463.76,563.1,885.2,0.9836,False,6,49543.04,4,45532.5,4010.54,92.8,0.918,0.882,0.984,0.999,5431.46,-2250.28,,20.66,-3.35,0.9169,-436.8,-0.037,-1544.15,-0.1215,-0.1228,NONE,1789671144751,SELL,5851.89,0.09157460064472715,1789671300000,ok,1.0,1.0,1.0,continuous,1,273,0,,0,0,0,0,False,576,0.09184,0.09193,9.795,-3.068,0.0075,0.6607,4773.58,4702.34,25.58,1789671405903,518,False,,,,
2,v2,v1.2,REALF_PY_V4_2_DERIVED,ZPTDIFAT_PY_V1_4_DERIVED,fc-v1,native,,058e38aec59f4c35,20260917_214621,156,OG_20260917_215650_006,OGUSDT,BINANCE,FUTURES,OUTSIDE100,523,500,1789671410006,2026-09-17T21:56:50.006+03:00,260,True,1789671410006,1789671410006,81.3,1789671360000,1789671419999,False,50.0,2.681,-0.0373,47.4,FAIR (DENGE),True,500,48.2,40.9,52.6,49.9,0.00244,0.35,-0.18,0.00031,0.121,0.04,9.0,25.0,41.8,YOK,11.8,0.71,2.6875448860586095,0.244,CLV_PROXY_1M,0,0.0333,96.7,47.4,50.7,43.3,43.3,-3.3,4.1,4.1,0.00244,0.00033,-0.00036,-0.00081,67.49,68.75,59.44,58.57,-1.26,8.05,8.92,62.8,68.67,500,native,67.49,NORMAL,62.8,68.67,True,300,38.9,BEAR,BOS DN,EQ/RANGE,HH/MIX,SQZ,71.5,True,True,499,22,78.2,1789670040000,HIGH,2.682,0.91,2.682,0.91,2,2.679,1.81,2,2,2,2.682,2.679,EQL_SWEEP,49,2.679,False,False,0.0412,499,native,54.63,NORMAL,71.86,82.33,True,300,33.8,TR-DN,CHOCH DN,LH/MIX,MIX/HL,SQZ,73.5,True,True,498,23,61.9,1789667100000,HIGH,2.691,3.57,2.692,3.97,2,2.677,1.98,2,2,1,2.692,2.677,EQH_SWEEP,28,2.692,False,False,0.094,499,native,40.54,NORMAL,54.87,52.33,True,300,44.9,BEAR,BOS DN,HH/MIX,LH/MIX,RANGE,73.4,True,True,498,12,60.5,1789667700000,HIGH,2.696,3.5,2.692,2.5,2,2.6635,4.62,2,1,1,2.692,2.6635,EQH_SWEEP,17,2.692,False,False,0.1493,499,native,34.82,NORMAL,33.56,24.0,True,300,56.9,TR-DN,CHOCH DN,MIX/HL,HH/MIX,SQZ,75.6,True,True,498,40,61.7,1789634700000,HIGH,2.719,4.21,2.6995,2.05,2,2.6635,1.94,2,1,1,2.6995,2.6635,EQL_SWEEP,21,2.6635,False,False,0.3366,499,native,35.06,NORMAL,34.45,32.67,True,300,63.8,TR-UP,CHOCH UP,MIX/HL,LH/MIX,TR-UP,80.6,True,True,498,32,49.7,1789552800000,LOW,2.61,3.17,2.7195,1.65,2,2.6,3.6,2,1,1,2.7195,2.6,HIGH_SWEEP,18,2.712,False,False,0.8491,499,native,64.82,NORMAL,56.92,58.0,True,300,63.4,BULL,BOS UP,MIX/HL,HH/HL,RANGE,74.5,True,True,498,28,65.4,1789257600000,LOW,2.595,1.88,2.9825,6.61,3,2.5975,1.83,2,2,2,2.9825,2.5975,EQH_SWEEP,84,2.9425,False,False,1.6988,5054,61,9.12,11.53,-2.41,-11.67,44.17,28.1,DOWN,3,3,20.65,2.8,60.0,1.0,True,0,0.0,0,0.0,0.0,0.0,0.054,0.0,1.0,0.916,163.28,94.9,68.37,26.48,63.24,87.6,UP,15,12,258.18,6.4,300.0,1.0,True,0,0.0,0,0.0,0.0,21.1,0.113,0.103,1.0,0.983,415.55,2073.63,-1658.09,-66.61,16.69,5.2,DOWN,182,51,2489.18,17.0,900.0,1.0,True,0,0.0,1,619.97,-619.97,42.1,0.254,0.349,1.0,0.994,-18.5,-14.47,-1038.4,-55.83,-3.35,1.0,-7.39,-0.1578,10.45,0.2024,0.8777,DOWN,1789671043818,SELL,619.97,2.6792156439066557,1789671300000,ok,1.0,1.0,1.0,continuous,1,4,0,,0,0,0,0,False,611,2.681,2.682,3.729,-1.815,-0.1259,-0.7573,25741.83,33158.66,72.72,1789671404992,5014,True,,,,
2,v2,v1.2,REALF_PY_V4_2_DERIVED,ZPTDIFAT_PY_V1_4_DERIVED,fc-v1,native,,058e38aec59f4c35,20260917_214621,157,ZORA_20260917_215653_557,ZORAUSDT,BINANCE,FUTURES,OUTSIDE100,612,500,1789671413557,2026-09-17T21:56:53.557+03:00,260,True,1789671413051,1789671413557,80.8,1789671360000,1789671419999,False,53.1,0.007719,-0.0518,72.3,STRONG AHEAD,True,500,76.2,69.3,69.0,68.4,-0.00845,0.36,-0.72,0.0013,0.204,1.98,66.3,65.0,-27.3,YOK,7.2,1.0,0.007654080782777869,-0.841,CLV_PROXY_1M,0,0.0,100.0,72.3,64.7,67.7,59.9,7.6,4.6,12.4,-0.00845,-0.00148,-0.0007,-0.00167,42.35,44.84,42.01,33.48,-2.49,0.34,8.87,38.48,32.0,500,native,42.35,NORMAL,38.48,32.0,True,300,45.3,TR-UP,CHOCH UP,LH/MIX,HH/MIX,TR-UP,74.4,True,True,499,33,62.7,1789669380000,LOW,0.007638,8.21,,,,0.0077105,0.86,2,0,3,0.007742,0.0077105,EQL_SWEEP,77,0.0076475,False,False,0.1278,499,native,58.47,NORMAL,50.17,44.0,True,300,28.7,BULL,BOS UP,LH/LL,MIX/HL,TR UP,78.8,True,True,498,59,43.3,1789660620000,LOW,0.007562,5.93,,,,,,,0,0,0.007758,0.007612,HIGH_SWEEP,19,0.007699,False,False,0.3428,499,native,68.45,NORMAL,63.18,60.33,True,300,32.9,BULL,BOS UP,LH/LL,LH/LL,TR UP,88.0,True,True,498,32,81.9,1789661700000,LOW,0.007562,4.33,0.007767,1.32,2,,,,1,0,0.007767,0.007612,EQH_SWEEP,12,0.007767,False,False,0.4694,499,native,76.07,YORGUN,74.32,81.67,True,300,91.5,BULL,BOS UP,HH/HL,HH/HL,TR UP,90.1,True,True,498,2,60.9,1789668900000,LOW,0.007562,2.49,,,,,,,0,0,0.007723,0.007562,HIGH_SWEEP,4,0.007723,False,True,0.8156,499,native,76.02,YORGUN,76.06,90.33,True,300,72.6,BEAR,BOS DN,HH/HL,HH/HL,TR DN,82.7,True,True,498,57,59.5,1789462800000,HIGH,0.007987,2.33,0.009008,11.18,2,0.007187,4.6,2,1,1,0.009008,0.007187,LOW_SWEEP,114,0.008102,False,False,1.5046,499,native,58.0,NORMAL,68.07,81.33,True,300,16.9,TR-DN,CHOCH DN,LH/LL,LH/LL,TR-DN,90.3,True,True,498,13,65.9,1789473600000,HIGH,0.008968,4.81,,,,0.0058755000000000005,7.09,2,0,2,0.008336,0.0058755000000000005,HIGH_SWEEP,26,0.008437,False,False,3.4157,2020,316,73.99,3258.12,-3184.13,-95.56,2.22,5.0,DOWN,78,43,3332.1,12.7,60.0,1.0,True,0,0.0,2,1382.98,-1382.98,39.4,0.203,0.381,1.0,0.966,3670.16,7372.89,-3702.73,-33.53,33.24,9.1,DOWN,239,125,11043.05,21.6,300.0,1.0,True,2,2891.35,6,3776.31,-884.96,50.6,0.302,0.511,1.0,0.993,5998.15,16737.52,-10739.36,-47.24,26.38,6.2,DOWN,580,263,22735.67,45.9,900.0,1.0,True,3,3489.57,9,7063.83,-3574.25,63.5,0.479,0.589,1.0,0.998,-1508.85,-2392.55,-2166.28,2.22,-9.17,1.0,-1625.34,-0.9603,-698.3,-0.3162,0.1113,DOWN,1789671374989,SELL,663.55,0.007721,1789671300000,ok,1.0,1.0,,continuous,1,45,0,,0,0,0,0,False,645,0.007717,0.007718,1.296,0.56,0.1833,0.8438,22389.57,15453.48,26.56,1789671412068,1489,False,,REALF_PRICE_AHEAD|AGGRESSIVE_SELLER,,
2,v2,v1.2,REALF_PY_V4_2_DERIVED,ZPTDIFAT_PY_V1_4_DERIVED,fc-v1,native,,058e38aec59f4c35,20260917_214621,158,TNSR_20260917_215656_890,TNSRUSDT,BINANCE,FUTURES,OUTSIDE100,738,200,1789671416890,2026-09-17T21:56:56.890+03:00,260,True,1789671416666,1789671416890,80.5,1789671360000,1789671419999,False,56.7,0.03465,-0.0289,46.5,FAIR (DENGE),True,500,47.2,39.0,52.5,49.7,0.00364,-0.0,0.01,0.00097,0.325,0.05,15.7,60.0,35.1,YOK,13.6,0.776,0.03477636436066889,0.365,CLV_PROXY_1M,0,0.0267,97.3,46.5,46.7,40.0,48.5,-0.2,6.5,-2.0,0.00364,0.00013,-0.00026,-0.0003,73.45,76.04,80.19,80.86,-2.59,-6.74,-7.41,66.71,69.0,500,native,73.45,YORGUN,66.71,69.0,True,300,88.4,BULL,BOS UP,HH/HL,MIX/HL,EXP UP,88.2,True,True,499,9,74.3,1789670820000,LOW,0.03443,6.41,,,,,,,0,0,0.03471,0.03454,HIGH_SWEEP,10,0.03457,False,False,0.0991,499,native,66.03,NORMAL,70.46,75.33,True,300,87.7,BULL,BOS UP,HH/HL,HH/MIX,RANGE,89.5,True,True,498,14,100.0,1789668720000,LOW,0.03437,3.34,,,,,,,0,0,0.03473,0.03438,HIGH_SWEEP,12,0.03459,False,False,0.2334,499,native,55.58,NORMAL,68.64,66.33,True,300,40.3,TR-DN,CHOCH DN,EQ/RANGE,HH/MIX,TR-DN,65.6,True,True,498,4,39.5,1789670100000,HIGH,0.03473,0.92,0.034725,0.87,2,0.034375,2.71,2,1,1,0.034725,0.034375,HIGH_SWEEP,8,0.03472,False,False,0.2823,499,native,65.47,NORMAL,66.03,75.67,True,300,75.3,BULL,BOS UP,HH/MIX,HH/MIX,RANGE,78.3,True,True,498,8,57.1,1789663500000,LOW,0.03405,3.78,,,,,,,0,0,0.03472,0.03405,HIGH_SWEEP,11,0.03461,False,False,0.4676,499,native,59.9,NORMAL,66.34,79.0,True,300,78.7,TR-UP,CHOCH UP,HH/HL,HH/HL,TR-UP,83.9,True,True,498,19,66.2,1789599600000,LOW,0.03258,5.54,,,,,,,0,0,0.03539,0.03405,LOW_SWEEP,24,0.03304,False,False,1.0868,499,native,66.65,NORMAL,72.1,82.0,True,300,32.5,BULL,BOS UP,LH/LL,HH/MIX,RANGE,83.9,True,True,498,28,28.1,1789257600000,LOW,0.033,2.1,0.037065,3.1,2,0.029225,6.92,2,1,1,0.037065,0.029225,EQH_SWEEP,56,0.037065,False,False,2.2634,4949,135,34.58,22.64,11.94,20.86,60.43,83.3,UP,9,8,57.22,6.4,60.0,1.0,True,0,0.0,0,0.0,0.0,0.0,0.114,0.0,1.0,0.918,666.75,242.47,424.27,46.66,73.33,93.7,UP,38,24,909.22,5.1,300.0,1.0,True,2,521.88,0,0.0,521.88,25.2,0.093,0.24,1.0,0.984,8578.51,2650.35,5928.15,52.79,76.4,94.3,UP,244,113,11228.86,34.8,900.0,1.0,True,12,7798.86,3,1472.93,6325.93,57.3,0.41,0.513,1.0,0.995,-7.87,-37.34,27.24,-18.05,-0.38,1.0,6.63,0.1572,46.69,0.2568,0.645,NONE,1789671161726,BUY,280.96,0.034679630201068914,1789671300000,ok,1.0,1.0,1.0,continuous,1,9,0,,0,0,0,0,False,679,0.03464,0.03466,5.772,0.6,-0.0977,0.0655,11880.89,14455.07,57.72,1789671413308,3582,False,,,,
2,v2,v1.2,REALF_PY_V4_2_DERIVED,ZPTDIFAT_PY_V1_4_DERIVED,fc-v1,native,,058e38aec59f4c35,20260917_214621,159,VELVET_20260917_215701_098,VELVETUSDT,BINANCE,FUTURES,OUTSIDE100,761,200,1789671421098,2026-09-17T21:57:01.098+03:00,260,True,1789671421098,1789671421098,81.3,1789671360000,1789671419999,True,61.1,0.0582,-0.2058,47.3,FAIR (DENGE),True,500,46.0,51.1,44.9,48.1,-0.00137,-0.21,0.06,0.00559,0.592,1.46,63.7,40.0,-0.1,YOK,6.2,0.829,0.058120181809087366,-0.137,CLV_PROXY_1M,0,0.0,100.0,47.3,47.2,48.8,50.7,0.1,-1.5,-3.4,-0.00137,-0.00078,0.00078,0.00217,40.82,41.57,33.48,29.87,-0.75,7.34,10.95,42.22,31.67,500,native,40.82,NORMAL,42.22,31.67,True,300,16.1,BEAR,BOS DN,LH/LL,MIX/HL,RANGE,82.1,True,True,499,7,24.2,1789670940000,HIGH,0.05868,2.58,0.059495,6.97,2,,,,1,0,0.059495,0.05793,LOW_SWEEP,35,0.05838,False,False,0.3187,499,native,38.86,NORMAL,34.62,19.33,True,300,67.0,BULL,BOS UP,MIX/HL,HH/MIX,RANGE,68.2,True,True,498,22,48.3,1789667280000,LOW,0.05702,2.79,,,,0.05588,5.51,2,0,2,0.05878,0.05588,HIGH_SWEEP,16,0.05863,False,False,0.7194,499,native,55.05,NORMAL,50.54,36.33,True,300,62.9,BULL,BOS UP,MIX/HL,MIX/HL,RANGE,76.3,True,True,498,33,47.0,1789661400000,LOW,0.05666,2.75,,,,0.0515,12.02,2,0,1,0.0589,0.0515,HIGH_SWEEP,32,0.05796,False,False,0.9541,499,native,62.51,NORMAL,56.08,61.67,True,300,87.6,BULL,BOS UP,HH/HL,MIX/HL,EXP UP,93.1,True,True,498,9,42.5,1789662600000,LOW,0.05433,3.88,,,,0.0515,6.72,3,0,1,0.06014,0.0515,HIGH_SWEEP,7,0.05886,False,False,1.7023,499,native,77.32,YORGUN,72.3,80.33,True,300,74.0,BULL,BOS UP,HH/MIX,HH/HL,TR UP,70.9,True,True,498,2,40.8,1789660800000,LOW,0.0494,5.14,,,,,,,0,0,0.05886,0.0494,HIGH_SWEEP,1,0.05886,True,False,2.9455,499,native,85.78,ASIRI,93.48,96.67,True,300,46.9,BEAR,BOS DN,MIX/HL,MIX/HL,SQZ,65.7,True,True,498,13,34.6,1789473600000,HIGH,0.0633,1.96,,,,,,,0,0,0.0536,0.0494,HIGH_SWEEP,3,0.0536,False,False,4.5377,327,899,1453.47,9051.54,-7598.07,-72.33,13.84,5.1,DOWN,132,52,10505.01,10.0,60.0,1.0,True,2,961.77,4,8852.56,-7890.79,39.8,0.167,0.505,1.0,0.995,6607.13,12613.33,-6006.2,-31.25,34.38,10.0,DOWN,409,181,19220.46,29.3,300.0,1.0,True,9,4278.97,9,11067.56,-6788.59,56.8,0.369,0.571,1.0,0.999,63502.06,57713.55,5788.51,4.78,52.39,59.6,UP,1888,819,121215.61,27.0,900.0,1.0,True,40,52903.7,46,48064.67,4839.03,60.8,0.35,0.771,1.0,1.0,-6321.74,-8655.96,-7415.7,-10.98,-27.17,1.0,-2254.04,-0.4436,-728.65,-0.1896,0.316,DOWN,1789671418438,BUY,436.37,0.05819,1789671300000,ok,1.0,1.0,1.0,continuous,1,59,0,,0,0,0,0,False,20,0.05822,0.05823,1.717,-0.558,-0.0457,-0.0754,16746.09,18348.18,33.49,1789671419438,1660,False,,AGGRESSIVE_SELLER,,
2,v2,v1.2,REALF_PY_V4_2_DERIVED,ZPTDIFAT_PY_V1_4_DERIVED,fc-v1,native,,058e38aec59f4c35,20260917_214621,160,ZKC_20260917_215705_256,ZKCUSDT,BINANCE,FUTURES,OUTSIDE100,1142,200,1789671425256,2026-09-17T21:57:05.256+03:00,260,True,1789671425034,1789671425256,81.3,1789671420000,1789671479999,False,5.0,0.03773,-0.0794,36.2,PRICE LAG,True,500,33.9,33.0,38.6,49.9,0.00366,-0.4,0.26,0.00077,0.376,0.02,0.3,70.0,51.2,YOK,5.6,1.0,0.03786817975207991,0.366,CLV_PROXY_1M,0,0.0,100.0,36.2,44.1,40.6,39.1,-7.9,-4.4,-2.9,0.00366,0.00075,0.00074,0.00045,64.78,70.43,73.22,76.84,-5.65,-8.44,-12.06,50.17,55.0,500,native,64.78,NORMAL,50.17,55.0,True,300,68.6,TR-UP,CHOCH UP,HH/MIX,HH/HL,TR-UP,72.9,True,True,499,9,50.2,1789670880000,LOW,0.03757,3.87,,,,,,,0,0,0.0378,0.03757,HIGH_SWEEP,11,0.03777,False,False,0.1095,499,native,70.56,NORMAL,77.71,85.0,True,300,28.0,BULL,BOS UP,LH/LL,LH/LL,SQZ,81.0,True,True,498,47,86.7,1789662780000,LOW,0.03751,3.54,,,,0.03749,3.83,2,0,1,0.03777,0.03749,HIGH_SWEEP,2,0.03777,False,True,0.1868,499,native,53.57,NORMAL,62.6,66.0,True,300,57.8,BULL,BOS UP,MIX/HL,LH/LL,SQZ,66.6,True,True,498,57,72.5,1789654200000,LOW,0.03729,4.56,,,,,,,0,0,0.03777,0.0376,LOW_SWEEP,4,0.0376,False,True,0.2612,499,native,49.97,NORMAL,47.58,59.33,True,300,65.0,TR-UP,CHOCH UP,MIX/HL,MIX/HL,SQZ,71.5,True,True,498,18,44.0,1789654500000,LOW,0.03718,3.0,0.049025,58.25,2,0.037065,3.59,2,1,1,0.049025,0.037065,LOW_SWEEP,105,0.03752,False,False,0.5132,499,native,49.69,NORMAL,52.39,61.67,True,300,58.0,BEAR,BOS DN,MIX/HL,MIX/HL,RANGE,64.9,True,True,498,41,61.2,1789520400000,HIGH,0.04772,18.51,0.05792,37.41,2,,,,1,0,0.05792,0.03718,LOW_SWEEP,26,0.03718,False,False,1.4314,499,native,29.03,DINLENMIS,37.8,40.0,True,300,14.9,BEAR,BOS DN,LH/LL,LH/MIX,TR DN,87.8,True,True,498,15,73.5,1789444800000,HIGH,0.04904,8.31,,,,0.036074999999999996,1.24,2,0,1,0.04772,0.036074999999999996,HIGH_SWEEP,23,0.04757,False,False,3.6131,336,369,37.39,502.38,-464.99,-86.15,6.93,5.0,DOWN,21,16,539.76,4.4,60.0,1.0,True,0,0.0,1,234.06,-234.06,21.9,0.08,0.183,1.0,0.994,1728.26,7366.03,-5637.77,-61.99,19.0,5.3,DOWN,167,95,9094.29,3.7,300.0,1.0,True,3,806.29,6,6115.68,-5309.39,27.6,0.068,0.49,1.0,0.999,14126.29,11292.94,2833.34,11.15,55.57,71.0,UP,629,328,25419.23,21.6,900.0,1.0,True,17,10589.08,10,8130.39,2458.69,53.2,0.302,0.601,1.0,1.0,-346.92,-997.66,-473.82,-23.06,-5.56,1.0,-116.84,-0.2791,-1268.48,-0.6974,-0.4982,NONE,1789671389462,SELL,234.06,0.03774,1789671300000,ok,1.0,1.0,1.0,continuous,1,21,0,,0,0,0,0,False,54,0.03773,0.03775,5.299,1.046,0.0455,-0.0039,23843.03,21769.86,52.99,1789671422786,2470,False,,,,
2,v2,v1.2,REALF_PY_V4_2_DERIVED,ZPTDIFAT_PY_V1_4_DERIVED,fc-v1,native,,058e38aec59f4c35,20260917_214621,161,ETH_20260917_215713_198,ETHUSDT,BINANCE,FUTURES,TOP100,2,75000,1789671433198,2026-09-17T21:57:13.198+03:00,260,True,1789671431697,1789671433198,83.0,1789671420000,1789671479999,False,11.7,2451.73,0.0135,44.9,FAIR (DENGE),True,500,42.8,48.4,42.6,49.9,0.00035,-0.97,-0.29,0.00081,0.598,0.05,0.3,50.0,-8.6,YOK,5.8,1.0,2452.5958300476077,0.035,CLV_PROXY_1M,0,0.0,100.0,44.9,46.7,43.4,50.3,-1.8,1.5,-5.4,0.00035,-6e-05,0.00025,0.00082,38.52,43.59,55.24,58.11,-5.07,-16.72,-19.59,28.82,21.67,500,native,38.52,NORMAL,28.82,21.67,True,300,22.9,BEAR,BOS DN,LH/LL,LH/MIX,RANGE,92.5,True,True,499,33,67.5,1789669440000,HIGH,2462.33,6.16,,,,,,,0,0,2457.87,2448.48,LOW_SWEEP,31,2460.13,False,False,0.0702,499,native,26.75,DINLENMIS,27.43,25.67,True,300,15.0,TR-DN,CHOCH DN,LH/LL,LH/LL,TR-DN,89.0,True,True,498,7,67.0,1789670160000,HIGH,2462.33,3.11,,,,,,,0,0,2462.33,2448.48,HIGH_SWEEP,31,2475.2,False,False,0.1387,499,native,28.11,DINLENMIS,34.13,25.0,True,300,56.4,BULL,BOS UP,MIX/HL,LH/LL,RANGE,70.7,True,True,498,84,76.9,1789646100000,LOW,2428.88,4.71,,,,2365.835,17.7,2,0,1,2462.33,2365.835,HIGH_SWEEP,57,2479.44,False,False,0.1978,499,native,31.49,NORMAL,19.57,10.67,True,300,65.9,BULL,BOS UP,MIX/HL,MIX/HL,RANGE,76.7,True,True,498,27,66.0,1789646400000,LOW,2435.9,1.54,,,,,,,0,0,2476.4,2453.68,LOW_SWEEP,1,2453.68,True,False,0.4189,499,native,76.13,YORGUN,58.91,64.33,True,300,71.4,BEAR,BOS DN,HH/HL,HH/HL,TR DN,79.3,True,True,498,53,44.7,1789477200000,HIGH,2614.99,7.54,,,,,,,0,0,2453.33,2426.52,EQH_SWEEP,17,2429.45,False,True,0.8791,499,native,51.71,NORMAL,60.0,62.67,True,300,50.9,TR-DN,CHOCH DN,MIX/HL,HH/HL,TR-DN,70.6,True,True,498,11,32.7,1789502400000,HIGH,2614.99,3.98,,,,1862.655,14.36,2,0,2,2614.99,1862.655,HIGH_SWEEP,35,2522.75,False,False,1.6617,501,6385,858012.71,672263.41,185749.31,12.14,56.07,72.6,UP,1229,296,1530276.12,19.0,60.0,1.0,True,4,541240.76,1,124136.89,417103.86,59.7,0.276,1.0,1.0,0.992,5885988.7,7464276.0,-1578287.3,-11.82,44.09,27.9,DOWN,10230,2368,13350264.7,95.5,300.0,1.0,True,26,3757902.92,18,4749588.4,-991685.48,84.5,0.656,1.0,1.0,0.998,17064910.62,18780030.3,-1715119.68,-4.78,47.61,40.4,DOWN,28022,6385,35844940.93,297.9,818.5,0.9094,False,57,8884134.58,57,11300491.68,-2416357.1,92.2,0.856,1.0,0.909,0.999,1797637.69,912835.56,,48.12,3.27,0.8427,-497857.53,-0.3572,-308404.18,-0.1155,-0.1167,NONE,1789671420206,BUY,120903.54,2451.41,1789671360000,ok,1.0,1.0,1.0,continuous,1,472,0,,0,0,0,0,False,88,2451.73,2451.74,0.041,0.001,0.1328,0.1736,410627.58,314323.05,0.84,1789671431377,1821,False,,,,
2,v2,v1.2,REALF_PY_V4_2_DERIVED,ZPTDIFAT_PY_V1_4_DERIVED,fc-v1,native,,058e38aec59f4c35,20260917_214621,162,BNB_20260917_215716_998,BNBUSDT,BINANCE,FUTURES,TOP100,4,25000,1789671436998,2026-09-17T21:57:16.998+03:00,260,True,1789671436998,1789671436998,82.9,1789671420000,1789671479999,False,17.0,728.38,0.0,45.5,FAIR (DENGE),True,500,43.9,46.9,45.0,50.0,0.00034,-0.39,0.19,0.0004,0.592,0.0,0.3,50.0,-5.8,YOK,3.0,1.0,728.6305872375394,0.034,CLV_PROXY_1M,0,0.0,100.0,45.5,49.2,53.1,51.9,-3.7,-7.6,-6.4,0.00034,-1e-05,0.00046,0.00037,59.22,64.5,69.52,55.61,-5.28,-10.3,3.61,47.73,45.0,500,native,59.22,NORMAL,47.73,45.0,True,300,48.1,BEAR,BOS DN,MIX/HL,HH/HL,TR DN,76.2,True,True,499,24,100.0,1789669980000,HIGH,729.98,6.6,,,,727.475,3.73,2,0,1,728.82,727.475,HIGH_SWEEP,37,729.81,False,False,0.0333,499,native,30.1,NORMAL,35.3,35.0,True,300,9.9,BEAR,BOS DN,LH/LL,LH/LL,RANGE,88.5,True,True,498,8,86.3,1789669980000,HIGH,729.98,3.2,,,,724.995,6.77,2,0,1,729.98,724.995,HIGH_SWEEP,29,730.49,False,False,0.0687,499,native,28.13,DINLENMIS,32.57,21.33,True,300,41.8,BEAR,BOS DN,MIX/HL,HH/MIX,RANGE,71.8,True,True,498,5,50.6,1789669800000,HIGH,730.89,3.35,,,,718.6600000000001,13.04,2,0,1,729.98,718.6600000000001,HIGH_SWEEP,219,727.51,False,False,0.1024,499,native,55.73,NORMAL,44.89,33.67,True,300,86.3,BULL,BOS UP,HH/HL,HH/HL,SQZ,86.6,True,True,498,6,37.3,1789665300000,LOW,724.99,1.95,,,,,,,0,0,730.89,724.99,HIGH_SWEEP,7,730.21,False,False,0.2384,499,native,71.16,NORMAL,69.34,77.0,True,300,65.4,TR-UP,CHOCH UP,HH/MIX,HH/MIX,TR-UP,76.7,True,True,498,23,52.6,1789585200000,LOW,704.34,5.76,,,,,,,0,0,732.95,721.24,HIGH_SWEEP,6,729.58,False,False,0.5726,499,native,72.3,YORGUN,78.23,84.67,True,300,41.6,BULL,BOS UP,LH/LL,HH/MIX,RANGE,86.1,True,True,498,1,31.3,1789646400000,LOW,704.34,2.73,,,,,,,0,0,725.94,704.34,HIGH_SWEEP,3,725.94,False,False,1.2108,888,1466,895.92,11006.7,-10110.78,-84.95,7.53,5.0,DOWN,153,37,11902.63,2.4,60.0,1.0,True,0,0.0,0,0.0,0.0,23.9,0.046,0.519,1.0,0.985,272557.82,110604.77,161953.05,42.27,71.13,93.1,UP,2080,381,383162.59,50.9,300.0,1.0,True,2,74016.0,0,0.0,74016.0,73.6,0.504,0.896,1.0,0.997,884453.52,906778.44,-22324.92,-1.25,49.38,47.5,FLAT,6146,1290,1791231.96,68.7,900.0,1.0,True,5,289017.66,5,483053.4,-194035.73,80.3,0.579,1.0,1.0,0.999,18499.52,2918.79,-4290.26,-5.5,1.0,1.0,-6652.51,-0.2364,29040.82,0.379,0.5551,DOWN,1789671218546,BUY,40469.58,728.5252223222323,1789671360000,ok,1.0,1.0,1.0,continuous,1,62,0,,0,0,0,0,False,123,728.38,728.39,0.137,0.031,-0.0744,0.464,140338.2,162911.03,2.68,1789671435759,1239,False,,AGGRESSIVE_SELLER,,
2,v2,v1.2,REALF_PY_V4_2_DERIVED,ZPTDIFAT_PY_V1_4_DERIVED,fc-v1,native,,058e38aec59f4c35,20260917_214621,163,XRP_20260917_215728_126,XRPUSDT,BINANCE,FUTURES,TOP100,5,25000,1789671448126,2026-09-17T21:57:28.126+03:00,260,True,1789671445557,1789671448126,90.4,1789671420000,1789671479999,False,25.6,1.2948,-0.0232,47.9,FAIR (DENGE),True,500,46.8,50.7,45.9,49.5,-0.00015,-0.93,-0.42,0.00089,0.568,0.51,19.0,50.0,-10.7,YOK,4.7,0.865,1.2946112679282578,-0.015,CLV_PROXY_1M,0,0.0,100.0,47.9,51.7,50.1,54.2,-3.8,-2.2,-6.3,-0.00015,5e-05,0.00038,0.00079,40.59,48.04,58.44,55.63,-7.45,-17.85,-15.04,24.42,20.33,500,native,40.59,NORMAL,24.42,20.33,True,300,45.6,BEAR,BOS DN,MIX/HL,LH/LL,SQZ,77.6,True,True,499,18,57.8,1789670340000,HIGH,1.2998,4.87,,,,,,,0,0,1.2973,1.295,LOW_SWEEP,17,1.294,False,False,0.0793,499,native,26.59,DINLENMIS,25.45,24.67,True,300,27.1,BULL,BOS UP,LH/LL,LH/LL,SQZ,83.6,True,True,498,95,46.8,1789654320000,LOW,1.2888,3.12,,,,1.2744499999999999,10.7,2,0,1,1.3,1.2744499999999999,HIGH_SWEEP,94,1.3087,False,False,0.1462,499,native,29.06,DINLENMIS,34.69,28.33,True,300,57.5,BULL,BOS UP,MIX/HL,LH/LL,TR UP,67.6,True,True,498,55,54.0,1789654800000,LOW,1.2888,2.14,,,,,,,0,0,1.3086,1.2979,HIGH_SWEEP,53,1.3151,False,False,0.2165,499,native,27.79,DINLENMIS,19.25,13.33,True,300,43.3,BEAR,BOS DN,MIX/HL,MIX/HL,RANGE,71.9,True,True,498,1,36.1,1789669800000,HIGH,1.3086,2.3,,,,,,,0,0,1.3086,1.2979,HIGH_SWEEP,17,1.3151,False,False,0.463,499,native,53.61,NORMAL,27.36,21.67,True,300,54.5,BEAR,BOS DN,MIX/HL,HH/HL,RANGE,72.1,True,True,498,29,35.2,1789563600000,HIGH,1.312,1.21,,,,,,,0,0,1.3096,1.2888,HIGH_SWEEP,6,1.3096,False,False,1.0981,499,native,34.69,NORMAL,38.23,37.0,True,300,45.9,TR-DN,CHOCH DN,HH/MIX,HH/MIX,TR-DN,75.8,True,True,498,12,73.1,1789488000000,HIGH,1.4916,5.79,1.5507,7.53,2,0.98775,9.04,2,1,1,1.5507,0.98775,EQH_SWEEP,54,1.43175,False,False,2.598,182,2069,132210.86,244438.71,-112227.85,-29.8,35.1,10.6,DOWN,895,114,376649.57,11.4,60.0,1.0,True,1,25883.91,3,145219.15,-119335.24,49.3,0.186,0.894,1.0,0.997,1479068.8,906406.89,572661.9,24.01,62.0,85.9,UP,5259,564,2385475.69,71.5,300.0,1.0,True,15,842168.93,7,384625.33,457543.6,80.9,0.589,1.0,1.0,0.999,3476312.86,3144830.91,331481.96,5.01,52.5,60.1,UP,14304,1801,6621143.77,145.2,900.0,1.0,True,37,1748335.83,25,1748177.9,157.93,88.8,0.744,1.0,1.0,1.0,-90727.5,-18293.97,-154146.78,-8.18,-0.99,1.0,-30342.62,-0.1231,89029.66,0.1866,0.3661,DOWN,1789671435062,SELL,25937.95,1.2948,1789671360000,ok,1.0,1.0,1.0,continuous,1,163,0,,0,0,0,0,False,197,1.2946,1.2947,0.772,-0.336,0.0071,-0.3384,1327044.0,1308262.09,15.06,1789671439661,8465,True,,,,
2,v2,v1.2,REALF_PY_V4_2_DERIVED,ZPTDIFAT_PY_V1_4_DERIVED,fc-v1,native,,058e38aec59f4c35,20260917_214621,164,DOGE_20260917_215731_659,DOGEUSDT,BINANCE,FUTURES,TOP100,12,15000,1789671451659,2026-09-17T21:57:31.659+03:00,260,True,1789671451648,1789671451659,90.6,1789671420000,1789671479999,False,31.6,0.08145,0.0246,55.0,FAIR (DENGE),True,500,53.7,66.7,45.0,51.8,-0.00382,-0.9,-0.21,0.0008,0.558,0.55,39.0,55.0,-23.6,YOK,21.7,0.707,0.08113928232569304,-0.381,CLV_PROXY_1M,0,0.0,100.0,55.0,59.8,60.1,67.1,-4.8,-5.1,-12.1,-0.00382,4e-05,0.00071,0.00149,37.87,40.55,50.55,54.12,-2.68,-12.68,-16.25,32.05,30.67,500,native,37.87,NORMAL,32.05,30.67,True,300,18.2,TR-DN,CHOCH DN,LH/LL,HH/HL,TR-DN,95.9,True,True,499,23,87.8,1789670040000,HIGH,0.08178,4.73,0.0818,5.01,2,,,,1,0,0.0818,0.08131,LOW_SWEEP,50,0.08167,False,False,0.0858,499,native,29.01,DINLENMIS,30.29,29.0,True,300,12.6,BEAR,BOS DN,LH/LL,LH/LL,TR DN,89.7,True,True,498,8,49.0,1789669980000,HIGH,0.08179,2.67,,,,,,,0,0,0.08179,0.08131,LOW_SWEEP,26,0.08196,False,False,0.1562,499,native,29.34,DINLENMIS,35.07,26.33,True,300,44.4,TR-DN,CHOCH DN,MIX/HL,LH/LL,TR-DN,74.7,True,True,498,4,70.3,1789670100000,HIGH,0.08226,4.44,,,,0.07986,8.56,2,0,1,0.08179,0.07986,HIGH_SWEEP,21,0.08206,False,False,0.2265,499,native,39.6,NORMAL,26.44,22.67,True,300,68.7,BULL,BOS UP,MIX/HL,HH/HL,RANGE,74.0,True,True,498,19,56.8,1789653600000,LOW,0.08054,2.54,,,,0.080555,2.5,2,0,1,0.08226,0.080555,HIGH_SWEEP,17,0.08179,False,False,0.4389,499,native,75.3,YORGUN,60.94,70.67,True,300,85.2,BULL,BOS UP,HH/HL,HH/HL,RANGE,85.8,True,True,498,10,49.0,1789632000000,LOW,0.07828,4.25,,,,,,,0,0,0.08134,0.08054,HIGH_SWEEP,9,0.08134,False,False,0.9131,499,native,51.96,NORMAL,57.07,66.33,True,300,46.4,BEAR,BOS DN,HH/MIX,HH/MIX,TR DN,73.2,True,True,498,13,26.7,1789473600000,HIGH,0.08616,3.17,,,,0.07835,2.09,2,0,1,0.08616,0.07835,HIGH_SWEEP,17,0.08534,False,False,1.8121,943,1374,174483.52,110394.91,64088.62,22.5,61.25,84.7,UP,635,85,284878.43,8.7,60.0,1.0,True,2,111820.45,1,59738.37,52082.09,44.6,0.149,0.864,1.0,0.984,1019730.44,689454.83,330275.6,19.32,59.66,81.8,UP,3325,415,1709185.27,54.5,300.0,1.0,True,18,753407.05,11,488409.46,264997.59,77.0,0.521,1.0,1.0,0.997,1676876.08,1424090.67,252785.41,8.15,54.08,66.0,UP,7801,1203,3100966.75,122.5,900.0,1.0,True,32,1040201.72,22,875592.59,164609.13,87.2,0.71,1.0,1.0,0.999,-65939.7,122384.81,-26812.75,-20.25,2.86,1.0,78300.64,0.3315,43649.19,0.1277,0.1299,NONE,1789671434419,SELL,59738.37,0.08146,1789671360000,ok,1.0,1.0,1.0,continuous,1,131,0,,0,0,0,0,False,231,0.08145,0.08146,1.228,-0.555,0.0048,-0.238,997801.63,988241.95,23.94,1789671450695,964,False,,,,
2,v2,v1.2,REALF_PY_V4_2_DERIVED,ZPTDIFAT_PY_V1_4_DERIVED,fc-v1,native,,058e38aec59f4c35,20260917_214621,165,LINK_20260917_215734_977,LINKUSDT,BINANCE,FUTURES,TOP100,17,10000,1789671454977,2026-09-17T21:57:34.977+03:00,260,True,1789671454871,1789671454977,90.1,1789671420000,1789671479999,False,34.9,11.318,0.0088,43.4,FAIR (DENGE),True,500,40.1,50.1,39.4,49.6,-2e-05,-1.33,-0.17,0.00117,0.591,0.24,2.7,50.0,-11.5,YOK,10.7,0.994,11.317723822274104,-0.002,CLV_PROXY_1M,0,0.0,100.0,43.4,45.1,50.3,59.0,-1.7,-6.9,-15.6,-2e-05,-5e-05,0.00116,0.00219,34.58,40.81,55.54,58.35,-6.23,-20.96,-23.77,22.89,13.33,500,native,34.58,NORMAL,22.89,13.33,True,300,36.2,BEAR,BOS DN,MIX/HL,HH/HL,RANGE,76.6,True,True,499,1,74.2,1789671360000,HIGH,11.353,2.97,,,,11.14,15.1,2,0,1,11.353,11.14,HIGH_SWEEP,26,11.358,False,False,0.1042,499,native,26.54,DINLENMIS,22.1,13.33,True,300,58.4,BULL,BOS UP,HH/MIX,LH/LL,RANGE,75.3,True,True,498,37,60.7,1789664760000,LOW,11.302,0.71,,,,11.100999999999999,9.68,2,0,1,11.379,11.100999999999999,EQL_SWEEP,8,11.335,False,False,0.1981,499,native,31.61,NORMAL,33.0,17.33,True,300,66.6,BULL,BOS UP,MIX/HL,HH/MIX,RANGE,72.8,True,True,498,22,47.6,1789664700000,LOW,11.302,0.5,,,,,,,0,0,11.379,11.302,HIGH_SWEEP,21,11.406,False,False,0.2851,499,native,46.54,NORMAL,33.81,28.67,True,300,70.9,BULL,BOS UP,MIX/HL,HH/HL,RANGE,77.0,True,True,498,19,61.0,1789653600000,LOW,11.089,3.61,11.428,1.73,2,11.0905,3.58,2,1,1,11.428,11.0905,HIGH_SWEEP,17,11.34,False,False,0.5598,499,native,81.91,YORGUN,73.85,83.0,True,300,54.7,BEAR,BOS DN,MIX/HL,HH/HL,TR DN,70.8,True,True,498,35,42.9,1789542000000,HIGH,11.501,1.44,12.7855,11.57,2,,,,1,0,12.7855,11.089,LOW_SWEEP,25,10.67,False,False,1.1169,499,native,57.36,NORMAL,66.44,72.67,True,300,16.6,BEAR,BOS DN,LH/LL,HH/MIX,RANGE,86.2,True,True,498,12,24.8,1789488000000,HIGH,11.961,2.6,,,,8.062,13.16,2,0,1,11.961,8.062,EQH_SWEEP,80,12.035499999999999,False,False,2.1745,5225,768,6108.26,18757.62,-12649.35,-50.87,24.56,5.9,DOWN,152,40,24865.88,10.9,60.0,1.0,True,0,0.0,0,0.0,0.0,42.7,0.179,0.599,1.0,0.913,168521.09,125611.94,42909.15,14.59,57.29,76.1,UP,1257,239,294133.03,48.8,300.0,1.0,True,4,100045.93,1,12405.43,87640.5,72.1,0.494,0.867,1.0,0.983,465885.53,602762.55,-136877.02,-12.81,43.6,26.4,DOWN,3861,704,1068648.08,120.3,900.0,1.0,True,7,173026.72,9,253489.51,-80462.79,87.0,0.706,1.0,1.0,0.994,4299.46,69862.31,-14619.96,10.06,10.98,1.0,-12925.46,-0.5763,2506.85,0.0426,0.0822,DOWN,1789671231197,SELL,12405.43,11.339,1789671360000,ok,1.0,1.0,1.0,continuous,1,59,0,,0,0,0,0,False,265,11.317,11.318,0.884,-0.422,0.4426,-0.3413,550046.49,212508.07,17.23,1789671454008,969,False,,AGGRESSIVE_SELLER,,
2,v2,v1.2,REALF_PY_V4_2_DERIVED,ZPTDIFAT_PY_V1_4_DERIVED,fc-v1,native,,058e38aec59f4c35,20260917_214621,166,ADA_20260917_215738_526,ADAUSDT,BINANCE,FUTURES,TOP100,19,10000,1789671458526,2026-09-17T21:57:38.526+03:00,260,True,1789671458487,1789671458526,90.2,1789671420000,1789671479999,False,38.5,0.2013,0.0497,57.2,FAIR (DENGE),True,500,60.2,54.9,56.7,50.5,-0.0018,-0.24,-0.64,0.00147,0.593,0.22,3.0,50.0,-14.2,YOK,5.3,1.0,0.20093875403136585,-0.179,CLV_PROXY_1M,0,0.0,100.0,57.2,60.7,52.3,50.1,-3.5,4.9,7.1,-0.0018,-0.00012,-0.00043,-0.00064,36.89,39.06,50.51,49.74,-2.17,-13.62,-12.85,32.88,29.33,500,native,36.89,NORMAL,32.88,29.33,True,300,17.2,BEAR,BOS DN,LH/LL,MIX/HL,RANGE,93.2,True,True,499,23,79.1,1789670040000,HIGH,0.2022,3.35,0.2022,3.35,2,,,,2,0,0.2022,0.2009,LOW_SWEEP,142,0.2016,False,False,0.1337,499,native,26.37,DINLENMIS,34.44,23.0,True,300,13.6,BEAR,BOS DN,LH/LL,LH/LL,TR DN,89.7,True,True,498,8,36.4,1789669980000,HIGH,0.203,3.64,,,,,,,0,0,0.2022,0.2009,LOW_SWEEP,22,0.2021,False,False,0.2322,499,native,23.58,DINLENMIS,29.11,16.0,True,300,66.4,BULL,BOS UP,MIX/HL,LH/LL,RANGE,73.0,True,True,498,23,65.2,1789664400000,LOW,0.2008,0.8,,,,0.1903,17.71,2,0,1,0.203,0.1903,HIGH_SWEEP,21,0.2028,False,False,0.3085,499,native,42.52,NORMAL,28.52,23.33,True,300,71.8,BULL,BOS UP,MIX/HL,HH/HL,RANGE,79.0,True,True,498,18,79.1,1789654500000,LOW,0.1972,3.26,,,,0.1972,3.26,2,0,2,0.2033,0.1972,HIGH_SWEEP,16,0.2022,False,False,0.625,499,native,84.39,ASIRI,72.52,84.33,True,300,49.9,TR-UP,CHOCH UP,MIX/LL,HH/HL,TR-UP,79.1,True,True,498,12,61.8,1789624800000,LOW,0.1901,4.55,,,,,,,0,0,0.1973,0.1901,EQH_SWEEP,17,0.19690000000000002,False,False,1.2131,499,native,52.73,NORMAL,62.26,74.67,True,300,16.5,BEAR,BOS DN,LH/LL,LH/LL,RANGE,83.9,True,True,498,12,45.7,1789488000000,HIGH,0.2159,2.99,,,,,,,0,0,0.2159,0.1901,LOW_SWEEP,49,0.2148,False,False,2.414,2802,788,17428.76,19599.85,-2171.09,-5.86,47.07,38.3,DOWN,142,37,37028.61,3.2,60.0,1.0,True,0,0.0,1,17814.85,-17814.85,28.4,0.061,0.642,1.0,0.953,188858.85,123089.67,65769.18,21.08,60.54,83.5,UP,1355,211,311948.52,10.7,300.0,1.0,True,4,138599.57,5,79373.81,59225.75,47.9,0.176,0.874,1.0,0.991,439873.32,416098.36,23774.96,2.78,51.39,55.7,FLAT,3760,665,855971.67,34.1,900.0,1.0,True,11,269887.44,12,290245.09,-20357.65,69.3,0.405,0.983,1.0,0.997,17337.14,-1198.17,-53055.78,25.86,-0.93,1.0,-11531.88,-0.3204,5673.36,0.0909,0.5405,DOWN,1789671400744,SELL,17814.85,0.2012,1789671360000,ok,1.0,1.0,1.0,continuous,1,58,0,,0,0,0,0,False,299,0.2012,0.2013,4.969,0.584,0.1658,0.061,2861365.58,2047297.14,96.89,1789671457548,978,False,,,,
2,v2,v1.2,REALF_PY_V4_2_DERIVED,ZPTDIFAT_PY_V1_4_DERIVED,fc-v1,native,,058e38aec59f4c35,20260917_214621,167,LTC_20260917_215742_999,LTCUSDT,BINANCE,FUTURES,TOP100,25,10000,1789671462999,2026-09-17T21:57:42.999+03:00,260,True,1789671461619,1789671462999,90.4,1789671420000,1789671479999,False,41.6,53.41,-0.0187,36.8,PRICE LAG,True,500,32.8,42.0,33.1,49.1,0.0015,-1.21,0.33,0.00087,0.403,0.24,3.0,70.0,-10.2,YOK,9.2,1.0,53.490349076887945,0.15,CLV_PROXY_1M,0,0.0,100.0,36.8,38.9,42.6,52.3,-2.1,-5.8,-15.5,0.0015,0.00018,0.00114,0.00217,17.69,20.79,28.27,36.69,-3.1,-10.58,-19.0,13.08,4.33,500,native,17.69,DINLENMIS,13.08,4.33,True,300,9.4,BEAR,BOS DN,LH/LL,LH/LL,TR DN,90.0,True,True,499,1,48.6,1789671360000,HIGH,53.58,4.2,,,,,,,0,0,53.58,53.44,LOW_SWEEP,2,53.44,False,False,0.0758,499,native,15.07,DINLENMIS,16.16,6.33,True,300,30.8,TR-DN,CHOCH DN,LH/MIX,LH/LL,TR-DN,72.7,True,True,498,7,57.3,1789670160000,HIGH,53.86,5.5,,,,,,,0,0,53.86,53.65,HIGH_SWEEP,39,53.74,False,False,0.1532,499,native,15.53,DINLENMIS,16.8,4.0,True,300,66.3,BULL,BOS UP,MIX/HL,LH/LL,RANGE,73.2,True,True,498,22,34.8,1789664700000,LOW,53.31,0.8,,,,50.21,25.61,2,0,2,53.86,50.21,HIGH_SWEEP,23,53.74,False,False,0.2339,499,native,62.92,NORMAL,42.96,43.0,True,300,70.1,BULL,BOS UP,HH/MIX,HH/HL,TR UP,78.7,True,True,498,18,42.9,1789654500000,LOW,52.51,4.02,,,,,,,0,0,53.98,52.46,HIGH_SWEEP,17,53.11,False,False,0.4182,499,native,84.81,ASIRI,76.15,83.67,True,300,66.1,TR-UP,CHOCH UP,MIX/HL,HH/MIX,TR-UP,63.2,True,True,498,7,40.7,1789642800000,LOW,50.13,7.18,,,,,,,0,0,52.81,52.46,HIGH_SWEEP,9,52.81,False,False,0.8504,499,native,64.76,NORMAL,75.51,83.67,True,300,50.7,TR-DN,CHOCH DN,HH/MIX,LH/LL,TR-DN,72.3,True,True,498,11,38.2,1789502400000,HIGH,55.24,2.07,,,,,,,0,0,55.24,50.13,HIGH_SWEEP,27,54.28,False,False,1.6471,9170,437,1411.53,6808.28,-5396.75,-65.66,17.17,5.2,DOWN,68,26,8219.81,2.4,60.0,1.0,True,0,0.0,0,0.0,0.0,22.9,0.046,0.479,1.0,0.847,36744.39,74761.65,-38017.25,-34.09,32.95,8.9,DOWN,603,126,111506.04,25.0,300.0,1.0,True,0,0.0,1,11155.07,-11155.07,59.2,0.333,0.762,1.0,0.969,261156.38,239188.5,21967.88,4.39,52.2,58.9,UP,1837,400,500344.88,37.7,900.0,1.0,True,6,139596.62,7,104880.3,34716.32,69.6,0.43,0.925,1.0,0.99,7544.46,-52859.23,-8621.08,3.41,-21.61,1.0,-1956.69,-0.0903,-6669.01,-0.299,0.0628,DOWN,1789671254291,SELL,11155.07,53.438988809259186,1789671360000,ok,1.0,1.0,1.0,continuous,1,47,0,,0,0,0,0,False,333,53.4,53.41,1.872,0.544,0.1053,0.1242,967739.76,783327.6,36.51,1789671461062,1937,False,,FATIGUE_RESTED_1M|AGGRESSIVE_SELLER,,
2,v2,v1.2,REALF_PY_V4_2_DERIVED,ZPTDIFAT_PY_V1_4_DERIVED,fc-v1,native,,058e38aec59f4c35,20260917_214621,168,SUI_20260917_215750_149,SUIUSDT,BINANCE,FUTURES,TOP100,35,5000,1789671470149,2026-09-17T21:57:50.149+03:00,260,True,1789671469191,1789671470149,88.2,1789671420000,1789671479999,False,49.2,0.7314,0.0,51.3,FAIR (DENGE),True,500,51.7,53.1,48.8,50.0,-0.00099,-0.54,-0.07,0.00137,0.674,0.15,0.7,50.0,-18.1,YOK,4.3,0.722,0.730677901643007,-0.099,CLV_PROXY_1M,0,0.0,100.0,51.3,54.7,56.1,59.3,-3.4,-4.8,-8.0,-0.00099,7e-05,0.00064,0.00105,48.17,53.14,59.68,57.62,-4.97,-11.51,-9.45,38.26,32.67,500,native,48.17,NORMAL,38.26,32.67,True,300,21.3,TR-DN,CHOCH DN,LH/LL,MIX/LL,TR-DN,86.9,True,True,499,23,83.1,1789670040000,HIGH,0.7344,3.5,,,,,,,0,0,0.7337,0.7287,HIGH_SWEEP,24,0.7344,False,False,0.1171,499,native,35.17,NORMAL,35.38,33.67,True,300,28.9,BULL,BOS UP,LH/LL,LH/LL,RANGE,86.6,True,True,498,38,54.4,1789664580000,LOW,0.7291,1.44,,,,0.7292,1.38,2,0,3,0.7352,0.7292,EQL_SWEEP,6,0.7292,False,False,0.2177,499,native,34.39,NORMAL,40.89,29.0,True,300,66.3,BULL,BOS UP,MIX/HL,LH/LL,RANGE,73.4,True,True,498,22,31.2,1789664700000,LOW,0.7291,1.03,,,,0.71575,7.04,2,0,2,0.7352,0.71575,HIGH_SWEEP,21,0.7373,False,False,0.3036,499,native,52.37,NORMAL,41.62,35.67,True,300,90.0,BULL,BOS UP,HH/HL,HH/HL,RANGE,89.7,True,True,498,6,54.6,1789665300000,LOW,0.7223,2.18,,,,,,,0,0,0.7387,0.7291,HIGH_SWEEP,11,0.7351,False,False,0.5712,499,native,82.26,YORGUN,77.59,89.67,True,300,72.6,BEAR,BOS DN,HH/HL,HH/HL,TR DN,82.7,True,True,498,52,50.4,1789480800000,HIGH,0.7479,1.91,0.8336,11.85,2,,,,2,0,0.8336,0.7157,LOW_SWEEP,25,0.6814,False,False,1.1765,499,native,72.49,YORGUN,77.48,90.0,True,300,59.4,BEAR,BOS DN,HH/HL,MIX/HL,TR DN,78.3,True,True,498,11,25.5,1789502400000,HIGH,0.7479,0.97,,,,,,,0,0,0.7479,0.6773,LOW_SWEEP,13,0.692,False,False,2.3241,1400,1151,9309.87,10957.61,-1647.73,-8.13,45.94,34.1,DOWN,194,56,20267.48,9.1,60.0,1.0,True,1,5810.99,0,0.0,5810.99,40.0,0.154,0.577,1.0,0.977,61869.36,85276.86,-23407.49,-15.91,42.05,22.2,DOWN,1243,309,147146.22,47.7,300.0,1.0,True,3,21364.21,2,11845.48,9518.73,70.0,0.488,0.792,1.0,0.995,626824.36,644356.98,-17532.63,-1.38,49.31,47.2,FLAT,5819,1014,1271181.34,146.4,900.0,1.0,True,27,359510.24,32,394071.95,-34561.71,88.9,0.745,1.0,1.0,0.998,9356.32,-170898.78,5440.3,15.43,-26.06,1.0,-8345.88,-0.2819,-5604.51,-0.1904,0.4522,DOWN,1789671443589,BUY,5810.99,0.7314299495260992,1789671360000,ok,1.0,1.0,1.0,continuous,1,90,0,,0,0,0,0,False,425,0.7314,0.7315,1.367,0.025,0.1405,0.091,544419.31,410241.88,26.66,1789671468566,1583,False,,,,
2,v2,v1.2,REALF_PY_V4_2_DERIVED,ZPTDIFAT_PY_V1_4_DERIVED,fc-v1,native,,058e38aec59f4c35,20260917_214621,169,AKE_20260917_215753_632,AKEUSDT,BINANCE,FUTURES,TOP100,94,2000,1789671473632,2026-09-17T21:57:53.632+03:00,260,True,1789671473632,1789671473632,86.3,1789671420000,1789671479999,False,53.6,0.020777,-0.3406,38.4,PRICE LAG,True,500,33.9,41.4,40.4,47.0,0.01484,-0.15,0.44,0.00757,0.711,0.63,18.0,45.0,12.8,YOK,7.4,1.0,0.02108764794440511,1.495,CLV_PROXY_1M,0,0.0,100.0,38.4,38.4,44.5,44.7,0.0,-6.1,-6.3,0.01484,-0.00064,0.00259,0.00393,46.29,50.56,33.98,36.74,-4.27,12.31,9.55,35.2,39.0,500,native,46.29,NORMAL,35.2,39.0,True,300,16.2,BEAR,BOS DN,LH/LL,HH/HL,SQZ,87.0,True,True,499,12,34.4,1789670700000,HIGH,0.021142,6.44,0.021141,6.42,2,,,,1,0,0.021141,0.020721,LOW_SWEEP,7,0.020824,False,False,0.272,499,native,24.66,DINLENMIS,24.61,19.0,True,300,48.0,TR-DN,CHOCH DN,HH/MIX,LH/LL,TR-DN,76.1,True,True,498,4,51.0,1789670700000,HIGH,0.021142,3.04,,,,,,,0,0,0.021142,0.020851,EQL_SWEEP,7,0.020852500000000003,False,False,0.5752,499,native,24.57,DINLENMIS,22.83,15.67,True,300,42.2,BEAR,BOS DN,MIX/HL,HH/MIX,RANGE,72.4,True,True,498,1,29.7,1789671000000,HIGH,0.021142,2.13,,,,,,,0,0,0.021142,0.020811,LOW_SWEEP,2,0.020811,False,False,0.8239,499,native,26.47,DINLENMIS,23.72,5.33,True,300,59.3,BEAR,BOS DN,HH/MIX,HH/HL,SQZ,70.0,True,True,498,106,97.0,1789575300000,HIGH,0.028247,19.94,0.029421000000000003,23.07,2,0.020765,0.03,2,1,3,0.029421000000000003,0.020765,EQL_SWEEP,9,0.020765,False,True,1.7961,499,native,53.99,NORMAL,43.77,40.67,True,300,56.6,BULL,BOS UP,MIX/HL,MIX/HL,RANGE,70.2,True,True,498,62,56.3,1789444800000,LOW,0.014658,4.77,0.029844000000000002,7.07,2,0.012500500000000001,6.46,3,1,2,0.029844000000000002,0.012500500000000001,HIGH_SWEEP,63,0.0165,False,False,6.0934,499,native,42.0,NORMAL,37.78,31.33,True,300,86.4,BULL,BOS UP,HH/HL,MIX/HL,TR UP,90.5,True,True,498,15,80.8,1789444800000,LOW,0.013069,2.64,,,,0.0128725,2.71,2,0,3,0.029888,0.0128725,EQL_SWEEP,64,0.0128725,False,False,13.8617,367,4167,2874.48,11495.74,-8621.26,-59.99,20.0,5.4,DOWN,547,248,14370.21,51.2,60.0,1.0,True,0,0.0,0,0.0,0.0,63.2,0.506,0.539,1.0,0.994,61253.52,40561.46,20692.06,20.32,60.16,82.7,UP,3185,1368,101814.99,258.0,300.0,1.0,True,6,30512.45,2,4504.22,26008.23,85.5,0.838,0.752,1.0,0.999,167501.49,151362.94,16138.55,5.06,52.53,60.2,UP,9214,3893,318864.43,590.7,900.0,1.0,True,12,53857.37,11,46340.69,7516.67,93.0,0.922,0.876,1.0,1.0,-9690.51,-14458.74,-17954.88,-34.64,-6.45,1.0,5513.61,0.2178,5943.24,0.2919,0.1935,NONE,1789671363833,SELL,2256.44,0.020849874546076157,1789671360000,ok,1.0,1.0,1.0,continuous,1,314,0,,0,0,0,0,False,459,0.020778,0.020779,0.481,0.031,0.1491,-0.3024,4730.47,3503.09,9.38,1789671472680,952,False,,AGGRESSIVE_SELLER,,
2,v2,v1.2,REALF_PY_V4_2_DERIVED,ZPTDIFAT_PY_V1_4_DERIVED,fc-v1,native,,058e38aec59f4c35,20260917_214621,170,PONS_20260917_215757_044,PONSUSDT,BINANCE,FUTURES,OUTSIDE100,112,2000,1789671477044,2026-09-17T21:57:57.044+03:00,260,True,1789671476815,1789671477044,86.3,1789671420000,1789671479999,False,56.8,0.639,0.0313,42.2,FAIR (DENGE),True,500,39.4,43.2,43.7,49.5,0.00762,-0.51,-0.06,0.00426,0.547,0.22,3.0,40.0,-20.5,YOK,4.3,1.0,0.6438850079040518,0.764,CLV_PROXY_1M,0,0.0,100.0,42.2,43.0,46.6,48.4,-0.8,-4.4,-6.2,0.00762,-0.00049,0.00183,0.00186,49.88,53.63,54.15,45.17,-3.75,-4.27,4.71,40.74,42.0,500,native,49.88,NORMAL,40.74,42.0,True,300,49.9,BEAR,BOS DN,MIX/HL,LH/LL,TR DN,72.4,True,True,499,23,49.5,1789670040000,HIGH,0.6584,8.42,,,,,,,0,0,0.6423,0.6379,LOW_SWEEP,1,0.6379,True,False,0.3605,499,native,18.66,DINLENMIS,26.39,16.33,True,300,9.8,BEAR,BOS DN,LH/LL,LH/LL,RANGE,93.5,True,True,498,6,55.4,1789670340000,HIGH,0.6584,4.77,0.6657,6.56,2,,,,1,0,0.6657,0.6375,LOW_SWEEP,7,0.6433,False,False,0.6368,499,native,20.07,DINLENMIS,21.48,11.67,True,300,9.1,BEAR,BOS DN,LH/LL,LH/LL,RANGE,91.1,True,True,498,4,62.4,1789670100000,HIGH,0.6584,3.48,0.6657,4.78,2,,,,1,0,0.6657,0.6433,LOW_SWEEP,13,0.6466,False,False,0.8701,499,native,39.75,NORMAL,27.24,21.67,True,300,72.0,BULL,BOS UP,HH/MIX,MIX/HL,RANGE,73.2,True,True,498,12,67.0,1789659900000,LOW,0.6099,2.32,,,,,,,0,0,0.6721,0.6099,HIGH_SWEEP,8,0.6573,False,False,1.9567,277,native,62.5,NORMAL,49.72,58.75,False,257,79.1,TR-UP,CHOCH UP,HH/HL,HH/HL,TR-UP,85.3,True,True,276,17,48.5,1789606800000,LOW,0.5563,3.3,,,,,,,0,0,0.669,0.6099,HIGH_SWEEP,2,0.669,False,False,3.852,70,native,69.49,NORMAL,64.45,80.0,False,50,45.0,BEAR,BOS DN,HH/MIX,HH/MIX,RANGE,70.9,True,False,69,7,30.3,1789560000000,HIGH,0.6992,1.25,,,,,,,0,0,0.6992,0.5483,LOW_SWEEP,9,0.5821,False,False,7.231,5294,1922,9292.32,4254.92,5037.39,37.18,68.59,92.0,UP,138,55,13547.24,11.1,60.0,1.0,True,1,3992.95,0,0.0,3992.95,41.4,0.181,0.533,1.0,0.912,85550.65,114750.58,-29199.93,-14.58,42.71,23.9,DOWN,1957,569,200301.23,114.6,300.0,1.0,True,7,31793.91,5,77857.35,-46063.44,81.5,0.696,0.825,1.0,0.982,259874.28,261836.4,-1962.12,-0.38,49.81,49.2,FLAT,5662,1632,521710.68,231.7,900.0,1.0,True,19,112901.87,17,124471.75,-11569.88,90.4,0.823,0.929,1.0,0.994,56570.51,-1618.12,43432.15,41.9,-1.2,1.0,-19843.92,-0.4263,-7144.64,-0.1783,0.2354,DOWN,1789671437702,BUY,3992.95,0.6392818924111431,1789671360000,ok,1.0,1.0,1.0,continuous,1,88,0,,0,0,0,0,False,493,0.6389,0.6391,3.13,1.147,-0.0643,0.4387,27255.9,30999.44,31.3,1789671476416,628,False,,,,
2,v2,v1.2,REALF_PY_V4_2_DERIVED,ZPTDIFAT_PY_V1_4_DERIVED,fc-v1,native,,058e38aec59f4c35,20260917_214621,171,SKR_20260917_215803_205,SKRUSDT,BINANCE,FUTURES,OUTSIDE100,227,500,1789671483205,2026-09-17T21:58:03.205+03:00,260,True,1789671480356,1789671483205,88.0,1789671420000,1789671479999,True,60.4,0.018715,-0.2399,47.0,FAIR (DENGE),True,500,48.0,42.5,49.3,48.8,0.00344,-0.73,-0.58,0.00198,0.462,0.67,44.0,60.0,-9.2,YOK,6.8,1.0,0.01877949662800103,0.345,CLV_PROXY_1M,0,0.0,100.0,47.0,54.6,56.1,48.8,-7.6,-9.1,-1.8,0.00344,0.00118,0.00249,0.00019,62.97,73.03,70.92,58.21,-10.06,-7.95,4.76,39.27,40.0,500,native,62.97,NORMAL,39.27,40.0,True,300,74.8,BULL,BOS UP,MIX/HL,HH/MIX,TR UP,75.2,True,True,499,4,63.1,1789671180000,LOW,0.018709,0.18,0.018926,6.16,2,,,,3,0,0.018926,0.018709,EQL_SWEEP,137,0.019110500000000002,False,False,0.1826,499,native,34.11,NORMAL,36.47,39.67,True,300,6.7,BEAR,BOS DN,LH/LL,MIX/HL,TR DN,99.1,True,True,498,10,97.5,1789669620000,HIGH,0.018967,4.25,0.019326,10.31,2,,,,2,0,0.019326,0.018669,LOW_SWEEP,11,0.018854,False,False,0.3159,499,native,26.18,DINLENMIS,30.69,31.0,True,300,39.4,BULL,BOS UP,MIX/LL,LH/LL,TR UP,73.7,True,True,498,102,21.7,1789640700000,LOW,0.018378,4.11,0.019326,7.45,2,,,,2,0,0.019326,0.018669,LOW_SWEEP,12,0.018915,False,False,0.4368,499,native,21.67,DINLENMIS,17.56,7.0,True,300,28.1,BULL,BOS UP,LH/LL,MIX/LL,RANGE,80.8,True,True,498,42,67.4,1789632900000,LOW,0.018378,1.91,,,,0.017547,6.61,2,0,2,0.019329,0.017547,HIGH_SWEEP,44,0.018739,False,False,0.9438,499,native,44.11,NORMAL,31.8,28.0,True,300,89.6,BULL,BOS UP,HH/HL,HH/HL,TR UP,91.9,True,True,498,9,72.8,1789635600000,LOW,0.017378,3.09,0.025375500000000002,15.38,2,,,,1,0,0.025375500000000002,0.018378,LOW_SWEEP,25,0.017542,False,False,2.2875,499,native,77.35,YORGUN,67.33,76.67,True,300,72.0,BULL,BOS UP,HH/HL,HH/HL,TR UP,80.9,True,True,498,111,36.2,1788062400000,LOW,0.008858,11.21,,,,0.017043000000000003,1.9,2,0,1,0.019684,0.017043000000000003,HIGH_SWEEP,1,0.019684,True,False,4.5845,475,494,1027.55,2015.38,-987.83,-32.46,33.77,9.5,DOWN,52,36,3042.94,7.6,60.0,1.0,True,1,878.23,2,1330.17,-451.94,33.0,0.131,0.371,1.0,0.992,3334.39,4443.34,-1108.95,-14.26,42.87,24.3,DOWN,187,131,7777.73,31.2,300.0,1.0,True,3,2561.36,5,3037.86,-476.51,54.5,0.384,0.473,1.0,0.998,25207.88,15828.1,9379.79,22.86,61.43,85.0,UP,659,440,41035.98,91.3,900.0,1.0,True,10,17789.97,13,8697.8,9092.17,73.9,0.646,0.653,1.0,0.999,-69.01,-2331.7,708.86,23.36,-17.12,1.0,-424.3,-0.2503,-160.71,-0.1033,0.3091,DOWN,1789671480513,BUY,878.23,0.018724326397032174,1789671360000,ok,1.0,1.0,1.0,continuous,1,52,0,,0,0,0,0,False,22,0.018717,0.018724,3.739,-0.916,0.2313,-0.1178,3697.25,2308.28,17.89,1789671479455,3750,False,,,,
2,v2,v1.2,REALF_PY_V4_2_DERIVED,ZPTDIFAT_PY_V1_4_DERIVED,fc-v1,native,,058e38aec59f4c35,20260917_214621,172,PROM_20260917_215806_348,PROMUSDT,BINANCE,FUTURES,OUTSIDE100,266,1000,1789671486348,2026-09-17T21:58:06.348+03:00,260,True,1789671486348,1789671486348,87.5,1789671420000,1789671479999,True,66.3,5.431,-0.0184,59.0,PRICE AHEAD,True,500,61.5,61.0,54.9,50.6,-0.00375,-0.37,-0.76,0.00144,0.356,0.23,3.7,60.0,-3.9,YOK,6.6,1.0,5.410653267539575,-0.375,CLV_PROXY_1M,0,0.0,100.0,59.0,61.0,51.8,43.9,-2.0,7.2,15.1,-0.00375,-0.00011,4e-05,-0.00054,22.72,23.55,23.86,26.29,-0.83,-1.14,-3.57,21.84,18.33,500,native,22.72,DINLENMIS,21.84,18.33,True,300,14.4,BEAR,BOS DN,LH/LL,HH/MIX,TR DN,87.2,True,True,499,7,23.7,1789671000000,HIGH,5.455,3.67,,,,5.408,3.52,2,0,1,5.455,5.408,HIGH_SWEEP,27,5.458,False,False,0.1204,499,native,31.02,NORMAL,18.67,10.67,True,300,57.1,BEAR,BOS DN,MIX/HL,LH/LL,RANGE,68.8,True,True,498,62,51.4,1789660260000,HIGH,5.519,6.06,,,,5.3934999999999995,2.58,2,0,1,5.46,5.3934999999999995,HIGH_SWEEP,90,5.56,False,False,0.2674,499,native,57.69,NORMAL,41.4,46.67,True,300,82.5,BULL,BOS UP,HH/HL,MIX/HL,SQZ,81.3,True,True,498,10,31.8,1789668300000,LOW,5.408,1.14,,,,5.3919999999999995,1.93,2,0,2,5.493,5.3919999999999995,HIGH_SWEEP,11,5.442,False,False,0.3725,499,native,41.57,NORMAL,43.18,45.33,True,300,39.3,TR-DN,CHOCH DN,LH/MIX,LH/MIX,TR-DN,73.7,True,True,498,31,60.6,1789642800000,HIGH,5.659,5.63,5.7285,7.34,2,5.4015,0.7,2,2,1,5.7285,5.4015,LOW_SWEEP,124,5.332,False,False,0.7456,499,native,32.62,NORMAL,27.66,19.33,True,300,54.1,BEAR,BOS DN,MIX/HL,LH/MIX,RANGE,75.6,True,True,498,34,75.0,1789545600000,HIGH,5.729,3.29,5.8375,4.49,3,4.906499999999999,5.77,2,2,1,5.8375,4.906499999999999,EQL_SWEEP,82,5.5815,False,False,1.6737,499,native,38.93,NORMAL,44.85,35.0,True,300,27.1,BULL,BOS UP,LH/LL,LH/LL,SQZ,83.7,True,True,498,55,11.5,1788868800000,LOW,4.913,2.58,,,,4.4025,5.12,2,0,3,5.771,4.4025,HIGH_SWEEP,54,5.986,False,False,3.6806,1981,438,37.48,1645.62,-1608.14,-95.55,2.23,5.0,DOWN,49,21,1683.1,2.0,60.0,1.0,True,0,0.0,1,1219.79,-1219.79,19.1,0.039,0.307,1.0,0.967,1152.14,5324.9,-4172.77,-64.42,17.79,5.3,DOWN,267,121,6477.04,17.6,300.0,1.0,True,0,0.0,1,1219.79,-1219.79,46.0,0.26,0.453,1.0,0.993,6341.99,28403.47,-22061.48,-63.49,18.25,5.3,DOWN,1004,396,34745.46,47.9,900.0,1.0,True,0,0.0,5,15188.25,-15188.25,65.5,0.489,0.635,1.0,0.998,-835.11,-1881.04,-1560.77,-20.69,-14.92,1.0,-1039.44,-0.7266,-729.51,-0.5631,-0.2511,NONE,1789671481873,SELL,1219.79,5.430958147818343,1789671360000,ok,1.0,1.0,1.0,continuous,1,30,0,,0,0,0,0,False,56,5.429,5.431,3.683,-0.462,0.2273,-0.1107,22785.73,14345.82,36.83,1789671485644,704,False,,FATIGUE_RESTED_1M,,
2,v2,v1.2,REALF_PY_V4_2_DERIVED,ZPTDIFAT_PY_V1_4_DERIVED,fc-v1,native,,058e38aec59f4c35,20260917_214621,173,UAI_20260917_215809_629,UAIUSDT,BINANCE,FUTURES,OUTSIDE100,296,2000,1789671489629,2026-09-17T21:58:09.629+03:00,260,True,1789671489628,1789671489629,86.5,1789671480000,1789671539999,False,9.6,0.3987,-0.0251,44.4,FAIR (DENGE),True,500,41.1,51.2,40.3,50.0,-0.00088,0.44,1.01,0.00339,0.396,0.0,0.3,65.0,5.8,YOK,10.9,0.901,0.3983499756830419,-0.088,CLV_PROXY_1M,0,0.0,100.0,44.4,43.2,51.8,46.6,1.2,-7.4,-2.2,-0.00088,0.00046,0.00336,0.00343,37.47,34.72,25.38,24.75,2.75,12.09,12.72,46.39,38.0,500,native,37.47,NORMAL,46.39,38.0,True,300,14.0,BEAR,BOS DN,LH/LL,LH/MIX,SQZ,88.9,True,True,499,11,50.9,1789670820000,HIGH,0.4013,2.85,,,,,,,0,0,0.3995,0.3973,LOW_SWEEP,10,0.3985,False,False,0.2286,499,native,36.71,NORMAL,37.43,26.0,True,300,66.1,BEAR,BOS DN,HH/HL,LH/LL,SQZ,86.5,True,True,498,25,42.5,1789666920000,HIGH,0.4029,2.02,0.40255,1.85,2,,,,1,0,0.40255,0.398,LOW_SWEEP,3,0.398,False,False,0.5076,499,native,50.58,NORMAL,48.21,38.33,True,300,69.3,TR-DN,CHOCH DN,HH/HL,MIX/HL,SQZ,89.3,True,True,498,31,62.9,1789662000000,HIGH,0.4026,1.28,0.40275,1.33,2,0.3559,14.08,3,1,1,0.40275,0.3559,EQH_SWEEP,10,0.40275,False,False,0.7645,499,native,71.01,NORMAL,66.99,85.67,True,300,58.9,BULL,BOS UP,MIX/HL,MIX/HL,SQZ,66.0,True,True,498,57,72.2,1789619400000,LOW,0.3708,3.78,0.5356000000000001,18.56,2,0.3838,2.02,2,1,2,0.5356000000000001,0.3838,LOW_SWEEP,126,0.3294,False,False,1.8434,499,native,56.16,NORMAL,54.76,56.67,True,300,68.4,BEAR,BOS DN,HH/HL,HH/HL,RANGE,81.1,True,True,498,35,45.2,1789542000000,HIGH,0.4132,0.74,,,,,,,0,0,0.418,0.3561,HIGH_SWEEP,13,0.3982,False,False,4.9257,499,native,50.23,NORMAL,57.85,58.0,True,300,17.1,BEAR,BOS DN,LH/LL,LH/LL,RANGE,87.8,True,True,498,16,42.0,1789430400000,HIGH,0.5943,3.98,,,,,,,0,0,0.5943,0.322,LOW_SWEEP,17,0.4503,False,False,12.2805,538,584,1053.21,473.61,579.6,37.96,68.98,92.2,UP,43,21,1526.83,6.2,60.0,1.0,True,0,0.0,0,0.0,0.0,28.6,0.11,0.296,1.0,0.991,7833.42,8659.83,-826.4,-5.01,47.49,39.9,DOWN,366,149,16493.25,34.9,300.0,1.0,True,0,0.0,1,3738.44,-3738.44,58.7,0.411,0.554,1.0,0.998,32696.82,45235.33,-12538.52,-16.09,41.96,21.9,DOWN,1443,536,77932.15,92.2,900.0,1.0,True,1,7249.99,4,18830.88,-11580.89,76.3,0.648,0.723,1.0,0.999,2976.05,-7080.25,374.07,37.18,-15.78,1.0,253.86,0.0612,-32.04,-0.0097,0.3398,NONE,1789671387641,SELL,3738.44,0.398596971958631,1789671360000,ok,1.0,1.0,1.0,continuous,1,38,0,,0,0,0,0,False,90,0.3987,0.3988,2.508,-0.898,0.1125,-0.341,20931.3,16696.85,48.9,1789671488909,720,False,,,,
2,v2,v1.2,REALF_PY_V4_2_DERIVED,ZPTDIFAT_PY_V1_4_DERIVED,fc-v1,native,,058e38aec59f4c35,20260917_214621,174,BULLA_20260917_215813_530,BULLAUSDT,BINANCE,FUTURES,OUTSIDE100,339,5000,1789671493530,2026-09-17T21:58:13.530+03:00,260,True,1789671492910,1789671493530,87.1,1789671480000,1789671539999,False,12.9,0.0916,-0.207,54.5,FAIR (DENGE),True,500,56.2,53.5,54.2,50.1,-0.00461,-0.37,-0.9,0.00683,0.405,0.11,0.3,55.0,2.2,YOK,2.7,1.0,0.09117874093690242,-0.46,CLV_PROXY_1M,0,0.0,100.0,54.5,56.5,53.3,42.8,-2.0,1.2,11.7,-0.00461,0.00155,-1e-05,-0.00454,45.76,51.74,60.26,63.67,-5.98,-14.5,-17.91,32.59,30.0,500,native,45.76,NORMAL,32.59,30.0,True,300,72.9,BEAR,BOS DN,HH/HL,MIX/HL,RANGE,83.6,True,True,499,91,41.6,1789666020000,HIGH,0.093324,2.9,0.1026155,18.55,3,0.09092,1.14,2,1,2,0.1026155,0.09092,LOW_SWEEP,92,0.09008,False,False,0.647,499,native,64.61,NORMAL,52.37,64.0,True,300,72.2,BEAR,BOS DN,HH/HL,HH/MIX,SQZ,88.4,True,True,498,37,34.2,1789664760000,HIGH,0.09816,5.89,,,,,,,0,0,0.09288,0.0909,HIGH_SWEEP,3,0.09288,False,False,1.1945,499,native,71.72,NORMAL,59.79,68.33,True,300,16.3,BEAR,BOS DN,LH/LL,HH/HL,SQZ,95.5,True,True,498,22,64.2,1789664700000,HIGH,0.09816,4.46,,,,,,,0,0,0.09288,0.08758,HIGH_SWEEP,1,0.09288,True,False,1.594,499,native,36.91,NORMAL,45.54,51.33,True,300,31.7,BEAR,BOS DN,MIX/LL,LH/LL,TR DN,73.6,True,True,498,17,27.4,1789655400000,HIGH,0.10999,6.04,0.109785,5.97,2,,,,1,0,0.109785,0.08758,LOW_SWEEP,19,0.1007,False,False,3.2929,499,native,18.56,DINLENMIS,18.86,6.67,True,300,31.0,BULL,BOS UP,LH/LL,MIX/LL,TR UP,82.3,True,True,498,32,42.2,1789552800000,LOW,0.060024,3.17,,,,0.060025499999999996,3.17,2,0,1,0.121362,0.060025499999999996,HIGH_SWEEP,33,0.076341,False,False,10.9357,499,native,62.06,NORMAL,51.46,49.33,True,300,76.9,BULL,BOS UP,HH/MIX,HH/MIX,EXP UP,78.0,True,True,498,8,96.7,1789545600000,LOW,0.0675,1.44,,,,0.0154205,4.57,2,0,1,0.139078,0.0154205,HIGH_SWEEP,49,0.085989,False,False,17.3558,-496,4412,6864.07,14867.06,-8002.99,-36.83,31.59,8.1,DOWN,538,246,21731.14,61.2,60.0,1.0,True,0,0.0,0,0.0,0.0,67.0,0.55,0.584,1.0,1.0,27235.96,41659.02,-14423.06,-20.93,39.53,16.7,DOWN,2084,1110,68894.98,134.4,300.0,1.0,True,0,0.0,0,0.0,0.0,79.5,0.729,0.71,1.0,1.0,186125.94,170968.66,15157.28,4.24,52.12,58.6,UP,8366,4260,357094.6,607.3,900.0,1.0,True,6,49543.04,4,45532.5,4010.54,93.5,0.924,0.888,1.0,1.0,-4392.95,-496.48,-6545.5,-10.33,-0.73,1.0,-5610.73,-0.292,-2734.92,-0.1985,-0.1163,NONE,1789671144751,SELL,5851.89,0.09157460064472715,1789671420000,ok,1.0,1.0,1.0,continuous,1,388,0,,0,0,0,0,False,125,0.09138,0.09143,5.47,-2.126,-0.0092,0.578,3514.97,3580.55,26.8,1789671492840,690,False,,,,
2,v2,v1.2,REALF_PY_V4_2_DERIVED,ZPTDIFAT_PY_V1_4_DERIVED,fc-v1,native,,058e38aec59f4c35,20260917_214621,175,OG_20260917_215818_106,OGUSDT,BINANCE,FUTURES,OUTSIDE100,523,500,1789671498106,2026-09-17T21:58:18.106+03:00,260,True,1789671498006,1789671498106,88.1,1789671480000,1789671539999,False,18.0,2.681,0.0,43.6,FAIR (DENGE),True,500,42.0,40.3,48.1,50.0,0.00241,-0.0,-0.12,0.0003,0.114,0.0,3.7,30.0,50.5,YOK,7.8,1.0,2.6874702427442387,0.241,CLV_PROXY_1M,0,0.0367,96.3,43.6,46.2,50.7,43.3,-2.6,-7.1,0.3,0.00241,-6e-05,0.0003,-0.00039,67.43,70.57,68.75,59.44,-3.14,-1.32,7.99,58.3,64.33,500,native,67.43,NORMAL,58.3,64.33,True,300,40.0,BEAR,BOS DN,EQ/RANGE,HH/MIX,SQZ,71.5,True,True,499,24,78.2,1789670040000,HIGH,2.682,0.92,2.682,0.92,2,2.679,1.83,2,2,2,2.682,2.679,EQL_SWEEP,51,2.679,False,False,0.0407,499,native,56.42,NORMAL,59.54,63.0,True,300,34.1,TR-DN,CHOCH DN,LH/MIX,LH/MIX,SQZ,73.5,True,True,498,24,61.9,1789667100000,HIGH,2.691,4.15,2.692,4.56,2,2.677,1.66,2,2,1,2.692,2.677,EQH_SWEEP,29,2.692,False,False,0.0899,499,native,38.84,NORMAL,49.38,46.33,True,300,44.9,BEAR,BOS DN,HH/MIX,LH/MIX,RANGE,73.4,True,True,498,12,60.5,1789667700000,HIGH,2.696,3.75,2.692,2.75,2,2.6635,4.37,2,1,1,2.692,2.6635,EQH_SWEEP,17,2.692,False,False,0.1493,499,native,34.82,NORMAL,33.56,24.0,True,300,56.9,TR-DN,CHOCH DN,MIX/HL,HH/MIX,SQZ,75.6,True,True,498,40,61.7,1789634700000,HIGH,2.719,4.21,2.6995,2.05,2,2.6635,1.94,2,1,1,2.6995,2.6635,EQL_SWEEP,21,2.6635,False,False,0.3366,499,native,34.37,NORMAL,32.99,28.33,True,300,63.8,TR-UP,CHOCH UP,MIX/HL,LH/MIX,TR-UP,80.6,True,True,498,32,49.7,1789552800000,LOW,2.61,3.12,2.7195,1.69,2,2.6,3.56,2,1,1,2.7195,2.6,HIGH_SWEEP,18,2.712,False,False,0.8491,499,native,64.82,NORMAL,56.92,58.0,True,300,63.4,BULL,BOS UP,MIX/HL,HH/HL,RANGE,74.5,True,True,498,28,65.4,1789257600000,LOW,2.595,1.88,2.9825,6.61,3,2.5975,1.83,2,2,2,2.9825,2.5975,EQH_SWEEP,84,2.9425,False,False,1.6988,2484,57,0.0,33.51,-33.51,-100.0,0.0,5.0,DOWN,3,2,33.51,1.4,60.0,1.0,True,0,0.0,0,0.0,0.0,0.0,0.027,0.0,1.0,0.959,110.75,124.13,-13.38,-5.7,47.15,38.6,DOWN,15,11,234.88,5.6,300.0,1.0,True,0,0.0,0,0.0,0.0,19.5,0.1,0.093,1.0,0.992,423.86,1933.75,-1509.89,-64.04,17.98,5.3,DOWN,176,51,2357.62,15.8,900.0,1.0,True,0,0.0,1,619.97,-619.97,41.0,0.24,0.343,1.0,0.997,-39.42,-84.71,58.41,-60.19,-15.97,1.0,-4.47,-0.1599,-6.5,-0.1383,0.3269,DOWN,1789671043818,SELL,619.97,2.6792156439066557,1789671420000,ok,1.0,1.0,,continuous,1,4,0,,0,0,0,0,False,159,2.681,2.682,3.729,-1.811,-0.13,-0.7548,25449.43,33056.89,72.72,1789671495654,2452,False,,,,
2,v2,v1.2,REALF_PY_V4_2_DERIVED,ZPTDIFAT_PY_V1_4_DERIVED,fc-v1,native,,058e38aec59f4c35,20260917_214621,176,ZORA_20260917_215822_720,ZORAUSDT,BINANCE,FUTURES,OUTSIDE100,612,500,1789671502720,2026-09-17T21:58:22.720+03:00,260,True,1789671501662,1789671502720,89.2,1789671480000,1789671539999,False,21.7,0.007728,0.1425,71.9,STRONG AHEAD,True,500,77.5,70.8,69.6,54.4,-0.0093,-0.05,-1.09,0.00133,0.21,0.29,24.3,65.0,-22.6,YOK,7.8,1.0,0.0076564270654412535,-0.926,CLV_PROXY_1M,0,0.0,100.0,71.9,69.9,64.7,67.7,2.0,7.2,4.2,-0.0093,-0.0007,-0.00233,-0.00155,41.57,38.84,44.84,42.01,2.73,-3.27,-0.44,48.77,46.0,500,native,41.57,NORMAL,48.77,46.0,True,300,42.8,TR-UP,CHOCH UP,LH/MIX,HH/MIX,TR-UP,75.3,True,True,499,35,62.7,1789669380000,LOW,0.007638,9.74,,,,0.0077105,1.89,2,0,3,0.007735,0.0077105,EQL_SWEEP,79,0.0076475,False,False,0.1198,499,native,56.43,NORMAL,53.76,48.33,True,300,28.7,BULL,BOS UP,LH/LL,MIX/HL,TR UP,78.8,True,True,498,60,43.3,1789660620000,LOW,0.007562,6.52,,,,,,,0,0,0.007758,0.007612,HIGH_SWEEP,20,0.007699,False,False,0.3299,499,native,69.69,NORMAL,67.35,64.33,True,300,32.9,BULL,BOS UP,LH/LL,LH/LL,TR UP,88.0,True,True,498,32,81.9,1789661700000,LOW,0.007562,4.58,0.007767,1.08,2,,,,1,0,0.007767,0.007612,EQH_SWEEP,12,0.007767,False,False,0.4694,499,native,77.07,YORGUN,77.2,86.0,True,300,91.5,BULL,BOS UP,HH/HL,HH/HL,TR UP,90.1,True,True,498,2,60.9,1789668900000,LOW,0.007562,2.63,,,,,,,0,0,0.007723,0.007562,HIGH_SWEEP,4,0.007723,False,False,0.8156,499,native,76.38,YORGUN,77.36,91.33,True,300,72.6,BEAR,BOS DN,HH/HL,HH/HL,TR DN,82.7,True,True,498,57,59.5,1789462800000,HIGH,0.007987,2.25,0.009008,11.1,2,0.007187,4.69,2,1,1,0.009008,0.007187,LOW_SWEEP,114,0.008102,False,False,1.5046,499,native,58.18,NORMAL,68.62,82.0,True,300,16.9,TR-DN,CHOCH DN,LH/LL,LH/LL,TR-DN,90.3,True,True,498,13,65.9,1789473600000,HIGH,0.008968,4.77,,,,0.0058755000000000005,7.12,2,0,2,0.008336,0.0058755000000000005,HIGH_SWEEP,26,0.008437,False,False,3.4157,20388,302,379.25,18.56,360.69,90.67,95.33,95.0,UP,23,15,397.81,5.9,60.0,1.0,True,0,0.0,0,0.0,0.0,22.1,0.106,0.15,1.0,0.66,770.83,5875.11,-5104.27,-76.8,11.6,5.1,DOWN,174,101,6645.94,31.4,300.0,1.0,True,0,0.0,4,2486.12,-2486.12,53.6,0.386,0.456,1.0,0.932,6026.13,16984.55,-10958.41,-47.62,26.19,6.2,DOWN,582,276,23010.68,47.2,900.0,1.0,True,3,3489.57,9,7063.83,-3574.25,63.8,0.486,0.59,1.0,0.977,2126.55,-713.55,616.6,90.49,-19.53,1.0,-1708.61,-0.8407,-1303.67,-0.9808,0.1634,DOWN,1789671374989,SELL,663.55,0.007721,1789671420000,ok,1.0,1.0,1.0,continuous,1,30,0,,0,0,0,0,False,193,0.007726,0.007728,2.588,-0.362,0.1573,0.8504,12432.99,9052.35,25.88,1789671500492,2228,False,,REALF_PRICE_AHEAD,,
2,v2,v1.2,REALF_PY_V4_2_DERIVED,ZPTDIFAT_PY_V1_4_DERIVED,fc-v1,native,,058e38aec59f4c35,20260917_214621,177,TNSR_20260917_215826_404,TNSRUSDT,BINANCE,FUTURES,OUTSIDE100,738,200,1789671506404,2026-09-17T21:58:26.404+03:00,260,True,1789671505836,1789671506404,89.5,1789671480000,1789671539999,False,25.8,0.03466,0.0289,49.2,FAIR (DENGE),True,500,51.1,40.0,56.0,49.9,0.00329,0.15,0.02,0.00097,0.323,0.05,14.0,60.0,38.9,YOK,16.0,0.192,0.03477412043025449,0.329,CLV_PROXY_1M,0,0.0267,97.3,49.2,44.5,46.7,40.0,4.7,2.5,9.2,0.00329,-0.00036,-0.00022,-0.00061,70.95,72.22,76.04,80.19,-1.27,-5.09,-9.24,67.15,70.0,500,native,70.95,NORMAL,67.15,70.0,True,300,73.3,BULL,BOS UP,MIX/HL,MIX/HL,TR UP,73.9,True,True,499,11,74.3,1789670820000,LOW,0.03443,7.12,,,,,,,0,0,0.03468,0.03454,HIGH_SWEEP,12,0.03457,False,False,0.0933,499,native,70.11,NORMAL,75.03,80.67,True,300,87.1,BULL,BOS UP,HH/HL,HH/MIX,RANGE,89.5,True,True,498,15,100.0,1789668720000,LOW,0.03437,3.75,,,,,,,0,0,0.03473,0.03438,HIGH_SWEEP,13,0.03459,False,False,0.2228,499,native,56.95,NORMAL,72.59,72.33,True,300,40.3,TR-DN,CHOCH DN,EQ/RANGE,HH/MIX,TR-DN,65.6,True,True,498,4,39.5,1789670100000,HIGH,0.03473,0.72,0.034725,0.66,2,0.034375,2.91,2,1,1,0.034725,0.034375,HIGH_SWEEP,8,0.03472,False,False,0.2823,499,native,65.47,NORMAL,66.03,75.67,True,300,75.3,BULL,BOS UP,HH/MIX,HH/MIX,RANGE,78.3,True,True,498,8,57.1,1789663500000,LOW,0.03405,3.78,,,,,,,0,0,0.03472,0.03405,HIGH_SWEEP,11,0.03461,False,False,0.4676,499,native,59.9,NORMAL,66.34,79.0,True,300,78.7,TR-UP,CHOCH UP,HH/HL,HH/HL,TR-UP,83.9,True,True,498,19,66.2,1789599600000,LOW,0.03258,5.54,,,,,,,0,0,0.03539,0.03405,LOW_SWEEP,24,0.03304,False,False,1.0868,499,native,66.85,NORMAL,72.61,83.0,True,300,32.5,BULL,BOS UP,LH/LL,HH/MIX,RANGE,83.9,True,True,498,28,28.1,1789257600000,LOW,0.033,2.12,0.037065,3.07,2,0.029225,6.95,2,1,1,0.037065,0.029225,EQH_SWEEP,56,0.037065,False,False,2.2634,9040,115,37.0,5.36,31.64,74.68,87.34,94.9,UP,2,2,42.36,1.3,60.0,1.0,True,0,0.0,0,0.0,0.0,0.0,0.025,0.0,1.0,0.849,114.02,60.88,53.14,30.39,65.19,89.7,UP,19,16,174.9,8.8,300.0,1.0,True,0,0.0,0,0.0,0.0,20.1,0.15,0.061,1.0,0.97,8565.65,2595.12,5970.52,53.5,76.75,94.3,UP,240,110,11160.77,34.4,900.0,1.0,True,12,7798.86,3,1472.93,6325.93,57.1,0.407,0.512,1.0,0.99,35.27,-367.12,8.07,41.7,-9.12,1.0,20.89,0.4941,11.54,0.3298,0.4358,NONE,1789671161726,BUY,280.96,0.034679630201068914,1789671420000,ok,1.0,1.0,,continuous,1,2,0,,0,0,0,0,False,267,0.03465,0.03466,2.886,0.93,-0.1262,-0.0951,11215.34,14455.3,56.27,1789671504708,1696,False,,,,
2,v2,v1.2,REALF_PY_V4_2_DERIVED,ZPTDIFAT_PY_V1_4_DERIVED,fc-v1,native,,058e38aec59f4c35,20260917_214621,178,VELVET_20260917_215829_624,VELVETUSDT,BINANCE,FUTURES,OUTSIDE100,761,200,1789671509624,2026-09-17T21:58:29.624+03:00,260,True,1789671509449,1789671509624,88.5,1789671480000,1789671539999,False,29.4,0.05823,-0.0172,46.7,FAIR (DENGE),True,500,45.5,50.1,43.8,49.9,-6e-05,-0.08,0.21,0.0055,0.581,0.18,1.7,50.0,2.5,YOK,6.3,0.992,0.058226613442018425,-0.006,CLV_PROXY_1M,0,0.0,100.0,46.7,47.2,47.2,48.8,-0.5,-0.5,-2.1,-6e-05,0.00023,0.00053,0.00209,42.37,42.04,41.57,33.48,0.33,0.8,8.89,45.18,38.33,500,native,42.37,NORMAL,45.18,38.33,True,300,16.8,BEAR,BOS DN,LH/LL,MIX/HL,RANGE,82.1,True,True,499,9,24.2,1789670940000,HIGH,0.05868,2.45,0.059495,6.87,2,,,,1,0,0.059495,0.05793,LOW_SWEEP,37,0.05838,False,False,0.316,499,native,37.73,NORMAL,37.71,22.67,True,300,66.6,BULL,BOS UP,MIX/HL,HH/MIX,RANGE,68.2,True,True,498,23,48.3,1789667280000,LOW,0.05702,3.0,,,,0.05588,5.8,2,0,2,0.05878,0.05588,HIGH_SWEEP,17,0.05863,False,False,0.699,499,native,55.53,NORMAL,52.11,38.0,True,300,62.9,BULL,BOS UP,MIX/HL,MIX/HL,RANGE,76.3,True,True,498,33,47.0,1789661400000,LOW,0.05666,2.82,,,,0.0515,12.09,2,0,1,0.0589,0.0515,HIGH_SWEEP,32,0.05796,False,False,0.9541,499,native,62.7,NORMAL,56.82,62.0,True,300,87.6,BULL,BOS UP,HH/HL,MIX/HL,EXP UP,93.1,True,True,498,9,42.5,1789662600000,LOW,0.05433,3.92,,,,0.0515,6.76,3,0,1,0.06014,0.0515,HIGH_SWEEP,7,0.05886,False,False,1.7023,499,native,77.41,YORGUN,72.69,80.33,True,300,74.0,BULL,BOS UP,HH/MIX,HH/HL,TR UP,70.9,True,True,498,2,40.8,1789660800000,LOW,0.0494,5.18,,,,,,,0,0,0.05886,0.0494,HIGH_SWEEP,1,0.05886,True,False,2.9455,499,native,85.8,ASIRI,93.6,96.67,True,300,46.9,BEAR,BOS DN,MIX/HL,MIX/HL,SQZ,65.7,True,True,498,13,34.6,1789473600000,HIGH,0.0633,1.95,,,,,,,0,0,0.0536,0.0494,HIGH_SWEEP,3,0.0536,False,False,4.5377,917,877,534.36,1291.53,-757.17,-41.47,29.27,7.0,DOWN,44,24,1825.88,5.2,60.0,1.0,True,0,0.0,2,1094.67,-1094.67,27.4,0.094,0.315,1.0,0.985,4982.51,13559.69,-8577.18,-46.26,26.87,6.3,DOWN,389,170,18542.19,27.3,300.0,1.0,True,6,2904.5,11,12162.24,-9257.74,55.6,0.353,0.567,1.0,0.997,61717.19,57740.46,3976.73,3.33,51.66,56.8,UP,1822,793,119457.65,26.2,900.0,1.0,True,38,52068.16,46,48250.95,3817.21,60.3,0.344,0.769,1.0,0.999,7594.36,-2112.96,-911.64,19.99,-5.92,1.0,-3467.85,-0.7824,-1887.47,-0.509,0.1919,DOWN,1789671493443,SELL,573.31,0.05821,1789671420000,ok,1.0,1.0,1.0,continuous,1,37,0,,0,0,0,0,False,301,0.05824,0.05826,3.433,0.044,-0.0924,0.5424,14513.54,17469.55,34.33,1789671508912,712,False,,,,
2,v2,v1.2,REALF_PY_V4_2_DERIVED,ZPTDIFAT_PY_V1_4_DERIVED,fc-v1,native,,058e38aec59f4c35,20260917_214621,179,ZKC_20260917_215832_813,ZKCUSDT,BINANCE,FUTURES,OUTSIDE100,1142,200,1789671512813,2026-09-17T21:58:32.813+03:00,260,True,1789671512762,1789671512813,87.6,1789671480000,1789671539999,False,32.8,0.03775,-0.0265,41.0,PRICE LAG,True,500,40.9,34.0,45.7,50.0,0.00338,-0.0,0.28,0.00077,0.379,0.01,0.3,70.0,42.5,YOK,11.7,1.0,0.037877775097636526,0.338,CLV_PROXY_1M,0,0.0,100.0,41.0,40.0,44.0,33.6,1.0,-3.0,7.4,0.00338,0.00025,0.00064,-1e-05,64.13,68.28,72.31,74.12,-4.15,-8.18,-9.99,53.19,57.33,500,native,64.13,NORMAL,53.19,57.33,True,300,81.6,TR-UP,CHOCH UP,HH/HL,MIX/HL,TR-UP,85.9,True,True,499,10,50.2,1789670880000,LOW,0.03757,4.44,,,,,,,0,0,0.0378,0.03772,HIGH_SWEEP,12,0.03777,False,False,0.1073,499,native,71.79,NORMAL,72.8,79.0,True,300,28.0,BULL,BOS UP,LH/LL,HH/MIX,SQZ,81.0,True,True,498,48,86.7,1789662780000,LOW,0.03751,3.44,,,,0.03749,3.73,2,0,1,0.03777,0.03749,HIGH_SWEEP,3,0.03777,False,False,0.1848,499,native,54.25,NORMAL,64.7,68.67,True,300,57.8,BULL,BOS UP,MIX/HL,LH/LL,SQZ,66.6,True,True,498,57,72.5,1789654200000,LOW,0.03729,4.66,,,,,,,0,0,0.03777,0.0376,LOW_SWEEP,4,0.0376,False,True,0.2612,499,native,49.55,NORMAL,46.4,57.33,True,300,65.0,TR-UP,CHOCH UP,MIX/HL,MIX/HL,SQZ,71.5,True,True,498,18,44.0,1789654500000,LOW,0.03718,2.95,0.049025,58.3,2,0.037065,3.54,2,1,1,0.049025,0.037065,LOW_SWEEP,105,0.03752,False,False,0.5132,499,native,50.21,NORMAL,53.59,64.67,True,300,58.0,BEAR,BOS DN,MIX/HL,MIX/HL,RANGE,64.9,True,True,498,41,61.2,1789520400000,HIGH,0.04772,18.48,0.05792,37.38,2,,,,1,0,0.05792,0.03718,LOW_SWEEP,26,0.03718,False,False,1.4314,499,native,28.94,DINLENMIS,37.69,39.33,True,300,14.9,BEAR,BOS DN,LH/LL,LH/MIX,TR DN,87.8,True,True,498,15,73.5,1789444800000,HIGH,0.04904,8.32,,,,0.036074999999999996,1.23,2,0,1,0.04772,0.036074999999999996,HIGH_SWEEP,23,0.04757,False,False,3.6131,17274,358,242.9,117.49,125.41,34.8,67.4,91.3,UP,12,11,360.39,5.1,60.0,1.0,True,0,0.0,0,0.0,0.0,20.7,0.093,0.139,1.0,0.712,951.24,1833.6,-882.35,-31.68,34.16,9.8,DOWN,101,71,2784.84,24.1,300.0,1.0,True,0,0.0,3,755.88,-755.88,46.7,0.325,0.361,1.0,0.942,13601.26,10953.44,2647.82,10.78,55.39,70.4,UP,572,301,24554.69,20.3,900.0,1.0,True,15,10146.56,9,7912.17,2234.39,52.0,0.288,0.598,1.0,0.981,433.76,4936.46,295.14,53.32,16.15,1.0,-240.0,-0.5228,-182.55,-0.3278,-0.576,NONE,1789671389462,SELL,234.06,0.03774,1789671420000,ok,1.0,1.0,1.0,continuous,1,17,0,,0,0,0,0,False,335,0.03773,0.03775,5.299,0.684,0.0481,-0.1182,23325.18,21184.95,52.99,1789671506362,6451,True,,,,
2,v2,v1.2,REALF_PY_V4_2_DERIVED,ZPTDIFAT_PY_V1_4_DERIVED,fc-v1,native,,058e38aec59f4c35,20260917_214621,180,ETH_20260917_215839_472,ETHUSDT,BINANCE,FUTURES,TOP100,2,75000,1789671519472,2026-09-17T21:58:39.472+03:00,260,True,1789671518842,1789671519472,86.3,1789671480000,1789671539999,False,38.8,2451.38,-0.0061,50.2,FAIR (DENGE),True,500,51.2,49.1,49.6,50.0,0.00019,-0.89,-0.64,0.00081,0.596,0.24,0.7,55.0,-8.8,YOK,2.1,0.25,2451.845288215215,0.019,CLV_PROXY_1M,0,0.0,100.0,50.2,45.0,49.3,43.7,5.2,0.9,6.5,0.00019,-0.00013,0.00012,0.00026,32.66,37.87,51.2,57.28,-5.21,-18.54,-24.62,23.15,14.33,500,native,32.66,NORMAL,23.15,14.33,True,300,23.4,BEAR,BOS DN,LH/LL,LH/MIX,RANGE,92.5,True,True,499,34,67.5,1789669440000,HIGH,2462.33,6.6,,,,,,,0,0,2457.87,2448.48,LOW_SWEEP,32,2460.13,False,False,0.0677,499,native,26.19,DINLENMIS,25.63,23.67,True,300,15.0,TR-DN,CHOCH DN,LH/LL,LH/LL,TR-DN,89.0,True,True,498,7,67.0,1789670160000,HIGH,2462.33,3.22,,,,,,,0,0,2462.33,2448.48,HIGH_SWEEP,31,2475.2,False,False,0.1387,499,native,27.8,DINLENMIS,33.34,23.33,True,300,56.4,BULL,BOS UP,MIX/HL,LH/LL,RANGE,70.7,True,True,498,84,76.9,1789646100000,LOW,2428.88,4.64,,,,2365.835,17.63,2,0,1,2462.33,2365.835,HIGH_SWEEP,57,2479.44,False,False,0.1978,499,native,31.36,NORMAL,19.06,10.33,True,300,65.9,BULL,BOS UP,MIX/HL,MIX/HL,RANGE,76.7,True,True,498,27,66.0,1789646400000,LOW,2435.9,1.51,,,,,,,0,0,2476.4,2453.68,LOW_SWEEP,1,2453.68,True,False,0.4189,499,native,75.92,YORGUN,58.48,63.0,True,300,71.4,BEAR,BOS DN,HH/HL,HH/HL,TR DN,79.3,True,True,498,53,44.7,1789477200000,HIGH,2614.99,7.56,,,,,,,0,0,2453.33,2426.52,EQH_SWEEP,17,2429.45,False,True,0.8791,499,native,51.68,NORMAL,59.86,62.67,True,300,50.9,TR-DN,CHOCH DN,MIX/HL,HH/HL,TR-DN,70.6,True,True,498,11,32.7,1789502400000,HIGH,2614.99,3.99,,,,1862.655,14.35,2,0,2,2614.99,1862.655,HIGH_SWEEP,35,2522.75,False,False,1.6617,325,6833,780465.93,598444.88,182021.04,13.2,56.6,74.2,UP,1243,304,1378910.81,18.9,60.0,1.0,True,2,343365.91,1,118488.97,224876.94,59.6,0.275,1.0,1.0,0.995,3155278.03,3910062.29,-754784.26,-10.68,44.66,29.7,DOWN,7173,1753,7065340.32,56.3,300.0,1.0,True,11,1351096.42,9,1524132.68,-173036.26,77.6,0.53,1.0,1.0,0.999,17970837.98,19773647.62,-1802809.64,-4.78,47.61,40.4,DOWN,29752,6815,37744485.59,320.7,900.0,1.0,True,60,9318673.49,59,11501820.81,-2183147.32,94.4,0.865,1.0,1.0,1.0,423293.31,649761.72,,16.44,-0.19,0.9386,-150710.42,-0.1075,-246717.39,-0.1746,-0.051,NONE,1789671513331,SELL,118488.97,2451.4113286438396,1789671420000,ok,1.0,1.0,1.0,continuous,1,448,0,,0,0,0,0,False,369,2451.38,2451.39,0.041,-0.004,-0.1659,-0.2183,348424.63,486987.79,0.84,1789671518316,1156,False,,,,
2,v2,v1.2,REALF_PY_V4_2_DERIVED,ZPTDIFAT_PY_V1_4_DERIVED,fc-v1,native,,058e38aec59f4c35,20260917_214621,181,BNB_20260917_215843_058,BNBUSDT,BINANCE,FUTURES,TOP100,4,25000,1789671523058,2026-09-17T21:58:43.058+03:00,260,True,1789671522918,1789671523058,86.1,1789671480000,1789671539999,False,42.9,728.55,0.022,48.6,FAIR (DENGE),True,500,48.6,48.1,48.8,49.9,0.00024,-0.17,0.2,0.0004,0.593,0.3,5.3,40.0,-3.1,YOK,0.7,1.0,728.724901665443,0.024,CLV_PROXY_1M,0,0.0,100.0,48.6,45.4,51.1,50.8,3.2,-2.5,-2.2,0.00024,-0.00012,0.00012,0.00021,58.97,59.45,69.58,62.11,-0.48,-10.61,-3.14,56.64,60.67,500,native,58.97,NORMAL,56.64,60.67,True,300,48.7,BEAR,BOS DN,MIX/HL,HH/HL,TR DN,76.2,True,True,499,25,100.0,1789669980000,HIGH,729.98,6.33,,,,727.475,4.76,2,0,1,728.82,727.475,HIGH_SWEEP,38,729.81,False,False,0.031,499,native,31.61,NORMAL,39.76,41.33,True,300,9.9,BEAR,BOS DN,LH/LL,LH/LL,RANGE,88.5,True,True,498,8,86.3,1789669980000,HIGH,729.98,2.88,,,,724.995,7.09,2,0,1,729.98,724.995,HIGH_SWEEP,29,730.49,False,False,0.0687,499,native,29.1,DINLENMIS,35.47,25.33,True,300,41.8,BEAR,BOS DN,MIX/HL,HH/MIX,RANGE,71.8,True,True,498,5,50.6,1789669800000,HIGH,730.89,3.15,,,,718.6600000000001,13.24,2,0,1,729.98,718.6600000000001,HIGH_SWEEP,219,727.51,False,False,0.1024,499,native,56.26,NORMAL,46.59,35.67,True,300,86.3,BULL,BOS UP,HH/HL,HH/HL,SQZ,86.6,True,True,498,6,37.3,1789665300000,LOW,724.99,2.04,,,,,,,0,0,730.89,724.99,HIGH_SWEEP,7,730.21,False,False,0.2384,499,native,71.55,NORMAL,70.77,78.0,True,300,65.4,TR-UP,CHOCH UP,HH/MIX,HH/MIX,TR-UP,76.7,True,True,498,23,52.6,1789585200000,LOW,704.34,5.79,,,,,,,0,0,732.95,721.24,HIGH_SWEEP,6,729.58,False,False,0.5726,499,native,72.37,YORGUN,78.55,84.67,True,300,41.6,BULL,BOS UP,LH/LL,HH/MIX,RANGE,86.1,True,True,498,1,31.3,1789646400000,LOW,704.34,2.74,,,,,,,0,0,725.94,704.34,HIGH_SWEEP,3,725.94,False,False,1.2108,4123,1383,40284.79,1762.92,38521.88,91.61,95.81,95.0,UP,223,56,42047.71,12.0,60.0,1.0,True,0,0.0,0,0.0,0.0,45.3,0.193,0.656,1.0,0.931,108170.3,65862.91,42307.39,24.31,62.15,86.1,UP,1460,276,174033.21,32.4,300.0,1.0,True,0,0.0,0,0.0,0.0,64.5,0.393,0.81,1.0,0.986,840534.21,879461.16,-38926.96,-2.26,48.87,45.4,FLAT,5968,1245,1719995.37,65.8,900.0,1.0,True,4,256049.83,5,483053.4,-227003.57,79.7,0.568,1.0,1.0,0.995,40284.55,35996.03,-42171.31,73.82,10.79,1.0,3223.47,0.1345,1796.83,0.0516,0.2162,NONE,1789671218546,BUY,40469.58,728.5252223222323,1789671420000,ok,1.0,1.0,1.0,continuous,1,64,0,,0,0,0,0,False,403,728.55,728.56,0.137,0.061,0.2612,0.8719,180407.86,105674.46,2.81,1789671522082,976,False,,AGGRESSIVE_BUYER,,
2,v2,v1.2,REALF_PY_V4_2_DERIVED,ZPTDIFAT_PY_V1_4_DERIVED,fc-v1,native,,058e38aec59f4c35,20260917_214621,182,XRP_20260917_215846_338,XRPUSDT,BINANCE,FUTURES,TOP100,5,25000,1789671526338,2026-09-17T21:58:46.338+03:00,260,True,1789671526315,1789671526338,78.2,1789671480000,1789671539999,False,46.3,1.295,-0.0386,45.6,FAIR (DENGE),True,500,43.8,48.8,43.7,49.9,0.00028,-0.8,-0.05,0.00089,0.568,0.18,0.3,45.0,-4.7,YOK,5.1,1.0,1.2953672426873057,0.028,CLV_PROXY_1M,0,0.0,100.0,45.6,46.0,53.2,50.2,-0.4,-7.6,-4.6,0.00028,0.00022,0.00072,0.00105,39.03,44.81,54.94,57.38,-5.78,-15.91,-18.35,26.2,24.0,500,native,39.03,NORMAL,26.2,24.0,True,300,46.1,BEAR,BOS DN,MIX/HL,LH/LL,SQZ,77.6,True,True,499,19,57.8,1789670340000,HIGH,1.2998,4.68,,,,,,,0,0,1.2973,1.295,LOW_SWEEP,1,1.295,True,False,0.0791,499,native,27.42,DINLENMIS,27.93,28.0,True,300,27.1,BULL,BOS UP,LH/LL,LH/LL,SQZ,83.6,True,True,498,95,46.8,1789654320000,LOW,1.2888,3.28,,,,1.2744499999999999,10.86,2,0,1,1.3,1.2744499999999999,HIGH_SWEEP,94,1.3087,False,False,0.1462,499,native,29.3,DINLENMIS,35.58,29.0,True,300,57.5,BULL,BOS UP,MIX/HL,LH/LL,TR UP,67.6,True,True,498,55,54.0,1789654800000,LOW,1.2888,2.21,,,,,,,0,0,1.3086,1.2979,HIGH_SWEEP,53,1.3151,False,False,0.2165,499,native,28.0,DINLENMIS,19.69,14.67,True,300,43.3,BEAR,BOS DN,MIX/HL,MIX/HL,RANGE,71.9,True,True,498,1,36.1,1789669800000,HIGH,1.3086,2.27,,,,,,,0,0,1.3086,1.2979,HIGH_SWEEP,17,1.3151,False,False,0.463,499,native,53.92,NORMAL,28.25,23.0,True,300,54.5,BEAR,BOS DN,MIX/HL,HH/HL,RANGE,72.1,True,True,498,29,35.2,1789563600000,HIGH,1.312,1.19,,,,,,,0,0,1.3096,1.2888,HIGH_SWEEP,6,1.3096,False,False,1.0981,499,native,34.73,NORMAL,38.29,37.33,True,300,45.9,TR-DN,CHOCH DN,HH/MIX,HH/MIX,TR-DN,75.8,True,True,498,12,73.1,1789488000000,HIGH,1.4916,5.79,1.5507,7.53,2,0.98775,9.05,2,1,1,1.5507,0.98775,EQH_SWEEP,54,1.43175,False,False,2.598,879,2002,70737.32,87944.03,-17206.71,-10.84,44.58,29.5,DOWN,615,90,158681.35,15.3,60.0,1.0,True,0,0.0,0,0.0,0.0,52.3,0.234,0.8,1.0,0.985,480005.17,535793.69,-55788.52,-5.49,47.25,39.0,DOWN,3462,488,1015798.85,50.8,300.0,1.0,True,2,52881.01,4,181943.99,-129062.98,76.0,0.504,1.0,1.0,0.997,3317857.25,3171293.15,146564.1,2.26,51.13,54.6,FLAT,14354,1788,6489150.41,143.5,900.0,1.0,True,34,1586934.12,25,1748177.9,-161243.78,88.7,0.742,1.0,1.0,0.999,81901.2,-107036.31,-134055.37,8.38,-4.88,1.0,-50354.38,-0.2245,-16761.67,-0.0825,0.246,DOWN,1789671435062,SELL,25937.95,1.2948,1789671420000,ok,1.0,1.0,1.0,continuous,1,121,0,,0,0,0,0,False,483,1.295,1.2951,0.772,-0.023,-0.014,-0.1124,1306199.27,1343407.65,15.06,1789671525722,616,False,,,,
2,v2,v1.2,REALF_PY_V4_2_DERIVED,ZPTDIFAT_PY_V1_4_DERIVED,fc-v1,native,,058e38aec59f4c35,20260917_214621,183,DOGE_20260917_215850_738,DOGEUSDT,BINANCE,FUTURES,TOP100,12,15000,1789671530738,2026-09-17T21:58:50.738+03:00,260,True,1789671530575,1789671530738,79.1,1789671480000,1789671539999,False,50.6,0.08144,-0.0246,56.4,FAIR (DENGE),True,500,56.1,65.5,46.8,53.9,-0.00353,-0.79,-0.15,0.0008,0.559,1.04,65.7,55.0,-20.5,YOK,18.7,0.825,0.08115309146493882,-0.352,CLV_PROXY_1M,0,0.0,100.0,56.4,54.8,63.3,60.4,1.6,-6.9,-4.0,-0.00353,0.00026,0.00074,0.00138,35.68,38.64,46.68,54.53,-2.96,-11.0,-18.85,29.81,26.33,500,native,35.68,NORMAL,29.81,26.33,True,300,18.7,TR-DN,CHOCH DN,LH/LL,HH/HL,TR-DN,95.9,True,True,499,24,87.8,1789670040000,HIGH,0.08178,4.97,0.0818,5.26,2,,,,1,0,0.0818,0.08131,LOW_SWEEP,51,0.08167,False,False,0.084,499,native,28.57,DINLENMIS,28.75,27.67,True,300,12.6,BEAR,BOS DN,LH/LL,LH/LL,TR DN,89.7,True,True,498,8,49.0,1789669980000,HIGH,0.08179,2.75,,,,,,,0,0,0.08179,0.08131,LOW_SWEEP,26,0.08196,False,False,0.1562,499,native,29.34,DINLENMIS,35.07,26.33,True,300,44.4,TR-DN,CHOCH DN,MIX/HL,LH/LL,TR-DN,74.7,True,True,498,4,70.3,1789670100000,HIGH,0.08226,4.44,,,,0.07986,8.56,2,0,1,0.08179,0.07986,HIGH_SWEEP,21,0.08206,False,False,0.2265,499,native,39.48,NORMAL,26.01,22.33,True,300,68.7,BULL,BOS UP,MIX/HL,HH/HL,RANGE,74.0,True,True,498,19,56.8,1789653600000,LOW,0.08054,2.51,,,,0.080555,2.47,2,0,1,0.08226,0.080555,HIGH_SWEEP,17,0.08179,False,False,0.4389,499,native,75.19,YORGUN,60.56,70.33,True,300,85.2,BULL,BOS UP,HH/HL,HH/HL,RANGE,85.8,True,True,498,10,49.0,1789632000000,LOW,0.07828,4.23,,,,,,,0,0,0.08134,0.08054,HIGH_SWEEP,9,0.08134,False,False,0.9131,499,native,51.94,NORMAL,56.97,66.33,True,300,46.4,BEAR,BOS DN,HH/MIX,HH/MIX,TR DN,73.2,True,True,498,13,26.7,1789473600000,HIGH,0.08616,3.18,,,,0.07835,2.08,2,0,1,0.08616,0.07835,HIGH_SWEEP,17,0.08534,False,False,1.8121,290,1404,54377.09,219952.11,-165575.02,-60.36,19.82,5.4,DOWN,548,112,274329.2,8.6,60.0,1.0,True,1,40714.22,2,179381.89,-138667.67,44.4,0.147,0.86,1.0,0.995,559225.67,745460.89,-186235.22,-14.27,42.86,24.3,DOWN,2632,383,1304686.56,36.3,300.0,1.0,True,9,412049.21,9,559396.92,-147347.71,70.7,0.421,1.0,1.0,0.999,1677305.56,1650169.07,27136.49,0.82,50.41,51.7,FLAT,8076,1203,3327474.64,127.7,900.0,1.0,True,32,1064392.05,24,1054974.47,9417.58,87.6,0.719,1.0,1.0,1.0,-170942.31,-186198.03,-205114.3,-31.44,-7.14,1.0,-18509.36,-0.0798,-10838.21,-0.0415,-0.1959,NONE,1789671497703,BUY,40714.22,0.08144,1789671420000,ok,1.0,1.0,1.0,continuous,1,134,0,,0,0,0,0,False,517,0.08144,0.08145,1.228,0.322,0.2026,0.1494,1270299.51,842213.87,23.94,1789671529193,1545,False,,AGGRESSIVE_SELLER,,
2,v2,v1.2,REALF_PY_V4_2_DERIVED,ZPTDIFAT_PY_V1_4_DERIVED,fc-v1,native,,058e38aec59f4c35,20260917_214621,184,LINK_20260917_215856_862,LINKUSDT,BINANCE,FUTURES,TOP100,17,10000,1789671536862,2026-09-17T21:58:56.862+03:00,260,True,1789671533856,1789671536862,81.9,1789671480000,1789671539999,False,53.9,11.316,-0.0265,45.8,FAIR (DENGE),True,500,43.9,49.7,43.1,49.7,9e-05,-1.07,-0.23,0.00118,0.592,0.27,3.7,45.0,-8.5,YOK,6.6,1.0,11.317004974661534,0.009,CLV_PROXY_1M,0,0.0,100.0,45.8,43.2,51.4,50.0,2.6,-5.6,-4.2,9e-05,6e-05,0.00102,0.00159,29.67,35.02,50.07,57.75,-5.35,-20.4,-28.08,20.13,10.33,500,native,29.67,DINLENMIS,20.13,10.33,True,300,36.7,BEAR,BOS DN,MIX/HL,HH/HL,RANGE,76.6,True,True,499,2,74.2,1789671360000,HIGH,11.353,3.29,,,,11.14,15.67,2,0,1,11.353,11.14,HIGH_SWEEP,27,11.358,False,False,0.0992,499,native,25.99,DINLENMIS,20.21,11.67,True,300,58.4,BULL,BOS UP,HH/MIX,LH/LL,RANGE,75.3,True,True,498,37,60.7,1789664760000,LOW,11.302,0.62,,,,11.100999999999999,9.59,2,0,1,11.379,11.100999999999999,EQL_SWEEP,8,11.335,False,False,0.1981,499,native,31.33,NORMAL,31.94,16.67,True,300,66.6,BULL,BOS UP,MIX/HL,HH/MIX,RANGE,72.8,True,True,498,22,47.6,1789664700000,LOW,11.302,0.43,,,,,,,0,0,11.379,11.302,HIGH_SWEEP,21,11.406,False,False,0.2851,499,native,46.3,NORMAL,32.95,28.0,True,300,70.9,BULL,BOS UP,MIX/HL,HH/HL,RANGE,77.0,True,True,498,19,61.0,1789653600000,LOW,11.089,3.56,11.428,1.78,2,11.0905,3.54,2,1,1,11.428,11.0905,HIGH_SWEEP,17,11.34,False,False,0.5598,499,native,81.75,YORGUN,73.49,82.0,True,300,54.7,BEAR,BOS DN,MIX/HL,HH/HL,TR DN,70.8,True,True,498,35,42.9,1789542000000,HIGH,11.501,1.46,12.7855,11.58,2,,,,1,0,12.7855,11.089,LOW_SWEEP,25,10.67,False,False,1.1169,499,native,57.32,NORMAL,66.27,72.67,True,300,16.6,BEAR,BOS DN,LH/LL,HH/MIX,RANGE,86.2,True,True,498,12,24.8,1789488000000,HIGH,11.961,2.61,,,,8.062,13.15,2,0,1,11.961,8.062,EQH_SWEEP,80,12.035499999999999,False,False,2.1745,7158,760,7753.71,12095.02,-4341.31,-21.87,39.06,15.8,DOWN,134,31,19848.73,9.6,60.0,1.0,True,0,0.0,0,0.0,0.0,40.3,0.161,0.574,1.0,0.881,25823.28,75018.45,-49195.16,-48.78,25.61,6.1,DOWN,718,168,100841.73,48.5,300.0,1.0,True,0,0.0,0,0.0,0.0,69.0,0.493,0.751,1.0,0.976,414767.18,582809.57,-168042.39,-16.85,41.58,21.0,DOWN,3740,694,997576.75,112.7,900.0,1.0,True,6,152520.47,9,253489.51,-100969.04,86.3,0.693,1.0,1.0,0.992,3553.22,20800.36,-46492.86,8.05,2.88,1.0,-9517.62,-0.4428,-10595.28,-0.5253,-0.5182,NONE,1789671231197,SELL,12405.43,11.339,1789671420000,ok,1.0,1.0,1.0,continuous,1,43,0,,0,0,0,0,False,551,11.315,11.316,0.884,-0.141,0.4134,-0.1889,514544.32,213539.29,17.23,1789671533314,3548,False,,FATIGUE_RESTED_1M,,
2,v2,v1.2,REALF_PY_V4_2_DERIVED,ZPTDIFAT_PY_V1_4_DERIVED,fc-v1,native,,058e38aec59f4c35,20260917_214621,185,ADA_20260917_215903_759,ADAUSDT,BINANCE,FUTURES,TOP100,19,10000,1789671543759,2026-09-17T21:59:03.759+03:00,260,True,1789671542936,1789671543759,85.2,1789671480000,1789671539999,True,62.9,0.2014,0.0,58.8,PRICE AHEAD,True,500,62.8,55.7,58.3,50.1,-0.00212,-0.24,-0.64,0.00147,0.591,0.07,0.3,50.0,-17.7,YOK,7.0,1.0,0.2009734123790975,-0.212,CLV_PROXY_1M,0,0.0,100.0,58.8,59.6,60.5,51.1,-0.8,-1.7,7.7,-0.00212,0.00015,-0.00051,-0.00064,40.96,39.81,45.95,51.97,1.15,-4.99,-11.01,43.21,44.67,500,native,40.96,NORMAL,43.21,44.67,True,300,17.8,BEAR,BOS DN,LH/LL,MIX/HL,SQZ,93.2,True,True,499,24,79.1,1789670040000,HIGH,0.2022,3.03,0.2022,3.03,2,,,,2,0,0.2022,0.2009,LOW_SWEEP,143,0.2016,False,False,0.1311,499,native,27.67,DINLENMIS,38.59,27.67,True,300,13.6,BEAR,BOS DN,LH/LL,LH/LL,TR DN,89.7,True,True,498,8,36.4,1789669980000,HIGH,0.203,3.42,,,,,,,0,0,0.2022,0.2009,LOW_SWEEP,22,0.2021,False,False,0.2322,499,native,24.28,DINLENMIS,31.44,18.33,True,300,66.4,BULL,BOS UP,MIX/HL,LH/LL,RANGE,73.0,True,True,498,23,65.2,1789664400000,LOW,0.2008,0.97,,,,0.1903,17.87,2,0,1,0.203,0.1903,HIGH_SWEEP,21,0.2028,False,False,0.3085,499,native,42.92,NORMAL,30.15,24.0,True,300,71.8,BULL,BOS UP,MIX/HL,HH/HL,RANGE,79.0,True,True,498,18,79.1,1789654500000,LOW,0.1972,3.33,,,,0.1972,3.33,2,0,2,0.2033,0.1972,HIGH_SWEEP,16,0.2022,False,False,0.625,499,native,84.61,ASIRI,73.29,85.0,True,300,49.9,TR-UP,CHOCH UP,MIX/LL,HH/HL,TR-UP,79.1,True,True,498,12,61.8,1789624800000,LOW,0.1901,4.59,,,,,,,0,0,0.1973,0.1901,EQH_SWEEP,17,0.19690000000000002,False,False,1.2131,499,native,52.82,NORMAL,62.57,75.0,True,300,16.5,BEAR,BOS DN,LH/LL,LH/LL,RANGE,83.9,True,True,498,12,45.7,1789488000000,HIGH,0.2159,2.97,,,,,,,0,0,0.2159,0.1901,LOW_SWEEP,49,0.2148,False,False,2.414,1274,745,3309.81,838.82,2470.99,59.56,79.78,94.6,UP,96,31,4148.62,6.8,60.0,1.0,True,0,0.0,0,0.0,0.0,32.6,0.12,0.404,1.0,0.979,46232.71,71781.44,-25548.73,-21.65,39.18,16.0,DOWN,868,165,118014.15,11.5,300.0,1.0,True,1,10340.38,3,52436.69,-42096.31,47.2,0.187,0.768,1.0,0.996,433646.78,364187.49,69459.29,8.71,54.35,66.9,UP,3661,638,797834.27,33.0,900.0,1.0,True,11,269887.44,11,244303.49,25583.95,68.6,0.397,0.975,1.0,0.999,-10122.64,16382.73,-5487.76,-10.05,2.44,1.0,1728.5,0.0897,-6269.03,-0.2656,-0.3596,UP,1789671400744,SELL,17814.85,0.2012,1789671420000,ok,1.0,1.0,1.0,continuous,1,48,0,,0,0,0,0,False,74,0.2013,0.2014,4.966,-0.431,0.1264,-0.1247,2615955.04,2028687.2,96.85,1789671542327,1432,False,,AGGRESSIVE_BUYER,,
2,v2,v1.2,REALF_PY_V4_2_DERIVED,ZPTDIFAT_PY_V1_4_DERIVED,fc-v1,native,,058e38aec59f4c35,20260917_214621,186,LTC_20260917_215906_832,LTCUSDT,BINANCE,FUTURES,TOP100,25,10000,1789671546832,2026-09-17T21:59:06.832+03:00,260,True,1789671546785,1789671546832,83.8,1789671540000,1789671599999,False,6.8,53.44,0.0,43.7,FAIR (DENGE),True,500,42.0,44.1,43.9,50.0,0.00122,-0.0,0.57,0.00088,0.413,0.0,0.3,60.0,-4.7,YOK,2.1,1.0,53.50505238897797,0.122,CLV_PROXY_1M,0,0.0033,99.7,43.7,40.9,38.9,42.6,2.8,4.8,1.1,0.00122,0.0,-0.0001,0.00086,22.98,19.53,20.79,28.27,3.45,2.19,-5.29,32.77,27.0,500,native,22.98,DINLENMIS,32.77,27.0,True,300,10.3,BEAR,BOS DN,LH/LL,LH/LL,TR DN,90.0,True,True,499,3,48.6,1789671360000,HIGH,53.58,3.52,,,,,,,0,0,53.58,53.44,LOW_SWEEP,4,53.44,False,False,0.0744,499,native,16.57,DINLENMIS,21.0,11.67,True,300,30.8,TR-DN,CHOCH DN,LH/MIX,LH/LL,TR-DN,72.7,True,True,498,7,57.3,1789670160000,HIGH,53.86,5.13,,,,,,,0,0,53.86,53.65,HIGH_SWEEP,39,53.74,False,False,0.1532,499,native,16.24,DINLENMIS,19.48,5.67,True,300,66.3,BULL,BOS UP,MIX/HL,LH/LL,RANGE,73.2,True,True,498,22,34.8,1789664700000,LOW,53.31,1.04,,,,50.21,25.85,2,0,2,53.86,50.21,HIGH_SWEEP,23,53.74,False,False,0.2339,499,native,63.38,NORMAL,44.3,45.0,True,300,70.1,BULL,BOS UP,HH/MIX,HH/HL,TR UP,78.7,True,True,498,18,42.9,1789654500000,LOW,52.51,4.15,,,,,,,0,0,53.98,52.46,HIGH_SWEEP,17,53.11,False,False,0.4182,499,native,85.17,ASIRI,77.13,85.33,True,300,66.1,TR-UP,CHOCH UP,MIX/HL,HH/MIX,TR-UP,63.2,True,True,498,7,40.7,1789642800000,LOW,50.13,7.24,,,,,,,0,0,52.81,52.46,HIGH_SWEEP,9,52.81,False,False,0.8504,499,native,64.86,NORMAL,75.96,83.67,True,300,50.7,TR-DN,CHOCH DN,HH/MIX,LH/LL,TR-DN,72.3,True,True,498,11,38.2,1789502400000,HIGH,55.24,2.04,,,,,,,0,0,55.24,50.13,HIGH_SWEEP,27,54.28,False,False,1.6471,1160,420,9327.68,10489.08,-1161.4,-5.86,47.07,38.3,DOWN,72,12,19816.77,3.5,60.0,1.0,True,0,0.0,0,0.0,0.0,28.4,0.066,0.574,1.0,0.981,45714.5,67321.39,-21606.89,-19.12,40.44,18.5,DOWN,531,109,113035.88,23.1,300.0,1.0,True,0,0.0,1,11155.07,-11155.07,58.1,0.316,0.763,1.0,0.996,269195.31,245602.23,23593.08,4.58,52.29,59.2,UP,1845,392,514797.54,39.3,900.0,1.0,True,6,139596.62,7,104880.3,34716.32,70.4,0.44,0.928,1.0,0.999,1650.62,5210.01,-2456.21,12.67,3.33,1.0,-5037.66,-0.3267,-4304.45,-0.1904,-0.1801,NONE,1789671254291,SELL,11155.07,53.438988809259186,1789671420000,ok,1.0,1.0,1.0,continuous,1,17,0,,0,0,0,0,False,108,53.42,53.43,1.872,-0.498,0.086,0.0923,954108.23,802995.11,36.5,1789671546290,542,False,,FATIGUE_RESTED_1M,,
2,v2,v1.2,REALF_PY_V4_2_DERIVED,ZPTDIFAT_PY_V1_4_DERIVED,fc-v1,native,,058e38aec59f4c35,20260917_214621,187,AVAX_20260917_215913_337,AVAXUSDT,BINANCE,FUTURES,TOP100,31,5000,1789671553337,2026-09-17T21:59:13.337+03:00,260,True,1789671553336,1789671553337,176.2,1789671540000,1789671599999,False,13.3,7.592,-0.0132,48.8,FAIR (DENGE),True,500,49.1,48.6,47.6,50.0,0.00038,-0.7,-0.26,0.00109,0.659,0.01,0.3,50.0,15.2,YOK,1.4,1.0,7.594896145156487,0.038,CLV_PROXY_1M,0,0.0,100.0,48.8,50.9,53.6,53.6,-2.1,-4.8,-4.8,0.00038,0.0001,0.00025,0.00066,45.6,52.02,63.01,69.6,-6.42,-17.41,-24.0,31.61,28.33,500,native,45.6,NORMAL,31.61,28.33,True,300,20.1,TR-DN,CHOCH DN,LH/LL,MIX/HL,TR-DN,93.0,True,True,499,25,86.3,1789670040000,HIGH,7.618,4.1,,,,,,,0,0,7.61,7.57,HIGH_SWEEP,31,7.609,False,False,0.0835,499,native,41.86,NORMAL,42.06,39.0,True,300,15.7,BEAR,BOS DN,LH/LL,MIX/LL,RANGE,86.3,True,True,498,13,51.8,1789669080000,HIGH,7.635,3.33,,,,,,,0,0,7.618,7.57,LOW_SWEEP,14,7.605,False,False,0.1698,499,native,30.94,NORMAL,39.02,21.67,True,300,43.2,BEAR,BOS DN,MIX/HL,LH/LL,RANGE,65.2,True,True,498,1,35.5,1789671000000,HIGH,7.618,1.38,,,,,,,0,0,7.618,7.603,LOW_SWEEP,8,7.603,False,False,0.2479,499,native,50.29,NORMAL,40.91,37.67,True,300,48.5,BULL,BOS UP,MIX/LL,HH/HL,RANGE,70.0,True,True,498,25,14.8,1789648200000,LOW,7.514,2.34,7.648,1.63,2,,,,1,0,7.648,7.523,LOW_SWEEP,14,7.539,False,False,0.4453,499,native,68.52,NORMAL,62.75,67.0,True,300,71.5,BEAR,BOS DN,HH/HL,HH/HL,TR DN,79.6,True,True,498,52,46.7,1789480800000,HIGH,7.8,2.91,8.192,8.4,3,7.186,5.68,2,1,1,8.192,7.186,EQL_SWEEP,25,7.186,False,False,0.939,499,native,72.04,YORGUN,76.65,85.0,True,300,46.4,TR-DN,CHOCH DN,HH/MIX,LH/MIX,TR-DN,73.8,True,True,498,7,50.3,1789560000000,HIGH,7.8,1.45,,,,7.173500000000001,2.92,2,0,1,7.8,7.173500000000001,LOW_SWEEP,12,7.243,False,False,1.8868,3607,640,227.82,2695.7,-2467.87,-84.41,7.79,5.0,DOWN,60,20,2923.52,4.2,60.0,1.0,True,0,0.0,0,0.0,0.0,26.4,0.077,0.366,1.0,0.94,45404.09,63522.49,-18118.4,-16.63,41.68,21.3,DOWN,637,135,108926.57,26.0,300.0,1.0,True,3,29058.6,1,5665.73,23392.87,59.9,0.342,0.759,1.0,0.988,541666.79,407428.55,134238.23,14.14,57.07,75.5,UP,3635,593,949095.34,48.2,900.0,1.0,True,24,369900.42,19,212317.39,157583.03,75.1,0.491,0.994,1.0,0.996,1777.37,-3001.69,-12950.15,-16.4,-3.15,1.0,-3233.64,-0.314,-4357.89,-0.2,-0.0521,NONE,1789671386572,BUY,5537.48,7.596,1789671480000,ok,1.0,1.0,1.0,continuous,1,75,0,,0,0,0,0,False,142,7.592,7.593,1.317,-0.017,0.1852,0.0606,350884.41,241229.84,25.68,1789671551827,1510,False,,AGGRESSIVE_SELLER,,
2,v2,v1.2,REALF_PY_V4_2_DERIVED,ZPTDIFAT_PY_V1_4_DERIVED,fc-v1,native,,058e38aec59f4c35,20260917_214621,188,SUI_20260917_215917_021,SUIUSDT,BINANCE,FUTURES,TOP100,35,5000,1789671557021,2026-09-17T21:59:17.021+03:00,260,True,1789671556808,1789671557021,86.9,1789671540000,1789671599999,False,16.8,0.7317,0.0,53.1,FAIR (DENGE),True,500,54.8,52.7,51.4,50.0,-0.00095,-0.31,-0.02,0.00137,0.674,0.07,0.3,40.0,-1.8,YOK,3.4,1.0,0.7310074271776059,-0.095,CLV_PROXY_1M,0,0.0,100.0,53.1,52.3,54.7,56.1,0.8,-1.6,-3.0,-0.00095,0.00013,0.00011,0.00068,45.47,48.03,53.14,59.68,-2.56,-7.67,-14.21,40.88,36.33,500,native,45.47,NORMAL,40.88,36.33,True,300,22.2,TR-DN,CHOCH DN,LH/LL,MIX/LL,TR-DN,86.9,True,True,499,25,83.1,1789670040000,HIGH,0.7344,3.38,,,,,,,0,0,0.7337,0.7287,HIGH_SWEEP,26,0.7344,False,False,0.1093,499,native,36.4,NORMAL,39.09,38.67,True,300,28.9,BULL,BOS UP,LH/LL,LH/LL,RANGE,86.6,True,True,498,38,54.4,1789664580000,LOW,0.7291,1.63,,,,0.7292,1.57,2,0,3,0.7352,0.7292,EQL_SWEEP,6,0.7292,False,False,0.2177,499,native,35.09,NORMAL,43.2,31.33,True,300,66.3,BULL,BOS UP,MIX/HL,LH/LL,RANGE,73.4,True,True,498,22,31.2,1789664700000,LOW,0.7291,1.17,,,,0.71575,7.18,2,0,2,0.7352,0.71575,HIGH_SWEEP,21,0.7373,False,False,0.3036,499,native,52.76,NORMAL,42.91,37.0,True,300,90.0,BULL,BOS UP,HH/HL,HH/HL,RANGE,89.7,True,True,498,6,54.6,1789665300000,LOW,0.7223,2.25,,,,,,,0,0,0.7387,0.7291,HIGH_SWEEP,11,0.7351,False,False,0.5712,499,native,82.54,YORGUN,78.53,90.67,True,300,72.6,BEAR,BOS DN,HH/HL,HH/HL,TR DN,82.7,True,True,498,52,50.4,1789480800000,HIGH,0.7479,1.88,0.8336,11.82,2,,,,2,0,0.8336,0.7157,LOW_SWEEP,25,0.6814,False,False,1.1765,499,native,72.55,YORGUN,77.76,90.0,True,300,59.4,BEAR,BOS DN,HH/HL,MIX/HL,TR DN,78.3,True,True,498,11,25.5,1789502400000,HIGH,0.7479,0.95,,,,,,,0,0,0.7479,0.6773,LOW_SWEEP,13,0.692,False,False,2.3241,780,1089,9221.17,8910.73,310.44,1.71,50.86,53.5,FLAT,147,33,18131.9,7.8,60.0,1.0,True,0,0.0,0,0.0,0.0,37.8,0.135,0.565,1.0,0.987,54808.07,74808.21,-20000.14,-15.43,42.28,22.8,DOWN,1021,245,129616.27,42.9,300.0,1.0,True,3,18882.17,2,11845.48,7036.69,68.1,0.462,0.778,1.0,0.997,620369.48,646155.4,-25785.92,-2.04,48.98,45.8,FLAT,5728,1007,1266524.89,145.2,900.0,1.0,True,26,356126.6,32,394071.95,-37945.35,88.8,0.744,1.0,1.0,0.999,-9668.5,-10650.06,-17123.39,-18.22,-4.52,1.0,-436.61,-0.017,-5454.07,-0.2104,-0.0267,NONE,1789671470550,BUY,8070.5,0.7316,1789671480000,ok,1.0,1.0,1.0,continuous,1,47,0,,0,0,0,0,False,177,0.7316,0.7317,1.367,0.056,-0.0316,0.0882,489159.87,521117.85,26.65,1789671556073,948,False,,,,
2,v2,v1.2,REALF_PY_V4_2_DERIVED,ZPTDIFAT_PY_V1_4_DERIVED,fc-v1,native,,058e38aec59f4c35,20260917_214621,189,AKE_20260917_215921_636,AKEUSDT,BINANCE,FUTURES,TOP100,94,2000,1789671561636,2026-09-17T21:59:21.636+03:00,260,True,1789671560848,1789671561636,88.0,1789671540000,1789671599999,False,20.8,0.02078,0.0915,42.8,FAIR (DENGE),True,500,40.2,42.6,45.3,49.9,0.0126,-0.05,0.16,0.00756,0.708,0.17,0.3,45.0,9.2,YOK,5.2,1.0,0.02104344566412163,1.268,CLV_PROXY_1M,0,0.0,100.0,42.8,41.9,38.4,44.5,0.9,4.4,-1.7,0.0126,-0.00062,-0.00288,0.00035,39.28,41.22,50.56,33.98,-1.94,-11.28,5.3,33.65,37.33,500,native,39.28,NORMAL,33.65,37.33,True,300,17.0,BEAR,BOS DN,LH/LL,MIX/HL,SQZ,87.0,True,True,499,14,34.4,1789670700000,HIGH,0.021142,6.38,0.021141,6.36,2,,,,1,0,0.021141,0.020721,LOW_SWEEP,9,0.020824,False,False,0.2735,499,native,24.74,DINLENMIS,24.88,19.33,True,300,48.0,TR-DN,CHOCH DN,HH/MIX,LH/LL,TR-DN,76.1,True,True,498,4,51.0,1789670700000,HIGH,0.021142,3.02,,,,,,,0,0,0.021142,0.020851,EQL_SWEEP,7,0.020852500000000003,False,False,0.5752,499,native,24.67,DINLENMIS,23.03,16.33,True,300,42.2,BEAR,BOS DN,MIX/HL,HH/MIX,RANGE,72.4,True,True,498,1,29.7,1789671000000,HIGH,0.021142,2.11,,,,,,,0,0,0.021142,0.020811,LOW_SWEEP,2,0.020811,False,False,0.8239,499,native,26.49,DINLENMIS,23.83,5.33,True,300,59.3,BEAR,BOS DN,HH/MIX,HH/HL,SQZ,70.0,True,True,498,106,97.0,1789575300000,HIGH,0.028247,19.93,0.029421000000000003,23.06,2,0.020765,0.04,2,1,3,0.029421000000000003,0.020765,EQL_SWEEP,9,0.020765,False,True,1.7961,499,native,54.0,NORMAL,43.81,40.67,True,300,56.6,BULL,BOS UP,MIX/HL,MIX/HL,RANGE,70.2,True,True,498,62,56.3,1789444800000,LOW,0.014658,4.78,0.029844000000000002,7.07,2,0.012500500000000001,6.46,3,1,2,0.029844000000000002,0.012500500000000001,HIGH_SWEEP,63,0.0165,False,False,6.0934,499,native,42.01,NORMAL,37.79,31.33,True,300,86.4,BULL,BOS UP,HH/HL,MIX/HL,TR UP,90.5,True,True,498,15,80.8,1789444800000,LOW,0.013069,2.64,,,,0.0128725,2.71,2,0,3,0.029888,0.0128725,EQL_SWEEP,64,0.0128725,False,False,13.8617,3912,4221,5529.34,11520.66,-5991.32,-35.14,32.43,8.5,DOWN,347,139,17050.0,12.6,60.0,1.0,True,0,0.0,2,5474.02,-5474.02,44.0,0.202,0.558,1.0,0.935,58935.86,45101.36,13834.5,13.3,56.65,74.3,UP,3105,1304,104037.22,188.0,300.0,1.0,True,6,30512.45,4,9978.24,20534.21,83.5,0.79,0.754,1.0,0.987,163795.43,157018.17,6777.26,2.11,51.06,54.3,FLAT,9156,3860,320813.6,551.8,900.0,1.0,True,11,51677.84,13,51814.72,-136.88,92.8,0.917,0.877,1.0,0.996,-2645.76,-4137.1,-8899.68,-1.16,-2.2,1.0,-4896.74,-0.3586,3562.45,0.1712,0.3127,DOWN,1789671524932,SELL,2981.84,0.02077200168581201,1789671480000,ok,1.0,1.0,1.0,continuous,1,216,0,,0,0,0,0,False,211,0.020779,0.02078,0.481,0.013,-0.1354,-0.7776,3157.59,4146.81,9.38,1789671560643,993,False,,,,
2,v2,v1.2,REALF_PY_V4_2_DERIVED,ZPTDIFAT_PY_V1_4_DERIVED,fc-v1,native,,058e38aec59f4c35,20260917_214621,190,PONS_20260917_215927_811,PONSUSDT,BINANCE,FUTURES,OUTSIDE100,112,2000,1789671567811,2026-09-17T21:59:27.811+03:00,260,True,1789671564681,1789671567811,90.8,1789671540000,1789671599999,False,24.7,0.6377,0.0314,36.2,PRICE LAG,True,500,32.9,37.7,35.0,49.1,0.01087,-1.12,-0.03,0.00413,0.526,0.29,2.3,65.0,8.3,YOK,4.8,1.0,0.6446723274742251,1.093,CLV_PROXY_1M,0,0.0,100.0,36.2,35.4,43.0,46.6,0.8,-6.8,-10.4,0.01087,5e-05,0.00276,0.00508,33.6,39.96,53.63,54.15,-6.36,-20.03,-20.55,20.67,14.33,500,native,33.6,NORMAL,20.67,14.33,True,300,42.8,BEAR,BOS DN,MIX/HL,HH/MIX,TR DN,70.2,True,True,499,1,27.8,1789671480000,HIGH,0.6423,2.0,,,,,,,0,0,0.6423,0.6379,LOW_SWEEP,3,0.6379,False,False,0.3614,499,native,17.41,DINLENMIS,21.88,13.0,True,300,9.8,BEAR,BOS DN,LH/LL,LH/LL,RANGE,93.5,True,True,498,6,55.4,1789670340000,HIGH,0.6584,5.11,0.6657,6.91,2,,,,1,0,0.6657,0.6375,LOW_SWEEP,7,0.6433,False,True,0.6368,499,native,18.92,DINLENMIS,17.82,7.33,True,300,9.1,BEAR,BOS DN,LH/LL,LH/LL,RANGE,91.1,True,True,498,4,62.4,1789670100000,HIGH,0.6584,3.73,0.6657,5.03,2,,,,1,0,0.6657,0.6433,LOW_SWEEP,13,0.6466,False,False,0.8701,499,native,39.15,NORMAL,25.53,19.0,True,300,72.0,BULL,BOS UP,HH/MIX,MIX/HL,RANGE,73.2,True,True,498,12,67.0,1789659900000,LOW,0.6099,2.22,,,,,,,0,0,0.6721,0.6099,HIGH_SWEEP,8,0.6573,False,False,1.9567,277,native,62.04,NORMAL,48.71,56.03,False,257,79.1,TR-UP,CHOCH UP,HH/HL,HH/HL,TR-UP,85.3,True,True,276,17,48.5,1789606800000,LOW,0.5563,3.24,,,,,,,0,0,0.669,0.6099,HIGH_SWEEP,2,0.669,False,False,3.852,70,native,69.36,NORMAL,63.83,80.0,False,50,45.0,BEAR,BOS DN,HH/MIX,HH/MIX,RANGE,70.9,True,False,69,7,30.3,1789560000000,HIGH,0.6992,1.28,,,,,,,0,0,0.6992,0.5483,LOW_SWEEP,9,0.5821,False,False,7.231,834,1943,11130.21,9135.4,1994.81,9.84,54.92,68.9,UP,327,92,20265.61,20.3,60.0,1.0,True,1,2374.63,1,4330.72,-1956.09,51.5,0.289,0.577,1.0,0.986,92724.38,216063.71,-123339.33,-39.94,30.03,7.3,DOWN,2701,688,308788.09,137.4,300.0,1.0,True,9,30261.48,9,176560.17,-146298.69,84.8,0.733,0.872,1.0,0.997,271630.12,364260.35,-92630.23,-14.57,42.72,23.9,DOWN,6529,1784,635890.47,270.7,900.0,1.0,True,21,116371.89,20,222313.71,-105941.81,92.0,0.844,0.951,1.0,0.999,85164.58,-13774.36,-7569.31,34.22,-3.25,1.0,-31377.7,-0.5266,-28408.96,-0.46,-0.1599,NONE,1789671549066,BUY,2374.63,0.6367999999999999,1789671480000,ok,1.0,1.0,1.0,continuous,1,290,0,,0,0,0,0,False,330,0.6376,0.6377,1.568,-0.459,0.095,-0.0758,33580.83,27756.72,30.58,1789671564151,3660,False,,,,
2,v2,v1.2,REALF_PY_V4_2_DERIVED,ZPTDIFAT_PY_V1_4_DERIVED,fc-v1,native,,058e38aec59f4c35,20260917_214621,191,SKR_20260917_215931_481,SKRUSDT,BINANCE,FUTURES,OUTSIDE100,227,500,1789671571481,2026-09-17T21:59:31.481+03:00,260,True,1789671571109,1789671571481,88.3,1789671540000,1789671599999,False,31.1,0.018739,-0.0213,46.4,FAIR (DENGE),True,500,45.9,45.6,46.9,49.9,0.00201,-0.73,-0.24,0.00199,0.47,0.04,1.0,60.0,-7.2,YOK,1.4,1.0,0.018776773190254892,0.202,CLV_PROXY_1M,0,0.0,100.0,46.4,48.2,54.6,56.1,-1.8,-8.2,-9.7,0.00201,7e-05,-0.00025,0.00106,56.9,59.91,73.03,70.92,-3.01,-16.13,-14.02,47.08,56.33,500,native,56.9,NORMAL,47.08,56.33,True,300,87.6,BULL,BOS UP,HH/HL,HH/MIX,TR UP,83.8,True,True,499,6,63.1,1789671180000,LOW,0.018709,0.83,0.018926,5.19,2,,,,3,0,0.018926,0.018709,EQL_SWEEP,139,0.019110500000000002,False,False,0.1924,499,native,35.48,NORMAL,40.83,44.67,True,300,6.7,BEAR,BOS DN,LH/LL,MIX/HL,TR DN,99.1,True,True,498,10,97.5,1789669620000,HIGH,0.018967,3.85,0.019326,9.9,2,,,,2,0,0.019326,0.018669,LOW_SWEEP,11,0.018854,False,False,0.3159,499,native,27.04,DINLENMIS,34.08,32.67,True,300,39.4,BULL,BOS UP,MIX/LL,LH/LL,TR UP,73.7,True,True,498,102,21.7,1789640700000,LOW,0.018378,4.4,0.019326,7.16,2,,,,2,0,0.019326,0.018669,LOW_SWEEP,12,0.018915,False,False,0.4368,499,native,22.37,DINLENMIS,19.73,9.67,True,300,28.1,BULL,BOS UP,LH/LL,MIX/LL,RANGE,80.8,True,True,498,42,67.4,1789632900000,LOW,0.018378,2.04,,,,0.017547,6.75,2,0,2,0.019329,0.017547,HIGH_SWEEP,44,0.018739,False,False,0.9438,499,native,44.32,NORMAL,32.48,28.67,True,300,89.6,BULL,BOS UP,HH/HL,HH/HL,TR UP,91.9,True,True,498,9,72.8,1789635600000,LOW,0.017378,3.14,0.025375500000000002,15.33,2,,,,1,0,0.025375500000000002,0.018378,LOW_SWEEP,25,0.017542,False,False,2.2875,499,native,77.48,YORGUN,67.94,76.67,True,300,72.0,BULL,BOS UP,HH/HL,HH/HL,TR UP,80.9,True,True,498,111,36.2,1788062400000,LOW,0.008858,11.24,,,,0.017043000000000003,1.93,2,0,1,0.019684,0.017043000000000003,HIGH_SWEEP,1,0.019684,True,False,4.5845,2287,486,220.1,0.0,220.1,100.0,100.0,95.0,UP,12,9,220.1,4.6,60.0,1.0,True,0,0.0,0,0.0,0.0,17.6,0.083,0.086,1.0,0.962,2274.46,3774.15,-1499.69,-24.79,37.6,13.6,DOWN,159,115,6048.62,24.0,300.0,1.0,True,2,1575.91,3,1861.78,-285.87,49.9,0.324,0.445,1.0,0.992,25157.55,16328.37,8829.19,21.28,60.64,83.6,UP,660,445,41485.92,93.2,900.0,1.0,True,10,17789.97,13,8697.8,9092.17,74.1,0.651,0.654,1.0,0.997,942.86,311.73,202.14,63.79,-1.25,1.0,-595.09,-0.3872,-401.0,-0.3315,0.0401,DOWN,1789671480513,BUY,878.23,0.018724326397032174,1789671480000,ok,1.0,1.0,1.0,continuous,1,26,0,,0,0,0,0,False,364,0.018741,0.018753,6.401,0.518,0.2807,0.773,4399.18,2470.84,19.2,1789671570339,1142,False,,,,
2,v2,v1.2,REALF_PY_V4_2_DERIVED,ZPTDIFAT_PY_V1_4_DERIVED,fc-v1,native,,058e38aec59f4c35,20260917_214621,192,PROM_20260917_215935_869,PROMUSDT,BINANCE,FUTURES,OUTSIDE100,266,1000,1789671575869,2026-09-17T21:59:35.869+03:00,260,True,1789671575644,1789671575869,89.5,1789671540000,1789671599999,False,35.6,5.428,0.0,59.4,PRICE AHEAD,True,500,61.8,62.3,55.2,50.2,-0.0042,-0.64,-1.04,0.00143,0.356,0.1,1.0,60.0,-5.4,YOK,7.1,1.0,5.405230174088595,-0.419,CLV_PROXY_1M,0,0.0,100.0,59.4,59.7,61.0,51.8,-0.3,-1.6,7.6,-0.0042,-0.00011,-0.00056,-0.00041,19.85,20.72,23.55,23.86,-0.87,-3.7,-4.01,19.04,15.0,500,native,19.85,DINLENMIS,19.04,15.0,True,300,7.9,BEAR,BOS DN,LH/LL,LH/LL,TR DN,90.8,True,True,499,1,60.1,1789671480000,HIGH,5.455,4.56,,,,5.408,3.38,2,0,1,5.455,5.408,HIGH_SWEEP,29,5.458,False,False,0.109,499,native,30.06,NORMAL,15.51,7.33,True,300,57.1,BEAR,BOS DN,MIX/HL,LH/LL,RANGE,68.8,True,True,498,62,51.4,1789660260000,HIGH,5.519,6.27,,,,5.3934999999999995,2.38,2,0,1,5.46,5.3934999999999995,HIGH_SWEEP,90,5.56,False,False,0.2674,499,native,56.42,NORMAL,38.06,40.33,True,300,82.5,BULL,BOS UP,HH/HL,MIX/HL,SQZ,81.3,True,True,498,10,31.8,1789668300000,LOW,5.408,0.99,,,,5.3919999999999995,1.78,2,0,2,5.493,5.3919999999999995,HIGH_SWEEP,11,5.442,False,False,0.3725,499,native,41.31,NORMAL,42.34,44.33,True,300,39.3,TR-DN,CHOCH DN,LH/MIX,LH/MIX,TR-DN,73.7,True,True,498,31,60.6,1789642800000,HIGH,5.659,5.68,5.7285,7.39,2,5.4015,0.65,2,2,1,5.7285,5.4015,LOW_SWEEP,124,5.332,False,False,0.7456,499,native,32.51,NORMAL,27.15,19.33,True,300,54.1,BEAR,BOS DN,MIX/HL,LH/MIX,RANGE,75.6,True,True,498,34,75.0,1789545600000,HIGH,5.729,3.32,5.8375,4.51,3,4.906499999999999,5.74,2,2,1,5.8375,4.906499999999999,EQL_SWEEP,82,5.5815,False,False,1.6737,499,native,38.88,NORMAL,44.62,35.0,True,300,27.1,BULL,BOS UP,LH/LL,LH/LL,SQZ,83.7,True,True,498,55,11.5,1788868800000,LOW,4.913,2.57,,,,4.4025,5.11,2,0,3,5.771,4.4025,HIGH_SWEEP,54,5.986,False,False,3.6806,8224,425,73.83,251.87,-178.04,-54.66,22.67,5.6,DOWN,25,10,325.71,6.8,60.0,1.0,True,0,0.0,0,0.0,0.0,22.8,0.12,0.128,1.0,0.863,1192.22,4263.64,-3071.43,-56.3,21.85,5.5,DOWN,253,110,5455.86,14.0,300.0,1.0,True,0,0.0,1,1219.79,-1219.79,42.2,0.218,0.434,1.0,0.973,5750.75,26170.79,-20420.04,-63.97,18.02,5.3,DOWN,941,378,31921.54,43.2,900.0,1.0,True,0,0.0,5,15188.25,-15188.25,63.8,0.464,0.626,1.0,0.991,1273.06,1272.39,1606.01,15.93,4.27,1.0,-746.61,-0.9344,-745.69,-0.6834,-0.4529,NONE,1789671481873,SELL,1219.79,5.430958147818343,1789671480000,ok,1.0,1.0,1.0,continuous,1,18,0,,0,0,0,0,False,398,5.428,5.429,1.842,-0.554,0.2744,0.0049,26710.06,15206.46,35.92,1789671574109,1760,False,,FATIGUE_RESTED_1M,,
2,v2,v1.2,REALF_PY_V4_2_DERIVED,ZPTDIFAT_PY_V1_4_DERIVED,fc-v1,native,,058e38aec59f4c35,20260917_214621,193,UAI_20260917_215939_430,UAIUSDT,BINANCE,FUTURES,OUTSIDE100,296,2000,1789671579430,2026-09-17T21:59:39.430+03:00,260,True,1789671578919,1789671579430,89.8,1789671540000,1789671599999,False,38.9,0.3986,-0.0502,48.7,FAIR (DENGE),True,500,47.4,52.5,46.4,49.9,-0.00182,0.56,0.74,0.00335,0.389,0.27,3.0,60.0,1.0,YOK,6.1,0.502,0.3978746199596027,-0.182,CLV_PROXY_1M,0,0.0,100.0,48.7,45.6,48.1,49.3,3.1,0.6,-0.6,-0.00182,-0.00044,0.00128,0.00164,39.89,38.25,30.21,20.85,1.64,9.68,19.04,46.31,37.67,500,native,39.89,NORMAL,46.31,37.67,True,300,27.4,BEAR,BOS DN,LH/MIX,LH/MIX,SQZ,77.2,True,True,499,12,50.9,1789670820000,HIGH,0.4013,3.11,,,,0.39735,1.44,2,0,1,0.3995,0.39735,LOW_SWEEP,11,0.3985,False,False,0.2177,499,native,35.78,NORMAL,34.58,22.33,True,300,66.1,BEAR,BOS DN,HH/HL,LH/LL,SQZ,86.5,True,True,498,25,42.5,1789666920000,HIGH,0.4029,2.12,0.40255,1.95,2,,,,1,0,0.40255,0.398,LOW_SWEEP,3,0.398,False,False,0.5076,499,native,50.35,NORMAL,47.53,37.33,True,300,69.3,TR-DN,CHOCH DN,HH/HL,MIX/HL,SQZ,89.3,True,True,498,31,62.9,1789662000000,HIGH,0.4026,1.32,0.40275,1.37,2,0.3559,14.05,3,1,1,0.40275,0.3559,EQH_SWEEP,10,0.40275,False,False,0.7645,499,native,70.85,NORMAL,66.53,85.0,True,300,58.9,BULL,BOS UP,MIX/HL,MIX/HL,SQZ,66.0,True,True,498,57,72.2,1789619400000,LOW,0.3708,3.77,0.5356000000000001,18.58,2,0.3838,2.01,2,1,2,0.5356000000000001,0.3838,LOW_SWEEP,126,0.3294,False,False,1.8434,499,native,56.1,NORMAL,54.62,56.33,True,300,68.4,BEAR,BOS DN,HH/HL,HH/HL,RANGE,81.1,True,True,498,35,45.2,1789542000000,HIGH,0.4132,0.75,,,,,,,0,0,0.418,0.3561,HIGH_SWEEP,13,0.3982,False,False,4.9257,499,native,50.22,NORMAL,57.81,58.0,True,300,17.1,BEAR,BOS DN,LH/LL,LH/LL,RANGE,87.8,True,True,498,16,42.0,1789430400000,HIGH,0.5943,3.99,,,,,,,0,0,0.5943,0.322,LOW_SWEEP,17,0.4503,False,False,12.2805,13964,571,99.67,1223.34,-1123.67,-84.93,7.53,5.0,DOWN,21,13,1323.02,3.5,60.0,1.0,True,0,0.0,0,0.0,0.0,22.5,0.066,0.28,1.0,0.767,7954.04,6699.01,1255.02,8.56,54.28,66.7,UP,305,127,14653.05,29.4,300.0,1.0,True,0,0.0,1,3738.44,-3738.44,55.6,0.37,0.541,1.0,0.953,30506.98,39006.67,-8499.69,-12.23,43.89,27.3,DOWN,1361,513,69513.65,115.7,900.0,1.0,True,1,7249.99,3,14126.06,-6876.07,78.1,0.698,0.711,1.0,0.984,-2100.27,396.37,-2228.15,-67.79,1.56,1.0,160.02,0.112,379.58,0.1295,-0.0294,UP,1789671387641,SELL,3738.44,0.398596971958631,1789671480000,ok,1.0,1.0,1.0,continuous,1,23,0,,0,0,0,0,False,432,0.3986,0.3987,2.508,-0.946,0.0263,-0.3352,19062.24,18083.71,48.92,1789671578433,997,False,,,,
2,v2,v1.2,REALF_PY_V4_2_DERIVED,ZPTDIFAT_PY_V1_4_DERIVED,fc-v1,native,,058e38aec59f4c35,20260917_214621,194,BULLA_20260917_215943_732,BULLAUSDT,BINANCE,FUTURES,OUTSIDE100,339,5000,1789671583732,2026-09-17T21:59:43.732+03:00,260,True,1789671582557,1789671493530,90.2,1789671540000,1789671599999,False,42.6,0.09135,-0.2076,47.5,FAIR (DENGE),True,500,46.1,51.2,44.8,49.9,-0.00156,-1.42,-1.13,0.0068,0.401,0.22,1.7,55.0,1.1,YOK,6.4,0.808,0.09120797723433685,-0.155,CLV_PROXY_1M,0,0.0,100.0,47.5,51.9,55.5,47.4,-4.4,-8.0,0.1,-0.00156,0.0012,0.00552,0.00087,38.69,45.32,56.26,63.46,-6.63,-17.57,-24.77,24.34,20.67,500,native,38.69,NORMAL,24.34,20.67,True,300,72.9,BEAR,BOS DN,HH/HL,MIX/HL,RANGE,83.6,True,True,499,92,41.6,1789666020000,HIGH,0.093324,3.3,0.1026155,18.84,3,0.09092,0.72,2,1,2,0.1026155,0.09092,LOW_SWEEP,93,0.09008,False,False,0.6532,499,native,60.39,NORMAL,40.72,44.33,True,300,72.2,BEAR,BOS DN,HH/HL,HH/MIX,SQZ,88.4,True,True,498,37,34.2,1789664760000,HIGH,0.09816,6.21,,,,,,,0,0,0.09288,0.0909,HIGH_SWEEP,3,0.09288,False,False,1.1945,499,native,69.96,NORMAL,55.44,59.0,True,300,16.3,BEAR,BOS DN,LH/LL,HH/HL,SQZ,95.5,True,True,498,22,64.2,1789664700000,HIGH,0.09816,4.63,,,,,,,0,0,0.09288,0.08758,HIGH_SWEEP,1,0.09288,True,False,1.594,499,native,36.31,NORMAL,43.68,49.0,True,300,31.7,BEAR,BOS DN,MIX/LL,LH/LL,TR DN,73.6,True,True,498,17,27.4,1789655400000,HIGH,0.10999,6.18,0.109785,6.11,2,,,,1,0,0.109785,0.08758,LOW_SWEEP,19,0.1007,False,False,3.2929,499,native,18.38,DINLENMIS,18.16,6.33,True,300,31.0,BULL,BOS UP,LH/LL,MIX/LL,TR UP,82.3,True,True,498,32,42.2,1789552800000,LOW,0.060024,3.13,,,,0.060025499999999996,3.13,2,0,1,0.121362,0.060025499999999996,HIGH_SWEEP,33,0.076341,False,False,10.9357,499,native,62.01,NORMAL,51.24,49.33,True,300,76.9,BULL,BOS UP,HH/MIX,HH/MIX,EXP UP,78.0,True,True,498,8,96.7,1789545600000,LOW,0.0675,1.43,,,,0.0154205,4.55,2,0,1,0.139078,0.0154205,HIGH_SWEEP,49,0.085989,False,False,17.3558,89706,4347,0.0,0.0,0.0,,,50.0,,0,0,0.0,0.0,0.0,0.0,False,0,0.0,0,0.0,0.0,0.0,0.0,0.0,0.0,0.0,23905.82,39447.12,-15541.3,-24.53,37.73,13.7,DOWN,1746,930,63352.95,115.3,209.8,0.6993,False,0,0.0,0,0.0,0.0,69.9,0.698,0.7,0.699,0.701,159865.64,164459.43,-4593.79,-1.42,49.29,47.1,FLAT,7844,3994,324325.07,753.8,809.8,0.8998,False,4,31221.11,4,45532.5,-14311.39,90.8,0.938,0.878,0.9,0.9,,,,,,0.0,,,,,-0.0299,,1789671144751,SELL,5851.89,0.09157460064472715,1789671480000,pool_incomplete,,,,,0,0,0,URLError: <urlopen error [WinError 10054] Varolan bir bağlantı uzaktaki bir ana bilgisayar tarafından zorla kapatıldı>,0,0,0,0,False,436,0.09132,0.09139,7.662,-1.066,0.1195,0.7626,4458.17,3506.13,24.63,1789671582009,1723,False,,,flow_1m_incomplete,
2,v2,v1.2,REALF_PY_V4_2_DERIVED,ZPTDIFAT_PY_V1_4_DERIVED,fc-v1,native,,058e38aec59f4c35,20260917_214621,195,OG_20260917_215947_321,OGUSDT,BINANCE,FUTURES,OUTSIDE100,523,500,1789671587321,2026-09-17T21:59:47.321+03:00,260,True,1789671586834,1789671587321,89.2,1789671540000,1789671599999,False,46.8,2.681,0.0,43.2,FAIR (DENGE),True,500,41.3,41.2,47.7,48.2,0.00229,-0.0,0.07,0.0003,0.118,0.38,31.3,25.0,37.5,YOK,6.6,1.0,2.6871496973481035,0.229,CLV_PROXY_1M,0,0.0333,96.7,43.2,43.6,50.1,41.6,-0.4,-6.9,1.6,0.00229,-0.00012,0.00016,-0.00027,63.67,67.43,73.12,61.89,-3.76,-9.45,1.78,53.86,57.33,500,native,63.67,NORMAL,53.86,57.33,True,300,40.6,BEAR,BOS DN,EQ/RANGE,EQ/RANGE,SQZ,71.5,True,True,499,25,78.2,1789670040000,HIGH,2.682,0.99,2.682,0.99,2,2.679,1.98,2,2,2,2.682,2.679,EQL_SWEEP,52,2.679,False,False,0.0378,499,native,56.42,NORMAL,59.54,63.0,True,300,34.1,TR-DN,CHOCH DN,LH/MIX,LH/MIX,SQZ,73.5,True,True,498,24,61.9,1789667100000,HIGH,2.691,4.15,2.692,4.56,2,2.677,1.66,2,2,1,2.692,2.677,EQH_SWEEP,29,2.692,False,False,0.0899,499,native,38.84,NORMAL,49.38,46.33,True,300,44.9,BEAR,BOS DN,HH/MIX,LH/MIX,RANGE,73.4,True,True,498,12,60.5,1789667700000,HIGH,2.696,3.75,2.692,2.75,2,2.6635,4.37,2,1,1,2.692,2.6635,EQH_SWEEP,17,2.692,False,False,0.1493,499,native,34.82,NORMAL,33.56,24.0,True,300,56.9,TR-DN,CHOCH DN,MIX/HL,HH/MIX,SQZ,75.6,True,True,498,40,61.7,1789634700000,HIGH,2.719,4.21,2.6995,2.05,2,2.6635,1.94,2,1,1,2.6995,2.6635,EQL_SWEEP,21,2.6635,False,False,0.3366,499,native,34.37,NORMAL,32.99,28.33,True,300,63.8,TR-UP,CHOCH UP,MIX/HL,LH/MIX,TR-UP,80.6,True,True,498,32,49.7,1789552800000,LOW,2.61,3.12,2.7195,1.69,2,2.6,3.56,2,1,1,2.7195,2.6,HIGH_SWEEP,18,2.712,False,False,0.8491,499,native,64.82,NORMAL,56.92,58.0,True,300,63.4,BULL,BOS UP,MIX/HL,HH/HL,RANGE,74.5,True,True,498,28,65.4,1789257600000,LOW,2.595,1.88,2.9825,6.61,3,2.5975,1.83,2,2,2,2.9825,2.5975,EQH_SWEEP,84,2.9425,False,False,1.6988,20992,54,0.0,79.63,-79.63,-100.0,0.0,5.0,DOWN,4,2,79.63,1.2,60.0,1.0,True,0,0.0,0,0.0,0.0,0.0,0.023,0.0,1.0,0.65,33.52,130.03,-96.5,-59.0,20.5,5.4,DOWN,13,10,163.55,3.9,300.0,1.0,True,0,0.0,0,0.0,0.0,14.5,0.073,0.053,1.0,0.93,423.86,1919.58,-1495.72,-63.83,18.09,5.3,DOWN,165,51,2343.44,15.7,900.0,1.0,True,0,0.0,1,619.97,-619.97,40.8,0.239,0.342,1.0,0.977,-46.11,-35.94,14.17,0.0,-13.37,1.0,-36.41,-0.8613,-16.53,-0.5053,-0.1578,NONE,1789671043818,SELL,619.97,2.6792156439066557,1789671480000,ok,1.0,1.0,,continuous,1,2,0,,0,0,0,0,False,521,2.681,2.682,3.729,-1.82,-0.1258,-0.7608,26856.37,34585.81,72.72,1789671585267,2054,False,,,,
2,v2,v1.2,REALF_PY_V4_2_DERIVED,ZPTDIFAT_PY_V1_4_DERIVED,fc-v1,native,,058e38aec59f4c35,20260917_214621,196,ZORA_20260917_215954_044,ZORAUSDT,BINANCE,FUTURES,OUTSIDE100,612,500,1789671594044,2026-09-17T21:59:54.044+03:00,260,True,1789671590909,1789671594044,91.3,1789671540000,1789671599999,False,50.9,0.00772,-0.0518,76.0,STRONG AHEAD,True,500,81.9,71.9,74.0,63.8,-0.00981,-0.36,-1.77,0.00128,0.199,0.99,51.3,65.0,-26.9,YOK,10.0,1.0,0.007644642953785478,-0.976,CLV_PROXY_1M,0,0.0,100.0,76.0,71.5,70.8,65.6,4.5,5.2,10.4,-0.00981,-0.00067,-0.00173,-0.00239,38.66,39.5,41.87,44.86,-0.84,-3.21,-6.2,38.43,32.67,500,native,38.66,NORMAL,38.43,32.67,True,300,42.5,TR-UP,CHOCH UP,LH/MIX,HH/MIX,TR-UP,75.3,True,True,499,36,62.7,1789669380000,LOW,0.007638,8.75,,,,0.0077105,1.01,2,0,3,0.007735,0.0077105,EQL_SWEEP,80,0.0076475,False,False,0.1213,499,native,54.92,NORMAL,49.24,42.0,True,300,28.7,BULL,BOS UP,LH/LL,MIX/HL,TR UP,78.8,True,True,498,60,43.3,1789660620000,LOW,0.007562,6.21,,,,,,,0,0,0.007758,0.007612,HIGH_SWEEP,20,0.007699,False,False,0.3299,499,native,68.58,NORMAL,63.65,60.67,True,300,32.9,BULL,BOS UP,LH/LL,LH/LL,TR UP,88.0,True,True,498,32,81.9,1789661700000,LOW,0.007562,4.36,0.007767,1.3,2,,,,1,0,0.007767,0.007612,EQH_SWEEP,12,0.007767,False,False,0.4694,499,native,76.14,YORGUN,74.64,81.67,True,300,91.5,BULL,BOS UP,HH/HL,HH/HL,TR UP,90.1,True,True,498,2,60.9,1789668900000,LOW,0.007562,2.5,,,,,,,0,0,0.007723,0.007562,HIGH_SWEEP,4,0.007723,False,True,0.8156,499,native,76.07,YORGUN,76.32,90.33,True,300,72.6,BEAR,BOS DN,HH/HL,HH/HL,TR DN,82.7,True,True,498,57,59.5,1789462800000,HIGH,0.007987,2.31,0.009008,11.17,2,0.007187,4.62,2,1,1,0.009008,0.007187,LOW_SWEEP,114,0.008102,False,False,1.5046,499,native,58.03,NORMAL,68.18,81.33,True,300,16.9,TR-DN,CHOCH DN,LH/LL,LH/LL,TR-DN,90.3,True,True,498,13,65.9,1789473600000,HIGH,0.008968,4.8,,,,0.0058755000000000005,7.09,2,0,2,0.008336,0.0058755000000000005,HIGH_SWEEP,26,0.008437,False,False,3.4157,3885,303,63.35,1380.2,-1316.84,-91.22,4.39,5.0,DOWN,38,22,1443.55,7.6,60.0,1.0,True,0,0.0,0,0.0,0.0,30.5,0.132,0.29,1.0,0.935,582.88,7054.67,-6471.79,-84.74,7.63,5.0,DOWN,197,111,7637.55,35.9,300.0,1.0,True,0,0.0,4,2486.12,-2486.12,56.2,0.418,0.471,1.0,0.987,5847.0,17455.44,-11608.44,-49.82,25.09,6.0,DOWN,572,286,23302.44,48.2,900.0,1.0,True,3,3489.57,8,6398.55,-2908.97,64.2,0.491,0.592,1.0,0.996,-1642.21,-1316.87,-441.37,-79.39,-1.22,1.0,-451.18,-0.5146,-1240.54,-0.8121,-0.9603,NONE,1789671374989,SELL,663.55,0.007721,1789671480000,ok,1.0,1.0,1.0,continuous,1,26,0,,0,0,0,0,False,555,0.00772,0.007721,1.295,-0.033,0.1608,0.3524,17078.5,12346.78,26.55,1789671589812,4232,False,,REALF_PRICE_AHEAD,,
2,v2,v1.2,REALF_PY_V4_2_DERIVED,ZPTDIFAT_PY_V1_4_DERIVED,fc-v1,native,,058e38aec59f4c35,20260917_214621,197,TNSR_20260917_215957_409,TNSRUSDT,BINANCE,FUTURES,OUTSIDE100,738,200,1789671597409,2026-09-17T21:59:57.409+03:00,260,True,1789671597149,1789671597409,91.0,1789671540000,1789671599999,False,57.1,0.03464,-0.0577,47.1,FAIR (DENGE),True,500,48.3,39.4,53.0,49.6,0.00365,-0.15,-0.03,0.00098,0.325,0.11,28.3,55.0,36.6,YOK,13.5,0.705,0.034766810003530935,0.366,CLV_PROXY_1M,0,0.0267,97.3,47.1,49.2,47.5,46.0,-2.1,-0.4,1.1,0.00365,0.00036,0.00021,-0.00019,66.76,70.95,74.53,77.89,-4.19,-7.77,-11.13,57.4,56.0,500,native,66.76,NORMAL,57.4,56.0,True,300,72.8,BULL,BOS UP,MIX/HL,LH/MIX,TR UP,73.9,True,True,499,12,74.3,1789670820000,LOW,0.03443,6.84,,,,,,,0,0,0.03468,0.03454,HIGH_SWEEP,13,0.03457,False,False,0.0886,499,native,68.73,NORMAL,70.58,75.67,True,300,87.1,BULL,BOS UP,HH/HL,HH/MIX,RANGE,89.5,True,True,498,15,100.0,1789668720000,LOW,0.03437,3.5,,,,,,,0,0,0.03473,0.03438,HIGH_SWEEP,13,0.03459,False,False,0.2228,499,native,55.58,NORMAL,68.64,66.33,True,300,40.3,TR-DN,CHOCH DN,EQ/RANGE,HH/MIX,TR-DN,65.6,True,True,498,4,39.5,1789670100000,HIGH,0.03473,0.92,0.034725,0.87,2,0.034375,2.71,2,1,1,0.034725,0.034375,HIGH_SWEEP,8,0.03472,False,False,0.2823,499,native,64.63,NORMAL,63.05,73.33,True,300,75.3,BULL,BOS UP,HH/MIX,HH/MIX,RANGE,78.3,True,True,498,8,57.1,1789663500000,LOW,0.03405,3.65,,,,,,,0,0,0.03472,0.03405,HIGH_SWEEP,11,0.03461,False,False,0.4676,499,native,59.57,NORMAL,64.93,78.67,True,300,78.7,TR-UP,CHOCH UP,HH/HL,HH/HL,TR-UP,83.9,True,True,498,19,66.2,1789599600000,LOW,0.03258,5.49,,,,,,,0,0,0.03539,0.03405,LOW_SWEEP,24,0.03304,False,False,1.0868,499,native,66.65,NORMAL,72.1,82.0,True,300,32.5,BULL,BOS UP,LH/LL,HH/MIX,RANGE,83.9,True,True,498,28,28.1,1789257600000,LOW,0.033,2.1,0.037065,3.1,2,0.029225,6.92,2,1,1,0.037065,0.029225,EQH_SWEEP,56,0.037065,False,False,2.2634,7365,116,10.0,77.38,-67.38,-77.11,11.44,5.1,DOWN,5,4,87.38,2.8,60.0,1.0,True,0,0.0,0,0.0,0.0,0.0,0.053,0.0,1.0,0.877,117.81,112.87,4.94,2.14,51.07,54.4,FLAT,23,18,230.67,9.6,300.0,1.0,True,0,0.0,0,0.0,0.0,23.4,0.161,0.091,1.0,0.975,8584.59,2672.51,5912.09,52.52,76.26,94.2,UP,247,115,11257.1,34.9,900.0,1.0,True,12,7798.86,3,1472.93,6325.93,57.3,0.411,0.513,1.0,0.992,-113.33,-76.53,-67.38,-88.56,-25.65,1.0,-3.45,-0.0745,5.05,0.1096,0.4227,DOWN,1789671161726,BUY,280.96,0.034679630201068914,1789671480000,ok,1.0,1.0,1.0,continuous,1,5,0,,0,0,0,0,False,589,0.03464,0.03465,2.886,0.598,-0.0928,0.3237,13031.45,15696.21,56.29,1789671593866,3543,False,,,,
