dataset_schema,tracker_version,structure_version,realf_engine,fatigue_version,flow_confidence_version,mtf_source,git_commit,code_fingerprint,run_id,seq,snapshot_id,symbol,provider,market,coin_class,coin_rank,whale_threshold_usd,captured_at_ms,captured_at_local,clock_offset_ms,clock_synced,kline_asof_ms,flow_asof_ms,prev_snapshot_age_sec,bar_open_time,bar_close_time,is_bar_closed,bar_progress_sec,price,chg_1m_pct,realf_score,realf_state,realf_ready,realf_bars,realf_impact,realf_memory,realf_momentum,realf_activity,realf_unpriced_flow,realf_fast_price,realf_fast_flow,realf_beta,realf_beta_r2,realf_rvol,realf_percentile,realf_persistence,realf_net_pct,realf_whale,realf_component_spread,realf_component_agreement,realf_implied_price,realf_implied_gap_pct,realf_source,kline_gaps_300,zero_volume_share_300,realf_source_quality,realf_now,realf_1m_ago,realf_3m_ago,realf_5m_ago,realf_d1,realf_d3,realf_d5,unpriced_now,unpriced_d1,unpriced_d3,unpriced_d5,fatigue_now,fatigue_1m_ago,fatigue_3m_ago,fatigue_5m_ago,fatigue_delta_1m,fatigue_delta_3m,fatigue_delta_5m,absolute_fatigue,relative_rank,tf_1m_bars,tf_1m_source,fat_1m,fat_1m_state,fat_1m_abs,fat_1m_rank,fat_1m_ready,fat_1m_rank_window,str_1m_score,str_1m_state,str_1m_event,str_1m_ext_seq,str_1m_int_seq,str_1m_regime,str_1m_conf,str_1m_ready,str_1m_regime_ready,str_1m_confirmed_bars,str_1m_event_age,str_1m_event_strength,str_1m_event_time_ms,str_1m_protected_type,str_1m_protected_level,str_1m_protected_distance_atr,str_1m_nearest_eqh,str_1m_eqh_distance_atr,str_1m_eqh_touches,str_1m_nearest_eql,str_1m_eql_distance_atr,str_1m_eql_touches,str_1m_eqh_active,str_1m_eql_active,str_1m_liq_ref_high,str_1m_liq_ref_low,str_1m_last_liq_event,str_1m_liq_event_age,str_1m_liq_event_level,str_1m_sweep_event,str_1m_sweep_forming,str_1m_atr_pct,tf_3m_bars,tf_3m_source,fat_3m,fat_3m_state,fat_3m_abs,fat_3m_rank,fat_3m_ready,fat_3m_rank_window,str_3m_score,str_3m_state,str_3m_event,str_3m_ext_seq,str_3m_int_seq,str_3m_regime,str_3m_conf,str_3m_ready,str_3m_regime_ready,str_3m_confirmed_bars,str_3m_event_age,str_3m_event_strength,str_3m_event_time_ms,str_3m_protected_type,str_3m_protected_level,str_3m_protected_distance_atr,str_3m_nearest_eqh,str_3m_eqh_distance_atr,str_3m_eqh_touches,str_3m_nearest_eql,str_3m_eql_distance_atr,str_3m_eql_touches,str_3m_eqh_active,str_3m_eql_active,str_3m_liq_ref_high,str_3m_liq_ref_low,str_3m_last_liq_event,str_3m_liq_event_age,str_3m_liq_event_level,str_3m_sweep_event,str_3m_sweep_forming,str_3m_atr_pct,tf_5m_bars,tf_5m_source,fat_5m,fat_5m_state,fat_5m_abs,fat_5m_rank,fat_5m_ready,fat_5m_rank_window,str_5m_score,str_5m_state,str_5m_event,str_5m_ext_seq,str_5m_int_seq,str_5m_regime,str_5m_conf,str_5m_ready,str_5m_regime_ready,str_5m_confirmed_bars,str_5m_event_age,str_5m_event_strength,str_5m_event_time_ms,str_5m_protected_type,str_5m_protected_level,str_5m_protected_distance_atr,str_5m_nearest_eqh,str_5m_eqh_distance_atr,str_5m_eqh_touches,str_5m_nearest_eql,str_5m_eql_distance_atr,str_5m_eql_touches,str_5m_eqh_active,str_5m_eql_active,str_5m_liq_ref_high,str_5m_liq_ref_low,str_5m_last_liq_event,str_5m_liq_event_age,str_5m_liq_event_level,str_5m_sweep_event,str_5m_sweep_forming,str_5m_atr_pct,tf_15m_bars,tf_15m_source,fat_15m,fat_15m_state,fat_15m_abs,fat_15m_rank,fat_15m_ready,fat_15m_rank_window,str_15m_score,str_15m_state,str_15m_event,str_15m_ext_seq,str_15m_int_seq,str_15m_regime,str_15m_conf,str_15m_ready,str_15m_regime_ready,str_15m_confirmed_bars,str_15m_event_age,str_15m_event_strength,str_15m_event_time_ms,str_15m_protected_type,str_15m_protected_level,str_15m_protected_distance_atr,str_15m_nearest_eqh,str_15m_eqh_distance_atr,str_15m_eqh_touches,str_15m_nearest_eql,str_15m_eql_distance_atr,str_15m_eql_touches,str_15m_eqh_active,str_15m_eql_active,str_15m_liq_ref_high,str_15m_liq_ref_low,str_15m_last_liq_event,str_15m_liq_event_age,str_15m_liq_event_level,str_15m_sweep_event,str_15m_sweep_forming,str_15m_atr_pct,tf_1h_bars,tf_1h_source,fat_1h,fat_1h_state,fat_1h_abs,fat_1h_rank,fat_1h_ready,fat_1h_rank_window,str_1h_score,str_1h_state,str_1h_event,str_1h_ext_seq,str_1h_int_seq,str_1h_regime,str_1h_conf,str_1h_ready,str_1h_regime_ready,str_1h_confirmed_bars,str_1h_event_age,str_1h_event_strength,str_1h_event_time_ms,str_1h_protected_type,str_1h_protected_level,str_1h_protected_distance_atr,str_1h_nearest_eqh,str_1h_eqh_distance_atr,str_1h_eqh_touches,str_1h_nearest_eql,str_1h_eql_distance_atr,str_1h_eql_touches,str_1h_eqh_active,str_1h_eql_active,str_1h_liq_ref_high,str_1h_liq_ref_low,str_1h_last_liq_event,str_1h_liq_event_age,str_1h_liq_event_level,str_1h_sweep_event,str_1h_sweep_forming,str_1h_atr_pct,tf_4h_bars,tf_4h_source,fat_4h,fat_4h_state,fat_4h_abs,fat_4h_rank,fat_4h_ready,fat_4h_rank_window,str_4h_score,str_4h_state,str_4h_event,str_4h_ext_seq,str_4h_int_seq,str_4h_regime,str_4h_conf,str_4h_ready,str_4h_regime_ready,str_4h_confirmed_bars,str_4h_event_age,str_4h_event_strength,str_4h_event_time_ms,str_4h_protected_type,str_4h_protected_level,str_4h_protected_distance_atr,str_4h_nearest_eqh,str_4h_eqh_distance_atr,str_4h_eqh_touches,str_4h_nearest_eql,str_4h_eql_distance_atr,str_4h_eql_touches,str_4h_eqh_active,str_4h_eql_active,str_4h_liq_ref_high,str_4h_liq_ref_low,str_4h_last_liq_event,str_4h_liq_event_age,str_4h_liq_event_level,str_4h_sweep_event,str_4h_sweep_forming,str_4h_atr_pct,last_trade_age_ms,pool_trades,flow_1m_buy_usd,flow_1m_sell_usd,cvd_1m,cvd_1m_pct,buyer_ratio_1m,flow_1m_score,flow_1m_direction,trade_count_1m,agg_count_1m,notional_1m,n_eff_1m,window_coverage_sec_1m,window_coverage_ratio_1m,1m_complete,large_buy_count_1m,large_buy_value_1m,large_sell_count_1m,large_sell_value_1m,whale_net_notional_1m,flow_confidence_1m,fc_1m_count,fc_1m_notional,fc_1m_coverage,fc_1m_freshness,flow_5m_buy_usd,flow_5m_sell_usd,cvd_5m,cvd_5m_pct,buyer_ratio_5m,flow_5m_score,flow_5m_direction,trade_count_5m,agg_count_5m,notional_5m,n_eff_5m,window_coverage_sec_5m,window_coverage_ratio_5m,5m_complete,large_buy_count_5m,large_buy_value_5m,large_sell_count_5m,large_sell_value_5m,whale_net_notional_5m,flow_confidence_5m,fc_5m_count,fc_5m_notional,fc_5m_coverage,fc_5m_freshness,flow_15m_buy_usd,flow_15m_sell_usd,cvd_15m,cvd_15m_pct,buyer_ratio_15m,flow_15m_score,flow_15m_direction,trade_count_15m,agg_count_15m,notional_15m,n_eff_15m,window_coverage_sec_15m,window_coverage_ratio_15m,15m_complete,large_buy_count_15m,large_buy_value_15m,large_sell_count_15m,large_sell_value_15m,whale_net_notional_15m,flow_confidence_15m,fc_15m_count,fc_15m_notional,fc_15m_coverage,fc_15m_freshness,cvd_1m_delta,cvd_5m_delta,cvd_15m_delta,buyer_ratio_delta_1m,buyer_ratio_delta_5m,flow_delta_coverage_ratio,cvd_slope_3m,cvd_slope_3m_norm,cvd_slope_5m,cvd_slope_5m_norm,cvd_slope_prev_3m_norm,cvd_turn_3m,last_whale_time_ms,last_whale_side,last_whale_usd,last_whale_price,kcheck_bar_open,kcheck_status,pool_vs_kline_notional_ratio,pool_vs_kline_trades_ratio,pool_vs_kline_taker_buy_ratio,sync_mode,sync_pages,sync_fetched,sync_gap_ms,sync_error,pool_gap_events,pool_gap_ms_total,pool_resets,pool_integrity_errors,pool_contamination_reset,used_weight_1m,ob_best_bid,ob_best_ask,spread_bps,microprice_deviation_bps,orderbook_imbalance,ob_imbalance_top5,ob_bid_notional_20,ob_ask_notional_20,ob_depth_span_bps,ob_timestamp_ms,ob_age_ms,ob_stale,ob_error,alerts,alerts_skipped,required_fields_missing
2,v2,v1.2,REALF_PY_V4_2_DERIVED,ZPTDIFAT_PY_V1_4_DERIVED,fc-v1,native,,058e38aec59f4c35,20260918_064430,1,ETH_20260918_064440_902,ETHUSDT,BINANCE,FUTURES,TOP100,2,75000,1789713880902,2026-09-18T06:44:40.902+00:00,17,True,1789713880902,1789713880902,,1789713840000,1789713899999,False,40.9,2484.6,0.0221,53.2,FAIR (DENGE),True,500,54.3,54.0,51.4,50.2,-0.00111,-0.15,0.08,0.00143,0.722,0.28,1.3,60.0,-13.6,YOK,2.8,1.0,2481.852926942326,-0.111,CLV_PROXY_1M,0,0.0,100.0,53.2,54.9,55.3,60.8,-1.7,-2.1,-7.6,-0.00111,-7e-05,-1e-05,0.00054,59.1,56.98,55.93,46.13,2.12,3.17,12.97,63.66,65.0,500,native,59.1,NORMAL,63.66,65.0,True,300,37.4,BULL,BOS UP,LH/LL,HH/MIX,SQZ,85.9,True,True,499,22,63.9,1789712520000,LOW,2481.26,2.25,,,,2469.0299999999997,10.48,2,0,2,2486.1,2469.0299999999997,HIGH_SWEEP,21,2486.11,False,False,0.0598,499,native,55.52,NORMAL,61.93,65.0,True,300,42.3,BULL,BOS UP,MIX/LL,EQ/RANGE,RANGE,79.1,True,True,498,36,76.1,1789707240000,LOW,2469.0,4.57,2486.685,0.61,2,,,,1,0,2486.685,2477.52,HIGH_SWEEP,7,2486.49,False,False,0.1376,499,native,49.53,NORMAL,53.64,48.33,True,300,84.3,BULL,BOS UP,HH/HL,MIX/LL,TR UP,91.8,True,True,498,18,61.2,1789708200000,LOW,2469.0,3.18,,,,2365.835,24.16,2,0,1,2492.55,2365.835,HIGH_SWEEP,19,2482.2,False,False,0.1978,499,native,66.11,NORMAL,61.9,64.33,True,300,73.3,BULL,BOS UP,HH/MIX,HH/HL,TR UP,74.1,True,True,498,6,39.9,1789707600000,LOW,2435.39,6.03,,,,2435.74,5.98,2,0,1,2492.55,2435.74,HIGH_SWEEP,5,2484.99,False,False,0.3292,499,native,79.85,YORGUN,87.61,97.33,True,300,73.3,BEAR,BOS DN,HH/HL,HH/MIX,TR DN,84.8,True,True,498,65,44.7,1789477200000,HIGH,2614.99,7.63,,,,,,,0,0,2484.0,2435.39,HIGH_SWEEP,1,2484.0,True,False,0.6888,499,native,65.65,NORMAL,77.06,88.33,True,300,51.7,TR-DN,CHOCH DN,MIX/HL,MIX/HL,TR-DN,70.6,True,True,498,14,32.7,1789502400000,HIGH,2614.99,3.27,,,,1862.655,15.6,2,0,2,2614.99,1862.655,HIGH_SWEEP,38,2522.75,False,False,1.6086,109,1043,435324.78,983181.0,-547856.22,-38.62,30.69,7.6,DOWN,1195,287,1418505.78,14.8,60.0,1.0,True,1,202501.97,3,569935.6,-367433.63,55.4,0.229,1.0,1.0,0.998,1602509.24,2835419.48,-1232910.24,-27.78,36.11,11.7,DOWN,4254,1043,4437928.72,47.0,175.2,0.5841,False,5,940447.32,10,1479272.33,-538825.01,67.2,0.484,1.0,0.584,1.0,1602509.24,2835419.48,-1232910.24,-27.78,36.11,11.7,DOWN,4254,1043,4437928.72,47.0,175.2,0.1947,False,5,940447.32,10,1479272.33,-538825.01,53.9,0.484,1.0,0.195,1.0,-723074.1,,,-24.4,,0.128,-352351.28,-0.2382,,,,,1789713878312,SELL,245182.15,2484.5932561486,1789713780000,ok,1.0,1.0,1.0,continuous,1,43,0,,0,0,0,0,False,776,2484.57,2484.58,0.04,0.002,0.243,0.0891,419420.75,255431.51,0.83,1789713880754,148,False,,,,
2,v2,v1.2,REALF_PY_V4_2_DERIVED,ZPTDIFAT_PY_V1_4_DERIVED,fc-v1,native,,058e38aec59f4c35,20260918_064430,2,BNB_20260918_064443_492,BNBUSDT,BINANCE,FUTURES,TOP100,4,25000,1789713883492,2026-09-18T06:44:43.492+00:00,17,True,1789713883492,1789713883492,,1789713840000,1789713899999,False,43.5,753.82,-0.0013,50.4,FAIR (DENGE),True,500,51.6,47.3,51.9,50.0,0.00064,0.0,0.07,0.00103,0.734,0.11,0.3,50.0,-16.6,YOK,4.6,0.245,754.3040704294406,0.064,CLV_PROXY_1M,0,0.0,100.0,50.4,48.2,52.6,54.0,2.2,-2.2,-3.6,0.00064,-0.00013,5e-05,4e-05,64.59,63.98,59.23,43.89,0.61,5.36,20.7,66.89,64.0,500,native,64.59,NORMAL,66.89,64.0,True,300,45.3,BEAR,BOS DN,HH/MIX,LH/LL,RANGE,75.1,True,True,499,15,52.5,1789712940000,HIGH,754.74,2.36,,,,735.76,46.37,2,0,1,754.74,735.76,HIGH_SWEEP,22,754.62,False,False,0.0517,499,native,39.66,NORMAL,50.52,35.67,True,300,71.4,BULL,BOS UP,HH/MIX,MIX/HL,RANGE,74.2,True,True,498,13,53.9,1789711380000,LOW,751.67,2.25,,,,733.985,20.79,2,0,2,755.98,733.985,HIGH_SWEEP,28,753.4,False,False,0.1265,499,native,48.22,NORMAL,53.65,45.33,True,300,71.0,BULL,BOS UP,HH/MIX,HH/MIX,TR UP,80.5,True,True,498,18,50.9,1789708200000,LOW,749.39,3.04,,,,751.405,1.66,2,0,2,755.98,751.405,HIGH_SWEEP,7,755.08,False,False,0.1933,499,native,57.5,NORMAL,59.08,50.67,True,300,78.6,BULL,BOS UP,HH/HL,HH/HL,TR UP,91.5,True,True,498,29,31.8,1789686900000,LOW,733.95,7.75,,,,,,,0,0,754.71,733.95,HIGH_SWEEP,5,754.71,False,False,0.3404,499,native,94.13,ASIRI,90.88,95.33,True,300,72.9,BULL,BOS UP,HH/MIX,HH/MIX,TR UP,76.1,True,True,498,10,47.2,1789675200000,LOW,721.24,7.09,,,,,,,0,0,732.95,721.24,HIGH_SWEEP,18,729.58,False,False,0.6104,499,native,89.03,ASIRI,96.36,96.0,True,300,40.4,BULL,BOS UP,LH/LL,HH/HL,RANGE,86.1,True,True,498,4,31.3,1789646400000,LOW,704.34,5.26,,,,,,,0,0,725.94,704.34,HIGH_SWEEP,6,725.94,False,False,1.2519,320,1011,21618.84,19840.58,1778.26,4.29,52.14,58.7,UP,314,62,41459.42,8.7,60.0,1.0,True,0,0.0,0,0.0,0.0,40.9,0.147,0.654,1.0,0.995,475248.29,409001.4,66246.89,7.49,53.75,64.8,UP,2423,521,884249.69,52.1,300.0,1.0,True,4,150214.36,5,206775.66,-56561.3,76.1,0.51,0.987,1.0,0.999,778783.11,566913.61,211869.5,15.74,57.87,77.6,UP,4563,1011,1345696.72,99.3,486.9,0.541,False,4,150214.36,5,206775.66,-56561.3,75.1,0.665,1.0,0.541,1.0,98659.81,-53033.44,,29.15,-2.07,0.4743,-69096.12,-0.5688,-250.26,-0.0014,0.4699,DOWN,1789713807516,SELL,30115.11,753.82,1789713780000,ok,1.0,1.0,1.0,continuous,1,11,0,,0,0,0,0,False,810,753.82,753.83,0.133,0.008,0.0499,-0.0512,118329.56,107079.72,2.59,1789713883346,146,False,,,,
2,v2,v1.2,REALF_PY_V4_2_DERIVED,ZPTDIFAT_PY_V1_4_DERIVED,fc-v1,native,,058e38aec59f4c35,20260918_064430,3,XRP_20260918_064446_083,XRPUSDT,BINANCE,FUTURES,TOP100,5,25000,1789713886083,2026-09-18T06:44:46.083+00:00,17,True,1789713886083,1789713886083,,1789713840000,1789713899999,False,46.1,1.3232,0.0454,57.7,FAIR (DENGE),True,500,59.6,59.2,52.9,54.7,-0.00338,0.08,0.19,0.00166,0.749,1.12,63.0,50.0,-15.6,YOK,6.7,1.0,1.318728979132934,-0.338,CLV_PROXY_1M,0,0.0,100.0,57.7,57.6,61.1,64.6,0.1,-3.4,-6.9,-0.00338,-0.00015,0.00051,0.00065,70.17,69.9,73.61,64.75,0.27,-3.44,5.42,69.72,73.33,500,native,70.17,NORMAL,69.72,73.33,True,300,73.4,BEAR,BOS DN,HH/HL,MIX/HL,SQZ,85.2,True,True,499,59,52.6,1789710300000,HIGH,1.3237,0.4,,,,1.3032,16.09,2,0,2,1.3232,1.3032,HIGH_SWEEP,8,1.3232,False,False,0.094,499,native,75.78,YORGUN,79.03,89.67,True,300,41.4,BULL,BOS UP,LH/LL,HH/HL,RANGE,87.7,True,True,498,1,29.6,1789713540000,LOW,1.3164,2.66,,,,,,,0,0,1.3228,1.3164,HIGH_SWEEP,5,1.3228,False,False,0.1933,499,native,65.03,NORMAL,77.47,83.0,True,300,61.0,BULL,BOS UP,MIX/HL,LH/LL,RANGE,74.0,True,True,498,35,67.7,1789703100000,LOW,1.3045,5.43,,,,,,,0,0,1.3228,1.3164,HIGH_SWEEP,3,1.3228,False,False,0.2603,499,native,58.38,NORMAL,58.84,65.0,True,300,76.7,TR-UP,CHOCH UP,HH/HL,MIX/HL,TR-UP,84.3,True,True,498,22,25.8,1789693200000,LOW,1.2867,6.49,,,,,,,0,0,1.3286,1.3133,HIGH_SWEEP,23,1.3002,False,False,0.4261,499,native,80.98,YORGUN,81.54,92.33,True,300,74.1,TR-UP,CHOCH UP,HH/MIX,HH/MIX,TR-UP,74.3,True,True,498,3,82.2,1789700400000,LOW,1.2867,3.01,,,,,,,0,0,1.3201,1.2867,HIGH_SWEEP,1,1.3201,True,False,0.9194,499,native,49.76,NORMAL,59.13,75.67,True,300,47.1,TR-DN,CHOCH DN,HH/MIX,MIX/LL,TR-DN,75.8,True,True,498,15,73.1,1789488000000,HIGH,1.4916,5.29,1.5507,7.15,2,0.98775,10.55,2,1,1,1.5507,0.98775,EQH_SWEEP,57,1.43175,False,False,2.3989,102,1077,528874.12,192994.65,335879.47,46.53,73.26,93.7,UP,906,129,721868.76,15.0,60.0,1.0,True,5,441536.19,3,98791.75,342744.44,55.0,0.231,0.965,1.0,0.998,1990430.18,872067.85,1118362.34,39.07,69.53,92.5,UP,5487,631,2862498.03,74.7,300.0,1.0,True,18,1433110.59,10,372258.58,1060852.01,81.5,0.599,1.0,1.0,1.0,2972168.42,2118980.28,853188.13,16.76,58.38,78.9,UP,9746,1077,5091148.7,144.7,498.7,0.5542,False,32,2077981.67,22,1119267.25,958714.42,78.9,0.743,1.0,0.554,1.0,292755.59,221393.48,,4.94,0.93,0.4875,117209.9,0.3594,152947.09,0.2672,0.4779,NONE,1789713874915,BUY,28718.62,1.3232982375139961,1789713780000,ok,1.0,1.0,1.0,continuous,1,77,0,,0,0,0,0,False,844,1.3231,1.3232,0.756,-0.221,0.0623,0.237,1125403.61,993460.65,14.74,1789713885946,137,False,,AGGRESSIVE_BUYER,,
2,v2,v1.2,REALF_PY_V4_2_DERIVED,ZPTDIFAT_PY_V1_4_DERIVED,fc-v1,native,,058e38aec59f4c35,20260918_064430,4,DOGE_20260918_064448_649,DOGEUSDT,BINANCE,FUTURES,TOP100,12,15000,1789713888649,2026-09-18T06:44:48.649+00:00,17,True,1789713888649,1789713888649,,1789713840000,1789713899999,False,48.6,0.08427,0.0,53.1,FAIR (DENGE),True,500,54.1,54.9,50.0,50.1,-0.00167,-0.5,-0.1,0.00154,0.685,0.14,0.3,50.0,-27.3,YOK,4.9,1.0,0.08412916775166904,-0.167,CLV_PROXY_1M,0,0.0,100.0,53.1,54.8,57.7,62.6,-1.7,-4.6,-9.5,-0.00167,0.0001,0.00031,0.00109,45.39,47.92,57.92,53.99,-2.53,-12.53,-8.6,44.15,28.67,500,native,45.39,NORMAL,44.15,28.67,True,300,67.6,BEAR,BOS DN,HH/HL,MIX/HL,SQZ,88.9,True,True,499,26,38.7,1789712280000,HIGH,0.08443,2.1,0.084395,1.64,2,0.08135,38.4,2,1,1,0.084395,0.08135,EQH_SWEEP,8,0.084395,False,False,0.0902,499,native,50.18,NORMAL,51.84,44.67,True,300,61.0,BULL,BOS UP,MIX/HL,MIX/HL,RANGE,73.3,True,True,498,35,48.5,1789707420000,LOW,0.08373,3.64,0.08449000000000001,1.39,2,,,,1,0,0.08449000000000001,0.08417,LOW_SWEEP,14,0.08419,False,False,0.1793,499,native,42.25,NORMAL,44.79,34.0,True,300,62.6,BULL,BOS UP,MIX/HL,MIX/HL,TR UP,80.0,True,True,498,35,93.1,1789703100000,LOW,0.08223,9.27,,,,0.07986,20.03,2,0,1,0.08448,0.07986,HIGH_SWEEP,19,0.08459,False,False,0.261,499,native,60.48,NORMAL,55.14,56.33,True,300,79.8,BULL,BOS UP,HH/HL,HH/HL,TR UP,84.7,True,True,498,21,43.6,1789694100000,LOW,0.08114,8.68,,,,0.080555,10.3,2,0,1,0.08469,0.080555,HIGH_SWEEP,64,0.08179,False,False,0.4296,499,native,88.97,ASIRI,85.38,96.67,True,300,89.8,BULL,BOS UP,HH/HL,LH/LL,TR UP,90.7,True,True,498,4,51.5,1789696800000,LOW,0.08114,4.33,,,,,,,0,0,0.08253,0.08114,HIGH_SWEEP,21,0.08134,False,False,0.8609,499,native,72.94,YORGUN,86.08,92.33,True,300,47.5,BEAR,BOS DN,HH/MIX,LH/MIX,TR DN,73.2,True,True,498,16,26.7,1789473600000,HIGH,0.08616,1.23,,,,0.07835,3.88,2,0,1,0.08616,0.07835,HIGH_SWEEP,20,0.08534,False,False,1.8093,509,1018,22051.62,24773.19,-2721.58,-5.81,47.09,38.4,DOWN,281,52,46824.81,6.1,60.0,1.0,True,0,0.0,1,16851.16,-16851.16,36.4,0.108,0.668,1.0,0.992,297454.13,296972.25,481.88,0.08,50.04,50.2,FLAT,2835,381,594426.38,33.3,300.0,1.0,True,7,172260.35,5,127927.64,44332.71,68.1,0.4,0.944,1.0,0.998,1281503.58,1294368.44,-12864.86,-0.5,49.75,49.0,FLAT,7940,1018,2575872.02,118.6,713.3,0.7925,False,19,787307.72,22,630831.74,156475.98,82.9,0.703,1.0,0.793,0.999,2343.41,5652.61,,6.8,0.47,0.7259,-25607.62,-0.42,-14455.57,-0.1216,0.2407,DOWN,1789713845773,SELL,16851.16,0.08425578745000001,1789713780000,ok,1.0,1.0,1.0,continuous,1,18,0,,0,0,0,0,False,878,0.08427,0.08428,1.187,0.311,-0.3904,-0.3299,916302.7,2090119.44,23.14,1789713888510,139,False,,,,
2,v2,v1.2,REALF_PY_V4_2_DERIVED,ZPTDIFAT_PY_V1_4_DERIVED,fc-v1,native,,058e38aec59f4c35,20260918_064430,5,LINK_20260918_064451_438,LINKUSDT,BINANCE,FUTURES,TOP100,17,10000,1789713891438,2026-09-18T06:44:51.438+00:00,17,True,1789713891218,1789713891438,,1789713840000,1789713899999,False,51.2,11.833,0.0,55.3,FAIR (DENGE),True,500,58.0,53.2,54.3,50.9,-0.00147,0.38,0.32,0.0019,0.672,0.41,11.0,45.0,0.7,YOK,4.9,1.0,11.81562152808198,-0.147,CLV_PROXY_1M,0,0.0,100.0,55.3,56.2,56.7,55.8,-0.9,-1.4,-0.5,-0.00147,-1e-05,0.00023,0.0,80.19,79.38,76.16,72.21,0.81,4.03,7.98,82.4,81.33,500,native,80.19,YORGUN,82.4,81.33,True,300,89.0,BULL,BOS UP,HH/HL,HH/HL,RANGE,92.9,True,True,499,8,55.7,1789713360000,LOW,11.772,4.51,,,,11.377500000000001,33.69,2,0,1,11.811,11.377500000000001,HIGH_SWEEP,27,11.779,False,False,0.1143,499,native,83.25,ASIRI,85.62,94.0,True,300,44.7,BULL,BOS UP,LH/LL,HH/MIX,RANGE,88.3,True,True,498,7,67.9,1789712460000,LOW,11.705,4.49,,,,,,,0,0,11.776,11.705,HIGH_SWEEP,12,11.776,False,False,0.241,499,native,76.32,YORGUN,88.92,95.33,True,300,76.6,BULL,BOS UP,HH/MIX,LH/LL,TR UP,75.7,True,True,498,1,46.5,1789713300000,LOW,11.705,3.18,,,,,,,0,0,11.817,11.705,HIGH_SWEEP,21,11.802,False,False,0.3401,499,native,65.14,NORMAL,70.23,73.0,True,300,77.6,BULL,BOS UP,HH/HL,HH/HL,TR UP,87.9,True,True,498,29,54.8,1789686900000,LOW,11.25,9.12,,,,11.0905,11.61,2,0,1,11.817,11.0905,HIGH_SWEEP,64,11.34,False,False,0.544,499,native,90.9,ASIRI,89.6,96.0,True,300,83.3,TR-UP,CHOCH UP,HH/HL,MIX/LL,TR-UP,86.0,True,True,498,5,51.0,1789693200000,LOW,11.089,6.17,12.7855,7.9,2,,,,1,0,12.7855,11.25,LOW_SWEEP,37,10.67,False,False,1.0287,499,native,76.09,YORGUN,89.41,93.33,True,300,17.7,BEAR,BOS DN,LH/LL,HH/MIX,RANGE,86.2,True,True,498,15,24.8,1789488000000,HIGH,11.961,0.51,,,,8.062,15.04,2,0,1,11.961,8.062,EQH_SWEEP,83,12.035499999999999,False,False,2.133,841,1017,50880.58,27824.82,23055.76,29.29,64.65,89.1,UP,313,55,78705.39,18.3,60.0,1.0,True,1,21558.91,0,0.0,21558.91,53.5,0.268,0.724,1.0,0.986,252002.79,172831.71,79171.08,18.64,59.32,81.0,UP,1751,311,424834.5,90.6,300.0,1.0,True,6,84800.62,3,34929.76,49870.86,81.4,0.644,0.907,1.0,0.997,1068601.71,586057.17,482544.54,29.16,64.58,89.1,UP,5947,1017,1654658.89,237.0,828.0,0.92,False,19,481222.15,8,122188.37,359033.78,91.1,0.826,1.0,0.92,0.999,-2406.13,8975.36,,-8.07,1.58,0.8533,17887.7,0.3037,11523.31,0.1356,0.1526,NONE,1789713888524,BUY,21558.91,11.835213302664155,1789713780000,ok,1.0,1.0,1.0,continuous,1,17,0,,0,0,0,0,False,912,11.834,11.835,0.845,-0.112,-0.1704,-0.0261,207436.97,292646.16,16.48,1789713891030,408,False,,,,
2,v2,v1.2,REALF_PY_V4_2_DERIVED,ZPTDIFAT_PY_V1_4_DERIVED,fc-v1,native,,058e38aec59f4c35,20260918_064430,6,ADA_20260918_064454_024,ADAUSDT,BINANCE,FUTURES,TOP100,19,10000,1789713894024,2026-09-18T06:44:54.024+00:00,17,True,1789713894024,1789713894024,,1789713840000,1789713899999,False,54.0,0.214,0.0935,52.0,FAIR (DENGE),True,500,53.9,46.6,55.5,50.2,0.00163,0.82,0.39,0.00161,0.633,0.36,6.7,35.0,-7.7,YOK,8.9,0.543,0.21434910238012908,0.163,CLV_PROXY_1M,0,0.0,100.0,52.0,52.6,50.0,46.3,-0.6,2.0,5.7,0.00163,-0.00048,-0.0007,-0.00137,72.1,62.7,51.05,48.18,9.4,21.05,23.92,92.79,97.0,500,native,72.1,YORGUN,92.79,97.0,True,300,76.8,TR-UP,CHOCH UP,HH/HL,HH/HL,SQZ,89.8,True,True,499,29,50.5,1789712100000,LOW,0.2126,4.69,0.2151,3.69,2,,,,2,0,0.2138,0.2132,EQH_SWEEP,8,0.2138,False,False,0.1395,499,native,74.19,YORGUN,80.45,81.33,True,300,22.3,BEAR,BOS DN,LH/LL,MIX/HL,RANGE,86.5,True,True,498,28,70.8,1789708680000,HIGH,0.2173,6.07,,,,,,,0,0,0.2151,0.2121,LOW_SWEEP,48,0.2143,False,False,0.2547,499,native,59.76,NORMAL,75.06,74.67,True,300,20.0,TR-DN,CHOCH DN,LH/LL,LH/LL,TR-DN,85.4,True,True,498,10,28.1,1789710600000,HIGH,0.2151,1.46,,,,0.1903,31.53,3,0,1,0.2151,0.1903,HIGH_SWEEP,34,0.2159,False,False,0.3519,499,native,46.51,NORMAL,47.66,43.67,True,300,66.8,BULL,BOS UP,MIX/HL,LH/LL,TR UP,78.2,True,True,498,26,55.4,1789689600000,LOW,0.1997,9.31,0.21739999999999998,2.21,2,0.1972,10.94,2,1,2,0.21739999999999998,0.1972,HIGH_SWEEP,27,0.2027,False,False,0.7191,499,native,86.5,ASIRI,77.26,91.0,True,300,87.0,BULL,BOS UP,HH/HL,HH/HL,EXP UP,84.6,True,True,498,6,53.5,1789689600000,LOW,0.1901,7.71,,,,,,,0,0,0.2042,0.1997,EQH_SWEEP,29,0.19690000000000002,False,False,1.4575,499,native,75.97,YORGUN,89.03,90.33,True,300,41.5,TR-UP,CHOCH UP,LH/LL,LH/LL,TR-UP,84.5,True,True,498,1,52.5,1789689600000,LOW,0.1901,4.39,,,,,,,0,0,0.2159,0.1901,LOW_SWEEP,52,0.2148,False,True,2.5151,1861,1002,26113.06,14827.91,11285.15,27.56,63.78,88.2,UP,175,43,40940.97,7.5,60.0,1.0,True,0,0.0,0,0.0,0.0,38.8,0.13,0.653,1.0,0.969,291369.76,191367.02,100002.73,20.72,60.36,83.1,UP,1071,281,482736.78,14.9,300.0,1.0,True,7,236917.91,4,147278.06,89639.84,54.1,0.23,0.921,1.0,0.994,966598.9,727001.68,239597.22,14.15,57.07,75.5,UP,3909,896,1693600.58,50.0,900.0,1.0,True,26,786923.44,16,551771.35,235152.09,75.8,0.5,1.0,1.0,0.998,-14737.2,-26216.25,-72398.16,-8.71,-1.97,1.0,26950.05,0.5278,15050.97,0.1559,0.1978,NONE,1789713812902,SELL,14984.81,0.2138,1789713780000,ok,1.0,1.0,1.0,continuous,1,13,0,,0,0,0,0,False,946,0.2139,0.214,4.674,-1.737,0.0334,-0.2338,2215500.56,2072100.93,91.14,1789713893849,175,False,,,,
2,v2,v1.2,REALF_PY_V4_2_DERIVED,ZPTDIFAT_PY_V1_4_DERIVED,fc-v1,native,,058e38aec59f4c35,20260918_064430,7,LTC_20260918_064456_614,LTCUSDT,BINANCE,FUTURES,TOP100,25,10000,1789713896614,2026-09-18T06:44:56.614+00:00,17,True,1789713896598,1789713896614,,1789713840000,1789713899999,False,56.6,55.0,0.0182,59.3,PRICE AHEAD,True,500,62.2,58.0,57.5,52.9,-0.00295,0.66,0.46,0.00125,0.567,0.47,35.3,45.0,-12.6,YOK,4.6,1.0,54.83824727333416,-0.294,CLV_PROXY_1M,0,0.0,100.0,59.3,60.6,58.2,64.2,-1.3,1.1,-4.9,-0.00295,0.00038,-0.00045,-1e-05,74.15,69.66,56.22,56.52,4.49,17.93,17.63,83.32,87.67,500,native,74.15,YORGUN,83.32,87.67,True,300,83.3,BULL,BOS UP,HH/HL,MIX/HL,TR UP,86.9,True,True,499,17,64.2,1789712820000,LOW,54.78,4.01,,,,54.76,4.38,2,0,2,55.02,54.76,HIGH_SWEEP,41,54.92,False,False,0.0997,499,native,69.9,NORMAL,86.3,93.0,True,300,75.7,BULL,BOS UP,HH/HL,HH/HL,RANGE,91.8,True,True,498,36,50.6,1789707240000,LOW,54.29,7.05,55.0,0.0,2,,,,2,0,54.974999999999994,54.78,EQH_SWEEP,5,55.0,False,False,0.1835,499,native,65.6,NORMAL,83.8,87.33,True,300,76.3,BULL,BOS UP,HH/HL,HH/HL,TR UP,86.1,True,True,498,35,51.2,1789703100000,LOW,54.32,4.88,,,,53.86,8.18,2,0,3,55.0,53.86,HIGH_SWEEP,3,55.0,False,False,0.2539,499,native,75.06,YORGUN,79.11,84.0,True,300,71.1,BULL,BOS UP,MIX/HL,HH/MIX,TR UP,85.7,True,True,498,24,95.3,1789691400000,LOW,53.59,6.24,,,,,,,0,0,53.98,54.29,EQH_SWEEP,26,53.989999999999995,False,False,0.4112,499,native,88.01,ASIRI,88.91,96.67,True,300,88.0,BULL,BOS UP,HH/HL,HH/HL,TR UP,83.5,True,True,498,6,68.8,1789689600000,LOW,52.46,5.82,,,,,,,0,0,54.0,52.46,HIGH_SWEEP,21,52.81,False,False,0.7963,499,native,81.45,YORGUN,89.79,93.33,True,300,51.6,TR-DN,CHOCH DN,HH/MIX,LH/LL,TR-DN,72.3,True,True,498,14,38.2,1789502400000,HIGH,55.24,0.28,,,,,,,0,0,55.24,50.13,HIGH_SWEEP,30,54.28,False,False,1.559,3114,595,25967.26,2454.62,23512.65,82.73,91.36,95.0,UP,103,28,28421.88,3.2,60.0,1.0,True,1,22086.52,0,0.0,22086.52,27.9,0.06,0.613,1.0,0.948,114995.63,125308.88,-10313.25,-4.29,47.85,41.3,DOWN,832,187,240304.52,32.9,300.0,1.0,True,3,45773.03,3,53608.26,-7835.23,65.6,0.397,0.845,1.0,0.99,394789.18,362561.47,32227.71,4.26,52.13,58.6,UP,2489,484,757350.65,80.6,900.0,1.0,True,11,212153.52,11,161548.59,50604.94,81.7,0.617,0.97,1.0,0.997,53657.52,-21539.88,18487.01,72.7,-4.09,1.0,3767.48,0.0891,-5298.24,-0.1102,0.0896,NONE,1789713882231,BUY,22086.52,54.984550843195926,1789713780000,ok,1.0,1.0,1.0,continuous,1,13,0,,0,0,0,0,False,980,54.99,55.0,1.818,-0.145,-0.0221,0.1344,723216.62,755973.92,35.46,1789713896465,149,False,,AGGRESSIVE_BUYER,,
2,v2,v1.2,REALF_PY_V4_2_DERIVED,ZPTDIFAT_PY_V1_4_DERIVED,fc-v1,native,,058e38aec59f4c35,20260918_064430,8,AVAX_20260918_064459_185,AVAXUSDT,BINANCE,FUTURES,TOP100,31,5000,1789713899185,2026-09-18T06:44:59.185+00:00,17,True,1789713899169,1789713899185,,1789713840000,1789713899999,False,59.2,7.903,0.0887,51.7,FAIR (DENGE),True,500,54.0,44.2,56.5,50.4,0.00178,0.5,0.28,0.0013,0.605,0.7,16.0,55.0,-23.0,YOK,12.3,0.366,7.917094296792157,0.178,CLV_PROXY_1M,0,0.0,100.0,51.7,49.3,48.5,51.6,2.4,3.2,0.1,0.00178,-0.00061,-0.00083,-0.00073,71.0,64.57,65.56,62.5,6.43,5.44,8.5,84.99,88.33,500,native,71.0,NORMAL,84.99,88.33,True,300,73.0,BEAR,BOS DN,HH/HL,MIX/HL,SQZ,84.0,True,True,499,64,64.9,1789710000000,HIGH,7.93,4.36,7.9415,6.22,2,,,,1,0,7.9415,7.89,LOW_SWEEP,23,7.873,False,False,0.0784,499,native,70.23,NORMAL,82.71,85.67,True,300,59.1,BULL,BOS UP,MIX/HL,HH/MIX,RANGE,69.2,True,True,498,72,79.7,1789700760000,LOW,7.677,15.07,,,,7.6285,18.31,2,0,1,7.903,7.6285,HIGH_SWEEP,81,7.723,False,False,0.1899,499,native,43.76,NORMAL,59.07,52.67,True,300,60.7,BULL,BOS UP,MIX/HL,MIX/HL,RANGE,74.1,True,True,498,43,66.0,1789700700000,LOW,7.677,9.84,,,,,,,0,0,7.942,7.857,HIGH_SWEEP,48,7.723,False,False,0.2907,499,native,56.04,NORMAL,54.81,50.67,True,300,79.5,BULL,BOS UP,HH/HL,MIX/HL,TR UP,85.4,True,True,498,23,54.9,1789692300000,LOW,7.545,8.51,,,,,,,0,0,7.968,7.584,EQH_SWEEP,23,7.648,False,False,0.534,499,native,87.8,ASIRI,82.75,90.0,True,300,91.4,TR-UP,CHOCH UP,HH/HL,LH/LL,TR-UP,94.6,True,True,498,3,96.7,1789700400000,LOW,7.545,4.44,8.192,3.59,3,7.186,8.9,2,1,1,8.192,7.186,EQL_SWEEP,37,7.186,False,False,1.023,499,native,84.86,ASIRI,91.07,93.33,True,300,78.7,BULL,BOS UP,HH/MIX,HH/MIX,RANGE,76.8,True,True,498,1,80.2,1789689600000,LOW,7.171,4.82,,,,7.173500000000001,4.8,2,0,1,7.8,7.173500000000001,LOW_SWEEP,15,7.243,False,False,1.9116,193,720,26798.41,6275.89,20522.52,62.05,81.02,94.7,UP,222,40,33074.3,11.0,60.0,1.0,True,2,13080.59,0,0.0,13080.59,43.8,0.18,0.63,1.0,0.997,95943.52,64471.13,31472.39,19.62,59.81,82.1,UP,1003,216,160414.65,39.0,300.0,1.0,True,6,42557.83,3,24089.83,18468.01,67.3,0.438,0.801,1.0,0.999,412911.41,283124.35,129787.06,18.65,59.32,81.0,UP,3484,613,696035.76,119.0,900.0,1.0,True,17,162630.02,16,134845.17,27784.85,85.9,0.704,0.961,1.0,1.0,2063.74,29776.62,7922.94,-18.26,9.29,1.0,12631.28,0.5289,4718.93,0.1471,-0.0823,UP,1789713860936,BUY,5530.7,7.901,1789713780000,ok,1.0,1.0,1.0,continuous,1,18,0,,0,0,0,0,False,1014,7.903,7.904,1.265,0.468,-0.0671,-0.1946,291323.48,333215.72,24.67,1789713899029,156,False,,AGGRESSIVE_BUYER,,
2,v2,v1.2,REALF_PY_V4_2_DERIVED,ZPTDIFAT_PY_V1_4_DERIVED,fc-v1,native,,058e38aec59f4c35,20260918_064430,9,SUI_20260918_064502_308,SUIUSDT,BINANCE,FUTURES,TOP100,35,5000,1789713902308,2026-09-18T06:45:02.308+00:00,17,True,1789713902292,1789713902308,,1789713840000,1789713899999,True,62.3,0.7789,0.0771,51.2,FAIR (DENGE),True,500,52.5,49.2,51.4,50.3,0.00038,0.26,0.49,0.00207,0.59,0.55,15.0,50.0,-17.1,YOK,3.3,0.736,0.7791956919056112,0.038,CLV_PROXY_1M,0,0.0,100.0,51.2,52.6,57.1,58.7,-1.4,-5.9,-7.5,0.00038,0.00016,0.0011,0.00064,73.88,74.34,80.68,75.42,-0.46,-6.8,-1.54,72.71,73.0,500,native,73.88,YORGUN,72.71,73.0,True,300,86.3,BULL,BOS UP,HH/HL,MIX/HL,SQZ,87.8,True,True,499,6,20.7,1789713480000,LOW,0.775,3.8,,,,,,,0,0,0.7798,0.775,HIGH_SWEEP,22,0.777,False,False,0.1319,499,native,77.74,YORGUN,83.52,91.0,True,300,71.7,BULL,BOS UP,MIX/HL,MIX/HL,RANGE,68.4,True,True,498,2,18.5,1789713360000,LOW,0.7738,2.39,,,,0.7292,23.33,2,0,3,0.7778,0.7292,HIGH_SWEEP,53,0.7849,False,False,0.2735,499,native,56.11,NORMAL,75.69,76.33,True,300,60.8,BULL,BOS UP,MIX/HL,MIX/HL,RANGE,74.3,True,True,498,42,48.0,1789701000000,LOW,0.7643,4.73,,,,0.71575,20.46,2,0,2,0.7849,0.71575,HIGH_SWEEP,92,0.7365,False,False,0.3965,499,native,47.94,NORMAL,51.95,42.0,True,300,78.5,BULL,BOS UP,HH/HL,MIX/HL,TR UP,90.8,True,True,498,29,53.6,1789686900000,LOW,0.7287,8.57,,,,0.7289,8.54,2,0,1,0.7899,0.7289,HIGH_SWEEP,58,0.7351,False,False,0.7551,499,native,88.11,ASIRI,76.74,86.33,True,300,83.0,TR-UP,CHOCH UP,HH/HL,HH/MIX,TR-UP,88.9,True,True,498,6,40.0,1789689600000,LOW,0.7157,5.74,0.8336,4.97,2,,,,2,0,0.8336,0.7157,LOW_SWEEP,37,0.6814,False,False,1.4211,499,native,86.47,ASIRI,91.58,95.33,True,300,89.3,TR-UP,CHOCH UP,HH/HL,MIX/HL,TR-UP,85.4,True,True,498,1,97.1,1789689600000,LOW,0.6773,5.39,,,,,,,0,0,0.7479,0.6773,LOW_SWEEP,16,0.692,False,False,2.3923,870,1038,37108.19,46998.33,-9890.14,-11.76,44.12,28.0,DOWN,498,85,84106.53,22.6,60.0,1.0,True,0,0.0,3,33614.45,-33614.45,57.0,0.312,0.731,1.0,0.986,273014.34,264770.95,8243.39,1.53,50.77,53.1,FLAT,2580,485,537785.29,60.0,300.0,1.0,True,15,161207.81,11,180660.29,-19452.49,76.8,0.545,0.933,1.0,0.997,818482.7,685097.59,133385.12,8.87,54.44,67.2,UP,6362,1038,1503580.29,175.7,556.2,0.618,False,39,565896.19,38,460412.7,105483.49,82.2,0.778,1.0,0.618,0.999,-21295.22,-6999.54,,-18.68,-0.73,0.5513,-10824.09,-0.1428,-715.87,-0.0067,0.1328,DOWN,1789713893128,SELL,15566.77,0.7783384295,1789713780000,ok,1.0,1.0,1.0,continuous,1,38,0,,0,0,0,0,False,34,0.7788,0.7789,1.284,-0.336,-0.1489,0.3556,324283.46,437738.33,25.04,1789713901730,578,False,,,,
2,v2,v1.2,REALF_PY_V4_2_DERIVED,ZPTDIFAT_PY_V1_4_DERIVED,fc-v1,native,,058e38aec59f4c35,20260918_064430,10,AKE_20260918_064505_100,AKEUSDT,BINANCE,FUTURES,TOP100,94,2000,1789713905100,2026-09-18T06:45:05.100+00:00,17,True,1789713904882,1789713905100,,1789713900000,1789713959999,False,4.9,0.023104,-0.0908,62.5,PRICE AHEAD,True,500,66.3,64.2,58.2,50.1,-0.02843,0.51,0.19,0.00742,0.597,0.02,0.3,50.0,-13.5,YOK,8.1,1.0,0.02245639949773519,-2.803,CLV_PROXY_1M,0,0.0,100.0,62.5,65.7,65.8,62.0,-3.2,-3.3,0.5,-0.02843,0.00186,0.00169,0.00026,48.92,49.74,52.48,54.77,-0.82,-3.56,-5.85,47.72,45.33,500,native,48.92,NORMAL,47.72,45.33,True,300,84.5,BULL,BOS UP,HH/HL,MIX/HL,TR UP,95.7,True,True,499,22,90.2,1789712580000,LOW,0.021423,8.33,,,,0.021402499999999998,8.43,2,0,1,0.023636,0.021402499999999998,HIGH_SWEEP,43,0.021605,False,False,0.873,499,native,81.19,YORGUN,73.41,82.67,True,300,90.8,BULL,BOS UP,HH/HL,HH/HL,EXP UP,94.4,True,True,498,8,71.4,1789712460000,LOW,0.021423,5.68,,,,,,,0,0,0.023636,0.021646,LOW_SWEEP,37,0.021228,False,False,1.2942,499,native,86.46,ASIRI,78.62,88.0,True,300,76.8,BULL,BOS UP,MIX/HL,HH/HL,EXP UP,79.7,True,True,498,8,67.7,1789711500000,LOW,0.0214,5.35,,,,,,,0,0,0.02168,0.021423,EQH_SWEEP,36,0.021653,False,False,1.3768,499,native,84.4,ASIRI,88.67,92.0,True,300,42.0,BEAR,BOS DN,LH/MIX,MIX/HL,TR DN,66.1,True,True,498,154,97.0,1789575300000,HIGH,0.028247,11.26,0.029421000000000003,13.83,2,0.0209945,4.64,2,1,3,0.029421000000000003,0.0209945,EQL_SWEEP,57,0.020765,False,False,1.973,499,native,75.89,YORGUN,95.47,98.0,True,300,70.7,BULL,BOS UP,HH/HL,HH/MIX,RANGE,69.6,True,True,498,74,56.3,1789444800000,LOW,0.014658,9.83,0.029844000000000002,7.8,2,0.012500500000000001,12.33,3,1,2,0.029844000000000002,0.012500500000000001,HIGH_SWEEP,75,0.0165,False,False,3.9837,499,native,41.57,NORMAL,45.52,46.67,True,300,84.7,BULL,BOS UP,HH/HL,MIX/HL,TR UP,90.5,True,True,498,18,80.8,1789444800000,LOW,0.013069,3.94,,,,0.0128725,4.01,2,0,3,0.029888,0.0128725,EQL_SWEEP,67,0.0128725,False,False,11.7969,-84,1387,18063.5,20566.98,-2503.49,-6.48,46.76,37.1,DOWN,1495,737,38630.48,137.6,60.0,1.0,True,0,0.0,1,4988.17,-4988.17,77.5,0.733,0.647,1.0,1.0,35460.97,51504.25,-16043.29,-18.45,40.78,19.2,DOWN,2886,1386,86965.22,262.7,116.6,0.3886,False,0,0.0,2,17292.92,-17292.92,70.4,0.84,0.735,0.389,1.0,35460.97,51504.25,-16043.29,-18.45,40.78,19.2,DOWN,2886,1386,86965.22,262.7,116.6,0.1295,False,0,0.0,2,17292.92,-17292.92,56.5,0.84,0.735,0.13,1.0,,,,,,0.0629,,,,,,,1789713862259,SELL,4988.17,0.023018989169258597,1789713780000,pool_incomplete,,,,continuous,1,387,0,,0,0,0,0,False,68,0.023113,0.023114,0.433,0.039,-0.287,-0.0606,1790.99,3233.07,8.44,1789713904682,418,False,,FATIGUE_EXTREME,,
2,v2,v1.2,REALF_PY_V4_2_DERIVED,ZPTDIFAT_PY_V1_4_DERIVED,fc-v1,native,,058e38aec59f4c35,20260918_064430,11,PONS_20260918_064507_900,PONSUSDT,BINANCE,FUTURES,OUTSIDE100,112,2000,1789713907900,2026-09-18T06:45:07.900+00:00,17,True,1789713907681,1789713907900,,1789713900000,1789713959999,False,7.7,0.7308,0.0274,54.7,FAIR (DENGE),True,500,55.9,55.3,53.4,50.0,-0.00603,0.41,0.33,0.00533,0.601,0.02,0.3,50.0,-14.6,YOK,2.5,1.0,0.7264082315508956,-0.601,CLV_PROXY_1M,0,0.0,100.0,54.7,53.7,53.4,60.4,1.0,1.3,-5.7,-0.00603,0.00015,-0.00095,0.00077,46.91,41.82,28.64,17.01,5.09,18.27,29.9,57.71,61.33,500,native,46.91,NORMAL,57.71,61.33,True,300,9.5,BEAR,BOS DN,LH/LL,LH/LL,SQZ,91.7,True,True,499,6,65.6,1789713540000,HIGH,0.7364,2.6,,,,0.7134,8.08,2,0,1,0.7321,0.7134,EQL_SWEEP,15,0.73295,False,False,0.2947,499,native,34.89,NORMAL,37.23,34.33,True,300,26.2,BULL,BOS UP,LH/LL,MIX/HL,RANGE,86.5,True,True,498,78,26.3,1789699860000,LOW,0.6834,10.04,0.7777000000000001,9.93,3,0.63845,19.56,2,1,1,0.7777000000000001,0.63845,HIGH_SWEEP,93,0.6964,False,False,0.6464,499,native,36.71,NORMAL,39.35,36.33,True,300,14.3,BEAR,BOS DN,LH/LL,LH/LL,RANGE,88.2,True,True,498,12,56.1,1789710300000,HIGH,0.7473,2.27,0.7778,6.47,2,,,,1,0,0.7778,0.7235,LOW_SWEEP,10,0.729,False,False,0.994,499,native,42.14,NORMAL,37.3,33.67,True,300,85.7,BULL,BOS UP,HH/HL,MIX/LL,TR UP,93.8,True,True,498,18,77.8,1789697700000,LOW,0.6551,5.47,,,,,,,0,0,0.7781,0.6551,HIGH_SWEEP,19,0.6959,False,False,1.8909,289,native,81.18,YORGUN,69.82,78.07,False,269,88.1,BULL,BOS UP,HH/HL,HH/HL,TR UP,88.8,True,True,288,7,54.7,1789686000000,LOW,0.6099,4.0,,,,,,,0,0,0.6721,0.6099,HIGH_SWEEP,6,0.6721,False,False,4.1259,73,native,83.88,ASIRI,83.45,98.11,False,53,74.7,TR-UP,CHOCH UP,HH/MIX,HH/HL,TR-UP,76.3,True,False,72,1,84.3,1789689600000,LOW,0.5483,3.41,,,,,,,0,0,0.6992,0.5483,LOW_SWEEP,12,0.5821,False,False,6.9476,2872,1031,15738.32,11955.31,3783.01,13.66,56.83,74.8,UP,270,89,27693.62,33.9,60.0,1.0,True,1,7312.07,0,0.0,7312.07,59.7,0.404,0.611,1.0,0.952,129014.14,143392.48,-14378.34,-5.28,47.36,39.4,DOWN,2233,732,272406.62,104.0,300.0,1.0,True,13,65841.47,13,77101.55,-11260.08,81.6,0.675,0.859,1.0,0.99,169713.88,252356.39,-82642.51,-19.58,40.21,18.0,DOWN,3470,1031,422070.27,179.9,363.6,0.404,False,17,89094.36,25,158879.02,-69784.66,73.4,0.783,0.906,0.404,0.997,7069.75,57936.71,,13.25,7.38,0.3373,-2021.64,-0.0393,-4239.07,-0.0778,-0.2349,NONE,1789713851065,BUY,7312.07,0.73120701,1789713780000,ok,1.0,1.0,1.0,continuous,1,31,0,,0,0,0,0,False,102,0.7308,0.7309,1.368,0.499,0.1236,0.4767,30370.49,23688.36,26.68,1789713907442,458,False,,,,
2,v2,v1.2,REALF_PY_V4_2_DERIVED,ZPTDIFAT_PY_V1_4_DERIVED,fc-v1,native,,058e38aec59f4c35,20260918_064430,12,SKR_20260918_064511_044,SKRUSDT,BINANCE,FUTURES,OUTSIDE100,227,500,1789713911044,2026-09-18T06:45:11.044+00:00,17,True,1789713911044,1789713911044,,1789713900000,1789713959999,False,11.0,0.019157,0.0,45.0,FAIR (DENGE),True,500,44.5,41.7,47.9,50.0,0.0039,0.15,0.23,0.00187,0.441,0.0,0.3,55.0,23.7,YOK,6.2,1.0,0.019231877224988595,0.391,CLV_PROXY_1M,0,0.0033,99.7,45.0,45.3,40.1,43.4,-0.3,4.9,1.6,0.0039,-2e-05,-7e-05,-0.0003,67.95,70.3,74.09,80.83,-2.35,-6.14,-12.88,61.25,65.33,500,native,67.95,NORMAL,61.25,65.33,True,300,86.4,BULL,BOS UP,HH/HL,HH/HL,TR UP,91.5,True,True,499,9,33.7,1789713360000,LOW,0.019028,4.54,0.019363,7.24,2,,,,1,0,0.019363,0.019028,EQH_SWEEP,54,0.0189665,False,False,0.1484,499,native,72.84,YORGUN,72.26,74.67,True,300,72.1,BULL,BOS UP,HH/MIX,HH/HL,TR UP,69.4,True,True,498,3,30.5,1789713360000,LOW,0.018839,5.7,0.020296500000000002,20.41,2,0.0188425,5.63,2,1,1,0.020296500000000002,0.0188425,LOW_SWEEP,26,0.018846,False,False,0.2914,499,native,81.93,YORGUN,81.54,87.0,True,300,86.4,BULL,BOS UP,HH/HL,HH/MIX,RANGE,83.4,True,True,498,2,34.0,1789713300000,LOW,0.018839,4.4,0.020296500000000002,15.78,2,,,,1,0,0.020296500000000002,0.018839,LOW_SWEEP,27,0.018732,False,False,0.3769,499,native,82.76,YORGUN,89.17,91.0,True,300,74.2,BULL,BOS UP,MIX/HL,MIX/HL,SQZ,69.3,True,True,498,2,49.0,1789712100000,LOW,0.018719,2.98,,,,0.017547,10.97,2,0,2,0.019011,0.017547,HIGH_SWEEP,36,0.019329,False,False,0.7664,499,native,44.71,NORMAL,55.11,65.67,True,300,39.3,BULL,BOS UP,LH/LL,HH/MIX,RANGE,84.4,True,True,498,21,72.8,1789635600000,LOW,0.017378,4.68,0.025375500000000002,16.37,2,,,,1,0,0.025375500000000002,0.018321,LOW_SWEEP,6,0.018554,False,False,2.0012,499,native,73.6,YORGUN,69.91,78.33,True,300,72.9,BULL,BOS UP,HH/HL,HH/HL,TR UP,83.6,True,True,498,114,36.2,1788062400000,LOW,0.008858,11.61,,,,0.017043000000000003,2.38,2,0,1,0.020299,0.017043000000000003,HIGH_SWEEP,4,0.019684,False,False,4.7097,11697,549,64.19,14.56,49.64,63.03,81.52,94.7,UP,9,7,78.75,3.2,60.0,1.0,True,0,0.0,0,0.0,0.0,0.0,0.061,0.0,1.0,0.805,3208.15,4317.15,-1109.0,-14.74,42.63,23.7,DOWN,135,105,7525.29,7.1,300.0,1.0,True,0,0.0,2,3298.76,-3298.76,34.5,0.124,0.469,1.0,0.961,21182.48,24133.1,-2950.62,-6.51,46.74,37.1,DOWN,709,492,45315.58,49.7,900.0,1.0,True,5,8497.63,7,15482.57,-6984.94,66.9,0.498,0.664,1.0,0.987,-299.83,4186.18,149.78,-1.05,15.07,1.0,462.34,0.8161,-316.2,-0.2101,-0.5595,UP,1789713729019,SELL,578.48,0.019135229036419572,1789713840000,ok,1.0,1.0,1.0,continuous,1,4,0,,0,0,0,0,False,136,0.019152,0.019157,2.61,1.075,-0.2979,-0.5946,1846.83,3414.0,16.45,1789713910240,804,False,,,,
2,v2,v1.2,REALF_PY_V4_2_DERIVED,ZPTDIFAT_PY_V1_4_DERIVED,fc-v1,native,,058e38aec59f4c35,20260918_064430,13,PROM_20260918_064513_823,PROMUSDT,BINANCE,FUTURES,OUTSIDE100,266,1000,1789713913823,2026-09-18T06:45:13.823+00:00,17,True,1789713913617,1789713913823,,1789713900000,1789713959999,False,13.6,5.387,0.0,49.6,FAIR (DENGE),True,500,49.4,50.6,48.8,50.0,-0.00029,-0.65,-0.55,0.00232,0.481,0.0,0.3,65.0,-10.3,YOK,1.8,0.552,5.385449239869545,-0.029,CLV_PROXY_1M,0,0.0,100.0,49.6,42.7,48.9,47.4,6.9,0.7,2.2,-0.00029,-0.00026,0.00064,0.00017,12.54,13.9,17.45,26.78,-1.36,-4.91,-14.24,11.51,4.33,500,native,12.54,DINLENMIS,11.51,4.33,True,300,9.5,BEAR,BOS DN,LH/LL,LH/LL,TR DN,92.7,True,True,499,5,57.3,1789713600000,HIGH,5.424,3.66,,,,,,,0,0,5.424,5.378,LOW_SWEEP,30,5.427,False,False,0.1875,499,native,22.41,DINLENMIS,21.25,12.0,True,300,9.9,BEAR,BOS DN,LH/LL,LH/MIX,EXP DN,90.3,True,True,498,2,47.1,1789713540000,HIGH,5.541,7.68,,,,,,,0,0,5.541,5.41,EQL_SWEEP,2,5.3934999999999995,False,False,0.3725,499,native,13.29,DINLENMIS,14.44,7.33,True,300,45.1,TR-DN,CHOCH DN,MIX/HL,LH/LL,TR-DN,75.6,True,True,498,7,58.5,1789711800000,HIGH,5.541,6.24,,,,5.2165,6.9,2,0,1,5.541,5.2165,HIGH_SWEEP,30,5.589,False,False,0.4584,499,native,22.24,DINLENMIS,14.0,6.33,True,300,60.0,TR-DN,CHOCH DN,HH/HL,MIX/HL,TR-DN,88.0,True,True,498,3,54.5,1789711200000,HIGH,5.594,4.78,5.7285,7.89,2,,,,2,0,5.7285,5.43,LOW_SWEEP,172,5.332,False,False,0.8035,499,native,51.59,NORMAL,24.1,16.0,True,300,59.0,BEAR,BOS DN,MIX/HL,MIX/HL,SQZ,69.1,True,True,498,46,75.0,1789545600000,HIGH,5.729,4.06,5.8375,5.35,3,4.906499999999999,5.71,2,2,1,5.8375,4.906499999999999,EQL_SWEEP,94,5.5815,False,False,1.5355,499,native,46.77,NORMAL,44.52,34.33,True,300,26.5,BULL,BOS UP,LH/LL,MIX/HL,SQZ,85.6,True,True,498,58,11.5,1788868800000,LOW,4.913,2.58,,,,4.4025,5.35,2,0,2,5.659,4.4025,HIGH_SWEEP,57,5.986,False,False,3.3065,1156,846,8846.94,7643.92,1203.03,7.3,53.65,64.4,UP,152,50,16490.86,8.9,60.0,1.0,True,1,4766.26,1,5492.09,-725.82,39.3,0.151,0.554,1.0,0.981,30568.27,84981.05,-54412.78,-47.09,26.45,6.2,DOWN,1044,368,115549.32,48.4,300.0,1.0,True,7,14967.41,7,65439.77,-50472.36,69.5,0.492,0.766,1.0,0.996,40471.62,106932.38,-66460.76,-45.09,27.46,6.5,DOWN,1825,759,147404.0,72.2,900.0,1.0,True,8,16405.06,11,72766.8,-56361.74,75.5,0.591,0.792,1.0,0.999,10697.64,3460.56,-3194.43,26.59,4.74,1.0,-1933.24,-0.1289,-8114.17,-0.3511,-0.8545,NONE,1789713894382,BUY,4766.26,5.385,1789713840000,ok,1.0,1.0,1.0,continuous,1,40,0,,0,0,0,0,False,170,5.386,5.388,3.713,-1.019,0.2619,-0.1369,33652.09,19682.7,37.13,1789713913428,395,False,,FATIGUE_RESTED_1M,,
2,v2,v1.2,REALF_PY_V4_2_DERIVED,ZPTDIFAT_PY_V1_4_DERIVED,fc-v1,native,,058e38aec59f4c35,20260918_064430,14,UAI_20260918_064516_614,UAIUSDT,BINANCE,FUTURES,OUTSIDE100,296,2000,1789713916614,2026-09-18T06:45:16.614+00:00,17,True,1789713916387,1789713916614,,1789713900000,1789713959999,False,16.4,0.418,0.0479,52.1,FAIR (DENGE),True,500,51.5,54.7,51.3,50.0,-0.00398,0.0,-0.07,0.0044,0.657,0.01,0.3,60.0,16.7,YOK,3.5,1.0,0.41634144330047507,-0.397,CLV_PROXY_1M,0,0.0,100.0,52.1,54.0,54.2,55.7,-1.9,-2.1,-3.6,-0.00398,-0.00044,-0.00064,0.00042,74.45,73.18,71.15,70.95,1.27,3.3,3.5,73.58,86.33,500,native,74.45,YORGUN,73.58,86.33,True,300,44.7,BEAR,BOS DN,MIX/HL,MIX/HL,RANGE,79.4,True,True,499,20,90.8,1789712700000,HIGH,0.4198,1.58,0.42315,4.53,2,0.40785,8.93,3,1,1,0.42315,0.40785,HIGH_SWEEP,98,0.4247,False,False,0.2721,499,native,45.45,NORMAL,58.99,55.33,True,300,28.6,BULL,BOS UP,LH/LL,LH/LL,RANGE,79.1,True,True,498,68,61.1,1789701660000,LOW,0.4075,4.49,0.43455,7.08,2,,,,1,0,0.43455,0.4129,LOW_SWEEP,4,0.4166,False,False,0.5592,499,native,33.89,NORMAL,45.41,29.33,True,300,56.0,TR-DN,CHOCH DN,MIX/HL,LH/LL,TR-DN,72.0,True,True,498,50,58.0,1789698900000,HIGH,0.4354,5.04,,,,0.3559,17.99,3,0,1,0.4232,0.3559,HIGH_SWEEP,103,0.4106,False,False,0.8263,499,native,36.41,NORMAL,38.53,32.33,True,300,68.6,BULL,BOS UP,MIX/HL,MIX/HL,RANGE,79.5,True,True,498,21,30.6,1789695000000,LOW,0.3901,3.82,0.43505,2.34,2,0.3838,4.69,2,2,2,0.43505,0.3838,LOW_SWEEP,174,0.3294,False,False,1.7465,499,native,65.91,NORMAL,57.61,59.0,True,300,86.6,BULL,BOS UP,HH/HL,HH/HL,SQZ,87.3,True,True,498,6,38.6,1789689600000,LOW,0.3838,2.11,,,,,,,0,0,0.4354,0.3838,HIGH_SWEEP,4,0.418,False,False,3.8614,499,native,65.25,NORMAL,73.28,77.67,True,300,18.4,BEAR,BOS DN,LH/LL,HH/HL,RANGE,87.8,True,True,498,19,42.0,1789430400000,HIGH,0.5943,4.02,,,,,,,0,0,0.5943,0.322,LOW_SWEEP,20,0.4503,False,False,10.3453,2137,842,2592.35,191.78,2400.58,86.22,93.11,95.0,UP,90,37,2784.13,11.0,60.0,1.0,True,0,0.0,0,0.0,0.0,37.0,0.181,0.361,1.0,0.964,6688.62,8335.45,-1646.83,-10.96,44.52,29.3,DOWN,390,174,15024.07,25.1,300.0,1.0,True,0,0.0,2,4717.66,-4717.66,53.7,0.334,0.544,1.0,0.993,57959.63,38098.97,19860.65,20.68,60.34,83.1,UP,1971,769,96058.6,118.3,900.0,1.0,True,4,27059.78,4,11884.85,15174.93,79.5,0.703,0.746,1.0,0.998,5306.36,1912.72,3449.01,80.2,7.0,1.0,46.76,0.0148,-579.55,-0.1929,-0.252,NONE,1789713853794,SELL,2487.4,0.4172792987753733,1789713840000,ok,1.0,1.0,1.0,continuous,1,22,0,,0,0,0,0,False,204,0.4179,0.4181,4.785,-0.657,-0.0909,-0.39,11269.1,13522.94,47.85,1789713916086,528,False,,AGGRESSIVE_BUYER,,
2,v2,v1.2,REALF_PY_V4_2_DERIVED,ZPTDIFAT_PY_V1_4_DERIVED,fc-v1,native,,058e38aec59f4c35,20260918_064430,15,BULLA_20260918_064519_621,BULLAUSDT,BINANCE,FUTURES,OUTSIDE100,339,5000,1789713919621,2026-09-18T06:45:19.621+00:00,17,True,1789713919181,1789713919621,,1789713900000,1789713959999,False,19.2,0.10079,-0.0298,50.0,FAIR (DENGE),True,500,50.6,49.4,49.5,50.0,0.00065,0.18,0.34,0.00592,0.559,0.11,1.3,55.0,-20.8,YOK,1.2,0.081,0.10085540581778271,0.065,CLV_PROXY_1M,0,0.0,100.0,50.0,43.7,45.1,47.7,6.3,4.9,2.3,0.00065,-0.00018,0.00095,0.00137,27.65,28.58,33.8,55.6,-0.93,-6.15,-27.95,29.94,15.0,500,native,27.65,DINLENMIS,29.94,15.0,True,300,46.5,TR-DN,CHOCH DN,HH/MIX,MIX/LL,TR-DN,73.3,True,True,499,5,44.8,1789713600000,HIGH,0.10172,2.13,0.10206,2.91,3,0.100455,0.77,2,1,2,0.10206,0.100455,EQL_SWEEP,48,0.100455,False,False,0.4325,499,native,40.56,NORMAL,33.26,20.33,True,300,29.1,BULL,BOS UP,LH/LL,MIX/LL,RANGE,86.6,True,True,498,40,89.1,1789706700000,LOW,0.096433,4.97,,,,0.0964015,5.01,2,0,2,0.10203,0.0964015,HIGH_SWEEP,26,0.10206,False,False,0.8693,499,native,47.86,NORMAL,36.97,29.0,True,300,47.3,BULL,BOS UP,LH/MIX,LH/LL,TR UP,64.3,True,True,498,24,22.3,1789706700000,LOW,0.09539,4.57,,,,0.10001,0.7,2,0,1,0.10203,0.10001,HIGH_SWEEP,22,0.10114,False,False,1.1837,499,native,69.17,NORMAL,60.42,61.0,True,300,74.6,BEAR,BOS DN,HH/HL,HH/HL,TR DN,88.7,True,True,498,65,27.4,1789655400000,HIGH,0.10999,4.0,0.109785,3.91,2,,,,1,0,0.109785,0.094,LOW_SWEEP,67,0.1007,False,False,2.2834,499,native,65.18,NORMAL,70.98,86.33,True,300,26.8,BULL,BOS UP,LH/LL,MIX/HL,RANGE,84.5,True,True,498,44,42.2,1789552800000,LOW,0.060024,6.27,,,,0.060025499999999996,6.27,2,0,1,0.121362,0.060025499999999996,HIGH_SWEEP,45,0.076341,False,False,6.4384,499,native,57.67,NORMAL,57.33,58.33,True,300,75.0,BULL,BOS UP,HH/MIX,HH/HL,EXP UP,78.0,True,True,498,11,96.7,1789545600000,LOW,0.0675,2.23,,,,0.0154205,5.72,2,0,1,0.139078,0.0154205,HIGH_SWEEP,52,0.085989,False,False,15.2143,942,1083,7929.93,1769.22,6160.71,63.52,81.76,94.7,UP,240,125,9699.15,43.0,60.0,1.0,True,1,5200.14,0,0.0,5200.14,59.5,0.463,0.497,1.0,0.984,29028.92,24305.97,4722.95,8.86,54.43,67.2,UP,1191,636,53334.88,203.1,300.0,1.0,True,1,5200.14,1,8899.92,-3699.78,81.6,0.802,0.682,1.0,0.997,43031.52,60595.14,-17563.62,-16.95,41.53,20.9,DOWN,2021,1083,103626.67,191.3,399.3,0.4437,False,1,5200.14,2,35515.93,-30315.79,71.2,0.793,0.754,0.444,0.999,6019.59,27926.85,,30.97,16.96,0.377,2582.01,0.3333,1124.33,0.1054,-0.314,UP,1789713918675,BUY,5200.14,0.10101665651346205,1789713840000,ok,1.0,1.0,1.0,continuous,1,83,0,,0,0,0,0,False,238,0.10096,0.10098,1.981,0.81,-0.0316,0.3962,2515.3,2679.53,25.75,1789713919044,577,False,,FATIGUE_RESTED_1M|AGGRESSIVE_BUYER,,
2,v2,v1.2,REALF_PY_V4_2_DERIVED,ZPTDIFAT_PY_V1_4_DERIVED,fc-v1,native,,058e38aec59f4c35,20260918_064430,16,OG_20260918_064522_195,OGUSDT,BINANCE,FUTURES,OUTSIDE100,523,500,1789713922195,2026-09-18T06:45:22.195+00:00,17,True,1789713922195,1789713922195,,1789713900000,1789713959999,False,22.2,2.754,-0.0726,37.8,PRICE LAG,True,500,33.9,38.0,40.9,48.9,0.00526,0.52,1.0,0.00088,0.297,0.07,18.0,40.0,46.6,YOK,7.0,1.0,2.7685164192266636,0.527,CLV_PROXY_1M,0,0.0,100.0,37.8,39.0,33.1,31.9,-1.2,4.7,5.9,0.00526,0.00065,0.0002,0.00047,61.28,55.11,43.9,49.07,6.17,17.38,12.21,73.28,81.33,500,native,61.28,NORMAL,73.28,81.33,True,300,79.2,BULL,BOS UP,MIX/HL,MIX/HL,SQZ,76.3,True,True,499,1,69.0,1789713840000,LOW,2.749,2.18,,,,2.748,2.61,2,0,3,2.754,2.748,HIGH_SWEEP,70,2.76,False,False,0.0833,499,native,55.43,NORMAL,59.12,49.33,True,300,58.3,BULL,BOS UP,LH/MIX,MIX/HL,RANGE,79.6,True,True,498,1,60.2,1789713720000,LOW,2.746,1.53,,,,2.746,1.53,2,0,3,2.754,2.746,HIGH_SWEEP,55,2.746,False,False,0.1665,499,native,48.11,NORMAL,57.72,48.67,True,300,67.8,BULL,BOS UP,MIX/HL,LH/MIX,TR UP,73.6,True,True,498,19,39.4,1789708200000,LOW,2.732,3.52,,,,2.679,11.99,2,0,2,2.756,2.679,HIGH_SWEEP,21,2.759,False,False,0.2271,499,native,61.26,NORMAL,57.89,55.33,True,300,85.9,BULL,BOS UP,HH/HL,HH/HL,TR UP,87.3,True,True,498,7,35.2,1789707600000,LOW,2.679,7.48,,,,2.6635,9.03,2,0,1,2.769,2.6635,HIGH_SWEEP,6,2.759,False,False,0.3636,499,native,90.87,ASIRI,89.62,94.67,True,300,74.4,BULL,BOS UP,MIX/HL,MIX/HL,RANGE,73.4,True,True,498,7,58.0,1789686000000,LOW,2.662,4.65,,,,2.6,7.79,2,0,1,2.7,2.6,HIGH_SWEEP,30,2.712,False,False,0.7193,499,native,79.11,YORGUN,88.64,94.33,True,300,75.1,BULL,BOS UP,MIX/HL,HH/HL,SQZ,73.2,True,True,498,1,52.4,1789689600000,LOW,2.61,3.25,2.9825,5.15,3,2.5975,3.53,2,2,2,2.9825,2.5975,EQH_SWEEP,87,2.9425,False,False,1.6159,3537,86,2679.48,588.23,2091.25,64.0,82.0,94.7,UP,97,20,3267.71,6.4,60.0,1.0,True,2,1535.88,1,554.36,981.53,31.2,0.114,0.379,1.0,0.941,2790.89,612.43,2178.46,64.01,82.0,94.7,UP,111,32,3403.32,7.0,300.0,1.0,True,2,1535.88,1,554.36,981.53,32.3,0.122,0.383,1.0,0.988,5525.05,1299.86,4225.19,61.91,80.95,94.7,UP,295,81,6824.9,13.8,900.0,1.0,True,4,3114.6,1,554.36,2560.24,42.8,0.216,0.459,1.0,0.996,2057.13,1709.54,2024.95,-4.91,-11.42,1.0,639.2,0.5776,312.92,0.4597,0.8538,NONE,1789713888940,SELL,554.36,2.751160297766749,1789713840000,ok,1.0,1.0,1.0,continuous,1,19,0,,0,0,0,0,False,272,2.753,2.754,3.632,1.806,0.3017,0.6747,22168.18,11891.77,70.82,1789713919911,2284,False,,AGGRESSIVE_BUYER,,
2,v2,v1.2,REALF_PY_V4_2_DERIVED,ZPTDIFAT_PY_V1_4_DERIVED,fc-v1,native,,058e38aec59f4c35,20260918_064430,17,ZORA_20260918_064525_237,ZORAUSDT,BINANCE,FUTURES,OUTSIDE100,612,500,1789713925237,2026-09-18T06:45:25.237+00:00,17,True,1789713925237,1789713925237,,1789713900000,1789713959999,False,25.2,0.007886,-0.038,47.7,FAIR (DENGE),True,500,46.3,49.3,47.6,49.9,0.00037,-0.63,-0.2,0.00186,0.586,0.09,3.7,40.0,-7.8,YOK,3.0,1.0,0.007888942231463138,0.037,CLV_PROXY_1M,0,0.0,100.0,47.7,47.4,49.5,58.2,0.3,-1.8,-10.5,0.00037,0.00018,0.00081,0.00133,71.54,76.06,86.06,83.33,-4.52,-14.52,-11.79,60.15,63.0,500,native,71.54,NORMAL,60.15,63.0,True,300,71.5,TR-UP,CHOCH UP,MIX/HL,HH/HL,TR-UP,73.8,True,True,499,5,64.1,1789713600000,LOW,0.007851,3.64,,,,0.007775499999999999,11.49,2,0,1,0.007876,0.007775499999999999,HIGH_SWEEP,9,0.007876,False,False,0.1219,499,native,65.21,NORMAL,68.4,68.0,True,300,90.2,BULL,BOS UP,HH/HL,MIX/HL,RANGE,87.7,True,True,498,2,56.3,1789713540000,LOW,0.007842,2.24,,,,,,,0,0,0.007897,0.007842,HIGH_SWEEP,1,0.007897,True,False,0.2495,499,native,68.29,NORMAL,74.98,77.67,True,300,86.5,BULL,BOS UP,HH/HL,HH/HL,RANGE,84.8,True,True,498,9,63.8,1789711200000,LOW,0.007813,2.83,,,,,,,0,0,0.007897,0.007842,HIGH_SWEEP,1,0.007897,True,False,0.3272,499,native,43.91,NORMAL,45.32,42.0,True,300,81.8,BULL,BOS UP,HH/HL,MIX/HL,RANGE,87.5,True,True,498,21,74.9,1789695000000,LOW,0.007527,6.8,,,,,,,0,0,0.00802,0.007813,LOW_SWEEP,25,0.007571,False,False,0.6689,499,native,79.34,YORGUN,73.34,85.67,True,300,73.8,BEAR,BOS DN,HH/HL,HH/MIX,TR DN,86.4,True,True,498,69,59.5,1789462800000,HIGH,0.007987,0.83,0.009008,9.18,2,0.007187,5.72,2,1,1,0.009008,0.007187,LOW_SWEEP,126,0.008102,False,False,1.5567,499,native,71.67,NORMAL,77.72,86.33,True,300,18.0,TR-DN,CHOCH DN,LH/LL,LH/LL,TR-DN,90.3,True,True,498,16,65.9,1789473600000,HIGH,0.008968,4.09,,,,0.0058755000000000005,7.59,2,0,2,0.008336,0.0058755000000000005,HIGH_SWEEP,29,0.008437,False,False,3.3227,4011,289,15.09,132.48,-117.39,-79.55,10.23,5.1,DOWN,9,5,147.58,1.5,60.0,1.0,True,0,0.0,0,0.0,0.0,9.4,0.029,0.042,1.0,0.933,4507.25,3118.68,1388.57,18.21,59.1,80.6,UP,194,83,7625.93,23.3,300.0,1.0,True,3,2910.92,2,1634.01,1276.92,50.3,0.317,0.471,1.0,0.987,14757.57,6576.15,8181.41,38.35,69.17,92.3,UP,540,244,21333.72,35.7,900.0,1.0,True,9,9443.81,3,2476.21,6967.59,59.9,0.416,0.582,1.0,0.996,553.68,-814.88,321.15,10.23,-4.22,1.0,-344.3,-1.0263,97.37,0.0638,0.4724,DOWN,1789713736724,SELL,605.78,0.007892140219911931,1789713840000,ok,1.0,1.0,1.0,continuous,1,4,0,,0,0,0,0,False,306,0.007886,0.007887,1.268,-0.118,0.1095,-0.1443,17248.02,13842.15,24.73,1789713924253,984,False,,,,
2,v2,v1.2,REALF_PY_V4_2_DERIVED,ZPTDIFAT_PY_V1_4_DERIVED,fc-v1,native,,058e38aec59f4c35,20260918_064430,18,TNSR_20260918_064527_820,TNSRUSDT,BINANCE,FUTURES,OUTSIDE100,738,200,1789713927820,2026-09-18T06:45:27.820+00:00,17,True,1789713927820,1789713927820,,1789713900000,1789713959999,False,27.8,0.03514,0.0285,55.4,FAIR (DENGE),True,500,56.7,55.9,54.6,50.1,-0.00215,-0.26,-0.15,0.00142,0.536,0.02,2.0,60.0,-51.2,YOK,2.1,1.0,0.03506451094624289,-0.215,CLV_PROXY_1M,0,0.0033,99.7,55.4,52.7,61.6,66.9,2.7,-6.2,-11.5,-0.00215,-0.00023,0.00027,0.0006,45.44,47.56,51.15,45.64,-2.12,-5.71,-0.2,41.12,39.0,500,native,45.44,NORMAL,41.12,39.0,True,300,69.1,BULL,BOS UP,HH/MIX,MIX/HL,SQZ,71.5,True,True,499,15,45.0,1789713000000,LOW,0.03507,2.57,,,,0.03507,2.57,2,0,1,0.03521,0.03507,HIGH_SWEEP,17,0.03515,False,False,0.0775,499,native,53.48,NORMAL,56.05,54.0,True,300,75.4,BULL,BOS UP,HH/MIX,HH/HL,RANGE,70.5,True,True,498,8,70.7,1789712460000,LOW,0.03507,1.12,,,,0.03507,1.12,3,0,1,0.03521,0.03507,HIGH_SWEEP,6,0.03517,False,False,0.1784,499,native,46.6,NORMAL,50.54,46.33,True,300,29.0,BULL,BOS UP,LH/LL,HH/MIX,RANGE,78.1,True,True,498,44,51.5,1789700700000,LOW,0.03481,3.73,,,,0.03454,6.78,2,0,2,0.03536,0.03454,HIGH_SWEEP,49,0.03498,False,False,0.2519,499,native,38.04,NORMAL,37.28,34.0,True,300,83.8,BULL,BOS UP,HH/HL,MIX/HL,RANGE,93.4,True,True,498,20,59.8,1789695900000,LOW,0.03454,3.49,,,,0.034375,4.45,2,0,1,0.03583,0.034375,HIGH_SWEEP,17,0.03497,False,False,0.4898,499,native,74.41,YORGUN,59.52,68.0,True,300,74.8,BULL,BOS UP,MIX/HL,MIX/HL,TR UP,73.8,True,True,498,5,52.8,1789693200000,LOW,0.03405,2.78,,,,,,,0,0,0.03497,0.03438,LOW_SWEEP,36,0.03304,False,False,1.1171,499,native,78.13,YORGUN,77.5,87.0,True,300,76.4,BULL,BOS UP,HH/MIX,HH/HL,RANGE,71.9,True,True,498,1,56.6,1789689600000,LOW,0.03258,3.29,0.037065,2.48,2,0.029225,7.61,2,1,1,0.037065,0.029225,EQH_SWEEP,59,0.037065,False,False,2.178,15181,94,21.93,20.01,1.92,4.58,52.29,59.2,UP,5,3,41.95,2.5,60.0,1.0,True,0,0.0,0,0.0,0.0,0.0,0.048,0.0,1.0,0.747,835.88,133.92,701.97,72.38,86.19,94.9,UP,27,17,969.8,3.9,300.0,1.0,True,2,795.44,0,0.0,795.44,22.9,0.073,0.247,1.0,0.949,2880.86,1851.46,1029.4,21.75,60.88,84.1,UP,189,72,4732.33,19.2,900.0,1.0,True,5,1759.85,3,1154.9,604.94,46.1,0.278,0.419,1.0,0.983,-5.45,-115.37,-96.19,-17.61,-2.47,1.0,5.09,0.2303,98.31,0.5069,0.912,NONE,1789713667533,BUY,487.17,0.035177856652874956,1789713840000,ok,1.0,1.0,1.0,continuous,1,3,0,,0,0,0,0,False,340,0.03513,0.03514,2.846,1.368,0.0642,0.4789,18916.5,16632.79,55.5,1789713927671,149,False,,,,
2,v2,v1.2,REALF_PY_V4_2_DERIVED,ZPTDIFAT_PY_V1_4_DERIVED,fc-v1,native,,058e38aec59f4c35,20260918_064430,19,VELVET_20260918_064530_605,VELVETUSDT,BINANCE,FUTURES,OUTSIDE100,761,200,1789713930605,2026-09-18T06:45:30.605+00:00,17,True,1789713930385,1789713930605,,1789713900000,1789713959999,False,30.4,0.05574,0.0359,40.9,PRICE LAG,True,500,35.3,53.1,37.4,41.9,-0.0023,0.1,1.48,0.00197,0.372,1.67,92.3,35.0,7.6,WHALE BUY L1,17.8,0.841,0.05561167037148692,-0.23,CLV_PROXY_1M,0,0.0,100.0,40.9,48.4,48.6,63.5,-7.5,-7.7,-22.6,-0.0023,0.00229,0.0033,0.0061,56.95,53.15,51.16,48.9,3.8,5.79,8.05,62.59,73.33,500,native,56.95,NORMAL,62.59,73.33,True,300,51.1,TR-DN,CHOCH DN,MIX/HL,LH/LL,TR-DN,74.0,True,True,499,19,60.6,1789712760000,HIGH,0.05615,2.83,0.056855,7.69,2,0.055404999999999996,2.31,2,1,1,0.056855,0.055404999999999996,EQL_SWEEP,73,0.055625,False,False,0.2603,499,native,48.68,NORMAL,52.62,56.67,True,300,51.3,BEAR,BOS DN,HH/MIX,LH/LL,RANGE,72.7,True,True,498,26,40.9,1789709220000,HIGH,0.05649,3.09,,,,,,,0,0,0.05615,0.05544,LOW_SWEEP,6,0.05556,False,False,0.4354,499,native,43.84,NORMAL,50.46,48.67,True,300,17.1,BEAR,BOS DN,LH/LL,HH/MIX,RANGE,86.8,True,True,498,16,49.3,1789709100000,HIGH,0.05671,3.17,,,,0.0515,13.84,2,0,1,0.05615,0.0515,HIGH_SWEEP,28,0.05618,False,False,0.5498,499,native,34.7,NORMAL,38.02,31.67,True,300,70.9,BULL,BOS UP,HH/MIX,HH/MIX,RANGE,71.4,True,True,498,9,44.5,1789705800000,LOW,0.05548,0.47,,,,0.0515,7.66,3,0,1,0.05671,0.0515,HIGH_SWEEP,8,0.05649,False,False,0.9931,499,native,34.52,NORMAL,29.82,29.67,True,300,70.4,BULL,BOS UP,HH/MIX,LH/LL,TR UP,75.1,True,True,498,14,40.8,1789660800000,LOW,0.0494,4.76,,,,,,,0,0,0.06014,0.0494,HIGH_SWEEP,13,0.05886,False,False,2.3885,499,native,78.97,YORGUN,67.11,85.0,True,300,48.0,BEAR,BOS DN,MIX/HL,HH/HL,TR DN,65.7,True,True,498,16,34.6,1789473600000,HIGH,0.0633,2.95,,,,,,,0,0,0.0536,0.0494,HIGH_SWEEP,6,0.0536,False,False,4.6002,8288,1081,2652.05,9430.47,-6778.42,-56.1,21.95,5.5,DOWN,194,82,12082.52,6.7,60.0,1.0,True,3,1925.25,5,8750.85,-6825.59,34.5,0.118,0.521,1.0,0.862,11471.51,25540.88,-14069.37,-38.01,30.99,7.8,DOWN,782,313,37012.4,38.4,300.0,1.0,True,18,9465.57,13,23342.32,-13876.76,62.5,0.434,0.642,1.0,0.972,56713.63,51231.06,5482.58,5.08,52.54,60.2,UP,2206,951,107944.69,116.3,900.0,1.0,True,58,51083.28,28,44545.62,6537.66,79.7,0.699,0.758,1.0,0.991,-7678.81,-14349.43,-6169.26,-37.1,-19.42,1.0,-1399.99,-0.2195,-2416.83,-0.3265,-0.0767,NONE,1789713919656,SELL,823.97,0.055684785429478946,1789713840000,ok,1.0,1.0,1.0,continuous,1,81,0,,0,0,0,0,False,374,0.05574,0.05575,1.794,-0.563,-0.1078,-0.1514,9443.02,11725.3,34.98,1789713929834,771,False,,AGGRESSIVE_SELLER,,
2,v2,v1.2,REALF_PY_V4_2_DERIVED,ZPTDIFAT_PY_V1_4_DERIVED,fc-v1,native,,058e38aec59f4c35,20260918_064430,20,ZKC_20260918_064533_199,ZKCUSDT,BINANCE,FUTURES,OUTSIDE100,1142,200,1789713933199,2026-09-18T06:45:33.199+00:00,17,True,1789713933167,1789713933199,,1789713900000,1789713959999,False,33.2,0.03836,-0.0781,41.9,PRICE LAG,True,500,39.3,42.0,44.0,49.5,0.00346,-0.58,-0.19,0.00149,0.391,0.16,3.3,45.0,-1.1,YOK,4.7,1.0,0.03849281613038954,0.346,CLV_PROXY_1M,0,0.0,100.0,41.9,42.9,42.5,38.1,-1.0,-0.6,3.8,0.00346,0.0004,-0.00028,0.00034,59.68,64.15,64.88,59.0,-4.47,-5.2,0.68,48.35,51.33,500,native,59.68,NORMAL,48.35,51.33,True,300,27.2,BULL,BOS UP,LH/LL,LH/MIX,SQZ,83.3,True,True,499,52,38.3,1789710780000,LOW,0.03831,1.19,,,,,,,0,0,0.03846,0.0383,LOW_SWEEP,10,0.03835,False,False,0.1094,499,native,43.69,NORMAL,40.12,36.0,True,300,30.6,BULL,BOS UP,LH/LL,EQ/RANGE,RANGE,84.8,True,True,498,36,58.8,1789707420000,LOW,0.03801,4.22,,,,0.03749,10.48,2,0,1,0.03855,0.03749,HIGH_SWEEP,34,0.03865,False,False,0.2163,499,native,35.28,NORMAL,38.39,35.0,True,300,67.1,BULL,BOS UP,MIX/HL,LH/MIX,RANGE,74.3,True,True,498,22,50.4,1789707300000,LOW,0.03801,2.82,,,,,,,0,0,0.03855,0.03831,HIGH_SWEEP,21,0.03869,False,False,0.3237,499,native,44.86,NORMAL,38.89,36.67,True,300,87.9,BULL,BOS UP,HH/HL,HH/HL,RANGE,90.3,True,True,498,8,52.3,1789706700000,LOW,0.03789,1.81,0.049025,41.05,2,0.037065,4.98,2,1,1,0.049025,0.037065,LOW_SWEEP,153,0.03752,False,False,0.6768,499,native,73.49,YORGUN,63.59,72.67,True,300,58.0,BEAR,BOS DN,MIX/HL,HH/HL,TR DN,64.1,True,True,498,53,61.2,1789520400000,HIGH,0.04772,16.71,0.05792,34.91,2,,,,1,0,0.05792,0.03718,EQH_SWEEP,6,0.03827,False,False,1.4589,499,native,43.68,NORMAL,50.92,57.67,True,300,15.6,BEAR,BOS DN,LH/LL,LH/MIX,TR DN,90.7,True,True,498,18,73.5,1789444800000,HIGH,0.04904,8.48,,,,0.036074999999999996,1.81,2,0,1,0.03878,0.036074999999999996,HIGH_SWEEP,1,0.03878,True,False,3.2744,5826,352,181.24,121.95,59.29,19.56,59.78,82.0,UP,13,8,303.18,3.8,60.0,1.0,True,0,0.0,0,0.0,0.0,18.1,0.07,0.12,1.0,0.903,3021.24,2635.09,386.16,6.83,53.41,63.5,UP,149,82,5656.33,21.0,300.0,1.0,True,3,1816.69,3,1947.36,-130.67,47.9,0.296,0.438,1.0,0.981,9598.68,5724.29,3874.39,25.28,62.64,86.8,UP,532,288,15322.97,57.9,900.0,1.0,True,12,6181.32,3,1947.36,4233.96,65.0,0.537,0.546,1.0,0.994,1693.89,243.06,829.18,53.66,2.12,1.0,-205.05,-0.1521,88.72,0.0784,0.2381,DOWN,1789713818989,SELL,1060.69,0.03836828829806475,1789713840000,ok,1.0,1.0,1.0,continuous,1,8,0,,0,0,0,0,False,408,0.03836,0.03837,2.607,0.47,-0.008,0.3531,19696.52,20013.15,50.83,1789713932266,933,False,,,,
2,v2,v1.2,REALF_PY_V4_2_DERIVED,ZPTDIFAT_PY_V1_4_DERIVED,fc-v1,native,,058e38aec59f4c35,20260918_064430,21,ETH_20260918_064538_973,ETHUSDT,BINANCE,FUTURES,TOP100,2,75000,1789713938973,2026-09-18T06:45:38.973+00:00,17,True,1789713938771,1789713938973,58.1,1789713900000,1789713959999,False,38.8,2484.61,-0.0113,51.5,FAIR (DENGE),True,500,51.8,52.3,50.1,50.6,-0.00064,-0.08,0.18,0.00144,0.728,0.87,35.3,60.0,-13.3,YOK,2.3,1.0,2483.0134696000623,-0.064,CLV_PROXY_1M,0,0.0,100.0,51.5,51.8,55.1,57.2,-0.3,-3.6,-5.7,-0.00064,0.00025,0.00038,0.00057,62.08,60.23,56.97,52.61,1.85,5.11,9.47,65.7,68.0,500,native,62.08,NORMAL,65.7,68.0,True,300,36.9,BULL,BOS UP,LH/LL,HH/MIX,SQZ,85.9,True,True,499,23,63.9,1789712520000,LOW,2481.26,2.32,,,,2469.0299999999997,10.79,2,0,2,2486.1,2469.0299999999997,HIGH_SWEEP,22,2486.11,False,False,0.0581,499,native,59.01,NORMAL,63.72,69.0,True,300,41.8,BULL,BOS UP,MIX/LL,EQ/RANGE,RANGE,79.1,True,True,498,37,76.1,1789707240000,LOW,2469.0,4.86,2486.685,0.59,2,,,,1,0,2486.685,2477.52,HIGH_SWEEP,8,2486.49,False,False,0.1307,499,native,52.43,NORMAL,58.07,56.0,True,300,69.2,BULL,BOS UP,MIX/HL,MIX/LL,TR UP,75.1,True,True,498,19,61.2,1789708200000,LOW,2469.0,3.37,,,,2365.835,25.44,2,0,1,2486.88,2365.835,HIGH_SWEEP,20,2482.2,False,False,0.1882,499,native,65.46,NORMAL,62.07,65.67,True,300,72.9,BULL,BOS UP,HH/MIX,HH/HL,TR UP,74.1,True,True,498,7,39.9,1789707600000,LOW,2435.39,6.21,,,,2435.74,6.16,2,0,1,2492.55,2435.74,HIGH_SWEEP,6,2484.99,False,False,0.3202,499,native,79.87,YORGUN,87.74,97.33,True,300,73.3,BEAR,BOS DN,HH/HL,HH/MIX,TR DN,84.8,True,True,498,65,44.7,1789477200000,HIGH,2614.99,7.62,,,,,,,0,0,2484.0,2435.39,HIGH_SWEEP,1,2484.0,True,False,0.6888,499,native,65.66,NORMAL,77.12,88.33,True,300,51.7,TR-DN,CHOCH DN,MIX/HL,MIX/HL,TR-DN,70.6,True,True,498,14,32.7,1789502400000,HIGH,2614.99,3.27,,,,1862.655,15.61,2,0,2,2614.99,1862.655,HIGH_SWEEP,38,2522.75,False,False,1.6086,42,1447,1490226.15,1397594.86,92631.3,3.21,51.6,56.5,UP,1881,407,2887821.01,8.1,60.0,1.0,True,2,1073487.11,5,776724.61,296762.5,45.4,0.139,1.0,1.0,0.999,3091739.08,4231856.52,-1140117.45,-15.57,42.22,22.6,DOWN,6131,1447,7323595.6,36.9,233.3,0.7777,False,7,2013934.43,15,2255996.94,-242062.51,67.5,0.425,1.0,0.778,1.0,3091739.08,4231856.52,-1140117.45,-15.57,42.22,22.6,DOWN,6131,1447,7323595.6,36.9,233.3,0.2592,False,7,2013934.43,15,2255996.94,-242062.51,54.2,0.425,1.0,0.259,1.0,637496.8,,,20.78,,0.1926,-144357.11,-0.0716,,,,,1789713912658,SELL,92457.57,2484.2833044039016,1789713840000,ok,1.0,1.0,1.0,continuous,1,404,0,,0,0,0,0,False,442,2484.6,2484.61,0.04,-0.002,-0.0448,-0.0839,449167.64,491348.04,0.87,1789713938641,332,False,,,,
2,v2,v1.2,REALF_PY_V4_2_DERIVED,ZPTDIFAT_PY_V1_4_DERIVED,fc-v1,native,,058e38aec59f4c35,20260918_064430,22,BNB_20260918_064541_552,BNBUSDT,BINANCE,FUTURES,TOP100,4,25000,1789713941552,2026-09-18T06:45:41.552+00:00,17,True,1789713941542,1789713941552,58.1,1789713900000,1789713959999,False,41.5,753.74,-0.0106,43.3,FAIR (DENGE),True,500,41.9,44.3,44.4,45.2,0.00139,-0.1,0.53,0.00104,0.733,1.79,54.7,50.0,-10.3,YOK,2.5,1.0,754.7889565713273,0.139,CLV_PROXY_1M,0,0.0,100.0,43.3,50.6,50.0,54.7,-7.3,-6.7,-11.4,0.00139,0.00077,0.00078,0.00077,64.27,64.59,62.26,51.67,-0.32,2.01,12.6,64.3,61.67,500,native,64.27,NORMAL,64.3,61.67,True,300,45.8,BEAR,BOS DN,HH/MIX,LH/LL,RANGE,75.1,True,True,499,16,52.5,1789712940000,HIGH,754.74,2.75,,,,735.76,49.52,2,0,1,754.74,735.76,HIGH_SWEEP,23,754.62,False,False,0.0482,499,native,41.16,NORMAL,49.36,33.67,True,300,70.9,BULL,BOS UP,HH/MIX,MIX/HL,RANGE,74.2,True,True,498,14,53.9,1789711380000,LOW,751.67,2.26,,,,733.985,21.65,2,0,2,755.98,733.985,HIGH_SWEEP,29,753.4,False,False,0.121,499,native,49.29,NORMAL,54.41,45.67,True,300,70.6,BULL,BOS UP,HH/MIX,HH/MIX,TR UP,80.5,True,True,498,19,50.9,1789708200000,LOW,749.39,3.12,,,,751.405,1.68,2,0,2,755.98,751.405,HIGH_SWEEP,8,755.08,False,False,0.1847,499,native,57.01,NORMAL,58.7,49.33,True,300,78.2,BULL,BOS UP,HH/HL,HH/HL,TR UP,91.5,True,True,498,30,31.8,1789686900000,LOW,733.95,7.9,,,,,,,0,0,754.71,733.95,HIGH_SWEEP,6,754.71,False,False,0.3323,499,native,94.11,ASIRI,90.79,95.33,True,300,72.9,BULL,BOS UP,HH/MIX,HH/MIX,TR UP,76.1,True,True,498,10,47.2,1789675200000,LOW,721.24,7.07,,,,,,,0,0,732.95,721.24,HIGH_SWEEP,18,729.58,False,False,0.6104,499,native,88.99,ASIRI,96.29,95.67,True,300,40.4,BULL,BOS UP,LH/LL,HH/HL,RANGE,86.1,True,True,498,4,31.3,1789646400000,LOW,704.34,5.25,,,,,,,0,0,725.94,704.34,HIGH_SWEEP,6,725.94,False,False,1.2519,283,1177,59123.39,350423.41,-291300.02,-71.13,14.44,5.1,DOWN,736,168,409546.8,28.4,60.0,1.0,True,0,0.0,4,235265.74,-235265.74,64.6,0.363,0.903,1.0,0.995,299384.15,673454.46,-374070.31,-38.45,30.77,7.6,DOWN,2400,534,972838.62,54.4,300.0,1.0,True,1,48155.55,8,409340.62,-361185.07,77.0,0.521,0.997,1.0,0.999,837906.5,917299.33,-79392.83,-4.52,47.74,40.9,DOWN,5297,1177,1755205.83,127.6,545.0,0.6055,False,4,150214.36,9,442041.4,-291827.04,79.2,0.719,1.0,0.606,1.0,-292919.99,-440354.89,,-37.51,-22.97,0.5388,-115901.48,-0.551,-73179.72,-0.3761,0.272,DOWN,1789713912693,SELL,26661.52,753.3631958180277,1789713840000,ok,1.0,1.0,1.0,continuous,1,166,0,,0,0,0,0,False,476,753.81,753.82,0.133,0.059,0.2733,0.9069,226166.6,129070.49,2.59,1789713941401,151,False,,AGGRESSIVE_SELLER,,
2,v2,v1.2,REALF_PY_V4_2_DERIVED,ZPTDIFAT_PY_V1_4_DERIVED,fc-v1,native,,058e38aec59f4c35,20260918_064430,23,XRP_20260918_064544_141,XRPUSDT,BINANCE,FUTURES,TOP100,5,25000,1789713944141,2026-09-18T06:45:44.141+00:00,17,True,1789713944125,1789713944141,58.1,1789713900000,1789713959999,False,44.1,1.3228,-0.0151,52.5,FAIR (DENGE),True,500,52.2,57.8,46.9,51.8,-0.00272,-0.23,0.33,0.00167,0.757,1.4,70.7,55.0,-13.9,YOK,10.9,0.656,1.3192006057520123,-0.272,CLV_PROXY_1M,0,0.0,100.0,52.5,60.0,59.4,67.6,-7.5,-6.9,-15.1,-0.00272,0.00103,0.0008,0.00157,67.21,69.07,72.6,69.77,-1.86,-5.39,-2.56,62.68,63.33,500,native,67.21,NORMAL,62.68,63.33,True,300,73.9,BEAR,BOS DN,HH/HL,MIX/HL,SQZ,86.6,True,True,499,60,52.6,1789710300000,HIGH,1.3237,0.73,,,,1.3032,15.99,2,0,2,1.3245,1.3032,HIGH_SWEEP,9,1.3232,False,False,0.0926,499,native,75.48,YORGUN,73.6,81.0,True,300,41.0,BULL,BOS UP,LH/LL,HH/HL,RANGE,87.7,True,True,498,2,29.6,1789713540000,LOW,1.3164,2.59,,,,,,,0,0,1.3228,1.3164,HIGH_SWEEP,6,1.3228,False,False,0.1865,499,native,68.44,NORMAL,75.65,80.67,True,300,60.5,BULL,BOS UP,MIX/HL,LH/LL,RANGE,74.0,True,True,498,36,67.7,1789703100000,LOW,1.3045,5.45,,,,,,,0,0,1.3228,1.3164,HIGH_SWEEP,4,1.3228,False,False,0.2536,499,native,58.78,NORMAL,58.29,64.0,True,300,76.5,TR-UP,CHOCH UP,HH/HL,MIX/HL,TR-UP,84.3,True,True,498,23,25.8,1789693200000,LOW,1.2867,6.54,,,,,,,0,0,1.3286,1.3133,HIGH_SWEEP,24,1.3002,False,False,0.4171,499,native,80.85,YORGUN,81.06,92.0,True,300,74.1,TR-UP,CHOCH UP,HH/MIX,HH/MIX,TR-UP,74.3,True,True,498,3,82.2,1789700400000,LOW,1.2867,2.98,,,,,,,0,0,1.3201,1.2867,HIGH_SWEEP,1,1.3201,True,False,0.9194,499,native,49.67,NORMAL,58.95,75.0,True,300,47.1,TR-DN,CHOCH DN,HH/MIX,MIX/LL,TR-DN,75.8,True,True,498,15,73.1,1789488000000,HIGH,1.4916,5.31,1.5507,7.16,2,0.98775,10.53,2,1,1,1.5507,0.98775,EQH_SWEEP,57,1.43175,False,False,2.3989,236,1257,325761.93,646198.07,-320436.14,-32.97,33.52,9.3,DOWN,1437,186,971960.01,23.6,60.0,1.0,True,4,157560.92,9,539577.81,-382016.89,63.3,0.32,0.997,1.0,0.996,1141471.68,1213895.62,-72423.94,-3.07,48.46,43.8,DOWN,4874,625,2355367.3,64.5,300.0,1.0,True,10,633647.39,15,789932.04,-156284.64,79.5,0.563,1.0,1.0,0.999,3288101.62,2765172.67,522928.96,8.64,54.32,66.8,UP,11162,1257,6053274.29,167.2,556.8,0.6187,False,36,2235542.59,31,1658845.06,576697.52,81.8,0.77,1.0,0.619,1.0,-649761.9,-1169308.01,,-39.5,-20.68,0.552,47564.96,0.0792,15254.9,0.0324,0.3164,NONE,1789713915778,BUY,29967.04,1.3224,1789713840000,ok,1.0,1.0,1.0,continuous,1,180,0,,0,0,0,0,False,510,1.3229,1.323,0.756,0.285,0.0209,0.6359,1092408.96,1047733.8,14.74,1789713943980,161,False,,,,
2,v2,v1.2,REALF_PY_V4_2_DERIVED,ZPTDIFAT_PY_V1_4_DERIVED,fc-v1,native,,058e38aec59f4c35,20260918_064430,24,DOGE_20260918_064546_707,DOGEUSDT,BINANCE,FUTURES,TOP100,12,15000,1789713946707,2026-09-18T06:45:46.707+00:00,17,True,1789713946707,1789713946707,58.1,1789713900000,1789713959999,False,46.7,0.08426,-0.0119,52.0,FAIR (DENGE),True,500,52.3,54.1,49.3,50.6,-0.00139,-0.63,-0.23,0.00155,0.697,0.62,22.7,50.0,-26.7,YOK,4.8,0.869,0.08414267843057674,-0.139,CLV_PROXY_1M,0,0.0,100.0,52.0,53.1,55.6,64.4,-1.1,-3.6,-12.4,-0.00139,0.00028,0.00034,0.001,43.36,45.39,51.35,59.92,-2.03,-7.99,-16.56,43.31,27.67,500,native,43.36,NORMAL,43.31,27.67,True,300,68.0,BEAR,BOS DN,HH/HL,MIX/HL,SQZ,88.9,True,True,499,27,38.7,1789712280000,HIGH,0.08443,2.34,0.084395,1.86,2,0.08135,40.0,2,1,1,0.084395,0.08135,EQH_SWEEP,9,0.084395,False,False,0.0863,499,native,47.98,NORMAL,46.4,38.67,True,300,60.6,BULL,BOS UP,MIX/HL,HH/HL,RANGE,73.3,True,True,498,36,48.5,1789707420000,LOW,0.08373,3.63,0.08449000000000001,1.58,2,,,,1,0,0.08449000000000001,0.08417,LOW_SWEEP,15,0.08419,False,False,0.1733,499,native,42.24,NORMAL,45.74,34.0,True,300,62.0,BULL,BOS UP,MIX/HL,MIX/HL,TR UP,80.0,True,True,498,36,93.1,1789703100000,LOW,0.08223,9.37,,,,0.07986,20.32,2,0,1,0.08448,0.07986,HIGH_SWEEP,20,0.08459,False,False,0.257,499,native,58.22,NORMAL,52.96,53.33,True,300,79.4,BULL,BOS UP,HH/HL,HH/HL,TR UP,84.7,True,True,498,22,43.6,1789694100000,LOW,0.08114,8.83,,,,0.080555,10.49,2,0,1,0.08469,0.080555,HIGH_SWEEP,65,0.08179,False,False,0.4181,499,native,88.93,ASIRI,85.15,96.67,True,300,89.8,BULL,BOS UP,HH/HL,LH/LL,TR UP,90.7,True,True,498,4,51.5,1789696800000,LOW,0.08114,4.31,,,,,,,0,0,0.08253,0.08114,HIGH_SWEEP,21,0.08134,False,False,0.8609,499,native,72.88,YORGUN,85.79,92.33,True,300,47.5,BEAR,BOS DN,HH/MIX,LH/MIX,TR DN,73.2,True,True,498,16,26.7,1789473600000,HIGH,0.08616,1.25,,,,0.07835,3.86,2,0,1,0.08616,0.07835,HIGH_SWEEP,20,0.08534,False,False,1.8093,1589,1081,43872.22,93874.12,-50001.9,-36.3,31.85,8.2,DOWN,443,66,137746.35,8.0,60.0,1.0,True,0,0.0,1,35947.4,-35947.4,41.9,0.137,0.785,1.0,0.974,111334.56,316025.46,-204690.9,-47.9,26.05,6.1,DOWN,2177,331,427360.02,23.3,300.0,1.0,True,0,0.0,5,148672.02,-148672.02,61.4,0.318,0.908,1.0,0.995,1325347.23,1388171.61,-62824.38,-2.32,48.84,45.3,FLAT,8380,1081,2713518.84,126.2,771.3,0.857,False,19,787307.72,23,666779.14,120528.58,84.8,0.716,1.0,0.857,0.998,-47278.82,-194779.64,,-15.24,-23.13,0.7904,-17579.53,-0.2504,-37771.37,-0.4419,-0.0358,NONE,1789713912656,SELL,35947.4,0.08423999999999998,1789713840000,ok,1.0,1.0,1.0,continuous,1,63,0,,0,0,0,0,False,544,0.08426,0.08427,1.187,0.077,-0.3666,0.2334,996792.57,2150422.71,23.14,1789713946561,146,False,,,,
2,v2,v1.2,REALF_PY_V4_2_DERIVED,ZPTDIFAT_PY_V1_4_DERIVED,fc-v1,native,,058e38aec59f4c35,20260918_064430,25,LINK_20260918_064549_288,LINKUSDT,BINANCE,FUTURES,TOP100,17,10000,1789713949288,2026-09-18T06:45:49.288+00:00,17,True,1789713949288,1789713949288,57.9,1789713900000,1789713959999,False,49.3,11.83,-0.0338,54.7,FAIR (DENGE),True,500,56.9,52.6,54.1,51.5,-0.00121,0.14,-0.0,0.0019,0.673,0.65,27.7,45.0,3.3,YOK,4.3,1.0,11.815716749114946,-0.121,CLV_PROXY_1M,0,0.0,100.0,54.7,55.8,54.7,54.9,-1.1,0.0,-0.2,-0.00121,0.00034,5e-05,-0.00024,79.1,80.36,77.33,74.62,-1.26,1.77,4.48,76.94,74.33,500,native,79.1,YORGUN,76.94,74.33,True,300,88.6,BULL,BOS UP,HH/HL,HH/HL,TR UP,92.9,True,True,499,9,55.7,1789713360000,LOW,11.772,4.47,,,,11.377500000000001,34.85,2,0,1,11.811,11.377500000000001,HIGH_SWEEP,28,11.779,False,False,0.1097,499,native,83.13,ASIRI,80.87,86.67,True,300,44.1,BULL,BOS UP,LH/LL,HH/MIX,RANGE,88.3,True,True,498,8,67.9,1789712460000,LOW,11.705,4.48,,,,,,,0,0,11.776,11.705,HIGH_SWEEP,13,11.776,False,False,0.2339,499,native,79.32,YORGUN,84.79,89.33,True,300,76.2,BULL,BOS UP,HH/MIX,LH/LL,TR UP,75.7,True,True,498,2,46.5,1789713300000,LOW,11.705,3.18,,,,,,,0,0,11.817,11.705,HIGH_SWEEP,22,11.802,False,False,0.33,499,native,66.85,NORMAL,70.07,72.67,True,300,91.2,BULL,BOS UP,HH/HL,HH/HL,TR UP,88.4,True,True,498,1,59.4,1789713000000,LOW,11.647,2.88,,,,11.0905,11.57,2,0,1,11.817,11.0905,HIGH_SWEEP,65,11.34,False,False,0.5406,499,native,90.87,ASIRI,89.47,96.0,True,300,83.3,TR-UP,CHOCH UP,HH/HL,MIX/LL,TR-UP,86.0,True,True,498,5,51.0,1789693200000,LOW,11.089,6.16,12.7855,7.92,2,,,,1,0,12.7855,11.25,LOW_SWEEP,37,10.67,False,False,1.0287,499,native,76.07,YORGUN,89.31,93.33,True,300,17.7,BEAR,BOS DN,LH/LL,HH/MIX,RANGE,86.2,True,True,498,15,24.8,1789488000000,HIGH,11.961,0.52,,,,8.062,15.03,2,0,1,11.961,8.062,EQH_SWEEP,83,12.035499999999999,False,False,2.133,2104,1090,39758.27,39445.45,312.83,0.39,50.2,50.8,FLAT,377,77,79203.72,23.4,60.0,1.0,True,0,0.0,0,0.0,0.0,57.3,0.319,0.725,1.0,0.965,184264.34,159322.3,24942.03,7.26,53.63,64.3,UP,1546,305,343586.64,84.3,300.0,1.0,True,2,33390.29,3,34929.76,-1539.48,79.9,0.628,0.884,1.0,0.993,1106860.13,624042.55,482817.58,27.89,63.95,88.4,UP,6292,1090,1730902.67,253.5,885.8,0.9842,False,19,481222.15,8,122188.37,359033.78,92.7,0.835,1.0,0.984,0.998,-26036.72,-54583.6,,-16.46,-5.75,0.9176,17272.16,0.2456,8575.26,0.1248,0.0685,NONE,1789713888524,BUY,21558.91,11.835213302664155,1789713840000,ok,1.0,1.0034,1.0,continuous,1,73,0,,0,0,0,0,False,578,11.829,11.83,0.845,0.292,0.1194,0.3623,238651.05,187744.66,16.48,1789713949100,188,False,,,,
2,v2,v1.2,REALF_PY_V4_2_DERIVED,ZPTDIFAT_PY_V1_4_DERIVED,fc-v1,native,,058e38aec59f4c35,20260918_064430,26,ADA_20260918_064551_874,ADAUSDT,BINANCE,FUTURES,TOP100,19,10000,1789713951874,2026-09-18T06:45:51.874+00:00,17,True,1789713951858,1789713951874,57.9,1789713900000,1789713959999,False,51.9,0.2138,-0.0468,52.5,FAIR (DENGE),True,500,54.3,47.0,56.5,50.3,0.00135,0.42,-0.1,0.00158,0.628,0.42,7.3,40.0,-12.4,YOK,9.5,0.623,0.21408834986623865,0.135,CLV_PROXY_1M,0,0.0,100.0,52.5,52.3,51.6,49.7,0.2,0.9,2.8,0.00135,-0.00022,-0.00106,-0.00157,71.95,70.29,55.8,49.5,1.66,16.15,22.45,76.03,75.33,500,native,71.95,NORMAL,76.03,75.33,True,300,76.5,TR-UP,CHOCH UP,HH/HL,HH/HL,SQZ,89.8,True,True,499,30,50.5,1789712100000,LOW,0.2126,4.12,0.2151,4.46,2,,,,1,0,0.2151,0.2132,EQH_SWEEP,9,0.2138,False,False,0.1362,499,native,73.83,YORGUN,74.55,75.0,True,300,22.8,BEAR,BOS DN,LH/LL,MIX/HL,RANGE,86.5,True,True,498,29,70.8,1789708680000,HIGH,0.2173,6.47,,,,,,,0,0,0.2151,0.2121,LOW_SWEEP,49,0.2143,False,False,0.2529,499,native,62.98,NORMAL,71.63,72.67,True,300,20.2,TR-DN,CHOCH DN,LH/LL,LH/LL,TR-DN,85.4,True,True,498,11,28.1,1789710600000,HIGH,0.2151,1.75,,,,0.1903,31.72,3,0,1,0.2151,0.1903,HIGH_SWEEP,35,0.2159,False,False,0.3463,499,native,45.06,NORMAL,43.7,38.67,True,300,66.3,BULL,BOS UP,MIX/HL,LH/LL,TR UP,78.2,True,True,498,27,55.4,1789689600000,LOW,0.1997,9.51,0.21739999999999998,2.43,2,0.1972,11.2,2,1,2,0.21739999999999998,0.1972,HIGH_SWEEP,28,0.2027,False,False,0.6932,499,native,86.28,ASIRI,76.78,89.67,True,300,87.0,BULL,BOS UP,HH/HL,HH/HL,EXP UP,84.6,True,True,498,6,53.5,1789689600000,LOW,0.1901,7.65,,,,,,,0,0,0.2042,0.1997,EQH_SWEEP,29,0.19690000000000002,False,False,1.4575,499,native,75.88,YORGUN,88.6,90.33,True,300,41.5,TR-UP,CHOCH UP,LH/LL,LH/LL,TR-UP,84.5,True,True,498,1,52.5,1789689600000,LOW,0.1901,4.35,,,,,,,0,0,0.2159,0.1901,LOW_SWEEP,52,0.2148,False,True,2.5151,1607,1003,25449.96,44221.13,-18771.17,-26.94,36.53,12.2,DOWN,166,63,69671.1,4.9,60.0,1.0,True,1,10151.3,1,25919.76,-15768.46,34.3,0.09,0.711,1.0,0.973,192682.83,205891.81,-13208.98,-3.31,48.34,43.3,DOWN,916,292,398574.64,16.0,300.0,1.0,True,6,138116.29,4,153748.99,-15632.7,54.9,0.242,0.9,1.0,0.995,971739.05,757887.63,213851.42,12.36,56.18,72.9,UP,3868,904,1729626.68,51.6,900.0,1.0,True,26,781341.5,17,577691.11,203650.39,76.2,0.508,1.0,1.0,0.998,-30678.17,-113172.15,-25732.72,-27.72,-12.01,1.0,6720.37,0.1197,5792.79,0.0727,0.0881,NONE,1789713912652,SELL,25919.76,0.2139,1789713840000,ok,1.0,1.0,1.0,continuous,1,62,0,,0,0,0,0,False,612,0.2138,0.2139,4.676,0.06,0.1042,-0.1094,2448259.12,1986232.75,91.19,1789713951678,196,False,,,,
2,v2,v1.2,REALF_PY_V4_2_DERIVED,ZPTDIFAT_PY_V1_4_DERIVED,fc-v1,native,,058e38aec59f4c35,20260918_064430,27,LTC_20260918_064554_670,LTCUSDT,BINANCE,FUTURES,TOP100,25,10000,1789713954670,2026-09-18T06:45:54.670+00:00,17,True,1789713954432,1789713954670,58.1,1789713900000,1789713959999,False,54.4,54.98,-0.0364,57.5,FAIR (DENGE),True,500,59.6,57.6,55.9,51.3,-0.00265,0.29,0.19,0.00125,0.563,0.29,18.0,50.0,-15.0,YOK,3.7,1.0,54.834479899459296,-0.265,CLV_PROXY_1M,0,0.0,100.0,57.5,59.2,64.4,62.8,-1.7,-6.9,-5.3,-0.00265,0.00029,0.00098,0.00016,73.88,74.15,65.86,60.54,-0.27,8.02,13.34,71.96,76.33,500,native,73.88,YORGUN,71.96,76.33,True,300,82.8,BULL,BOS UP,HH/HL,MIX/HL,TR UP,86.9,True,True,499,18,64.2,1789712820000,LOW,54.78,3.77,,,,54.76,4.15,2,0,2,55.02,54.76,HIGH_SWEEP,42,54.92,False,False,0.0964,499,native,73.51,YORGUN,79.6,87.33,True,300,75.3,BULL,BOS UP,HH/HL,HH/HL,RANGE,91.8,True,True,498,37,50.6,1789707240000,LOW,54.29,6.76,55.0,0.2,2,,,,1,0,55.0,54.78,EQH_SWEEP,6,55.0,False,False,0.1857,499,native,69.96,NORMAL,79.46,81.67,True,300,76.2,BULL,BOS UP,HH/HL,HH/HL,TR UP,87.5,True,True,498,36,51.2,1789703100000,LOW,54.32,4.76,,,,53.86,8.07,2,0,3,55.0,53.86,HIGH_SWEEP,4,55.0,False,False,0.2523,499,native,76.18,YORGUN,77.45,82.0,True,300,70.5,BULL,BOS UP,MIX/HL,HH/MIX,TR UP,85.7,True,True,498,25,95.3,1789691400000,LOW,53.59,6.29,,,,,,,0,0,53.98,54.29,EQH_SWEEP,27,53.989999999999995,False,False,0.402,499,native,87.82,ASIRI,88.57,95.33,True,300,88.0,BULL,BOS UP,HH/HL,HH/HL,TR UP,83.5,True,True,498,6,68.8,1789689600000,LOW,52.46,5.77,,,,,,,0,0,54.0,52.46,HIGH_SWEEP,21,52.81,False,False,0.7963,499,native,81.42,YORGUN,89.62,93.33,True,300,51.6,TR-DN,CHOCH DN,HH/MIX,LH/LL,TR-DN,72.3,True,True,498,14,38.2,1789502400000,HIGH,55.24,0.3,,,,,,,0,0,55.24,50.13,HIGH_SWEEP,30,54.28,False,False,1.559,3979,538,4283.47,12943.17,-8659.71,-50.27,24.87,5.9,DOWN,92,25,17226.64,5.3,60.0,1.0,True,0,0.0,0,0.0,0.0,32.6,0.095,0.559,1.0,0.934,85363.98,124664.33,-39300.34,-18.71,40.64,18.9,DOWN,747,176,210028.31,30.1,300.0,1.0,True,1,22086.52,3,53608.26,-31521.74,63.8,0.375,0.831,1.0,0.987,385968.79,352659.74,33309.05,4.51,52.25,59.1,UP,2464,478,738628.53,79.0,900.0,1.0,True,11,212153.52,10,149463.99,62689.54,81.3,0.612,0.967,1.0,0.996,-32172.35,-28987.09,1180.69,-66.5,-7.21,1.0,-2721.38,-0.0767,-5339.55,-0.1271,-0.1005,NONE,1789713882231,BUY,22086.52,54.984550843195926,1789713840000,ok,1.0,1.0,1.0,continuous,1,25,0,,0,0,0,0,False,646,54.97,54.98,1.819,-0.468,-0.0015,0.0469,758367.85,760642.89,35.47,1789713954311,359,False,,AGGRESSIVE_SELLER,,
2,v2,v1.2,REALF_PY_V4_2_DERIVED,ZPTDIFAT_PY_V1_4_DERIVED,fc-v1,native,,058e38aec59f4c35,20260918_064430,28,AVAX_20260918_064557_464,AVAXUSDT,BINANCE,FUTURES,TOP100,31,5000,1789713957464,2026-09-18T06:45:57.464+00:00,17,True,1789713957236,1789713957464,58.3,1789713900000,1789713959999,False,57.2,7.901,-0.038,50.1,FAIR (DENGE),True,500,51.7,43.5,54.8,50.0,0.002,0.28,0.19,0.00133,0.617,0.85,22.0,55.0,-23.4,YOK,11.3,0.028,7.916793000093456,0.2,CLV_PROXY_1M,0,0.0,100.0,50.1,51.6,48.4,52.7,-1.5,1.7,-2.6,0.002,0.00019,-0.00051,-0.00044,73.0,71.65,64.2,65.35,1.35,8.8,7.65,76.19,76.0,500,native,73.0,YORGUN,76.19,76.0,True,300,73.0,BEAR,BOS DN,HH/HL,MIX/HL,SQZ,84.0,True,True,499,65,64.9,1789710000000,HIGH,7.93,4.49,7.9415,6.27,2,,,,1,0,7.9415,7.89,LOW_SWEEP,24,7.873,False,False,0.0817,499,native,72.69,YORGUN,76.69,79.0,True,300,59.1,BULL,BOS UP,MIX/HL,HH/MIX,RANGE,69.2,True,True,498,73,79.7,1789700760000,LOW,7.677,15.08,,,,7.6285,18.35,2,0,1,7.903,7.6285,HIGH_SWEEP,82,7.723,False,False,0.1879,499,native,48.99,NORMAL,62.17,56.67,True,300,61.4,BULL,BOS UP,MIX/HL,MIX/HL,RANGE,76.2,True,True,498,44,66.0,1789700700000,LOW,7.677,10.11,,,,,,,0,0,7.942,7.871,HIGH_SWEEP,49,7.723,False,False,0.2815,499,native,55.13,NORMAL,54.35,49.33,True,300,79.1,BULL,BOS UP,HH/HL,MIX/HL,TR UP,85.4,True,True,498,24,54.9,1789692300000,LOW,7.545,8.75,,,,,,,0,0,7.968,7.584,EQH_SWEEP,24,7.648,False,False,0.5161,499,native,87.72,ASIRI,82.65,89.33,True,300,91.4,TR-UP,CHOCH UP,HH/HL,LH/LL,TR-UP,94.6,True,True,498,3,96.7,1789700400000,LOW,7.545,4.43,8.192,3.6,3,7.186,8.89,2,1,1,8.192,7.186,EQL_SWEEP,37,7.186,False,False,1.023,499,native,84.81,ASIRI,91.0,93.0,True,300,78.7,BULL,BOS UP,HH/MIX,HH/MIX,RANGE,76.8,True,True,498,1,80.2,1789689600000,LOW,7.171,4.81,,,,7.173500000000001,4.8,2,0,1,7.8,7.173500000000001,LOW_SWEEP,15,7.243,False,False,1.9116,1387,685,11275.31,28577.75,-17302.44,-43.42,28.29,6.7,DOWN,211,33,39853.06,7.9,60.0,1.0,True,0,0.0,4,25148.75,-25148.75,39.5,0.136,0.65,1.0,0.977,72267.5,65460.92,6806.59,4.94,52.47,59.9,UP,857,172,137728.42,35.0,300.0,1.0,True,3,21584.58,5,32018.27,-10433.69,65.2,0.412,0.785,1.0,0.995,385029.84,302569.22,82460.62,11.99,56.0,72.4,UP,3445,597,687599.06,115.0,900.0,1.0,True,16,156668.21,20,159993.92,-3325.71,85.5,0.697,0.959,1.0,0.998,-37793.35,-24634.18,-48350.88,-52.71,-7.33,1.0,8543.26,0.2797,4579.27,0.1662,-0.0949,UP,1789713912664,SELL,5600.39,7.898999999999999,1789713840000,ok,1.0,1.0,1.0,continuous,1,29,0,,0,0,0,0,False,680,7.901,7.902,1.266,-0.049,-0.1173,-0.3515,318098.15,402623.05,24.68,1789713957071,393,False,,AGGRESSIVE_SELLER,,
2,v2,v1.2,REALF_PY_V4_2_DERIVED,ZPTDIFAT_PY_V1_4_DERIVED,fc-v1,native,,058e38aec59f4c35,20260918_064430,29,SUI_20260918_064600_041,SUIUSDT,BINANCE,FUTURES,TOP100,35,5000,1789713960041,2026-09-18T06:46:00.041+00:00,17,True,1789713960041,1789713960041,57.7,1789713900000,1789713959999,True,60.0,0.7789,0.0128,47.6,FAIR (DENGE),True,500,47.1,48.0,47.5,49.4,0.00091,0.1,0.67,0.00206,0.598,0.59,18.0,45.0,-14.7,YOK,0.9,1.0,0.7796120356641986,0.091,CLV_PROXY_1M,0,0.0,100.0,47.6,51.6,55.1,61.0,-4.0,-7.5,-13.4,0.00091,0.0006,0.001,0.00134,72.98,73.33,77.13,78.09,-0.35,-4.15,-5.11,72.08,72.33,500,native,72.98,YORGUN,72.08,72.33,True,300,85.9,BULL,BOS UP,HH/HL,MIX/HL,TR UP,87.8,True,True,499,7,20.7,1789713480000,LOW,0.775,3.83,,,,,,,0,0,0.7798,0.775,HIGH_SWEEP,23,0.777,False,False,0.1306,499,native,79.07,YORGUN,80.85,87.0,True,300,71.3,BULL,BOS UP,MIX/HL,HH/HL,RANGE,68.4,True,True,498,3,18.5,1789713360000,LOW,0.7738,2.46,,,,0.7292,24.0,2,0,3,0.7778,0.7292,HIGH_SWEEP,54,0.7849,False,False,0.2659,499,native,62.24,NORMAL,77.07,78.0,True,300,60.8,BULL,BOS UP,MIX/HL,MIX/HL,RANGE,74.3,True,True,498,43,48.0,1789701000000,LOW,0.7643,4.9,,,,0.71575,21.19,2,0,2,0.7849,0.71575,HIGH_SWEEP,93,0.7365,False,False,0.3827,499,native,48.23,NORMAL,51.99,42.0,True,300,78.1,BULL,BOS UP,HH/HL,MIX/HL,TR UP,90.8,True,True,498,30,53.6,1789686900000,LOW,0.7287,8.72,,,,0.7289,8.68,2,0,1,0.7899,0.7289,HIGH_SWEEP,59,0.7351,False,False,0.7395,499,native,88.11,ASIRI,76.74,86.33,True,300,83.0,TR-UP,CHOCH UP,HH/HL,HH/MIX,TR-UP,88.9,True,True,498,6,40.0,1789689600000,LOW,0.7157,5.74,0.8336,4.97,2,,,,2,0,0.8336,0.7157,LOW_SWEEP,37,0.6814,False,False,1.4211,499,native,86.47,ASIRI,91.58,95.33,True,300,89.3,TR-UP,CHOCH UP,HH/HL,MIX/HL,TR-UP,85.4,True,True,498,1,97.1,1789689600000,LOW,0.6773,5.39,,,,,,,0,0,0.7479,0.6773,LOW_SWEEP,16,0.692,False,False,2.3923,1143,1109,38388.01,53090.21,-14702.2,-16.07,41.96,21.9,DOWN,457,74,91478.22,18.4,60.0,1.0,True,2,12477.87,5,35440.83,-22962.96,53.9,0.269,0.74,1.0,0.981,167515.87,201563.94,-34048.06,-9.23,45.39,32.2,DOWN,2197,441,369079.81,55.5,300.0,1.0,True,8,59646.82,11,123223.25,-63576.43,74.7,0.526,0.892,1.0,0.996,856121.57,738167.78,117953.78,7.4,53.7,64.6,UP,6816,1109,1594289.35,190.7,613.9,0.6821,False,41,578374.06,43,495853.53,82520.52,84.4,0.792,1.0,0.682,0.999,-4082.93,-41562.32,,-1.66,-5.31,0.6154,-14848.52,-0.1756,-8749.03,-0.1185,0.1084,DOWN,1789713953758,BUY,7250.23,0.7789,1789713840000,ok,1.0,1.0,1.0,continuous,1,71,0,,0,0,0,0,False,20,0.7788,0.7789,1.284,-0.056,-0.2751,0.2207,297065.37,522554.25,25.04,1789713959899,142,False,,,,
2,v2,v1.2,REALF_PY_V4_2_DERIVED,ZPTDIFAT_PY_V1_4_DERIVED,fc-v1,native,,058e38aec59f4c35,20260918_064430,30,AKE_20260918_064603_183,AKEUSDT,BINANCE,FUTURES,TOP100,94,2000,1789713963183,2026-09-18T06:46:03.183+00:00,17,True,1789713962975,1789713963183,58.1,1789713960000,1789714019999,False,3.0,0.023214,0.0862,61.6,PRICE AHEAD,True,500,64.9,64.1,56.8,50.1,-0.03188,0.59,0.14,0.00743,0.595,0.02,0.3,40.0,-2.5,YOK,8.1,1.0,0.02248557821667709,-3.138,CLV_PROXY_1M,0,0.0,100.0,61.6,66.0,61.9,65.2,-4.4,-0.3,-3.6,-0.03188,-0.00016,-0.00523,-0.00107,56.39,52.49,49.29,53.33,3.9,7.1,3.06,63.86,69.33,500,native,56.39,NORMAL,63.86,69.33,True,300,83.9,BULL,BOS UP,HH/HL,MIX/HL,TR UP,95.7,True,True,499,23,90.2,1789712580000,LOW,0.021423,8.98,,,,0.021402499999999998,9.09,2,0,1,0.023636,0.021402499999999998,HIGH_SWEEP,44,0.021605,False,False,0.8596,499,native,81.77,YORGUN,75.17,85.0,True,300,90.8,BULL,BOS UP,HH/HL,HH/HL,EXP UP,94.4,True,True,498,8,71.4,1789712460000,LOW,0.021423,5.95,,,,,,,0,0,0.023636,0.021646,LOW_SWEEP,37,0.021228,False,False,1.2942,499,native,87.28,ASIRI,80.95,91.67,True,300,76.8,BULL,BOS UP,MIX/HL,HH/HL,EXP UP,79.7,True,True,498,8,67.7,1789711500000,LOW,0.0214,5.7,,,,,,,0,0,0.02168,0.021423,EQH_SWEEP,36,0.021653,False,False,1.3768,499,native,84.88,ASIRI,90.23,93.67,True,300,42.0,BEAR,BOS DN,LH/MIX,MIX/HL,TR DN,66.1,True,True,498,154,97.0,1789575300000,HIGH,0.028247,11.07,0.029421000000000003,13.64,2,0.0209945,4.83,2,1,3,0.029421000000000003,0.0209945,EQL_SWEEP,57,0.020765,False,False,1.973,499,native,75.92,YORGUN,95.64,98.0,True,300,70.7,BULL,BOS UP,HH/HL,HH/MIX,RANGE,69.6,True,True,498,74,56.3,1789444800000,LOW,0.014658,9.92,0.029844000000000002,7.71,2,0.012500500000000001,12.43,3,1,2,0.029844000000000002,0.012500500000000001,HIGH_SWEEP,75,0.0165,False,False,3.9837,499,native,41.71,NORMAL,45.91,47.33,True,300,84.7,BULL,BOS UP,HH/HL,MIX/HL,TR UP,90.5,True,True,498,18,80.8,1789444800000,LOW,0.013069,3.97,,,,0.0128725,4.05,2,0,3,0.029888,0.0128725,EQL_SWEEP,67,0.0128725,False,False,11.7969,125,2277,59296.75,17122.07,42174.68,55.19,77.59,94.4,UP,2080,892,76418.82,22.8,60.0,1.0,True,6,30409.03,0,0.0,30409.03,57.0,0.314,0.721,1.0,0.998,94757.71,68593.5,26164.21,16.02,58.01,78.0,UP,4965,2277,163351.22,93.8,174.7,0.5823,False,6,30409.03,2,17292.92,13116.11,70.8,0.652,0.803,0.582,1.0,94757.71,68593.5,26164.21,16.02,58.01,78.0,UP,4965,2277,163351.22,93.8,174.7,0.1941,False,6,30409.03,2,17292.92,13116.11,56.9,0.652,0.803,0.194,1.0,39290.5,,,24.55,,0.1274,8137.68,0.1495,,,,,1789713962811,BUY,2369.45,0.023285858817748514,1789713840000,ok,1.0,1.0,1.0,continuous,1,890,0,,0,0,0,0,False,54,0.023273,0.023275,0.859,0.238,-0.432,-0.4908,1969.62,4965.65,8.59,1789713962613,570,False,,FATIGUE_EXTREME|AGGRESSIVE_BUYER,,
2,v2,v1.2,REALF_PY_V4_2_DERIVED,ZPTDIFAT_PY_V1_4_DERIVED,fc-v1,native,,058e38aec59f4c35,20260918_064430,31,PONS_20260918_064606_414,PONSUSDT,BINANCE,FUTURES,OUTSIDE100,112,2000,1789713966414,2026-09-18T06:46:06.414+00:00,17,True,1789713966414,1789713966414,58.5,1789713960000,1789714019999,False,6.4,0.7301,-0.0274,54.9,FAIR (DENGE),True,500,56.3,55.1,53.8,50.0,-0.00529,0.11,0.06,0.00531,0.6,0.02,0.3,60.0,-16.2,YOK,2.5,1.0,0.7262506422778187,-0.527,CLV_PROXY_1M,0,0.0,100.0,54.9,54.2,51.8,56.4,0.7,3.1,-1.5,-0.00529,0.00043,-0.00049,0.00095,47.24,45.38,35.91,21.58,1.86,11.33,25.66,52.25,50.0,500,native,47.24,NORMAL,52.25,50.0,True,300,10.0,BEAR,BOS DN,LH/LL,LH/LL,SQZ,91.7,True,True,499,7,65.6,1789713540000,HIGH,0.7364,3.04,,,,0.7134,8.06,2,0,1,0.7321,0.7134,EQL_SWEEP,16,0.73295,False,False,0.2836,499,native,33.81,NORMAL,33.96,30.0,True,300,26.2,BULL,BOS UP,LH/LL,MIX/HL,RANGE,86.5,True,True,498,78,26.3,1789699860000,LOW,0.6834,9.91,0.7777000000000001,10.06,3,0.63845,19.43,2,1,1,0.7777000000000001,0.63845,HIGH_SWEEP,93,0.6964,False,False,0.6464,499,native,35.72,NORMAL,36.78,31.33,True,300,14.3,BEAR,BOS DN,LH/LL,LH/LL,RANGE,88.2,True,True,498,12,56.1,1789710300000,HIGH,0.7473,2.37,0.7778,6.57,2,,,,1,0,0.7778,0.7235,LOW_SWEEP,10,0.729,False,False,0.994,499,native,42.0,NORMAL,36.8,33.33,True,300,85.7,BULL,BOS UP,HH/HL,MIX/LL,TR UP,93.8,True,True,498,18,77.8,1789697700000,LOW,0.6551,5.43,,,,,,,0,0,0.7781,0.6551,HIGH_SWEEP,19,0.6959,False,False,1.8909,289,native,81.09,YORGUN,69.53,77.7,False,269,88.1,BULL,BOS UP,HH/HL,HH/HL,TR UP,88.8,True,True,288,7,54.7,1789686000000,LOW,0.6099,3.98,,,,,,,0,0,0.6721,0.6099,HIGH_SWEEP,6,0.6721,False,False,4.1259,73,native,83.84,ASIRI,83.3,98.11,False,53,74.7,TR-UP,CHOCH UP,HH/MIX,HH/HL,TR-UP,76.3,True,False,72,1,84.3,1789689600000,LOW,0.5483,3.4,,,,,,,0,0,0.6992,0.5483,LOW_SWEEP,12,0.5821,False,False,6.9476,691,1146,8430.8,12002.42,-3571.62,-17.48,41.26,20.3,DOWN,311,115,20433.22,46.5,60.0,1.0,True,1,2006.51,0,0.0,2006.51,63.3,0.482,0.578,1.0,0.988,98540.73,121774.73,-23234.0,-10.55,44.73,29.9,DOWN,1896,672,220315.46,78.1,300.0,1.0,True,9,53383.87,10,67579.25,-14195.39,77.7,0.61,0.836,1.0,0.998,178144.68,264358.81,-86214.13,-19.48,40.26,18.1,DOWN,3781,1146,442503.49,196.0,422.1,0.469,False,18,91100.87,25,158879.02,-67778.15,76.3,0.797,0.911,0.469,0.999,-7354.63,-8915.97,,-15.57,-2.65,0.4023,-547.14,-0.0222,-3898.15,-0.0885,-0.08,NONE,1789713958360,BUY,2006.51,0.7307020393299345,1789713840000,ok,1.0,1.0,1.0,continuous,1,115,0,,0,0,0,0,False,88,0.7301,0.7303,2.739,0.211,0.2178,0.3377,38526.28,24743.2,27.39,1789713966067,347,False,,,,
2,v2,v1.2,REALF_PY_V4_2_DERIVED,ZPTDIFAT_PY_V1_4_DERIVED,fc-v1,native,,058e38aec59f4c35,20260918_064430,32,SKR_20260918_064609_418,SKRUSDT,BINANCE,FUTURES,OUTSIDE100,227,500,1789713969418,2026-09-18T06:46:09.418+00:00,17,True,1789713968988,1789713969418,58.4,1789713960000,1789714019999,False,9.0,0.019149,0.0,43.4,FAIR (DENGE),True,500,42.4,40.4,46.1,50.0,0.00434,0.13,0.27,0.00188,0.44,0.0,0.3,60.0,26.7,YOK,5.7,1.0,0.01923230220176371,0.435,CLV_PROXY_1M,0,0.0033,99.7,43.4,42.5,40.2,41.7,0.9,3.2,1.7,0.00434,-0.0001,0.00047,6e-05,62.05,66.44,72.2,76.25,-4.39,-10.15,-14.2,52.6,50.0,500,native,62.05,NORMAL,52.6,50.0,True,300,86.2,BULL,BOS UP,HH/HL,HH/HL,TR UP,92.0,True,True,499,10,33.7,1789713360000,LOW,0.019028,4.42,0.019363,7.81,2,,,,1,0,0.019363,0.019132,EQH_SWEEP,55,0.0189665,False,False,0.1431,499,native,72.0,NORMAL,70.09,70.33,True,300,72.1,BULL,BOS UP,HH/MIX,HH/HL,TR UP,69.4,True,True,498,3,30.5,1789713360000,LOW,0.018839,5.55,0.020296500000000002,20.56,2,0.0188425,5.49,2,1,1,0.020296500000000002,0.0188425,LOW_SWEEP,26,0.018846,False,False,0.2914,499,native,81.35,YORGUN,79.78,84.67,True,300,86.4,BULL,BOS UP,HH/HL,HH/MIX,RANGE,83.4,True,True,498,2,34.0,1789713300000,LOW,0.018839,4.29,0.020296500000000002,15.89,2,,,,1,0,0.020296500000000002,0.018839,LOW_SWEEP,27,0.018732,False,False,0.3769,499,native,82.46,YORGUN,88.14,90.0,True,300,74.2,BULL,BOS UP,MIX/HL,MIX/HL,SQZ,69.3,True,True,498,2,49.0,1789712100000,LOW,0.018719,2.93,,,,0.017547,10.91,2,0,2,0.019011,0.017547,HIGH_SWEEP,36,0.019329,False,False,0.7664,499,native,44.55,NORMAL,54.63,65.0,True,300,39.3,BULL,BOS UP,LH/LL,HH/MIX,RANGE,84.4,True,True,498,21,72.8,1789635600000,LOW,0.017378,4.66,0.025375500000000002,16.39,2,,,,1,0,0.025375500000000002,0.018321,LOW_SWEEP,6,0.018554,False,False,2.0012,499,native,73.53,YORGUN,69.74,78.0,True,300,72.9,BULL,BOS UP,HH/HL,HH/HL,TR UP,83.6,True,True,498,114,36.2,1788062400000,LOW,0.008858,11.6,,,,0.017043000000000003,2.37,2,0,1,0.020299,0.017043000000000003,HIGH_SWEEP,4,0.019684,False,False,4.7097,24895,513,127.34,337.37,-210.03,-45.2,27.4,6.5,DOWN,17,11,464.71,6.3,60.0,1.0,True,0,0.0,0,0.0,0.0,23.0,0.112,0.167,1.0,0.585,2144.44,4487.36,-2342.92,-35.33,32.34,8.5,DOWN,120,92,6631.8,5.6,300.0,1.0,True,0,0.0,2,3298.76,-3298.76,31.3,0.101,0.455,1.0,0.917,21296.37,24067.6,-2771.23,-6.11,46.95,37.8,DOWN,711,490,45363.97,49.8,900.0,1.0,True,5,8497.63,7,15482.57,-6984.94,66.8,0.499,0.664,1.0,0.972,-259.66,-1233.92,184.44,-54.11,-10.3,1.0,61.69,0.1714,-202.61,-0.1528,-0.3509,UP,1789713729019,SELL,578.48,0.019135229036419572,1789713840000,ok,1.0,1.0,1.0,continuous,1,11,0,,0,0,0,0,False,122,0.019149,0.019154,2.611,0.323,-0.1193,0.2599,2479.29,3151.01,14.36,1789713968788,630,False,,,,
2,v2,v1.2,REALF_PY_V4_2_DERIVED,ZPTDIFAT_PY_V1_4_DERIVED,fc-v1,native,,058e38aec59f4c35,20260918_064430,33,PROM_20260918_064612_003,PROMUSDT,BINANCE,FUTURES,OUTSIDE100,266,1000,1789713972003,2026-09-18T06:46:12.003+00:00,17,True,1789713972003,1789713972003,58.2,1789713960000,1789714019999,False,12.0,5.396,-0.0371,49.7,FAIR (DENGE),True,500,49.6,50.4,48.9,50.0,-0.00021,0.0,0.18,0.00235,0.494,0.1,4.0,60.0,-3.5,YOK,1.5,0.608,5.394887389699825,-0.021,CLV_PROXY_1M,0,0.0,100.0,49.7,51.6,50.0,47.7,-1.9,-0.3,2.0,-0.00021,0.00061,0.00082,0.00041,22.23,18.35,17.25,21.27,3.88,4.98,0.96,30.85,32.33,500,native,22.23,DINLENMIS,30.85,32.33,True,300,9.9,BEAR,BOS DN,LH/LL,LH/LL,TR DN,92.7,True,True,499,6,57.3,1789713600000,HIGH,5.424,2.75,,,,,,,0,0,5.424,5.378,LOW_SWEEP,31,5.427,False,False,0.1883,499,native,25.0,DINLENMIS,28.88,23.0,True,300,9.9,BEAR,BOS DN,LH/LL,LH/MIX,EXP DN,90.3,True,True,498,2,47.1,1789713540000,HIGH,5.541,7.23,,,,,,,0,0,5.541,5.41,EQL_SWEEP,2,5.3934999999999995,False,False,0.3725,499,native,14.9,DINLENMIS,18.82,15.0,True,300,45.1,TR-DN,CHOCH DN,MIX/HL,LH/LL,TR-DN,75.6,True,True,498,7,58.5,1789711800000,HIGH,5.541,5.87,,,,5.2165,7.27,2,0,1,5.541,5.2165,HIGH_SWEEP,30,5.589,False,False,0.4584,499,native,22.98,DINLENMIS,16.55,8.67,True,300,60.0,TR-DN,CHOCH DN,HH/HL,MIX/HL,TR-DN,88.0,True,True,498,3,54.5,1789711200000,HIGH,5.594,4.57,5.7285,7.68,2,,,,2,0,5.7285,5.43,LOW_SWEEP,172,5.332,False,False,0.8035,499,native,52.2,NORMAL,26.19,18.0,True,300,59.0,BEAR,BOS DN,MIX/HL,MIX/HL,SQZ,69.1,True,True,498,46,75.0,1789545600000,HIGH,5.729,3.96,5.8375,5.25,3,4.906499999999999,5.82,2,2,1,5.8375,4.906499999999999,EQL_SWEEP,94,5.5815,False,False,1.5355,499,native,47.06,NORMAL,45.57,35.0,True,300,26.5,BULL,BOS UP,LH/LL,MIX/HL,SQZ,85.6,True,True,498,58,11.5,1788868800000,LOW,4.913,2.62,,,,4.4025,5.4,2,0,2,5.659,4.4025,HIGH_SWEEP,57,5.986,False,False,3.3065,2427,843,6863.12,1135.84,5727.28,71.6,85.8,94.9,UP,103,37,7998.96,15.7,60.0,1.0,True,2,3904.97,0,0.0,3904.97,45.0,0.239,0.476,1.0,0.96,28834.99,26817.84,2017.15,3.62,51.81,57.3,UP,684,254,55652.83,55.4,300.0,1.0,True,5,13121.7,3,14879.32,-1757.62,69.0,0.526,0.686,1.0,0.992,47038.55,107099.4,-60060.85,-38.97,30.52,7.5,DOWN,1876,769,154137.96,78.0,900.0,1.0,True,10,20310.03,11,72766.8,-52456.77,76.6,0.609,0.797,1.0,0.997,4176.23,56081.84,4924.81,31.0,25.28,1.0,714.79,0.0438,-122.22,-0.011,-0.6112,UP,1789713959385,BUY,1454.59,5.39737439703154,1789713900000,ok,1.0,1.0,1.0,continuous,1,35,0,,0,0,0,0,False,156,5.396,5.397,1.853,0.671,0.197,0.4004,39964.91,26812.87,36.13,1789713971853,150,False,,FATIGUE_RESTED_1M|AGGRESSIVE_BUYER,,
2,v2,v1.2,REALF_PY_V4_2_DERIVED,ZPTDIFAT_PY_V1_4_DERIVED,fc-v1,native,,058e38aec59f4c35,20260918_064430,34,UAI_20260918_064614_584,UAIUSDT,BINANCE,FUTURES,OUTSIDE100,296,2000,1789713974584,2026-09-18T06:46:14.584+00:00,17,True,1789713974584,1789713974584,58.0,1789713960000,1789714019999,False,14.6,0.418,0.0,52.7,FAIR (DENGE),True,500,52.7,54.4,52.0,50.0,-0.00383,0.33,0.33,0.0044,0.658,0.0,0.3,55.0,15.1,YOK,2.4,1.0,0.4164021827823737,-0.382,CLV_PROXY_1M,0,0.0033,99.7,52.7,51.9,55.0,55.2,0.8,-2.3,-2.5,-0.00383,3e-05,0.00012,0.00059,75.16,74.45,72.1,70.88,0.71,3.06,4.28,72.91,86.0,500,native,75.16,YORGUN,72.91,86.0,True,300,45.3,BEAR,BOS DN,MIX/HL,MIX/HL,RANGE,79.4,True,True,499,21,90.8,1789712700000,HIGH,0.4198,1.66,0.42315,4.75,2,0.40785,9.36,3,1,1,0.42315,0.40785,HIGH_SWEEP,99,0.4247,False,False,0.2594,499,native,46.07,NORMAL,60.52,58.67,True,300,28.6,BULL,BOS UP,LH/LL,LH/LL,RANGE,79.1,True,True,498,68,61.1,1789701660000,LOW,0.4075,4.58,0.43455,7.0,2,,,,1,0,0.43455,0.4129,LOW_SWEEP,4,0.4166,False,False,0.5592,499,native,33.89,NORMAL,45.41,29.33,True,300,56.0,TR-DN,CHOCH DN,MIX/HL,LH/LL,TR-DN,72.0,True,True,498,50,58.0,1789698900000,HIGH,0.4354,5.04,,,,0.3559,17.99,3,0,1,0.4232,0.3559,HIGH_SWEEP,103,0.4106,False,False,0.8263,499,native,36.66,NORMAL,39.11,33.67,True,300,68.6,BULL,BOS UP,MIX/HL,MIX/HL,RANGE,79.5,True,True,498,21,30.6,1789695000000,LOW,0.3901,3.85,0.43505,2.31,2,0.3838,4.71,2,2,2,0.43505,0.3838,LOW_SWEEP,174,0.3294,False,False,1.7465,499,native,65.88,NORMAL,57.47,59.0,True,300,86.6,BULL,BOS UP,HH/HL,HH/HL,SQZ,87.3,True,True,498,6,38.6,1789689600000,LOW,0.3838,2.11,,,,,,,0,0,0.4354,0.3838,HIGH_SWEEP,4,0.418,False,False,3.8614,499,native,65.27,NORMAL,73.34,77.67,True,300,18.4,BEAR,BOS DN,LH/LL,HH/HL,RANGE,87.8,True,True,498,19,42.0,1789430400000,HIGH,0.5943,4.02,,,,,,,0,0,0.5943,0.322,LOW_SWEEP,20,0.4503,False,False,10.3453,802,836,139.62,899.22,-759.6,-73.12,13.44,5.1,DOWN,42,18,1038.84,3.0,60.0,1.0,True,0,0.0,0,0.0,0.0,21.0,0.057,0.254,1.0,0.987,6151.07,8998.11,-2847.04,-18.79,40.6,18.8,DOWN,392,166,15149.18,24.8,300.0,1.0,True,0,0.0,2,4717.66,-4717.66,53.6,0.332,0.545,1.0,0.997,57585.95,37423.02,20162.93,21.22,60.61,83.6,UP,1947,752,95008.98,116.1,900.0,1.0,True,4,27059.78,4,11884.85,15174.93,79.3,0.699,0.744,1.0,0.999,-3353.72,-1200.21,106.4,-80.12,-3.92,1.0,-117.77,-0.0456,-400.96,-0.1323,-0.2393,NONE,1789713853794,SELL,2487.4,0.4172792987753733,1789713900000,ok,1.0,1.0,1.0,continuous,1,18,0,,0,0,0,0,False,190,0.4179,0.418,2.393,-0.322,-0.0481,-0.3507,10939.58,12045.55,46.66,1789713974424,160,False,,,,
2,v2,v1.2,REALF_PY_V4_2_DERIVED,ZPTDIFAT_PY_V1_4_DERIVED,fc-v1,native,,058e38aec59f4c35,20260918_064430,35,BULLA_20260918_064617_158,BULLAUSDT,BINANCE,FUTURES,OUTSIDE100,339,5000,1789713977158,2026-09-18T06:46:17.158+00:00,17,True,1789713977143,1789713977158,57.5,1789713960000,1789714019999,False,17.1,0.10118,0.1088,52.2,FAIR (DENGE),True,500,53.8,50.0,52.2,50.4,4e-05,0.96,0.87,0.00593,0.563,0.39,16.3,50.0,-17.8,YOK,3.8,0.992,0.10118415398493581,0.004,CLV_PROXY_1M,0,0.0,100.0,52.2,49.2,44.7,44.9,3.0,7.5,7.3,4e-05,-0.00106,8e-05,-0.00045,34.59,30.72,30.39,42.73,3.87,4.2,-8.14,45.73,38.67,500,native,34.59,NORMAL,45.73,38.67,True,300,46.8,TR-DN,CHOCH DN,HH/MIX,MIX/LL,TR-DN,73.3,True,True,499,6,44.8,1789713600000,HIGH,0.10172,1.25,0.10206,2.04,3,0.100455,1.68,2,1,2,0.10206,0.100455,EQL_SWEEP,49,0.100455,False,False,0.4267,499,native,45.08,NORMAL,46.78,39.0,True,300,29.1,BULL,BOS UP,LH/LL,MIX/LL,RANGE,86.6,True,True,498,40,89.1,1789706700000,LOW,0.096433,5.42,,,,0.0964015,5.45,2,0,2,0.10203,0.0964015,HIGH_SWEEP,26,0.10206,False,False,0.8693,499,native,52.55,NORMAL,50.88,48.67,True,300,47.3,BULL,BOS UP,LH/MIX,LH/LL,TR UP,64.3,True,True,498,24,22.3,1789706700000,LOW,0.09539,4.91,,,,0.10001,1.04,2,0,1,0.10203,0.10001,HIGH_SWEEP,22,0.10114,False,False,1.1837,499,native,70.24,NORMAL,63.26,66.33,True,300,74.6,BEAR,BOS DN,HH/HL,HH/HL,TR DN,88.7,True,True,498,65,27.4,1789655400000,HIGH,0.10999,3.83,0.109785,3.74,2,,,,1,0,0.109785,0.094,LOW_SWEEP,67,0.1007,False,False,2.2834,499,native,65.58,NORMAL,72.3,87.67,True,300,26.8,BULL,BOS UP,LH/LL,MIX/HL,RANGE,84.5,True,True,498,44,42.2,1789552800000,LOW,0.060024,6.33,,,,0.060025499999999996,6.33,2,0,1,0.121362,0.060025499999999996,HIGH_SWEEP,45,0.076341,False,False,6.4384,499,native,57.82,NORMAL,57.74,59.0,True,300,75.0,BULL,BOS UP,HH/MIX,HH/HL,EXP UP,78.0,True,True,498,11,96.7,1789545600000,LOW,0.0675,2.26,,,,0.0154205,5.75,2,0,1,0.139078,0.0154205,HIGH_SWEEP,52,0.085989,False,False,15.2143,1172,1174,11733.01,1718.8,10014.22,74.45,87.22,94.9,UP,274,131,13451.81,19.7,60.0,1.0,True,1,5200.14,0,0.0,5200.14,49.8,0.283,0.532,1.0,0.98,28211.85,12414.43,15797.41,38.88,69.44,92.5,UP,907,492,40626.28,95.9,300.0,1.0,True,1,5200.14,0,0.0,5200.14,74.3,0.657,0.652,1.0,0.996,49376.88,62164.67,-12787.79,-11.46,44.27,28.5,DOWN,2194,1174,111541.55,194.6,456.8,0.5076,False,1,5200.14,2,35515.93,-30315.79,73.4,0.796,0.762,0.508,0.999,9074.07,15518.59,,25.98,19.16,0.4409,3417.32,0.3863,2544.98,0.3132,0.0009,NONE,1789713918675,BUY,5200.14,0.10101665651346205,1789713900000,ok,1.0,1.0,1.0,continuous,1,91,0,,0,0,0,0,False,224,0.10118,0.10122,3.953,1.83,0.2822,0.8175,2336.84,1308.12,20.75,1789713976712,446,False,,AGGRESSIVE_BUYER,,
2,v2,v1.2,REALF_PY_V4_2_DERIVED,ZPTDIFAT_PY_V1_4_DERIVED,fc-v1,native,,058e38aec59f4c35,20260918_064430,36,OG_20260918_064619_728,OGUSDT,BINANCE,FUTURES,OUTSIDE100,523,500,1789713979728,2026-09-18T06:46:19.728+00:00,17,True,1789713979728,1789713979728,57.5,1789713960000,1789714019999,False,19.7,2.752,-0.0363,36.9,PRICE LAG,True,500,32.6,38.3,40.3,46.4,0.0054,0.17,0.75,0.00087,0.294,0.28,48.0,35.0,43.4,YOK,7.7,1.0,2.7668947847033167,0.541,CLV_PROXY_1M,0,0.0,100.0,36.9,36.6,37.6,34.0,0.3,-0.7,2.9,0.0054,-0.00014,0.00038,0.00059,58.0,58.36,39.86,48.6,-0.36,18.14,9.4,59.08,52.67,500,native,58.0,NORMAL,59.08,52.67,True,300,78.7,BULL,BOS UP,MIX/HL,MIX/HL,SQZ,76.3,True,True,499,2,69.0,1789713840000,LOW,2.749,1.28,,,,2.748,1.7,2,0,3,2.754,2.748,HIGH_SWEEP,71,2.76,False,False,0.0852,499,native,52.79,NORMAL,51.56,37.67,True,300,58.3,BULL,BOS UP,LH/MIX,MIX/HL,RANGE,79.6,True,True,498,1,60.2,1789713720000,LOW,2.746,1.31,,,,2.746,1.31,2,0,3,2.754,2.746,HIGH_SWEEP,55,2.746,False,False,0.1665,499,native,44.64,NORMAL,47.62,33.67,True,300,67.8,BULL,BOS UP,MIX/HL,LH/MIX,TR UP,73.6,True,True,498,19,39.4,1789708200000,LOW,2.732,3.2,,,,2.679,11.67,2,0,2,2.756,2.679,HIGH_SWEEP,21,2.759,False,False,0.2271,499,native,60.1,NORMAL,54.67,50.0,True,300,85.9,BULL,BOS UP,HH/HL,HH/HL,TR UP,87.3,True,True,498,7,35.2,1789707600000,LOW,2.679,7.28,,,,2.6635,8.83,2,0,1,2.769,2.6635,HIGH_SWEEP,6,2.759,False,False,0.3636,499,native,90.61,ASIRI,88.69,94.0,True,300,74.4,BULL,BOS UP,MIX/HL,MIX/HL,RANGE,73.4,True,True,498,7,58.0,1789686000000,LOW,2.662,4.55,,,,2.6,7.69,2,0,1,2.7,2.6,HIGH_SWEEP,30,2.712,False,False,0.7193,499,native,78.92,YORGUN,88.04,93.67,True,300,75.1,BULL,BOS UP,MIX/HL,HH/HL,SQZ,73.2,True,True,498,1,52.4,1789689600000,LOW,2.61,3.2,2.9825,5.2,3,2.5975,3.48,2,2,2,2.9825,2.5975,EQH_SWEEP,87,2.9425,False,False,1.6159,1064,87,0.0,114.51,-114.51,-100.0,0.0,5.0,DOWN,8,3,114.51,2.0,60.0,1.0,True,0,0.0,0,0.0,0.0,7.6,0.038,0.015,1.0,0.982,2727.89,720.89,2007.0,58.19,79.1,94.5,UP,112,29,3448.79,7.1,300.0,1.0,True,2,1535.88,1,554.36,981.53,32.7,0.125,0.384,1.0,0.996,5525.05,1408.32,4116.73,59.38,79.69,94.6,UP,302,83,6933.36,14.2,900.0,1.0,True,4,3114.6,1,554.36,2560.24,43.3,0.221,0.46,1.0,0.999,-2205.76,-171.46,-108.46,-82.0,-2.91,1.0,812.38,0.7109,469.34,0.6804,0.542,NONE,1789713888940,SELL,554.36,2.751160297766749,1789713900000,ok,1.0,1.0,,continuous,1,3,0,,0,0,0,0,False,258,2.752,2.753,3.633,-1.401,0.2915,0.3901,21104.86,11577.93,70.84,1789713978699,1029,False,,,,
2,v2,v1.2,REALF_PY_V4_2_DERIVED,ZPTDIFAT_PY_V1_4_DERIVED,fc-v1,native,,058e38aec59f4c35,20260918_064430,37,ZORA_20260918_064622_314,ZORAUSDT,BINANCE,FUTURES,OUTSIDE100,612,500,1789713982314,2026-09-18T06:46:22.314+00:00,17,True,1789713982314,1789713982314,57.1,1789713960000,1789714019999,False,22.3,0.007887,0.0,48.1,FAIR (DENGE),True,500,47.0,49.8,47.3,50.0,0.0001,-0.68,-0.21,0.00173,0.557,0.0,0.3,40.0,-8.9,YOK,2.8,1.0,0.007887827572702231,0.01,CLV_PROXY_1M,0,0.0033,99.7,48.1,48.2,45.4,54.2,-0.1,2.7,-6.1,0.0001,-0.00014,-0.00073,0.00114,68.98,71.9,79.34,86.86,-2.92,-10.36,-17.88,61.21,64.33,500,native,68.98,NORMAL,61.21,64.33,True,300,84.5,TR-UP,CHOCH UP,HH/HL,HH/HL,TR-UP,86.9,True,True,499,6,64.1,1789713600000,LOW,0.007851,3.88,,,,0.007775499999999999,12.01,2,0,1,0.007903,0.007775499999999999,HIGH_SWEEP,10,0.007876,False,False,0.1178,499,native,65.39,NORMAL,69.25,68.0,True,300,90.2,BULL,BOS UP,HH/HL,MIX/HL,RANGE,87.7,True,True,498,2,56.3,1789713540000,LOW,0.007842,2.29,,,,,,,0,0,0.007897,0.007842,HIGH_SWEEP,1,0.007897,True,False,0.2495,499,native,68.64,NORMAL,75.78,79.67,True,300,86.5,BULL,BOS UP,HH/HL,HH/HL,RANGE,84.8,True,True,498,9,63.8,1789711200000,LOW,0.007813,2.87,,,,,,,0,0,0.007897,0.007842,HIGH_SWEEP,1,0.007897,True,False,0.3272,499,native,44.01,NORMAL,45.65,42.33,True,300,81.8,BULL,BOS UP,HH/HL,MIX/HL,RANGE,87.5,True,True,498,21,74.9,1789695000000,LOW,0.007527,6.82,,,,,,,0,0,0.00802,0.007813,LOW_SWEEP,25,0.007571,False,False,0.6689,499,native,79.37,YORGUN,73.45,85.67,True,300,73.8,BEAR,BOS DN,HH/HL,HH/MIX,TR DN,86.4,True,True,498,69,59.5,1789462800000,HIGH,0.007987,0.82,0.009008,9.17,2,0.007187,5.73,2,1,1,0.009008,0.007187,LOW_SWEEP,126,0.008102,False,False,1.5567,499,native,71.68,NORMAL,77.78,86.33,True,300,18.0,TR-DN,CHOCH DN,LH/LL,LH/LL,TR-DN,90.3,True,True,498,16,65.9,1789473600000,HIGH,0.008968,4.08,,,,0.0058755000000000005,7.6,2,0,2,0.008336,0.0058755000000000005,HIGH_SWEEP,29,0.008437,False,False,3.3227,30518,262,74.99,34.26,40.73,37.28,68.64,92.1,UP,9,6,109.24,3.2,60.0,1.0,True,0,0.0,0,0.0,0.0,7.5,0.06,0.01,1.0,0.491,791.97,3095.48,-2303.51,-59.25,20.37,5.4,DOWN,112,61,3887.46,10.5,300.0,1.0,True,0,0.0,2,1634.01,-1634.01,37.2,0.174,0.397,1.0,0.898,14729.03,6179.98,8549.05,40.89,70.44,92.9,UP,519,229,20909.02,34.3,900.0,1.0,True,9,9443.81,3,2476.21,6967.59,59.1,0.407,0.58,1.0,0.966,158.12,-3692.08,367.64,58.41,-38.73,1.0,-236.06,-0.7632,-427.44,-0.5498,0.2252,DOWN,1789713736724,SELL,605.78,0.007892140219911931,1789713900000,ok,1.0,1.0,1.0,continuous,1,6,0,,0,0,0,0,False,292,0.007887,0.007888,1.268,-0.006,-0.0064,-0.1778,17475.77,17701.44,24.72,1789713981863,451,False,,,,
2,v2,v1.2,REALF_PY_V4_2_DERIVED,ZPTDIFAT_PY_V1_4_DERIVED,fc-v1,native,,058e38aec59f4c35,20260918_064430,38,TNSR_20260918_064624_883,TNSRUSDT,BINANCE,FUTURES,OUTSIDE100,738,200,1789713984883,2026-09-18T06:46:24.883+00:00,17,True,1789713984883,1789713984883,57.1,1789713960000,1789714019999,False,24.9,0.03513,0.0,53.7,FAIR (DENGE),True,500,54.4,55.2,52.0,50.1,-0.00187,-0.52,-0.17,0.00141,0.536,0.06,3.3,60.0,-49.7,YOK,3.2,1.0,0.03506439522758993,-0.187,CLV_PROXY_1M,0,0.0033,99.7,53.7,54.4,57.3,64.4,-0.7,-3.6,-10.7,-0.00187,5e-05,0.00078,0.0011,37.18,42.16,53.69,50.86,-4.98,-16.51,-13.68,29.24,17.0,500,native,37.18,NORMAL,29.24,17.0,True,300,39.0,BULL,BOS UP,LH/LL,MIX/HL,SQZ,83.3,True,True,499,16,45.0,1789713000000,LOW,0.03507,2.31,,,,0.03507,2.31,2,0,1,0.03518,0.03507,HIGH_SWEEP,18,0.03515,False,False,0.074,499,native,51.92,NORMAL,51.93,46.33,True,300,75.4,BULL,BOS UP,HH/MIX,HH/HL,RANGE,70.5,True,True,498,8,70.7,1789712460000,LOW,0.03507,0.96,,,,0.03507,0.96,3,0,1,0.03521,0.03507,HIGH_SWEEP,6,0.03517,False,False,0.1784,499,native,45.28,NORMAL,46.67,40.67,True,300,29.0,BULL,BOS UP,LH/LL,HH/MIX,RANGE,78.1,True,True,498,44,51.5,1789700700000,LOW,0.03481,3.62,,,,0.03454,6.67,2,0,2,0.03536,0.03454,HIGH_SWEEP,49,0.03498,False,False,0.2519,499,native,37.72,NORMAL,36.48,32.33,True,300,83.8,BULL,BOS UP,HH/HL,MIX/HL,RANGE,93.4,True,True,498,20,59.8,1789695900000,LOW,0.03454,3.43,,,,0.034375,4.39,2,0,1,0.03583,0.034375,HIGH_SWEEP,17,0.03497,False,False,0.4898,499,native,74.24,YORGUN,59.12,67.0,True,300,74.8,BULL,BOS UP,MIX/HL,MIX/HL,TR UP,73.8,True,True,498,5,52.8,1789693200000,LOW,0.03405,2.76,,,,,,,0,0,0.03497,0.03438,LOW_SWEEP,36,0.03304,False,False,1.1171,499,native,78.08,YORGUN,77.29,87.0,True,300,76.4,BULL,BOS UP,HH/MIX,HH/HL,RANGE,71.9,True,True,498,1,56.6,1789689600000,LOW,0.03258,3.28,0.037065,2.49,2,0.029225,7.6,2,1,1,0.037065,0.029225,EQH_SWEEP,59,0.037065,False,False,2.178,1154,89,87.98,28.13,59.85,51.55,75.78,94.2,UP,11,5,116.11,1.9,60.0,1.0,True,0,0.0,0,0.0,0.0,7.6,0.036,0.016,1.0,0.981,128.43,91.36,37.07,16.86,58.43,79.0,UP,26,15,219.79,5.3,300.0,1.0,True,0,0.0,0,0.0,0.0,18.8,0.097,0.085,1.0,0.996,2901.35,1847.92,1053.43,22.18,61.09,84.4,UP,188,72,4749.27,19.3,900.0,1.0,True,5,1759.85,3,1154.9,604.94,46.2,0.278,0.419,1.0,0.999,57.93,-664.9,24.03,23.48,-27.76,1.0,20.94,0.3557,6.75,0.1536,0.6733,NONE,1789713667533,BUY,487.17,0.035177856652874956,1789713900000,ok,1.0,1.0,,continuous,1,5,0,,0,0,0,0,False,326,0.03514,0.03515,2.845,0.35,0.0245,-0.1262,18268.72,17394.52,55.48,1789713984599,284,False,,,,
2,v2,v1.2,REALF_PY_V4_2_DERIVED,ZPTDIFAT_PY_V1_4_DERIVED,fc-v1,native,,058e38aec59f4c35,20260918_064430,39,VELVET_20260918_064627_476,VELVETUSDT,BINANCE,FUTURES,OUTSIDE100,761,200,1789713987476,2026-09-18T06:46:27.476+00:00,17,True,1789713987460,1789713987476,56.9,1789713960000,1789714019999,False,27.5,0.05567,-0.0718,41.7,PRICE LAG,True,500,36.2,52.5,37.2,48.2,-0.00172,-0.31,1.17,0.00199,0.371,0.23,33.3,40.0,6.9,YOK,16.3,0.868,0.055574247312695516,-0.172,CLV_PROXY_1M,0,0.0,100.0,41.7,41.5,53.1,57.6,0.2,-11.4,-15.9,-0.00172,0.00088,0.00352,0.00619,51.13,54.21,51.15,50.23,-3.08,-0.02,0.9,44.93,41.67,500,native,51.13,NORMAL,44.93,41.67,True,300,51.5,TR-DN,CHOCH DN,MIX/HL,LH/LL,TR-DN,74.0,True,True,499,20,60.6,1789712760000,HIGH,0.05615,3.25,0.056855,8.03,2,0.055404999999999996,1.8,2,1,1,0.056855,0.055404999999999996,EQL_SWEEP,74,0.055625,False,False,0.2648,499,native,44.53,NORMAL,40.3,39.33,True,300,51.3,BEAR,BOS DN,HH/MIX,LH/LL,RANGE,72.7,True,True,498,26,40.9,1789709220000,HIGH,0.05649,3.38,,,,,,,0,0,0.05615,0.05544,LOW_SWEEP,6,0.05556,False,False,0.4354,499,native,41.68,NORMAL,44.17,39.33,True,300,17.1,BEAR,BOS DN,LH/LL,HH/MIX,RANGE,86.8,True,True,498,16,49.3,1789709100000,HIGH,0.05671,3.39,,,,0.0515,13.61,2,0,1,0.05615,0.0515,HIGH_SWEEP,28,0.05618,False,False,0.5498,499,native,33.59,NORMAL,34.58,27.33,True,300,70.9,BULL,BOS UP,HH/MIX,HH/MIX,RANGE,71.4,True,True,498,9,44.5,1789705800000,LOW,0.05548,0.34,,,,0.0515,7.54,3,0,1,0.05671,0.0515,HIGH_SWEEP,8,0.05649,False,False,0.9931,499,native,34.17,NORMAL,28.88,28.0,True,300,70.4,BULL,BOS UP,HH/MIX,LH/LL,TR UP,75.1,True,True,498,14,40.8,1789660800000,LOW,0.0494,4.71,,,,,,,0,0,0.06014,0.0494,HIGH_SWEEP,13,0.05886,False,False,2.3885,499,native,78.88,YORGUN,66.71,85.0,True,300,48.0,BEAR,BOS DN,MIX/HL,HH/HL,TR DN,65.7,True,True,498,16,34.6,1789473600000,HIGH,0.0633,2.98,,,,,,,0,0,0.0536,0.0494,HIGH_SWEEP,6,0.0536,False,False,4.6002,3786,1032,27.3,1530.99,-1503.7,-96.5,1.75,5.0,DOWN,48,20,1558.29,8.1,60.0,1.0,True,0,0.0,1,1294.49,-1294.49,31.4,0.139,0.298,1.0,0.937,9782.58,23115.81,-13333.23,-40.53,29.74,7.2,DOWN,686,269,32898.39,31.5,300.0,1.0,True,14,7967.33,11,21309.09,-13341.76,59.4,0.386,0.629,1.0,0.987,53905.34,51709.66,2195.68,2.08,51.04,54.2,FLAT,2104,883,105615.01,112.2,900.0,1.0,True,53,48638.61,28,45280.2,3358.4,79.3,0.692,0.756,1.0,0.996,5274.73,980.51,-3287.4,-20.2,-1.05,1.0,-2892.36,-0.4661,-2306.39,-0.3505,-0.4776,NONE,1789713974126,SELL,1294.49,0.055643433201513076,1789713900000,ok,1.0,1.0,1.0,continuous,1,20,0,,0,0,0,0,False,360,0.05566,0.05567,1.796,-0.114,0.2382,-0.5061,21205.23,13045.78,36.83,1789713987200,276,False,,,,
2,v2,v1.2,REALF_PY_V4_2_DERIVED,ZPTDIFAT_PY_V1_4_DERIVED,fc-v1,native,,058e38aec59f4c35,20260918_064430,40,ZKC_20260918_064630_063,ZKCUSDT,BINANCE,FUTURES,OUTSIDE100,1142,200,1789713990063,2026-09-18T06:46:30.063+00:00,17,True,1789713990047,1789713990063,56.9,1789713960000,1789714019999,False,30.0,0.0384,0.0,42.4,FAIR (DENGE),True,500,40.6,41.0,44.2,49.8,0.00329,-0.0,0.26,0.00145,0.382,0.1,1.0,60.0,4.7,YOK,3.6,1.0,0.03852671080406021,0.33,CLV_PROXY_1M,0,0.0,100.0,42.4,41.4,42.5,39.5,1.0,-0.1,2.9,0.00329,-0.00013,0.0001,1e-05,67.52,65.92,63.69,62.27,1.6,3.83,5.25,67.78,79.33,500,native,67.52,NORMAL,67.78,79.33,True,300,27.2,BULL,BOS UP,LH/LL,HH/MIX,SQZ,83.3,True,True,499,53,38.3,1789710780000,LOW,0.03831,2.15,,,,,,,0,0,0.03846,0.0383,LOW_SWEEP,11,0.03835,False,False,0.109,499,native,49.19,NORMAL,57.17,57.33,True,300,30.6,BULL,BOS UP,LH/LL,EQ/RANGE,RANGE,84.8,True,True,498,36,58.8,1789707420000,LOW,0.03801,4.7,,,,0.03749,10.96,2,0,1,0.03855,0.03749,HIGH_SWEEP,34,0.03865,False,False,0.2163,499,native,38.25,NORMAL,48.53,44.33,True,300,67.1,BULL,BOS UP,MIX/HL,LH/MIX,RANGE,74.3,True,True,498,22,50.4,1789707300000,LOW,0.03801,3.14,,,,,,,0,0,0.03855,0.03831,HIGH_SWEEP,21,0.03869,False,False,0.3237,499,native,46.88,NORMAL,44.12,47.0,True,300,87.9,BULL,BOS UP,HH/HL,HH/HL,RANGE,90.3,True,True,498,8,52.3,1789706700000,LOW,0.03789,2.0,0.049025,40.85,2,0.037065,5.18,2,1,1,0.049025,0.037065,LOW_SWEEP,153,0.03752,False,False,0.6768,499,native,74.17,YORGUN,65.12,76.67,True,300,58.0,BEAR,BOS DN,MIX/HL,HH/HL,TR DN,64.1,True,True,498,53,61.2,1789520400000,HIGH,0.04772,16.64,0.05792,34.84,2,,,,1,0,0.05792,0.03718,EQH_SWEEP,6,0.03827,False,False,1.4589,499,native,43.79,NORMAL,51.31,58.0,True,300,15.6,BEAR,BOS DN,LH/LL,LH/MIX,TR DN,90.7,True,True,498,18,73.5,1789444800000,HIGH,0.04904,8.44,,,,0.036074999999999996,1.85,2,0,1,0.03878,0.036074999999999996,HIGH_SWEEP,1,0.03878,True,False,3.2744,450,334,819.54,5.14,814.39,98.75,99.38,95.0,UP,31,17,824.68,8.6,60.0,1.0,True,1,208.48,0,0.0,208.48,29.8,0.147,0.229,1.0,0.993,2940.91,2154.67,786.24,15.43,57.71,77.2,UP,161,90,5095.58,23.5,300.0,1.0,True,2,1314.09,2,1467.22,-153.13,49.1,0.319,0.427,1.0,0.999,9678.58,5530.95,4147.63,27.27,63.63,88.0,UP,543,295,15209.53,60.8,900.0,1.0,True,12,5871.04,3,1947.36,3923.68,65.6,0.549,0.546,1.0,1.0,746.97,400.08,273.24,38.55,4.3,1.0,-258.25,-0.2478,48.56,0.0476,0.5705,DOWN,1789713934196,BUY,208.48,0.03838084867452135,1789713900000,ok,1.0,1.0,1.0,continuous,1,17,0,,0,0,0,0,False,394,0.03839,0.03841,5.208,-2.15,-0.1937,-0.1683,14729.76,21806.78,52.08,1789713989709,354,False,,,,
2,v2,v1.2,REALF_PY_V4_2_DERIVED,ZPTDIFAT_PY_V1_4_DERIVED,fc-v1,native,,058e38aec59f4c35,20260918_064430,41,ETH_20260918_064635_662,ETHUSDT,BINANCE,FUTURES,TOP100,2,75000,1789713995662,2026-09-18T06:46:35.662+00:00,17,True,1789713995631,1789713995662,56.7,1789713960000,1789714019999,False,35.6,2485.3,0.0121,50.0,FAIR (DENGE),True,500,49.9,51.4,48.6,50.0,-0.00041,0.19,0.54,0.00144,0.727,1.22,53.3,55.0,-8.7,YOK,2.8,0.033,2484.271177861957,-0.041,CLV_PROXY_1M,0,0.0,100.0,50.0,50.0,54.9,55.3,0.0,-4.9,-5.3,-0.00041,3e-05,0.00063,0.00069,67.87,63.69,56.98,55.93,4.18,10.89,11.94,75.77,82.0,500,native,67.87,NORMAL,75.77,82.0,True,300,36.4,BULL,BOS UP,LH/LL,HH/HL,SQZ,85.9,True,True,499,24,63.9,1789712520000,LOW,2481.26,2.82,,,,2469.0299999999997,11.37,2,0,2,2486.1,2469.0299999999997,HIGH_SWEEP,23,2486.11,False,False,0.0576,499,native,60.36,NORMAL,67.43,75.33,True,300,41.8,BULL,BOS UP,MIX/LL,EQ/RANGE,RANGE,79.1,True,True,498,37,76.1,1789707240000,LOW,2469.0,5.02,2486.685,0.43,2,,,,1,0,2486.685,2477.52,HIGH_SWEEP,8,2486.49,False,False,0.1307,499,native,53.46,NORMAL,61.38,59.67,True,300,69.2,BULL,BOS UP,MIX/HL,MIX/LL,TR UP,75.1,True,True,498,19,61.2,1789708200000,LOW,2469.0,3.49,,,,2365.835,25.55,2,0,1,2486.88,2365.835,HIGH_SWEEP,20,2482.2,False,False,0.1882,499,native,65.95,NORMAL,63.11,68.67,True,300,72.9,BULL,BOS UP,HH/MIX,HH/HL,TR UP,74.1,True,True,498,7,39.9,1789707600000,LOW,2435.39,6.27,,,,2435.74,6.23,2,0,1,2492.55,2435.74,HIGH_SWEEP,6,2484.99,False,False,0.3202,499,native,79.99,YORGUN,88.16,97.67,True,300,73.3,BEAR,BOS DN,HH/HL,HH/MIX,TR DN,84.8,True,True,498,65,44.7,1789477200000,HIGH,2614.99,7.59,,,,,,,0,0,2484.0,2435.39,HIGH_SWEEP,1,2484.0,True,False,0.6888,499,native,65.7,NORMAL,77.31,88.33,True,300,51.7,TR-DN,CHOCH DN,MIX/HL,MIX/HL,TR-DN,70.6,True,True,498,14,32.7,1789502400000,HIGH,2614.99,3.25,,,,1862.655,15.62,2,0,2,2614.99,1862.655,HIGH_SWEEP,38,2522.75,False,False,1.6086,774,2049,3124232.44,1976050.65,1148181.79,22.51,61.26,84.7,UP,2629,608,5100283.09,24.4,60.0,1.0,True,6,2348145.19,5,958766.54,1389378.65,63.9,0.328,1.0,1.0,0.987,6215362.79,6201086.94,14275.84,0.11,50.06,50.2,FLAT,8741,2049,12416449.73,61.2,290.0,0.9667,False,13,4362079.62,20,3214763.48,1147316.14,78.2,0.55,1.0,0.967,0.997,6215362.79,6201086.94,14275.84,0.11,50.06,50.2,FLAT,8741,2049,12416449.73,61.2,290.0,0.3222,False,13,4362079.62,20,3214763.48,1147316.14,62.8,0.55,1.0,0.322,0.999,1300732.64,,,13.69,,0.2555,193297.19,0.0616,-33554.02,-0.0135,,,1789713983738,SELL,75009.92,2485.83,1789713900000,ok,1.0,1.0,1.0,continuous,1,602,0,,0,0,0,0,False,428,2485.3,2485.31,0.04,-0.0,-0.0543,-0.0029,299460.7,333871.42,0.78,1789713995497,165,False,,,,
2,v2,v1.2,REALF_PY_V4_2_DERIVED,ZPTDIFAT_PY_V1_4_DERIVED,fc-v1,native,,058e38aec59f4c35,20260918_064430,42,BNB_20260918_064638_236,BNBUSDT,BINANCE,FUTURES,TOP100,4,25000,1789713998236,2026-09-18T06:46:38.236+00:00,17,True,1789713998236,1789713998236,56.7,1789713960000,1789714019999,False,38.2,753.95,0.0093,38.1,PRICE LAG,True,500,34.2,42.3,38.8,43.9,0.00196,-0.16,0.97,0.00102,0.714,1.23,39.3,45.0,-0.2,YOK,8.1,1.0,755.4295252170436,0.196,CLV_PROXY_1M,0,0.0,100.0,38.1,41.1,48.2,52.6,-3.0,-10.1,-14.5,0.00196,0.00034,0.00119,0.00137,67.31,65.71,63.98,59.23,1.6,3.33,8.08,71.18,70.67,500,native,67.31,NORMAL,71.18,70.67,True,300,17.1,BEAR,BOS DN,LH/LL,LH/LL,RANGE,87.5,True,True,499,17,52.5,1789712940000,HIGH,754.74,2.11,,,,735.76,48.5,2,0,1,754.18,735.76,HIGH_SWEEP,24,754.62,False,False,0.0497,499,native,42.51,NORMAL,52.93,40.33,True,300,70.9,BULL,BOS UP,HH/MIX,MIX/HL,RANGE,74.2,True,True,498,14,53.9,1789711380000,LOW,751.67,2.49,,,,733.985,21.88,2,0,2,755.98,733.985,HIGH_SWEEP,29,753.4,False,False,0.121,499,native,50.42,NORMAL,58.08,49.67,True,300,70.6,BULL,BOS UP,HH/MIX,HH/MIX,TR UP,80.5,True,True,498,19,50.9,1789708200000,LOW,749.39,3.27,,,,751.405,1.83,2,0,2,755.98,751.405,HIGH_SWEEP,8,755.08,False,False,0.1847,499,native,57.72,NORMAL,60.33,53.33,True,300,78.2,BULL,BOS UP,HH/HL,HH/HL,TR UP,91.5,True,True,498,30,31.8,1789686900000,LOW,733.95,7.98,,,,,,,0,0,754.71,733.95,HIGH_SWEEP,6,754.71,False,False,0.3323,499,native,94.16,ASIRI,91.03,95.33,True,300,72.9,BULL,BOS UP,HH/MIX,HH/MIX,TR UP,76.1,True,True,498,10,47.2,1789675200000,LOW,721.24,7.12,,,,,,,0,0,732.95,721.24,HIGH_SWEEP,18,729.58,False,False,0.6104,499,native,89.08,ASIRI,96.45,96.33,True,300,40.4,BULL,BOS UP,LH/LL,HH/HL,RANGE,86.1,True,True,498,4,31.3,1789646400000,LOW,704.34,5.27,,,,,,,0,0,725.94,704.34,HIGH_SWEEP,6,725.94,False,False,1.2519,2135,1303,195654.1,113328.91,82325.18,26.64,63.32,87.7,UP,850,142,308983.01,19.4,60.0,1.0,True,1,49790.14,2,60174.71,-10384.57,57.5,0.28,0.872,1.0,0.964,328555.83,744604.94,-416049.11,-38.77,30.62,7.6,DOWN,2507,541,1073160.76,62.6,300.0,1.0,True,1,49790.14,10,469515.32,-419725.18,79.0,0.556,1.0,1.0,0.993,1015387.91,1030296.57,-14908.66,-0.73,49.64,48.5,FLAT,6014,1303,2045684.48,145.6,601.6,0.6685,False,5,200004.49,11,502216.11,-302211.61,82.0,0.744,1.0,0.668,0.998,391518.99,-25788.67,,52.85,1.02,0.6018,-98193.21,-0.3966,-94053.47,-0.4382,-0.198,NONE,1789713983594,BUY,49790.14,753.9390914597215,1789713900000,ok,1.0,1.0,1.0,continuous,1,126,0,,0,0,0,0,False,462,753.94,753.95,0.133,0.034,0.2601,0.438,120665.35,70859.09,2.59,1789713998078,158,False,,,,
2,v2,v1.2,REALF_PY_V4_2_DERIVED,ZPTDIFAT_PY_V1_4_DERIVED,fc-v1,native,,058e38aec59f4c35,20260918_064430,43,XRP_20260918_064640_805,XRPUSDT,BINANCE,FUTURES,TOP100,5,25000,1789714000805,2026-09-18T06:46:40.805+00:00,17,True,1789714000805,1789714000805,56.7,1789713960000,1789714019999,False,40.8,1.3232,0.0302,51.0,FAIR (DENGE),True,500,50.5,56.3,45.6,50.6,-0.00218,-0.04,0.62,0.00166,0.753,1.13,63.7,55.0,-11.4,YOK,10.7,0.343,1.320318775313378,-0.218,CLV_PROXY_1M,0,0.0,100.0,51.0,52.2,57.6,61.1,-1.2,-6.6,-10.1,-0.00218,0.00049,0.00105,0.00171,68.2,67.21,69.9,73.61,0.99,-1.7,-5.41,69.29,73.33,500,native,68.2,NORMAL,69.29,73.33,True,300,73.9,BEAR,BOS DN,HH/HL,MIX/HL,SQZ,86.6,True,True,499,61,52.6,1789710300000,HIGH,1.3237,0.41,,,,1.3032,16.25,2,0,2,1.3245,1.3032,HIGH_SWEEP,10,1.3232,False,False,0.0931,499,native,76.78,YORGUN,76.95,87.67,True,300,41.0,BULL,BOS UP,LH/LL,HH/HL,RANGE,87.7,True,True,498,2,29.6,1789713540000,LOW,1.3164,2.76,,,,,,,0,0,1.3228,1.3164,HIGH_SWEEP,6,1.3228,False,False,0.1865,499,native,69.12,NORMAL,77.9,83.0,True,300,60.5,BULL,BOS UP,MIX/HL,LH/LL,RANGE,74.0,True,True,498,36,67.7,1789703100000,LOW,1.3045,5.54,,,,,,,0,0,1.3228,1.3164,HIGH_SWEEP,4,1.3228,False,False,0.2536,499,native,59.1,NORMAL,59.1,65.67,True,300,76.5,TR-UP,CHOCH UP,HH/HL,MIX/HL,TR-UP,84.3,True,True,498,23,25.8,1789693200000,LOW,1.2867,6.6,,,,,,,0,0,1.3286,1.3133,HIGH_SWEEP,24,1.3002,False,False,0.4171,499,native,80.98,YORGUN,81.54,92.33,True,300,74.1,TR-UP,CHOCH UP,HH/MIX,HH/MIX,TR-UP,74.3,True,True,498,3,82.2,1789700400000,LOW,1.2867,3.01,,,,,,,0,0,1.3201,1.2867,HIGH_SWEEP,1,1.3201,True,False,0.9194,499,native,49.76,NORMAL,59.13,75.67,True,300,47.1,TR-DN,CHOCH DN,HH/MIX,MIX/LL,TR-DN,75.8,True,True,498,15,73.1,1789488000000,HIGH,1.4916,5.29,1.5507,7.15,2,0.98775,10.55,2,1,1,1.5507,0.98775,EQH_SWEEP,57,1.43175,False,False,2.3989,228,1402,729591.92,141539.13,588052.79,67.5,83.75,94.8,UP,1151,154,871131.05,5.4,60.0,1.0,True,5,584646.58,1,57145.79,527500.79,39.3,0.098,0.985,1.0,0.996,1715374.58,1189709.36,525665.22,18.09,59.05,80.4,UP,4916,665,2905083.94,38.4,300.0,1.0,True,15,1218293.97,14,755204.25,463089.73,71.6,0.434,1.0,1.0,0.999,3995304.33,2906491.55,1088812.78,15.78,57.89,77.7,UP,12218,1402,6901795.88,132.8,613.5,0.6816,False,41,2820189.17,32,1715990.86,1104198.31,81.5,0.726,1.0,0.682,1.0,927933.55,666554.08,,51.6,12.0,0.615,138308.31,0.1636,84997.98,0.1463,-0.1871,UP,1789713992299,BUY,51097.86,1.3231,1789713900000,ok,1.0,1.0,1.0,continuous,1,145,0,,0,0,0,0,False,496,1.3231,1.3232,0.756,0.129,-0.0339,0.2237,1007859.73,1078499.71,14.74,1789714000663,142,False,,AGGRESSIVE_BUYER,,
2,v2,v1.2,REALF_PY_V4_2_DERIVED,ZPTDIFAT_PY_V1_4_DERIVED,fc-v1,native,,058e38aec59f4c35,20260918_064430,44,DOGE_20260918_064643_601,DOGEUSDT,BINANCE,FUTURES,TOP100,12,15000,1789714003601,2026-09-18T06:46:43.601+00:00,17,True,1789714003390,1789714003601,56.9,1789713960000,1789714019999,False,43.4,0.08427,0.0,49.6,FAIR (DENGE),True,500,49.0,52.4,47.3,49.9,-0.00085,-0.13,0.39,0.00157,0.7,0.72,29.0,45.0,-21.8,YOK,5.1,0.258,0.0841988160726845,-0.084,CLV_PROXY_1M,0,0.0,100.0,49.6,50.6,54.8,57.7,-1.0,-5.2,-8.1,-0.00085,0.00031,0.00092,0.00113,43.91,44.36,47.92,57.92,-0.45,-4.01,-14.01,46.94,33.33,500,native,43.91,NORMAL,46.94,33.33,True,300,68.5,BEAR,BOS DN,HH/HL,MIX/HL,SQZ,88.9,True,True,499,28,38.7,1789712280000,HIGH,0.08443,2.25,0.084395,1.76,2,0.08135,41.05,2,1,1,0.084395,0.08135,EQH_SWEEP,10,0.084395,False,False,0.0844,499,native,48.61,NORMAL,48.4,41.0,True,300,60.6,BULL,BOS UP,MIX/HL,HH/HL,RANGE,73.3,True,True,498,36,48.5,1789707420000,LOW,0.08373,3.7,0.08449000000000001,1.51,2,,,,1,0,0.08449000000000001,0.08417,LOW_SWEEP,15,0.08419,False,False,0.1733,499,native,42.24,NORMAL,45.74,34.0,True,300,62.0,BULL,BOS UP,MIX/HL,MIX/HL,TR UP,80.0,True,True,498,36,93.1,1789703100000,LOW,0.08223,9.37,,,,0.07986,20.32,2,0,1,0.08448,0.07986,HIGH_SWEEP,20,0.08459,False,False,0.257,499,native,58.36,NORMAL,53.32,54.0,True,300,79.4,BULL,BOS UP,HH/HL,HH/HL,TR UP,84.7,True,True,498,22,43.6,1789694100000,LOW,0.08114,8.86,,,,0.080555,10.52,2,0,1,0.08469,0.080555,HIGH_SWEEP,65,0.08179,False,False,0.4181,499,native,88.95,ASIRI,85.27,96.67,True,300,89.8,BULL,BOS UP,HH/HL,LH/LL,TR UP,90.7,True,True,498,4,51.5,1789696800000,LOW,0.08114,4.32,,,,,,,0,0,0.08253,0.08114,HIGH_SWEEP,21,0.08134,False,False,0.8609,499,native,72.92,YORGUN,85.98,92.33,True,300,47.5,BEAR,BOS DN,HH/MIX,LH/MIX,TR DN,73.2,True,True,498,16,26.7,1789473600000,HIGH,0.08616,1.24,,,,0.07835,3.87,2,0,1,0.08616,0.07835,HIGH_SWEEP,20,0.08534,False,False,1.8093,1716,1150,124982.54,56948.63,68033.91,37.4,68.7,92.1,UP,567,70,181931.17,11.5,60.0,1.0,True,5,99295.14,1,17929.83,81365.31,48.0,0.187,0.815,1.0,0.971,224802.19,354992.83,-130190.65,-22.45,38.77,15.3,DOWN,2312,340,579795.02,31.7,300.0,1.0,True,5,99295.14,6,166601.85,-67306.71,67.2,0.388,0.941,1.0,0.994,1450329.77,1445010.28,5319.49,0.18,50.09,50.4,FLAT,8946,1150,2895340.05,137.0,828.2,0.9203,False,24,886602.86,24,684708.97,201893.89,86.8,0.733,1.0,0.92,0.998,117824.54,73862.36,,36.76,12.62,0.8536,-361.81,-0.003,-23613.55,-0.2036,-0.7342,NONE,1789713983591,BUY,23239.28,0.08428,1789713900000,ok,1.0,1.0,1.0,continuous,1,69,0,,0,0,0,0,False,530,0.08426,0.08427,1.187,-0.024,-0.3565,0.4166,949065.98,2000721.39,23.14,1789714003233,368,False,,,,
2,v2,v1.2,REALF_PY_V4_2_DERIVED,ZPTDIFAT_PY_V1_4_DERIVED,fc-v1,native,,058e38aec59f4c35,20260918_064430,45,LINK_20260918_064646_171,LINKUSDT,BINANCE,FUTURES,TOP100,17,10000,1789714006171,2026-09-18T06:46:46.171+00:00,17,True,1789714006171,1789714006171,56.9,1789713960000,1789714019999,False,46.2,11.822,0.0254,56.7,FAIR (DENGE),True,500,59.2,54.5,55.8,53.3,-0.00203,-0.07,-0.25,0.0019,0.676,0.91,46.7,50.0,-2.3,YOK,4.6,1.0,11.79801966338957,-0.203,CLV_PROXY_1M,0,0.0,100.0,56.7,55.9,56.2,56.7,0.8,0.5,0.0,-0.00203,-0.00065,-0.00057,-0.00033,71.07,75.36,79.38,76.16,-4.29,-8.31,-5.09,62.23,58.33,500,native,71.07,NORMAL,62.23,58.33,True,300,88.1,BULL,BOS UP,HH/HL,HH/HL,RANGE,92.9,True,True,499,10,55.7,1789713360000,LOW,11.772,3.71,,,,11.377500000000001,32.96,2,0,1,11.811,11.377500000000001,HIGH_SWEEP,29,11.779,False,False,0.1141,499,native,81.94,YORGUN,77.35,81.67,True,300,44.1,BULL,BOS UP,LH/LL,HH/MIX,RANGE,88.3,True,True,498,8,67.9,1789712460000,LOW,11.705,4.23,,,,,,,0,0,11.776,11.705,HIGH_SWEEP,13,11.776,False,False,0.2339,499,native,78.49,YORGUN,82.12,86.33,True,300,76.2,BULL,BOS UP,HH/MIX,LH/LL,TR UP,75.7,True,True,498,2,46.5,1789713300000,LOW,11.705,3.02,,,,,,,0,0,11.817,11.705,HIGH_SWEEP,22,11.802,False,False,0.33,499,native,66.26,NORMAL,67.98,71.0,True,300,91.2,BULL,BOS UP,HH/HL,HH/HL,TR UP,88.4,True,True,498,1,59.4,1789713000000,LOW,11.647,2.74,,,,11.0905,11.43,2,0,1,11.817,11.0905,HIGH_SWEEP,65,11.34,False,False,0.5406,499,native,90.72,ASIRI,88.91,95.67,True,300,83.3,TR-UP,CHOCH UP,HH/HL,MIX/LL,TR-UP,86.0,True,True,498,5,51.0,1789693200000,LOW,11.089,6.08,12.7855,7.99,2,,,,1,0,12.7855,11.25,LOW_SWEEP,37,10.67,False,False,1.0287,499,native,75.98,YORGUN,89.04,93.0,True,300,17.7,BEAR,BOS DN,LH/LL,HH/MIX,RANGE,86.2,True,True,498,15,24.8,1789488000000,HIGH,11.961,0.55,,,,8.062,14.99,2,0,1,11.961,8.062,EQH_SWEEP,83,12.035499999999999,False,False,2.133,1364,1177,91849.7,123542.46,-31692.75,-14.71,42.64,23.7,DOWN,587,89,215392.16,32.2,60.0,1.0,True,3,40315.76,1,67350.73,-27034.97,64.9,0.391,0.833,1.0,0.977,244057.22,233732.74,10324.49,2.16,51.08,54.4,FLAT,1775,317,477789.96,91.4,300.0,1.0,True,5,73706.04,2,77360.25,-3654.21,81.9,0.646,0.92,1.0,0.995,1180929.79,743152.16,437777.63,22.75,61.38,84.9,UP,6722,1148,1924081.95,280.3,900.0,1.0,True,22,521537.91,9,189539.09,331998.81,93.6,0.849,1.0,1.0,0.998,-54155.94,-15200.96,-45631.41,-18.57,-2.64,0.9808,402.57,0.0032,5459.5,0.0571,-0.0059,NONE,1789713983585,BUY,15749.73,11.822609779532643,1789713900000,ok,1.0,1.0,1.0,continuous,1,87,0,,0,0,0,0,False,564,11.821,11.822,0.846,0.012,-0.0134,-0.1721,194797.26,200088.0,16.5,1789714006023,148,False,,,,
2,v2,v1.2,REALF_PY_V4_2_DERIVED,ZPTDIFAT_PY_V1_4_DERIVED,fc-v1,native,,058e38aec59f4c35,20260918_064430,46,ADA_20260918_064648_748,ADAUSDT,BINANCE,FUTURES,TOP100,19,10000,1789714008748,2026-09-18T06:46:48.748+00:00,17,True,1789714008733,1789714008748,56.9,1789713960000,1789714019999,False,48.7,0.214,0.0935,52.9,FAIR (DENGE),True,500,54.7,47.4,56.3,52.0,0.00113,0.84,0.43,0.00158,0.624,1.61,54.0,40.0,-8.0,YOK,8.8,0.681,0.2142418580094506,0.113,CLV_PROXY_1M,0,0.0,100.0,52.9,52.9,52.6,50.0,0.0,0.3,2.9,0.00113,-0.00015,-0.00098,-0.0012,77.09,71.95,62.7,51.05,5.14,14.39,26.04,87.68,92.33,500,native,77.09,YORGUN,87.68,92.33,True,300,76.2,TR-UP,CHOCH UP,HH/HL,HH/HL,SQZ,89.8,True,True,499,31,50.5,1789712100000,LOW,0.2126,4.92,0.2151,3.86,2,,,,1,0,0.2151,0.2132,EQH_SWEEP,10,0.2138,False,False,0.1332,499,native,74.96,YORGUN,78.18,79.0,True,300,22.8,BEAR,BOS DN,LH/LL,MIX/HL,RANGE,86.5,True,True,498,29,70.8,1789708680000,HIGH,0.2173,6.29,,,,,,,0,0,0.2151,0.2121,LOW_SWEEP,49,0.2143,False,False,0.2529,499,native,64.65,NORMAL,77.44,77.67,True,300,20.2,TR-DN,CHOCH DN,LH/LL,LH/LL,TR-DN,85.4,True,True,498,11,28.1,1789710600000,HIGH,0.2151,1.48,,,,0.1903,31.99,3,0,1,0.2151,0.1903,HIGH_SWEEP,35,0.2159,False,False,0.3463,499,native,45.51,NORMAL,45.01,40.67,True,300,66.3,BULL,BOS UP,MIX/HL,LH/LL,TR UP,78.2,True,True,498,27,55.4,1789689600000,LOW,0.1997,9.58,0.21739999999999998,2.36,2,0.1972,11.26,2,1,2,0.21739999999999998,0.1972,HIGH_SWEEP,28,0.2027,False,False,0.6932,499,native,86.5,ASIRI,77.26,91.0,True,300,87.0,BULL,BOS UP,HH/HL,HH/HL,EXP UP,84.6,True,True,498,6,53.5,1789689600000,LOW,0.1901,7.71,,,,,,,0,0,0.2042,0.1997,EQH_SWEEP,29,0.19690000000000002,False,False,1.4575,499,native,75.92,YORGUN,88.82,90.33,True,300,41.5,TR-UP,CHOCH UP,LH/LL,LH/LL,TR-UP,84.5,True,True,498,1,52.5,1789689600000,LOW,0.1901,4.37,,,,,,,0,0,0.2159,0.1901,LOW_SWEEP,52,0.2148,False,True,2.5151,204,1041,178133.34,25293.6,152839.74,75.13,87.57,94.9,UP,335,81,203426.94,4.2,60.0,1.0,True,3,155847.14,1,15115.45,140731.7,33.9,0.077,0.827,1.0,0.997,321065.62,99142.2,221923.42,52.81,76.41,94.3,UP,984,322,420207.82,13.3,300.0,1.0,True,7,245633.75,3,56020.02,189613.73,51.9,0.209,0.906,1.0,0.999,1121742.0,768803.2,352938.8,18.67,59.33,81.1,UP,4047,936,1890545.21,53.0,900.0,1.0,True,28,920398.41,18,592806.56,327591.85,76.7,0.514,1.0,1.0,1.0,164887.95,228435.75,132350.79,47.13,27.24,1.0,44601.2,0.4342,34223.27,0.4072,0.0257,NONE,1789713991530,BUY,27931.49,0.214,1789713900000,ok,1.0,1.0,1.0,continuous,1,79,0,,0,0,0,0,False,598,0.2139,0.214,4.674,0.72,0.0701,-0.1071,2242435.2,1948725.59,91.14,1789714008598,150,False,,AGGRESSIVE_BUYER,,
2,v2,v1.2,REALF_PY_V4_2_DERIVED,ZPTDIFAT_PY_V1_4_DERIVED,fc-v1,native,,058e38aec59f4c35,20260918_064430,47,LTC_20260918_064651_538,LTCUSDT,BINANCE,FUTURES,TOP100,25,10000,1789714011538,2026-09-18T06:46:51.538+00:00,17,True,1789714011538,1789714011538,56.9,1789713960000,1789714019999,False,51.5,54.97,0.0,56.7,FAIR (DENGE),True,500,57.8,57.6,55.2,52.4,-0.00266,0.67,0.45,0.00125,0.564,0.57,39.3,50.0,-9.2,YOK,2.6,1.0,54.82409107365269,-0.265,CLV_PROXY_1M,0,0.0,100.0,56.7,57.8,60.6,58.2,-1.1,-3.9,-1.5,-0.00266,4e-05,0.00067,-0.00016,70.81,72.68,69.66,56.22,-1.87,1.15,14.59,65.33,69.0,500,native,70.81,NORMAL,65.33,69.0,True,300,82.3,BULL,BOS UP,HH/HL,HH/HL,TR UP,86.9,True,True,499,19,64.2,1789712820000,LOW,54.78,3.7,,,,54.76,4.09,2,0,2,55.02,54.76,HIGH_SWEEP,43,54.92,False,False,0.0935,499,native,72.84,YORGUN,77.15,85.67,True,300,75.3,BULL,BOS UP,HH/HL,HH/HL,RANGE,91.8,True,True,498,37,50.6,1789707240000,LOW,54.29,6.66,55.0,0.29,2,,,,1,0,55.0,54.78,EQH_SWEEP,6,55.0,False,False,0.1857,499,native,69.16,NORMAL,77.22,78.0,True,300,76.2,BULL,BOS UP,HH/HL,HH/HL,TR UP,87.5,True,True,498,36,51.2,1789703100000,LOW,54.32,4.68,,,,53.86,8.0,2,0,3,55.0,53.86,HIGH_SWEEP,4,55.0,False,False,0.2523,499,native,75.95,YORGUN,76.48,81.67,True,300,70.5,BULL,BOS UP,MIX/HL,HH/MIX,TR UP,85.7,True,True,498,25,95.3,1789691400000,LOW,53.59,6.24,,,,,,,0,0,53.98,54.29,EQH_SWEEP,27,53.989999999999995,False,False,0.402,499,native,87.78,ASIRI,88.41,95.33,True,300,88.0,BULL,BOS UP,HH/HL,HH/HL,TR UP,83.5,True,True,498,6,68.8,1789689600000,LOW,52.46,5.75,,,,,,,0,0,54.0,52.46,HIGH_SWEEP,21,52.81,False,False,0.7963,499,native,81.4,YORGUN,89.53,93.33,True,300,51.6,TR-DN,CHOCH DN,HH/MIX,LH/LL,TR-DN,72.3,True,True,498,14,38.2,1789502400000,HIGH,55.24,0.32,,,,,,,0,0,55.24,50.13,HIGH_SWEEP,30,54.28,False,False,1.559,1911,542,21039.62,10693.91,10345.71,32.6,66.3,90.6,UP,121,30,31733.53,6.7,60.0,1.0,True,0,0.0,0,0.0,0.0,36.9,0.118,0.625,1.0,0.968,103784.91,84574.17,19210.74,10.2,55.1,69.5,UP,719,178,188359.07,35.2,300.0,1.0,True,1,22086.52,1,18029.33,4057.2,66.1,0.413,0.819,1.0,0.994,401972.1,363180.76,38791.34,5.07,52.53,60.2,UP,2519,485,765152.85,83.1,900.0,1.0,True,11,212153.52,10,149463.99,62689.54,82.1,0.624,0.971,1.0,0.998,18567.18,55993.97,5433.68,39.57,13.75,1.0,6732.95,0.2607,2360.97,0.0627,-0.2407,UP,1789713882231,BUY,22086.52,54.984550843195926,1789713900000,ok,1.0,1.0,1.0,continuous,1,30,0,,0,0,0,0,False,632,54.97,54.98,1.819,0.582,0.1137,0.2672,715071.43,569119.39,35.47,1789714011079,459,False,,,,
2,v2,v1.2,REALF_PY_V4_2_DERIVED,ZPTDIFAT_PY_V1_4_DERIVED,fc-v1,native,,058e38aec59f4c35,20260918_064430,48,AVAX_20260918_064654_124,AVAXUSDT,BINANCE,FUTURES,TOP100,31,5000,1789714014124,2026-09-18T06:46:54.124+00:00,17,True,1789714014124,1789714014124,56.7,1789713960000,1789714019999,False,54.1,7.904,0.0253,50.7,FAIR (DENGE),True,500,52.7,43.5,55.5,50.5,0.00211,0.64,0.5,0.00133,0.616,1.63,50.7,50.0,-22.7,YOK,12.0,0.172,7.920683434210205,0.211,CLV_PROXY_1M,0,0.0,100.0,50.7,48.7,49.3,48.5,2.0,1.4,2.2,0.00211,-0.0001,-0.00028,-0.0005,76.76,73.91,64.57,65.56,2.85,12.19,11.2,82.72,85.0,500,native,76.76,YORGUN,82.72,85.0,True,300,73.0,BEAR,BOS DN,HH/HL,MIX/HL,SQZ,84.0,True,True,499,66,64.9,1789710000000,HIGH,7.93,4.09,7.9415,5.9,2,,,,1,0,7.9415,7.89,LOW_SWEEP,25,7.873,False,False,0.0804,499,native,74.03,YORGUN,81.22,83.33,True,300,59.1,BULL,BOS UP,MIX/HL,HH/MIX,RANGE,69.2,True,True,498,73,79.7,1789700760000,LOW,7.677,15.28,,,,7.6285,18.55,2,0,1,7.903,7.6285,HIGH_SWEEP,82,7.723,False,False,0.1879,499,native,49.29,NORMAL,63.14,57.67,True,300,61.4,BULL,BOS UP,MIX/HL,MIX/HL,RANGE,76.2,True,True,498,44,66.0,1789700700000,LOW,7.677,10.16,,,,,,,0,0,7.942,7.871,HIGH_SWEEP,49,7.723,False,False,0.2815,499,native,55.25,NORMAL,54.62,50.0,True,300,79.1,BULL,BOS UP,HH/HL,MIX/HL,TR UP,85.4,True,True,498,24,54.9,1789692300000,LOW,7.545,8.78,,,,,,,0,0,7.968,7.584,EQH_SWEEP,24,7.648,False,False,0.5161,499,native,87.8,ASIRI,82.75,90.0,True,300,91.4,TR-UP,CHOCH UP,HH/HL,LH/LL,TR-UP,94.6,True,True,498,3,96.7,1789700400000,LOW,7.545,4.44,8.192,3.59,3,7.186,8.9,2,1,1,8.192,7.186,EQL_SWEEP,37,7.186,False,False,1.023,499,native,84.87,ASIRI,91.15,93.33,True,300,78.7,BULL,BOS UP,HH/MIX,HH/MIX,RANGE,76.8,True,True,498,1,80.2,1789689600000,LOW,7.171,4.83,,,,7.173500000000001,4.81,2,0,1,7.8,7.173500000000001,LOW_SWEEP,15,7.243,False,False,1.9116,863,684,56011.63,40486.78,15524.85,16.09,58.04,78.1,UP,309,43,96498.4,10.8,60.0,1.0,True,3,31010.57,3,26047.67,4962.9,45.8,0.177,0.746,1.0,0.986,121086.03,86904.32,34181.7,16.43,58.22,78.5,UP,973,175,207990.35,32.9,300.0,1.0,True,6,52595.15,7,51196.42,1398.73,65.3,0.397,0.83,1.0,0.997,422173.2,339993.47,82179.74,10.78,55.39,70.4,UP,3623,609,762166.67,118.4,900.0,1.0,True,19,187678.78,23,186041.59,1637.19,86.1,0.703,0.971,1.0,0.999,32787.81,27074.97,-2774.06,29.74,5.64,1.0,4084.36,0.0721,7351.79,0.1767,0.0312,NONE,1789714009647,SELL,15464.21,7.902,1789713900000,ok,1.0,1.0,1.0,continuous,1,40,0,,0,0,0,0,False,666,7.902,7.903,1.265,-0.334,0.005,-0.1848,320414.23,317237.97,24.68,1789714013929,195,False,,,,
2,v2,v1.2,REALF_PY_V4_2_DERIVED,ZPTDIFAT_PY_V1_4_DERIVED,fc-v1,native,,058e38aec59f4c35,20260918_064430,49,SUI_20260918_064656_702,SUIUSDT,BINANCE,FUTURES,TOP100,35,5000,1789714016702,2026-09-18T06:46:56.702+00:00,17,True,1789714016686,1789714016702,56.7,1789713960000,1789714019999,False,56.7,0.7787,-0.0257,51.2,FAIR (DENGE),True,500,52.0,50.0,51.0,50.5,-1e-05,-0.1,0.2,0.00203,0.593,0.97,37.7,50.0,-18.5,YOK,2.0,1.0,0.7786883685251046,-0.001,CLV_PROXY_1M,0,0.0,100.0,51.2,47.6,52.6,57.1,3.6,-1.4,-5.9,-1e-05,-0.00093,-0.00023,0.00071,71.5,72.98,74.34,80.68,-1.48,-2.84,-9.18,68.2,67.67,500,native,71.5,NORMAL,68.2,67.67,True,300,85.6,BULL,BOS UP,HH/HL,MIX/HL,TR UP,87.8,True,True,499,8,20.7,1789713480000,LOW,0.775,3.69,,,,,,,0,0,0.7798,0.775,HIGH_SWEEP,24,0.777,False,False,0.1286,499,native,78.1,YORGUN,78.09,82.67,True,300,71.3,BULL,BOS UP,MIX/HL,HH/HL,RANGE,68.4,True,True,498,3,18.5,1789713360000,LOW,0.7738,2.32,,,,0.7292,23.86,2,0,3,0.7778,0.7292,HIGH_SWEEP,54,0.7849,False,False,0.2659,499,native,61.28,NORMAL,74.62,73.0,True,300,60.8,BULL,BOS UP,MIX/HL,MIX/HL,RANGE,74.3,True,True,498,43,48.0,1789701000000,LOW,0.7643,4.8,,,,0.71575,21.09,2,0,2,0.7849,0.71575,HIGH_SWEEP,93,0.7365,False,False,0.3827,499,native,47.94,NORMAL,51.2,40.67,True,300,78.1,BULL,BOS UP,HH/HL,MIX/HL,TR UP,90.8,True,True,498,30,53.6,1789686900000,LOW,0.7287,8.66,,,,0.7289,8.63,2,0,1,0.7899,0.7289,HIGH_SWEEP,59,0.7351,False,False,0.7395,499,native,88.06,ASIRI,76.61,86.0,True,300,83.0,TR-UP,CHOCH UP,HH/HL,HH/MIX,TR-UP,88.9,True,True,498,6,40.0,1789689600000,LOW,0.7157,5.73,0.8336,4.99,2,,,,2,0,0.8336,0.7157,LOW_SWEEP,37,0.6814,False,False,1.4211,499,native,86.44,ASIRI,91.42,95.33,True,300,89.3,TR-UP,CHOCH UP,HH/HL,MIX/HL,TR-UP,85.4,True,True,498,1,97.1,1789689600000,LOW,0.6773,5.37,,,,,,,0,0,0.7479,0.6773,LOW_SWEEP,16,0.692,False,False,2.3923,681,1226,102165.86,54307.6,47858.26,30.59,65.29,89.7,UP,685,121,156473.45,21.1,60.0,1.0,True,7,68406.04,3,29202.19,39203.85,57.5,0.297,0.799,1.0,0.989,235013.24,243452.69,-8439.45,-1.76,49.12,46.4,FLAT,2514,477,478465.92,66.8,300.0,1.0,True,13,113591.69,14,152425.44,-38833.75,78.0,0.572,0.92,1.0,0.998,957203.74,792475.38,164728.36,9.41,54.71,68.2,UP,7496,1226,1749679.12,211.4,670.6,0.7451,False,48,646780.1,46,525055.73,121724.37,86.6,0.809,1.0,0.745,0.999,62260.74,28775.04,,23.14,4.14,0.6784,4985.41,0.0453,-5758.38,-0.0602,-0.0602,UP,1789713983678,SELL,5824.41,0.7793,1789713900000,ok,1.0,1.0,1.0,continuous,1,117,0,,0,0,0,0,False,700,0.7785,0.7786,1.284,0.027,-0.2063,-0.2364,263434.15,400394.47,25.05,1789714016536,166,False,,,,
2,v2,v1.2,REALF_PY_V4_2_DERIVED,ZPTDIFAT_PY_V1_4_DERIVED,fc-v1,native,,058e38aec59f4c35,20260918_064430,50,AKE_20260918_064659_952,AKEUSDT,BINANCE,FUTURES,TOP100,94,2000,1789714019952,2026-09-18T06:46:59.952+00:00,17,True,1789714019265,1789714019952,56.8,1789713960000,1789714019999,False,59.3,0.023282,0.3794,66.6,PRICE AHEAD,True,500,70.1,66.3,61.4,62.1,-0.03564,0.86,0.06,0.00741,0.59,1.06,94.0,45.0,-3.2,YOK,8.7,1.0,0.022466891076238032,-3.501,CLV_PROXY_1M,0,0.0,100.0,66.6,66.0,61.9,65.2,0.6,4.7,1.4,-0.03564,-0.00392,-0.00899,-0.00483,58.92,52.49,49.29,53.33,6.43,9.63,5.59,71.44,79.67,500,native,58.92,NORMAL,71.44,79.67,True,300,83.9,BULL,BOS UP,HH/HL,MIX/HL,TR UP,95.7,True,True,499,23,90.2,1789712580000,LOW,0.021423,9.32,,,,0.021402499999999998,9.43,2,0,1,0.023636,0.021402499999999998,HIGH_SWEEP,44,0.021605,False,False,0.8596,499,native,82.43,YORGUN,77.32,87.33,True,300,90.8,BULL,BOS UP,HH/HL,HH/HL,EXP UP,94.4,True,True,498,8,71.4,1789712460000,LOW,0.021423,6.3,,,,,,,0,0,0.023636,0.021646,LOW_SWEEP,37,0.021228,False,False,1.2942,499,native,87.73,ASIRI,82.68,92.67,True,300,76.8,BULL,BOS UP,MIX/HL,HH/HL,EXP UP,79.7,True,True,498,8,67.7,1789711500000,LOW,0.0214,6.0,,,,,,,0,0,0.02168,0.021423,EQH_SWEEP,36,0.021653,False,False,1.3768,499,native,85.47,ASIRI,92.16,95.67,True,300,42.0,BEAR,BOS DN,LH/MIX,MIX/HL,TR DN,66.1,True,True,498,154,97.0,1789575300000,HIGH,0.028247,10.81,0.029421000000000003,13.38,2,0.0209945,5.09,2,1,3,0.029421000000000003,0.0209945,EQL_SWEEP,57,0.020765,False,False,1.973,499,native,75.97,YORGUN,95.88,98.0,True,300,70.7,BULL,BOS UP,HH/HL,HH/MIX,RANGE,69.6,True,True,498,74,56.3,1789444800000,LOW,0.014658,10.05,0.029844000000000002,7.58,2,0.012500500000000001,12.56,3,1,2,0.029844000000000002,0.012500500000000001,HIGH_SWEEP,75,0.0165,False,False,3.9837,499,native,41.82,NORMAL,46.27,47.67,True,300,84.7,BULL,BOS UP,HH/HL,MIX/HL,TR UP,90.5,True,True,498,18,80.8,1789444800000,LOW,0.013069,4.01,,,,0.0128725,4.08,2,0,3,0.029888,0.0128725,EQL_SWEEP,67,0.0128725,False,False,11.7969,715,3751,99124.43,53430.19,45694.24,29.95,64.98,89.5,UP,3531,1619,152554.62,58.4,60.0,1.0,True,12,61928.49,4,21297.64,40630.85,72.8,0.539,0.796,1.0,0.988,162766.42,121292.59,41473.83,14.6,57.3,76.1,UP,8149,3751,284059.02,182.5,231.4,0.7715,False,14,69681.36,6,38590.56,31090.8,82.4,0.785,0.863,0.771,0.998,162766.42,121292.59,41473.83,14.6,57.3,76.1,UP,8149,3751,284059.02,182.5,231.4,0.2572,False,14,69681.36,6,38590.56,31090.8,66.2,0.785,0.863,0.257,0.999,35375.27,,,4.15,,0.1905,18687.94,0.2269,,,,,1789714018114,BUY,3562.52,0.023329751157475626,1789713900000,ok,1.0,1.0,1.0,continuous,2,1474,0,,0,0,0,0,False,20,0.023311,0.023319,3.431,-0.362,0.1711,-0.0263,2920.87,2067.55,9.86,1789714019129,823,False,,FATIGUE_EXTREME,,
2,v2,v1.2,REALF_PY_V4_2_DERIVED,ZPTDIFAT_PY_V1_4_DERIVED,fc-v1,native,,058e38aec59f4c35,20260918_064430,51,PONS_20260918_064702_735,PONSUSDT,BINANCE,FUTURES,OUTSIDE100,112,2000,1789714022735,2026-09-18T06:47:02.735+00:00,17,True,1789714022735,1789714022735,56.3,1789713960000,1789714019999,True,62.7,0.7286,-0.2328,55.3,FAIR (DENGE),True,500,56.8,55.3,54.3,50.6,-0.00547,-0.22,-0.3,0.00532,0.602,0.51,4.0,60.0,-18.2,YOK,2.5,1.0,0.7246228792902784,-0.546,CLV_PROXY_1M,0,0.0,100.0,55.3,54.2,51.8,56.4,1.1,3.5,-1.1,-0.00547,0.00025,-0.00067,0.00077,43.03,45.38,35.91,21.58,-2.35,7.12,21.45,40.05,31.67,500,native,43.03,NORMAL,40.05,31.67,True,300,10.0,BEAR,BOS DN,LH/LL,LH/LL,SQZ,91.7,True,True,499,7,65.6,1789713540000,HIGH,0.7364,3.77,,,,0.7134,7.34,2,0,1,0.7321,0.7134,EQL_SWEEP,16,0.73295,False,False,0.2836,499,native,31.29,NORMAL,26.51,19.33,True,300,26.2,BULL,BOS UP,LH/LL,MIX/HL,RANGE,86.5,True,True,498,78,26.3,1789699860000,LOW,0.6834,9.57,0.7777000000000001,10.4,3,0.63845,19.09,2,1,1,0.7777000000000001,0.63845,HIGH_SWEEP,93,0.6964,False,False,0.6464,499,native,34.31,NORMAL,32.64,25.33,True,300,14.3,BEAR,BOS DN,LH/LL,LH/LL,RANGE,88.2,True,True,498,12,56.1,1789710300000,HIGH,0.7473,2.53,0.7778,6.73,2,,,,1,0,0.7778,0.7235,LOW_SWEEP,10,0.729,False,False,0.994,499,native,41.54,NORMAL,35.59,31.0,True,300,85.7,BULL,BOS UP,HH/HL,MIX/LL,TR UP,93.8,True,True,498,18,77.8,1789697700000,LOW,0.6551,5.32,,,,,,,0,0,0.7781,0.6551,HIGH_SWEEP,19,0.6959,False,False,1.8909,289,native,80.94,YORGUN,69.0,77.32,False,269,88.1,BULL,BOS UP,HH/HL,HH/HL,TR UP,88.8,True,True,288,7,54.7,1789686000000,LOW,0.6099,3.94,,,,,,,0,0,0.6721,0.6099,HIGH_SWEEP,6,0.6721,False,False,4.1259,73,native,83.77,ASIRI,82.95,98.11,False,53,74.7,TR-UP,CHOCH UP,HH/MIX,HH/HL,TR-UP,76.3,True,False,72,1,84.3,1789689600000,LOW,0.5483,3.37,,,,,,,0,0,0.6992,0.5483,LOW_SWEEP,12,0.5821,False,False,6.9476,392,1290,17523.72,11076.6,6447.12,22.54,61.27,84.7,UP,431,149,28600.31,39.5,60.0,1.0,True,1,2570.17,0,0.0,2570.17,62.2,0.441,0.614,1.0,0.993,100324.68,104068.02,-3743.34,-1.83,49.08,46.3,FLAT,2033,711,204392.7,90.5,300.0,1.0,True,8,47450.25,7,49920.66,-2470.41,79.2,0.644,0.828,1.0,0.999,195395.26,274971.75,-79576.49,-16.92,41.54,20.9,DOWN,4200,1290,470367.01,217.0,478.4,0.5316,False,19,93671.04,25,158879.02,-65207.98,79.1,0.813,0.918,0.532,1.0,10325.15,20111.08,,20.64,4.41,0.4649,1617.15,0.0637,-618.66,-0.0151,-0.1363,UP,1789713983603,BUY,2570.17,0.7311999999999999,1789713900000,ok,1.0,1.0,1.0,continuous,1,144,0,,0,0,0,0,False,54,0.7284,0.7285,1.373,0.091,-0.0175,0.2737,45189.8,46803.83,26.77,1789714022578,157,False,,,,
2,v2,v1.2,REALF_PY_V4_2_DERIVED,ZPTDIFAT_PY_V1_4_DERIVED,fc-v1,native,,058e38aec59f4c35,20260918_064430,52,SKR_20260918_064706_303,SKRUSDT,BINANCE,FUTURES,OUTSIDE100,227,500,1789714026303,2026-09-18T06:47:06.303+00:00,17,True,1789714025434,1789714026303,56.9,1789713960000,1789714019999,True,65.4,0.019149,0.0,44.6,FAIR (DENGE),True,500,44.2,41.0,47.7,49.5,0.00404,0.13,0.17,0.00187,0.44,0.14,11.7,60.0,25.9,YOK,6.7,1.0,0.019226614166507353,0.405,CLV_PROXY_1M,0,0.0,100.0,44.6,42.5,40.2,41.7,2.1,4.4,2.9,0.00404,-0.0004,0.00017,-0.00024,62.05,66.44,72.2,76.25,-4.39,-10.15,-14.2,52.6,50.0,500,native,62.05,NORMAL,52.6,50.0,True,300,86.2,BULL,BOS UP,HH/HL,HH/HL,TR UP,92.0,True,True,499,10,33.7,1789713360000,LOW,0.019028,4.42,0.019363,7.81,2,,,,1,0,0.019363,0.019132,EQH_SWEEP,55,0.0189665,False,False,0.1431,499,native,72.0,NORMAL,70.09,70.33,True,300,72.1,BULL,BOS UP,HH/MIX,HH/HL,TR UP,69.4,True,True,498,3,30.5,1789713360000,LOW,0.018839,5.55,0.020296500000000002,20.56,2,0.0188425,5.49,2,1,1,0.020296500000000002,0.0188425,LOW_SWEEP,26,0.018846,False,False,0.2914,499,native,81.35,YORGUN,79.78,84.67,True,300,86.4,BULL,BOS UP,HH/HL,HH/MIX,RANGE,83.4,True,True,498,2,34.0,1789713300000,LOW,0.018839,4.29,0.020296500000000002,15.89,2,,,,1,0,0.020296500000000002,0.018839,LOW_SWEEP,27,0.018732,False,False,0.3769,499,native,82.46,YORGUN,88.14,90.0,True,300,74.2,BULL,BOS UP,MIX/HL,MIX/HL,SQZ,69.3,True,True,498,2,49.0,1789712100000,LOW,0.018719,2.93,,,,0.017547,10.91,2,0,2,0.019011,0.017547,HIGH_SWEEP,36,0.019329,False,False,0.7664,499,native,44.55,NORMAL,54.63,65.0,True,300,39.3,BULL,BOS UP,LH/LL,HH/MIX,RANGE,84.4,True,True,498,21,72.8,1789635600000,LOW,0.017378,4.66,0.025375500000000002,16.39,2,,,,1,0,0.025375500000000002,0.018321,LOW_SWEEP,6,0.018554,False,False,2.0012,499,native,73.53,YORGUN,69.74,78.0,True,300,72.9,BULL,BOS UP,HH/HL,HH/HL,TR UP,83.6,True,True,498,114,36.2,1788062400000,LOW,0.008858,11.6,,,,0.017043000000000003,2.37,2,0,1,0.020299,0.017043000000000003,HIGH_SWEEP,4,0.019684,False,False,4.7097,493,519,170.21,220.03,-49.83,-12.77,43.62,26.5,DOWN,19,15,390.24,6.2,60.0,1.0,True,0,0.0,0,0.0,0.0,23.3,0.11,0.148,1.0,0.992,1859.64,1356.31,503.33,15.65,57.83,77.5,UP,103,77,3215.95,27.8,300.0,1.0,True,0,0.0,1,578.48,-578.48,49.4,0.358,0.377,1.0,0.998,10977.31,22765.31,-11788.0,-34.94,32.53,8.6,DOWN,567,391,33742.62,31.4,900.0,1.0,True,2,1411.82,7,15482.57,-14070.75,59.5,0.386,0.632,1.0,0.999,160.2,2852.99,-9016.77,16.21,25.52,1.0,-84.07,-0.2701,89.53,0.1392,-0.3053,NONE,1789713729019,SELL,578.48,0.019135229036419572,1789713900000,ok,1.0,1.0,1.0,continuous,1,15,0,,0,0,0,0,False,88,0.019149,0.019153,2.089,-0.688,-0.0635,-0.2464,2675.87,3038.81,13.05,1789714025216,1087,False,,,,
2,v2,v1.2,REALF_PY_V4_2_DERIVED,ZPTDIFAT_PY_V1_4_DERIVED,fc-v1,native,,058e38aec59f4c35,20260918_064430,53,PROM_20260918_064709_865,PROMUSDT,BINANCE,FUTURES,OUTSIDE100,266,1000,1789714029865,2026-09-18T06:47:09.865+00:00,17,True,1789714029428,1789714029865,57.9,1789714020000,1789714079999,False,9.4,5.393,0.0557,56.9,FAIR (DENGE),True,500,59.1,54.5,58.0,50.3,-0.00226,-0.17,-0.64,0.0023,0.495,0.08,2.7,65.0,-14.9,YOK,4.6,1.0,5.380832028847617,-0.226,CLV_PROXY_1M,0,0.0,100.0,56.9,57.6,42.7,48.9,-0.7,14.2,8.0,-0.00226,-0.00032,-0.00223,-0.00133,23.73,19.36,13.9,17.45,4.37,9.83,6.28,33.06,36.0,500,native,23.73,DINLENMIS,33.06,36.0,True,300,10.4,BEAR,BOS DN,LH/LL,MIX/HL,TR DN,92.7,True,True,499,7,57.3,1789713600000,HIGH,5.424,3.03,,,,,,,0,0,5.424,5.378,LOW_SWEEP,32,5.427,False,False,0.1897,499,native,24.15,DINLENMIS,26.39,19.33,True,300,9.9,BEAR,BOS DN,LH/LL,LH/MIX,EXP DN,90.3,True,True,498,2,47.1,1789713540000,HIGH,5.541,7.38,,,,,,,0,0,5.541,5.41,EQL_SWEEP,2,5.3934999999999995,False,False,0.3725,499,native,14.36,DINLENMIS,17.39,12.33,True,300,45.1,TR-DN,CHOCH DN,MIX/HL,LH/LL,TR-DN,75.6,True,True,498,7,58.5,1789711800000,HIGH,5.541,5.99,,,,5.2165,7.15,2,0,1,5.541,5.2165,HIGH_SWEEP,30,5.589,False,False,0.4584,499,native,22.74,DINLENMIS,15.7,8.0,True,300,60.0,TR-DN,CHOCH DN,HH/HL,MIX/HL,TR-DN,88.0,True,True,498,3,54.5,1789711200000,HIGH,5.594,4.64,5.7285,7.75,2,,,,2,0,5.7285,5.43,LOW_SWEEP,172,5.332,False,False,0.8035,499,native,52.03,NORMAL,25.48,17.67,True,300,59.0,BEAR,BOS DN,MIX/HL,MIX/HL,SQZ,69.1,True,True,498,46,75.0,1789545600000,HIGH,5.729,3.99,5.8375,5.28,3,4.906499999999999,5.78,2,2,1,5.8375,4.906499999999999,EQL_SWEEP,94,5.5815,False,False,1.5355,499,native,46.98,NORMAL,45.22,35.0,True,300,26.5,BULL,BOS UP,LH/LL,MIX/HL,SQZ,85.6,True,True,498,58,11.5,1788868800000,LOW,4.913,2.61,,,,4.4025,5.38,2,0,2,5.659,4.4025,HIGH_SWEEP,57,5.986,False,False,3.3065,2193,888,6685.38,12876.06,-6190.68,-31.65,34.18,9.8,DOWN,187,87,19561.44,8.3,60.0,1.0,True,3,4091.49,2,10190.82,-6099.33,38.7,0.143,0.573,1.0,0.963,34412.33,38217.04,-3804.72,-5.24,47.38,39.5,DOWN,804,301,72629.37,52.1,300.0,1.0,True,8,17213.19,5,25070.14,-7856.95,69.0,0.51,0.715,1.0,0.993,51853.7,117592.89,-65739.18,-38.8,30.6,7.6,DOWN,1984,810,169446.59,82.6,900.0,1.0,True,12,22963.87,12,81935.22,-58971.35,77.6,0.623,0.807,1.0,0.998,-11917.96,-5751.72,-5665.88,-51.62,-4.37,1.0,897.41,0.0616,-344.78,-0.0237,-0.1463,UP,1789713997300,SELL,6163.24,5.395469141206338,1789713900000,ok,1.0,1.0,1.0,continuous,1,87,0,,0,0,0,0,False,122,5.392,5.394,3.709,-0.122,0.449,0.0687,32424.49,12330.09,37.09,1789714029258,607,False,,FATIGUE_RESTED_1M,,
2,v2,v1.2,REALF_PY_V4_2_DERIVED,ZPTDIFAT_PY_V1_4_DERIVED,fc-v1,native,,058e38aec59f4c35,20260918_064430,54,UAI_20260918_064712_776,UAIUSDT,BINANCE,FUTURES,OUTSIDE100,296,2000,1789714032776,2026-09-18T06:47:12.776+00:00,17,True,1789714032776,1789714032776,58.2,1789714020000,1789714079999,False,12.8,0.4174,-0.0718,51.1,FAIR (DENGE),True,500,50.5,52.9,50.7,50.0,-0.0025,-0.0,0.08,0.00437,0.661,0.04,0.3,55.0,9.2,YOK,2.4,1.0,0.41635953246826934,-0.249,CLV_PROXY_1M,0,0.0,100.0,51.1,51.2,54.0,54.2,-0.1,-2.9,-3.1,-0.0025,0.00061,0.00104,0.00084,69.9,73.49,73.18,71.15,-3.59,-3.28,-1.25,58.02,69.67,500,native,69.9,NORMAL,58.02,69.67,True,300,47.8,BEAR,BOS DN,MIX/HL,MIX/HL,RANGE,76.6,True,True,499,22,90.8,1789712700000,HIGH,0.4198,2.17,0.42315,5.19,2,0.40785,8.63,3,1,1,0.42315,0.40785,HIGH_SWEEP,100,0.4247,False,False,0.265,499,native,43.89,NORMAL,55.56,46.0,True,300,28.6,BULL,BOS UP,LH/LL,LH/LL,RANGE,79.1,True,True,498,68,61.1,1789701660000,LOW,0.4075,4.32,0.43455,7.25,2,,,,1,0,0.43455,0.4129,LOW_SWEEP,4,0.4166,False,False,0.5592,499,native,32.35,NORMAL,41.23,22.0,True,300,56.0,TR-DN,CHOCH DN,MIX/HL,LH/LL,TR-DN,72.0,True,True,498,50,58.0,1789698900000,HIGH,0.4354,5.21,,,,0.3559,17.82,3,0,1,0.4232,0.3559,HIGH_SWEEP,103,0.4106,False,False,0.8263,499,native,35.87,NORMAL,36.78,30.33,True,300,68.6,BULL,BOS UP,MIX/HL,MIX/HL,RANGE,79.5,True,True,498,21,30.6,1789695000000,LOW,0.3901,3.74,0.43505,2.42,2,0.3838,4.6,2,2,2,0.43505,0.3838,LOW_SWEEP,174,0.3294,False,False,1.7465,499,native,65.65,NORMAL,56.78,58.0,True,300,86.6,BULL,BOS UP,HH/HL,HH/HL,SQZ,87.3,True,True,498,6,38.6,1789689600000,LOW,0.3838,2.08,,,,,,,0,0,0.4354,0.3838,HIGH_SWEEP,4,0.418,False,False,3.8614,499,native,65.18,NORMAL,73.06,77.33,True,300,18.4,BEAR,BOS DN,LH/LL,HH/HL,RANGE,87.8,True,True,498,19,42.0,1789430400000,HIGH,0.5943,4.03,,,,,,,0,0,0.5943,0.322,LOW_SWEEP,20,0.4503,False,False,10.3453,3561,853,1339.81,6745.38,-5405.57,-66.86,16.57,5.2,DOWN,143,68,8085.19,15.4,60.0,1.0,True,0,0.0,1,4613.73,-4613.73,44.6,0.235,0.477,1.0,0.941,6789.35,11271.39,-4482.04,-24.82,37.59,13.5,DOWN,444,189,18060.74,42.0,300.0,1.0,True,0,0.0,2,7101.13,-7101.13,61.5,0.457,0.564,1.0,0.988,54640.73,34787.73,19853.0,22.2,61.1,84.4,UP,1944,756,89428.46,149.8,900.0,1.0,True,4,27059.78,4,11573.33,15486.45,81.3,0.75,0.738,1.0,0.996,-5231.46,-2205.43,-894.74,-14.23,-4.6,1.0,-1680.11,-0.3582,-696.81,-0.1929,-0.1685,NONE,1789713979888,SELL,4613.73,0.4174565598986608,1789713960000,ok,1.0,1.0,1.0,continuous,1,64,0,,0,0,0,0,False,156,0.4173,0.4176,7.186,-2.717,-0.0241,-0.0098,13102.5,13748.29,49.11,1789714032389,387,False,,AGGRESSIVE_SELLER,,
2,v2,v1.2,REALF_PY_V4_2_DERIVED,ZPTDIFAT_PY_V1_4_DERIVED,fc-v1,native,,058e38aec59f4c35,20260918_064430,55,BULLA_20260918_064715_679,BULLAUSDT,BINANCE,FUTURES,OUTSIDE100,339,5000,1789714035679,2026-09-18T06:47:15.679+00:00,17,True,1789714035476,1789714035679,58.5,1789714020000,1789714079999,False,15.5,0.10111,-0.1481,48.6,FAIR (DENGE),True,500,48.5,48.7,48.1,50.0,0.00148,0.74,0.98,0.00592,0.568,0.08,0.3,50.0,-16.3,YOK,0.7,1.0,0.10125979169272231,0.148,CLV_PROXY_1M,0,0.0,100.0,48.6,51.4,43.7,45.1,-2.8,4.9,3.5,0.00148,0.00101,0.00065,0.00178,38.07,35.58,28.58,33.8,2.49,9.49,4.27,45.96,39.0,500,native,38.07,NORMAL,45.96,39.0,True,300,47.1,TR-DN,CHOCH DN,HH/MIX,MIX/LL,TR-DN,73.3,True,True,499,7,44.8,1789713600000,HIGH,0.10172,1.45,0.10206,2.26,3,0.100455,1.56,2,1,2,0.10206,0.100455,EQL_SWEEP,50,0.100455,False,False,0.416,499,native,44.33,NORMAL,44.35,36.33,True,300,29.1,BULL,BOS UP,LH/LL,MIX/LL,RANGE,86.6,True,True,498,40,89.1,1789706700000,LOW,0.096433,5.34,,,,0.0964015,5.37,2,0,2,0.10203,0.0964015,HIGH_SWEEP,26,0.10206,False,False,0.8693,499,native,50.83,NORMAL,46.09,40.67,True,300,47.3,BULL,BOS UP,LH/MIX,LH/LL,TR UP,64.3,True,True,498,24,22.3,1789706700000,LOW,0.09539,4.79,,,,0.10001,0.92,2,0,1,0.10203,0.10001,HIGH_SWEEP,22,0.10114,False,False,1.1837,499,native,70.11,NORMAL,62.77,66.0,True,300,74.6,BEAR,BOS DN,HH/HL,HH/HL,TR DN,88.7,True,True,498,65,27.4,1789655400000,HIGH,0.10999,3.86,0.109785,3.77,2,,,,1,0,0.109785,0.094,LOW_SWEEP,67,0.1007,False,False,2.2834,499,native,65.54,NORMAL,72.11,87.67,True,300,26.8,BULL,BOS UP,LH/LL,MIX/HL,RANGE,84.5,True,True,498,44,42.2,1789552800000,LOW,0.060024,6.32,,,,0.060025499999999996,6.32,2,0,1,0.121362,0.060025499999999996,HIGH_SWEEP,45,0.076341,False,False,6.4384,499,native,57.76,NORMAL,57.62,58.67,True,300,75.0,BULL,BOS UP,HH/MIX,HH/HL,EXP UP,78.0,True,True,498,11,96.7,1789545600000,LOW,0.0675,2.25,,,,0.0154205,5.74,2,0,1,0.139078,0.0154205,HIGH_SWEEP,52,0.085989,False,False,15.2143,279,1222,590.92,1176.33,-585.41,-33.13,33.44,9.2,DOWN,82,49,1767.26,16.3,60.0,1.0,True,0,0.0,0,0.0,0.0,40.2,0.246,0.312,1.0,0.995,22947.91,10087.01,12860.91,38.93,69.47,92.5,UP,818,442,33034.92,82.5,300.0,1.0,True,1,5200.14,0,0.0,5200.14,72.0,0.623,0.63,1.0,0.999,49967.8,63330.79,-13362.98,-11.79,44.1,27.9,DOWN,2274,1222,113298.59,200.1,515.4,0.5726,False,1,5200.14,2,35515.93,-30315.79,75.5,0.8,0.764,0.573,1.0,-10585.36,-2946.72,,-53.69,0.01,0.5059,4118.72,0.6367,2814.83,0.426,0.22,NONE,1789713918675,BUY,5200.14,0.10101665651346205,1789713960000,ok,1.0,1.0,1.0,continuous,1,48,0,,0,0,0,0,False,190,0.10111,0.10116,4.944,0.324,-0.1366,-0.0846,1651.65,2174.49,20.27,1789714035315,364,False,,,,
2,v2,v1.2,REALF_PY_V4_2_DERIVED,ZPTDIFAT_PY_V1_4_DERIVED,fc-v1,native,,058e38aec59f4c35,20260918_064430,56,OG_20260918_064719_253,OGUSDT,BINANCE,FUTURES,OUTSIDE100,523,500,1789714039253,2026-09-18T06:47:19.253+00:00,17,True,1789714038600,1789714039253,59.5,1789714020000,1789714079999,False,18.6,2.753,0.0363,40.0,PRICE LAG,True,500,37.2,39.0,43.7,48.0,0.00486,0.54,0.73,0.00081,0.254,0.19,37.0,35.0,52.0,YOK,6.5,1.0,2.7664047864127936,0.487,CLV_PROXY_1M,0,0.0,100.0,40.0,37.2,39.0,33.1,2.8,1.0,6.9,0.00486,-0.00046,0.00025,-0.0002,59.55,58.0,55.11,43.9,1.55,4.44,15.65,63.28,63.0,500,native,59.55,NORMAL,63.28,63.0,True,300,78.2,BULL,BOS UP,MIX/HL,HH/HL,SQZ,76.3,True,True,499,3,69.0,1789713840000,LOW,2.749,1.78,,,,2.748,2.22,2,0,3,2.754,2.748,HIGH_SWEEP,72,2.76,False,False,0.0818,499,native,55.43,NORMAL,59.12,49.33,True,300,58.3,BULL,BOS UP,LH/MIX,MIX/HL,RANGE,79.6,True,True,498,1,60.2,1789713720000,LOW,2.746,1.53,,,,2.746,1.53,2,0,3,2.754,2.746,HIGH_SWEEP,55,2.746,False,False,0.1665,499,native,46.29,NORMAL,52.62,40.33,True,300,67.8,BULL,BOS UP,MIX/HL,LH/MIX,TR UP,73.6,True,True,498,19,39.4,1789708200000,LOW,2.732,3.36,,,,2.679,11.83,2,0,2,2.756,2.679,HIGH_SWEEP,21,2.759,False,False,0.2271,499,native,60.7,NORMAL,56.2,53.0,True,300,85.9,BULL,BOS UP,HH/HL,HH/HL,TR UP,87.3,True,True,498,7,35.2,1789707600000,LOW,2.679,7.38,,,,2.6635,8.93,2,0,1,2.769,2.6635,HIGH_SWEEP,6,2.759,False,False,0.3636,499,native,90.71,ASIRI,89.18,94.0,True,300,74.4,BULL,BOS UP,MIX/HL,MIX/HL,RANGE,73.4,True,True,498,7,58.0,1789686000000,LOW,2.662,4.6,,,,2.6,7.74,2,0,1,2.7,2.6,HIGH_SWEEP,30,2.712,False,False,0.7193,499,native,79.01,YORGUN,88.34,94.0,True,300,75.1,BULL,BOS UP,MIX/HL,HH/HL,SQZ,73.2,True,True,498,1,52.4,1789689600000,LOW,2.61,3.23,2.9825,5.18,3,2.5975,3.51,2,2,2,2.9825,2.5975,EQH_SWEEP,87,2.9425,False,False,1.6159,9368,87,75.98,17.06,58.92,63.32,81.66,94.7,UP,4,3,93.05,1.7,60.0,1.0,True,0,0.0,0,0.0,0.0,0.0,0.032,0.0,1.0,0.844,2795.62,731.9,2063.72,58.5,79.25,94.6,UP,114,30,3527.53,7.4,300.0,1.0,True,2,1535.88,1,554.36,981.53,33.1,0.13,0.387,1.0,0.969,5584.24,1419.33,4164.91,59.47,79.73,94.6,UP,301,82,7003.57,14.4,900.0,1.0,True,4,3114.6,1,554.36,2560.24,43.5,0.224,0.461,1.0,0.99,173.43,56.72,48.19,81.66,0.15,1.0,599.25,0.5173,526.93,0.7469,0.382,NONE,1789713888940,SELL,554.36,2.751160297766749,1789713960000,ok,1.0,1.0,1.0,continuous,1,3,0,,0,0,0,0,False,224,2.751,2.753,7.267,-2.882,0.2853,0.3891,22523.86,12523.79,72.67,1789714035384,3869,False,,,,
2,v2,v1.2,REALF_PY_V4_2_DERIVED,ZPTDIFAT_PY_V1_4_DERIVED,fc-v1,native,,058e38aec59f4c35,20260918_064430,57,ZORA_20260918_064722_169,ZORAUSDT,BINANCE,FUTURES,OUTSIDE100,612,500,1789714042169,2026-09-18T06:47:22.169+00:00,17,True,1789714042169,1789714042169,59.9,1789714020000,1789714079999,False,22.2,0.007892,-0.0127,47.9,FAIR (DENGE),True,500,46.9,49.3,48.0,49.2,0.00039,-0.1,0.27,0.00172,0.56,0.64,39.3,35.0,-4.7,YOK,2.4,1.0,0.007895060586731636,0.039,CLV_PROXY_1M,0,0.0,100.0,47.9,47.2,47.4,49.5,0.7,0.5,-1.6,0.00039,0.0001,0.0002,0.00083,69.39,71.12,76.06,86.06,-1.73,-6.67,-16.67,64.08,68.33,500,native,69.39,NORMAL,64.08,68.33,True,300,84.1,TR-UP,CHOCH UP,HH/HL,HH/HL,TR-UP,86.9,True,True,499,7,64.1,1789713600000,LOW,0.007851,4.53,,,,0.007775499999999999,12.87,2,0,1,0.007903,0.007775499999999999,HIGH_SWEEP,11,0.007876,False,False,0.1147,499,native,65.89,NORMAL,70.94,69.67,True,300,90.2,BULL,BOS UP,HH/HL,MIX/HL,RANGE,87.7,True,True,498,2,56.3,1789713540000,LOW,0.007842,2.39,,,,,,,0,0,0.007897,0.007842,HIGH_SWEEP,1,0.007897,True,False,0.2495,499,native,69.27,NORMAL,77.36,83.0,True,300,86.5,BULL,BOS UP,HH/HL,HH/HL,RANGE,84.8,True,True,498,9,63.8,1789711200000,LOW,0.007813,2.94,,,,,,,0,0,0.007897,0.007842,HIGH_SWEEP,1,0.007897,True,False,0.3272,499,native,44.21,NORMAL,46.32,43.0,True,300,81.8,BULL,BOS UP,HH/HL,MIX/HL,RANGE,87.5,True,True,498,21,74.9,1789695000000,LOW,0.007527,6.86,,,,,,,0,0,0.00802,0.007813,LOW_SWEEP,25,0.007571,False,False,0.6689,499,native,79.61,YORGUN,74.03,87.0,True,300,73.8,BEAR,BOS DN,HH/HL,HH/MIX,TR DN,86.4,True,True,498,69,59.5,1789462800000,HIGH,0.007987,0.78,0.009008,9.13,2,0.007187,5.77,2,1,1,0.009008,0.007187,LOW_SWEEP,126,0.008102,False,False,1.5567,499,native,71.7,NORMAL,77.91,86.33,True,300,18.0,TR-DN,CHOCH DN,LH/LL,LH/LL,TR-DN,90.3,True,True,498,16,65.9,1789473600000,HIGH,0.008968,4.08,,,,0.0058755000000000005,7.61,2,0,2,0.008336,0.0058755000000000005,HIGH_SWEEP,29,0.008437,False,False,3.3227,3684,279,855.11,957.52,-102.4,-5.65,47.18,38.7,DOWN,48,29,1812.63,16.1,60.0,1.0,True,0,0.0,0,0.0,0.0,39.9,0.244,0.315,1.0,0.939,971.33,1956.97,-985.64,-33.66,33.17,9.0,DOWN,106,65,2928.3,28.1,300.0,1.0,True,0,0.0,0,0.0,0.0,49.1,0.36,0.367,1.0,0.988,15522.05,7066.24,8455.81,37.43,68.72,92.1,UP,548,245,22588.29,39.5,900.0,1.0,True,9,9443.81,3,2476.21,6967.59,61.5,0.441,0.588,1.0,0.996,-143.13,1317.87,-93.24,-21.47,12.8,1.0,-49.65,-0.072,-208.25,-0.3556,-0.5632,NONE,1789713736724,SELL,605.78,0.007892140219911931,1789713960000,ok,1.0,1.0,1.0,continuous,1,29,0,,0,0,0,0,False,258,0.007889,0.007892,3.802,0.044,0.1558,-0.2028,17659.17,12899.47,25.98,1789714041752,417,False,,,,
2,v2,v1.2,REALF_PY_V4_2_DERIVED,ZPTDIFAT_PY_V1_4_DERIVED,fc-v1,native,,058e38aec59f4c35,20260918_064430,58,TNSR_20260918_064725_302,TNSRUSDT,BINANCE,FUTURES,OUTSIDE100,738,200,1789714045302,2026-09-18T06:47:25.302+00:00,17,True,1789714044883,1789714045302,60.4,1789714020000,1789714079999,False,24.9,0.0352,0.0569,54.0,FAIR (DENGE),True,500,55.0,54.4,53.0,50.8,-0.00169,0.64,0.82,0.00141,0.544,0.35,19.3,55.0,-34.0,YOK,2.0,1.0,0.03514069172527451,-0.168,CLV_PROXY_1M,0,0.0033,99.7,54.0,52.9,52.7,61.6,1.1,1.3,-7.6,-0.00169,-2e-05,0.00023,0.00073,62.66,51.16,47.56,51.15,11.5,15.1,11.51,88.01,93.0,500,native,62.66,NORMAL,88.01,93.0,True,300,38.6,BULL,BOS UP,LH/LL,MIX/HL,SQZ,83.3,True,True,499,17,45.0,1789713000000,LOW,0.03507,4.69,,,,0.03507,4.69,2,0,1,0.03518,0.03507,HIGH_SWEEP,19,0.03515,False,False,0.0788,499,native,60.53,NORMAL,77.89,81.33,True,300,75.4,BULL,BOS UP,HH/MIX,HH/HL,RANGE,70.5,True,True,498,8,70.7,1789712460000,LOW,0.03507,2.07,,,,0.03507,2.07,3,0,1,0.03521,0.03507,HIGH_SWEEP,6,0.03517,False,False,0.1784,499,native,53.25,NORMAL,71.05,72.33,True,300,29.0,BULL,BOS UP,LH/LL,HH/MIX,RANGE,78.1,True,True,498,44,51.5,1789700700000,LOW,0.03481,4.41,,,,0.03454,7.46,2,0,2,0.03536,0.03454,HIGH_SWEEP,49,0.03498,False,False,0.2519,499,native,39.73,NORMAL,42.04,41.67,True,300,83.8,BULL,BOS UP,HH/HL,MIX/HL,RANGE,93.4,True,True,498,20,59.8,1789695900000,LOW,0.03454,3.84,,,,0.034375,4.79,2,0,1,0.03583,0.034375,HIGH_SWEEP,17,0.03497,False,False,0.4898,499,native,75.25,YORGUN,61.92,71.67,True,300,74.8,BULL,BOS UP,MIX/HL,MIX/HL,TR UP,73.8,True,True,498,5,52.8,1789693200000,LOW,0.03405,2.93,,,,,,,0,0,0.03497,0.03438,LOW_SWEEP,36,0.03304,False,False,1.1171,499,native,78.45,YORGUN,78.74,87.67,True,300,76.4,BULL,BOS UP,HH/MIX,HH/HL,RANGE,71.9,True,True,498,1,56.6,1789689600000,LOW,0.03258,3.37,0.037065,2.4,2,0.029225,7.69,2,1,1,0.037065,0.029225,EQH_SWEEP,59,0.037065,False,False,2.178,10040,88,723.75,38.16,685.6,89.98,94.99,95.0,UP,22,11,761.91,4.2,60.0,1.0,True,1,320.07,0,0.0,320.07,22.3,0.077,0.22,1.0,0.833,852.18,92.2,759.98,80.47,90.24,94.9,UP,44,24,944.38,6.0,300.0,1.0,True,1,320.07,0,0.0,320.07,26.7,0.108,0.244,1.0,0.967,3441.7,1879.12,1562.58,29.37,64.68,89.2,UP,199,75,5320.82,22.0,900.0,1.0,True,6,2079.92,3,1154.9,925.01,48.3,0.305,0.431,1.0,0.989,625.74,722.91,509.15,19.22,31.8,1.0,230.2,0.7507,114.55,0.6065,-0.3348,UP,1789713987963,BUY,320.07,0.03517,1789713960000,ok,1.0,1.0,1.0,continuous,1,11,0,,0,0,0,0,False,292,0.03518,0.0352,5.683,-1.299,0.0077,-0.2725,18435.49,18155.38,56.83,1789714044716,586,False,,,,
2,v2,v1.2,REALF_PY_V4_2_DERIVED,ZPTDIFAT_PY_V1_4_DERIVED,fc-v1,native,,058e38aec59f4c35,20260918_064430,59,VELVET_20260918_064728_212,VELVETUSDT,BINANCE,FUTURES,OUTSIDE100,761,200,1789714048212,2026-09-18T06:47:28.212+00:00,17,True,1789714048002,1789714048212,60.7,1789714020000,1789714079999,False,28.0,0.05532,-0.432,33.5,PRICE LAG,True,500,28.3,46.8,28.6,33.9,0.00193,-1.92,0.03,0.00209,0.379,2.15,95.7,60.0,-1.3,WHALE SELL L1,18.5,1.0,0.05542678723230527,0.193,CLV_PROXY_1M,0,0.0,100.0,33.5,39.0,48.4,48.6,-5.5,-14.9,-15.1,0.00193,0.00251,0.00652,0.00753,31.42,44.2,53.15,51.16,-12.78,-21.73,-19.74,2.12,0.33,500,native,31.42,NORMAL,2.12,0.33,True,300,51.8,TR-DN,CHOCH DN,MIX/HL,LH/LL,TR-DN,74.0,True,True,499,21,60.6,1789712760000,HIGH,0.05615,5.59,0.056855,10.34,2,,,,1,1,0.056855,0.055404999999999996,EQL_SWEEP,75,0.055625,False,False,0.2672,499,native,34.55,NORMAL,8.62,2.33,True,300,51.3,BEAR,BOS DN,HH/MIX,LH/LL,RANGE,72.7,True,True,498,26,40.9,1789709220000,HIGH,0.05649,4.74,,,,,,,0,0,0.05615,0.05544,LOW_SWEEP,6,0.05556,False,False,0.4354,499,native,33.48,NORMAL,19.58,5.67,True,300,17.1,BEAR,BOS DN,LH/LL,HH/MIX,RANGE,86.8,True,True,498,16,49.3,1789709100000,HIGH,0.05671,4.54,,,,0.0515,12.47,2,0,1,0.05615,0.0515,HIGH_SWEEP,28,0.05618,False,False,0.5498,499,native,28.89,DINLENMIS,20.35,8.33,True,300,70.9,BULL,BOS UP,HH/MIX,HH/MIX,RANGE,71.4,True,True,498,9,44.5,1789705800000,LOW,0.05548,-0.25,,,,0.0515,6.94,3,0,1,0.05671,0.0515,HIGH_SWEEP,8,0.05649,False,False,0.9931,499,native,32.76,NORMAL,24.75,22.0,True,300,70.4,BULL,BOS UP,HH/MIX,LH/LL,TR UP,75.1,True,True,498,14,40.8,1789660800000,LOW,0.0494,4.45,,,,,,,0,0,0.06014,0.0494,HIGH_SWEEP,13,0.05886,False,False,2.3885,499,native,78.37,YORGUN,64.57,84.33,True,300,48.0,BEAR,BOS DN,MIX/HL,HH/HL,TR DN,65.7,True,True,498,16,34.6,1789473600000,HIGH,0.0633,3.12,,,,,,,0,0,0.0536,0.0494,HIGH_SWEEP,6,0.0536,False,False,4.6002,874,1098,3729.75,12642.34,-8912.59,-54.44,22.78,5.6,DOWN,296,125,16372.09,20.0,60.0,1.0,True,3,1797.87,11,11460.45,-9662.57,50.6,0.285,0.554,1.0,0.985,10842.89,26245.09,-15402.19,-41.53,29.24,7.0,DOWN,797,334,37087.98,37.4,300.0,1.0,True,12,7430.01,21,23388.4,-15958.38,62.3,0.428,0.642,1.0,0.997,52987.77,63856.48,-10868.72,-9.3,45.35,32.0,DOWN,2297,938,116844.25,131.4,900.0,1.0,True,53,45875.62,39,56740.65,-10865.03,81.2,0.724,0.767,1.0,0.999,-7408.89,-2068.96,-13064.4,21.03,-0.5,1.0,-5308.78,-0.5307,-3026.7,-0.408,-0.2222,NONE,1789714047336,BUY,222.6,0.05536,1789713960000,ok,1.0,1.0,1.0,continuous,1,125,0,,0,0,0,0,False,326,0.05536,0.05539,5.418,-1.468,0.283,0.0987,20888.37,11674.17,40.63,1789714047838,374,False,,AGGRESSIVE_SELLER,,
2,v2,v1.2,REALF_PY_V4_2_DERIVED,ZPTDIFAT_PY_V1_4_DERIVED,fc-v1,native,,058e38aec59f4c35,20260918_064430,60,ZKC_20260918_064731_327,ZKCUSDT,BINANCE,FUTURES,OUTSIDE100,1142,200,1789714051327,2026-09-18T06:47:31.327+00:00,17,True,1789714050905,1789714051327,61.3,1789714020000,1789714079999,False,30.9,0.03847,0.026,44.3,FAIR (DENGE),True,500,43.4,41.3,47.4,49.4,0.00307,0.82,0.77,0.00147,0.394,0.29,7.3,65.0,10.1,YOK,6.0,1.0,0.03858834126069805,0.308,CLV_PROXY_1M,0,0.0,100.0,44.3,43.9,42.9,42.5,0.4,1.4,1.8,0.00307,0.00013,1e-05,-0.00067,78.56,73.14,64.15,64.88,5.42,14.41,13.68,88.61,97.33,500,native,78.56,YORGUN,88.61,97.33,True,300,27.2,BULL,BOS UP,LH/LL,HH/MIX,SQZ,83.3,True,True,499,54,38.3,1789710780000,LOW,0.03831,3.65,,,,,,,0,0,0.03846,0.0383,LOW_SWEEP,12,0.03835,False,False,0.1141,499,native,56.5,NORMAL,79.69,86.0,True,300,30.6,BULL,BOS UP,LH/LL,EQ/RANGE,RANGE,84.8,True,True,498,36,58.8,1789707420000,LOW,0.03801,5.54,,,,0.03749,11.8,2,0,1,0.03855,0.03749,HIGH_SWEEP,34,0.03865,False,False,0.2163,499,native,43.85,NORMAL,65.38,67.33,True,300,67.1,BULL,BOS UP,MIX/HL,LH/MIX,RANGE,74.3,True,True,498,22,50.4,1789707300000,LOW,0.03801,3.7,,,,,,,0,0,0.03855,0.03831,HIGH_SWEEP,21,0.03869,False,False,0.3237,499,native,49.48,NORMAL,50.21,61.67,True,300,87.9,BULL,BOS UP,HH/HL,HH/HL,RANGE,90.3,True,True,498,8,52.3,1789706700000,LOW,0.03789,2.23,0.049025,40.62,2,0.037065,5.41,2,1,1,0.049025,0.037065,LOW_SWEEP,153,0.03752,False,False,0.6768,499,native,74.9,YORGUN,67.63,79.0,True,300,58.0,BEAR,BOS DN,MIX/HL,HH/HL,TR DN,64.1,True,True,498,53,61.2,1789520400000,HIGH,0.04772,16.51,0.05792,34.72,2,,,,1,0,0.05792,0.03718,EQH_SWEEP,6,0.03827,False,False,1.4589,499,native,43.92,NORMAL,51.77,58.33,True,300,15.6,BEAR,BOS DN,LH/LL,LH/MIX,TR DN,90.7,True,True,498,18,73.5,1789444800000,HIGH,0.04904,8.4,,,,0.036074999999999996,1.9,2,0,1,0.03878,0.036074999999999996,HIGH_SWEEP,1,0.03878,True,False,3.2744,1574,332,1360.68,140.4,1220.28,81.29,90.65,94.9,UP,46,27,1501.09,7.9,60.0,1.0,True,1,405.92,0,0.0,405.92,31.1,0.136,0.294,1.0,0.974,4132.61,2236.58,1896.03,29.77,64.88,89.4,UP,189,102,6369.19,29.2,300.0,1.0,True,3,1720.01,2,1467.22,252.79,52.8,0.369,0.451,1.0,0.995,10906.46,5435.33,5471.13,33.48,66.74,90.9,UP,563,304,16341.78,65.5,900.0,1.0,True,13,6276.96,3,1947.36,4329.6,66.7,0.567,0.553,1.0,0.998,405.88,1109.8,1334.42,-8.73,7.17,1.0,712.07,0.8101,197.08,0.1547,0.0964,NONE,1789713991655,BUY,405.92,0.03841,1789713960000,ok,1.0,1.0,1.0,continuous,1,27,0,,0,0,0,0,False,360,0.03844,0.03846,5.202,1.88,-0.2193,-0.1157,13358.56,20862.0,52.02,1789714050533,794,False,,,,
2,v2,v1.2,REALF_PY_V4_2_DERIVED,ZPTDIFAT_PY_V1_4_DERIVED,fc-v1,native,,058e38aec59f4c35,20260918_064430,61,ETH_20260918_064737_466,ETHUSDT,BINANCE,FUTURES,TOP100,2,75000,1789714057466,2026-09-18T06:47:37.466+00:00,17,True,1789714057063,1789714057466,61.8,1789714020000,1789714079999,False,37.1,2485.48,0.0229,52.4,FAIR (DENGE),True,500,52.8,52.8,51.7,51.1,-0.00081,0.32,0.39,0.00141,0.721,0.95,41.7,55.0,-9.2,YOK,1.2,1.0,2483.479353001337,-0.08,CLV_PROXY_1M,0,0.0,100.0,52.4,54.5,51.8,55.1,-2.1,0.6,-2.7,-0.00081,0.00019,8e-05,0.00021,70.37,66.46,60.23,56.97,3.91,10.14,13.4,78.11,82.67,500,native,70.37,NORMAL,78.11,82.67,True,300,35.9,BULL,BOS UP,LH/LL,HH/HL,SQZ,85.9,True,True,499,25,63.9,1789712520000,LOW,2481.26,2.95,,,,2469.0299999999997,11.52,2,0,2,2486.1,2469.0299999999997,HIGH_SWEEP,24,2486.11,False,False,0.0575,499,native,61.37,NORMAL,69.97,80.67,True,300,41.8,BULL,BOS UP,MIX/LL,EQ/RANGE,RANGE,79.1,True,True,498,37,76.1,1789707240000,LOW,2469.0,5.14,2486.685,0.31,2,,,,1,0,2486.685,2477.52,HIGH_SWEEP,8,2486.49,False,False,0.1307,499,native,53.93,NORMAL,62.48,62.33,True,300,69.2,BULL,BOS UP,MIX/HL,MIX/LL,TR UP,75.1,True,True,498,19,61.2,1789708200000,LOW,2469.0,3.52,,,,2365.835,25.59,2,0,1,2486.88,2365.835,HIGH_SWEEP,20,2482.2,False,False,0.1882,499,native,66.07,NORMAL,63.43,69.33,True,300,72.9,BULL,BOS UP,HH/MIX,HH/HL,TR UP,74.1,True,True,498,7,39.9,1789707600000,LOW,2435.39,6.3,,,,2435.74,6.25,2,0,1,2492.55,2435.74,HIGH_SWEEP,6,2484.99,False,False,0.3202,499,native,80.02,YORGUN,88.3,97.67,True,300,73.3,BEAR,BOS DN,HH/HL,HH/MIX,TR DN,84.8,True,True,498,65,44.7,1789477200000,HIGH,2614.99,7.58,,,,,,,0,0,2484.0,2435.39,HIGH_SWEEP,1,2484.0,True,False,0.6888,499,native,65.73,NORMAL,77.45,88.33,True,300,51.7,TR-DN,CHOCH DN,MIX/HL,MIX/HL,TR-DN,70.6,True,True,498,14,32.7,1789502400000,HIGH,2614.99,3.24,,,,1862.655,15.63,2,0,2,2614.99,1862.655,HIGH_SWEEP,38,2522.75,False,False,1.6086,97,2714,2165427.92,2193463.51,-28035.59,-0.64,49.68,48.7,FLAT,3021,658,4358891.43,18.2,60.0,1.0,True,6,1505976.63,10,1668851.09,-162874.47,58.9,0.266,1.0,1.0,0.998,8178094.0,7346503.05,831590.95,5.36,52.68,60.7,UP,10060,2317,15524597.05,68.3,300.0,1.0,True,19,5868056.24,26,4420678.39,1447377.86,80.3,0.577,1.0,1.0,1.0,8396353.72,8400351.15,-3997.43,-0.02,49.99,50.0,FLAT,11780,2714,16796704.87,79.1,351.8,0.3909,False,19,5868056.24,30,4883614.57,984441.67,68.1,0.613,1.0,0.391,1.0,-1190653.24,807552.79,,-11.68,2.58,0.3242,409984.12,0.0975,175150.72,0.0564,-0.2006,UP,1789714051041,SELL,578419.43,2485.73,1789713960000,ok,1.0,1.0,1.0,continuous,1,665,0,,0,0,0,0,False,394,2485.23,2485.24,0.04,-0.02,-0.9384,-0.9584,29846.53,939154.98,0.78,1789714056884,582,False,,,,
2,v2,v1.2,REALF_PY_V4_2_DERIVED,ZPTDIFAT_PY_V1_4_DERIVED,fc-v1,native,,058e38aec59f4c35,20260918_064430,62,BNB_20260918_064741_029,BNBUSDT,BINANCE,FUTURES,TOP100,4,25000,1789714061029,2026-09-18T06:47:41.029+00:00,17,True,1789714060600,1789714061029,62.8,1789714020000,1789714079999,False,40.6,753.59,-0.0504,37.5,PRICE LAG,True,500,33.2,41.5,37.3,47.3,0.00206,-0.26,0.96,0.00103,0.711,0.61,12.7,50.0,-3.1,YOK,8.3,1.0,755.1439835081671,0.206,CLV_PROXY_1M,0,0.0,100.0,37.5,36.8,50.6,50.0,0.7,-13.1,-12.5,0.00206,0.0,0.00144,0.00145,64.73,67.5,64.59,62.26,-2.77,0.14,2.47,59.53,55.33,500,native,64.73,NORMAL,59.53,55.33,True,300,17.6,BEAR,BOS DN,LH/LL,LH/LL,RANGE,87.5,True,True,499,18,52.5,1789712940000,HIGH,754.74,3.08,,,,735.76,47.77,2,0,1,754.18,735.76,HIGH_SWEEP,25,754.62,False,False,0.0495,499,native,39.74,NORMAL,44.77,28.67,True,300,70.9,BULL,BOS UP,HH/MIX,MIX/HL,RANGE,74.2,True,True,498,14,53.9,1789711380000,LOW,751.67,1.96,,,,733.985,21.35,2,0,2,755.98,733.985,HIGH_SWEEP,29,753.4,False,False,0.121,499,native,47.6,NORMAL,49.36,38.67,True,300,70.6,BULL,BOS UP,HH/MIX,HH/MIX,TR UP,80.5,True,True,498,19,50.9,1789708200000,LOW,749.39,2.92,,,,751.405,1.48,2,0,2,755.98,751.405,HIGH_SWEEP,8,755.08,False,False,0.1847,499,native,56.04,NORMAL,56.08,44.67,True,300,78.2,BULL,BOS UP,HH/HL,HH/HL,TR UP,91.5,True,True,498,30,31.8,1789686900000,LOW,733.95,7.78,,,,,,,0,0,754.71,733.95,HIGH_SWEEP,6,754.71,False,False,0.3323,499,native,94.04,ASIRI,90.45,95.33,True,300,72.9,BULL,BOS UP,HH/MIX,HH/MIX,TR UP,76.1,True,True,498,10,47.2,1789675200000,LOW,721.24,7.01,,,,,,,0,0,732.95,721.24,HIGH_SWEEP,18,729.58,False,False,0.6104,499,native,88.96,ASIRI,96.18,95.67,True,300,40.4,BULL,BOS UP,LH/LL,HH/HL,RANGE,86.1,True,True,498,4,31.3,1789646400000,LOW,704.34,5.23,,,,,,,0,0,725.94,704.34,HIGH_SWEEP,6,725.94,False,False,1.2519,413,1438,10576.18,210807.48,-200231.3,-90.45,4.78,5.0,DOWN,637,130,221383.66,20.5,60.0,1.0,True,0,0.0,2,73594.16,-73594.16,57.8,0.291,0.836,1.0,0.993,317488.04,833350.5,-515862.45,-44.82,27.59,6.5,DOWN,2791,581,1150838.54,72.8,300.0,1.0,True,1,49790.14,10,484608.94,-434818.8,81.1,0.593,1.0,1.0,0.999,1033292.48,1241669.51,-208377.03,-9.16,45.42,32.3,DOWN,6700,1438,2274961.99,166.1,664.4,0.7383,False,5,200004.49,13,575810.26,-375805.77,84.7,0.769,1.0,0.738,1.0,-271274.88,-97896.08,,-57.12,-2.92,0.6716,-118980.91,-0.3841,-100649.22,-0.4373,-0.5696,NONE,1789714055014,SELL,36492.02,753.5003406979147,1789713960000,ok,1.0,1.0,1.0,continuous,1,135,0,,0,0,0,0,False,428,753.4,753.41,0.133,-0.063,-0.3769,-0.8957,73232.26,161832.5,2.59,1789714060449,580,False,,AGGRESSIVE_SELLER,,
2,v2,v1.2,REALF_PY_V4_2_DERIVED,ZPTDIFAT_PY_V1_4_DERIVED,fc-v1,native,,058e38aec59f4c35,20260918_064430,63,XRP_20260918_064743_920,XRPUSDT,BINANCE,FUTURES,TOP100,5,25000,1789714063920,2026-09-18T06:47:43.920+00:00,17,True,1789714063719,1789714063920,63.1,1789714020000,1789714079999,False,43.7,1.323,-0.0755,50.8,FAIR (DENGE),True,500,50.1,56.1,45.8,50.5,-0.00201,0.11,0.68,0.00164,0.757,1.13,65.0,60.0,-10.9,YOK,10.3,0.302,1.320342345443982,-0.201,CLV_PROXY_1M,0,0.0,100.0,50.8,50.3,60.0,59.4,0.5,-9.2,-8.6,-0.00201,4e-05,0.00174,0.00151,69.29,71.38,69.07,72.6,-2.09,0.22,-3.31,64.16,65.0,500,native,69.29,NORMAL,64.16,65.0,True,300,86.8,TR-UP,CHOCH UP,HH/HL,MIX/HL,SQZ,92.0,True,True,499,1,53.1,1789713960000,LOW,1.3208,1.75,,,,1.3032,15.75,2,0,2,1.3245,1.3032,HIGH_SWEEP,11,1.3232,False,False,0.095,499,native,75.88,YORGUN,74.49,83.33,True,300,41.0,BULL,BOS UP,LH/LL,HH/HL,RANGE,87.7,True,True,498,2,29.6,1789713540000,LOW,1.3164,2.63,,,,,,,0,0,1.3228,1.3164,HIGH_SWEEP,6,1.3228,False,False,0.1865,499,native,68.79,NORMAL,76.47,82.67,True,300,60.5,BULL,BOS UP,MIX/HL,LH/LL,RANGE,74.0,True,True,498,36,67.7,1789703100000,LOW,1.3045,5.48,,,,,,,0,0,1.3228,1.3164,HIGH_SWEEP,4,1.3228,False,False,0.2536,499,native,59.03,NORMAL,58.87,65.33,True,300,76.5,TR-UP,CHOCH UP,HH/HL,MIX/HL,TR-UP,84.3,True,True,498,23,25.8,1789693200000,LOW,1.2867,6.58,,,,,,,0,0,1.3286,1.3133,HIGH_SWEEP,24,1.3002,False,False,0.4171,499,native,80.88,YORGUN,81.18,92.0,True,300,74.1,TR-UP,CHOCH UP,HH/MIX,HH/MIX,TR-UP,74.3,True,True,498,3,82.2,1789700400000,LOW,1.2867,2.99,,,,,,,0,0,1.3201,1.2867,HIGH_SWEEP,1,1.3201,True,False,0.9194,499,native,49.68,NORMAL,59.0,75.0,True,300,47.1,TR-DN,CHOCH DN,HH/MIX,MIX/LL,TR-DN,75.8,True,True,498,15,73.1,1789488000000,HIGH,1.4916,5.3,1.5507,7.16,2,0.98775,10.54,2,1,1,1.5507,0.98775,EQH_SWEEP,57,1.43175,False,False,2.3989,340,1643,451917.9,723431.5,-271513.6,-23.1,38.45,14.8,DOWN,1888,227,1175349.39,27.4,60.0,1.0,True,6,285084.91,10,548865.97,-263781.06,65.9,0.354,1.0,1.0,0.994,2097730.84,1749180.71,348550.12,9.06,54.53,67.6,UP,5923,772,3846911.55,55.6,300.0,1.0,True,20,1468828.6,23,1244381.32,224447.28,77.4,0.527,1.0,1.0,0.999,4460287.75,3637583.27,822704.48,10.16,55.08,69.4,UP,14182,1643,8097871.02,160.2,676.6,0.7518,False,47,3105274.08,42,2264856.83,840417.25,84.7,0.762,1.0,0.752,1.0,-842802.72,-187688.22,,-44.41,-4.65,0.6851,51096.22,0.0508,90382.92,0.1175,0.2489,NONE,1789714041502,BUY,122857.24,1.3231,1789713960000,ok,1.0,1.0,1.0,continuous,1,241,0,,0,0,0,0,False,462,1.3229,1.323,0.756,-0.09,-0.0049,-0.3008,974628.81,984206.8,14.74,1789714063569,351,False,,,,
2,v2,v1.2,REALF_PY_V4_2_DERIVED,ZPTDIFAT_PY_V1_4_DERIVED,fc-v1,native,,058e38aec59f4c35,20260918_064430,64,DOGE_20260918_064746_861,DOGEUSDT,BINANCE,FUTURES,TOP100,12,15000,1789714066861,2026-09-18T06:47:46.861+00:00,17,True,1789714066845,1789714066861,63.3,1789714020000,1789714079999,False,46.8,0.08422,-0.0356,51.8,FAIR (DENGE),True,500,52.0,53.5,50.3,50.2,-0.00112,-0.13,0.13,0.00156,0.705,0.36,6.0,55.0,-27.4,YOK,3.2,1.0,0.08412587425888811,-0.112,CLV_PROXY_1M,0,0.0,100.0,51.8,51.8,53.1,55.6,0.0,-1.3,-3.8,-0.00112,0.0001,0.00055,0.00061,37.29,41.92,45.39,51.35,-4.63,-8.1,-14.06,31.12,15.67,500,native,37.29,NORMAL,31.12,15.67,True,300,68.9,BEAR,BOS DN,HH/HL,MIX/HL,SQZ,88.9,True,True,499,29,38.7,1789712280000,HIGH,0.08443,2.99,0.084395,2.49,2,0.08135,40.81,2,1,1,0.084395,0.08135,EQH_SWEEP,11,0.084395,False,False,0.0835,499,native,45.59,NORMAL,38.59,30.33,True,300,60.6,BULL,BOS UP,MIX/HL,HH/HL,RANGE,73.3,True,True,498,36,48.5,1789707420000,LOW,0.08373,3.36,0.08449000000000001,1.85,2,,,,1,0,0.08449000000000001,0.08417,LOW_SWEEP,15,0.08419,False,False,0.1733,499,native,40.56,NORMAL,39.61,29.67,True,300,62.0,BULL,BOS UP,MIX/HL,MIX/HL,TR UP,80.0,True,True,498,36,93.1,1789703100000,LOW,0.08223,9.19,,,,0.07986,20.13,2,0,1,0.08448,0.07986,HIGH_SWEEP,20,0.08459,False,False,0.257,499,native,57.79,NORMAL,51.76,51.33,True,300,79.4,BULL,BOS UP,HH/HL,HH/HL,TR UP,84.7,True,True,498,22,43.6,1789694100000,LOW,0.08114,8.71,,,,0.080555,10.37,2,0,1,0.08469,0.080555,HIGH_SWEEP,65,0.08179,False,False,0.4181,499,native,88.81,ASIRI,84.59,96.67,True,300,89.8,BULL,BOS UP,HH/HL,LH/LL,TR UP,90.7,True,True,498,4,51.5,1789696800000,LOW,0.08114,4.24,,,,,,,0,0,0.08253,0.08114,HIGH_SWEEP,21,0.08134,False,False,0.8609,499,native,72.82,YORGUN,85.5,92.33,True,300,47.5,BEAR,BOS DN,HH/MIX,LH/MIX,TR DN,73.2,True,True,498,16,26.7,1789473600000,HIGH,0.08616,1.27,,,,0.07835,3.84,2,0,1,0.08616,0.07835,HIGH_SWEEP,20,0.08534,False,False,1.8093,1040,1236,28223.06,77097.35,-48874.29,-46.41,26.8,6.3,DOWN,677,79,105320.41,9.4,60.0,1.0,True,1,15896.57,1,27191.89,-11295.31,43.9,0.158,0.756,1.0,0.983,229740.42,268927.3,-39186.89,-7.86,46.07,34.6,DOWN,2161,325,498667.72,35.7,300.0,1.0,True,6,115191.71,4,97920.27,17271.44,68.8,0.416,0.924,1.0,0.997,1478629.69,1522950.23,-44320.54,-1.48,49.26,47.0,FLAT,9631,1236,3001579.92,144.4,891.5,0.9906,False,25,902499.43,25,711900.86,190598.58,88.6,0.743,1.0,0.991,0.999,-116252.41,41296.09,,-41.64,3.7,0.9239,-2711.61,-0.0191,-5767.22,-0.0578,-0.4334,NONE,1789714046320,BUY,15896.57,0.08422249076796737,1789713960000,ok,1.0,1.0,1.0,continuous,1,86,0,,0,0,0,0,False,496,0.0842,0.08421,1.188,0.188,-0.2383,0.3614,1218204.4,1980248.79,23.16,1789714066463,398,False,,AGGRESSIVE_SELLER,,
2,v2,v1.2,REALF_PY_V4_2_DERIVED,ZPTDIFAT_PY_V1_4_DERIVED,fc-v1,native,,058e38aec59f4c35,20260918_064430,65,LINK_20260918_064750_416,LINKUSDT,BINANCE,FUTURES,TOP100,17,10000,1789714070416,2026-09-18T06:47:50.416+00:00,17,True,1789714069549,1789714070416,64.2,1789714020000,1789714079999,False,49.5,11.82,0.0169,64.3,PRICE AHEAD,True,500,69.3,58.4,65.4,55.1,-0.00357,-0.21,-1.17,0.00184,0.66,0.68,32.3,55.0,-9.2,YOK,10.9,1.0,11.777903501919285,-0.356,CLV_PROXY_1M,0,0.0,100.0,64.3,59.8,55.8,54.7,4.5,8.5,9.6,-0.00357,-0.00086,-0.00202,-0.00231,64.5,69.7,80.36,77.33,-5.2,-15.86,-12.83,54.69,47.0,500,native,64.5,NORMAL,54.69,47.0,True,300,87.6,BULL,BOS UP,HH/HL,HH/HL,RANGE,92.9,True,True,499,11,55.7,1789713360000,LOW,11.772,3.59,,,,11.377500000000001,33.08,2,0,1,11.811,11.377500000000001,HIGH_SWEEP,30,11.779,False,False,0.1132,499,native,81.67,YORGUN,76.35,81.0,True,300,44.1,BULL,BOS UP,LH/LL,HH/MIX,RANGE,88.3,True,True,498,8,67.9,1789712460000,LOW,11.705,4.15,,,,,,,0,0,11.776,11.705,HIGH_SWEEP,13,11.776,False,False,0.2339,499,native,78.27,YORGUN,81.22,86.0,True,300,76.2,BULL,BOS UP,HH/MIX,LH/LL,TR UP,75.7,True,True,498,2,46.5,1789713300000,LOW,11.705,2.97,,,,,,,0,0,11.817,11.705,HIGH_SWEEP,22,11.802,False,False,0.33,499,native,66.17,NORMAL,67.53,71.0,True,300,91.2,BULL,BOS UP,HH/HL,HH/HL,TR UP,88.4,True,True,498,1,59.4,1789713000000,LOW,11.647,2.7,,,,11.0905,11.4,2,0,1,11.817,11.0905,HIGH_SWEEP,65,11.34,False,False,0.5406,499,native,90.71,ASIRI,88.84,95.67,True,300,83.3,TR-UP,CHOCH UP,HH/HL,MIX/LL,TR-UP,86.0,True,True,498,5,51.0,1789693200000,LOW,11.089,6.07,12.7855,8.0,2,,,,1,0,12.7855,11.25,LOW_SWEEP,37,10.67,False,False,1.0287,499,native,75.98,YORGUN,89.01,93.0,True,300,17.7,BEAR,BOS DN,LH/LL,HH/MIX,RANGE,86.2,True,True,498,15,24.8,1789488000000,HIGH,11.961,0.56,,,,8.062,14.99,2,0,1,11.961,8.062,EQH_SWEEP,83,12.035499999999999,False,False,2.133,2469,1258,30468.21,59710.36,-29242.15,-32.43,33.79,9.5,DOWN,373,72,90178.57,18.3,60.0,1.0,True,0,0.0,3,39369.87,-39369.87,53.7,0.268,0.739,1.0,0.959,254151.57,272707.5,-18555.93,-3.52,48.24,42.9,DOWN,1935,346,526859.07,102.1,300.0,1.0,True,5,73706.04,4,106720.6,-33014.56,83.4,0.671,0.93,1.0,0.992,1179153.89,779829.87,399324.02,20.38,60.19,82.8,UP,6793,1148,1958983.76,285.3,900.0,1.0,True,22,521537.91,12,228908.96,292628.94,93.7,0.851,1.0,1.0,0.997,8862.31,-31862.89,-31832.1,-7.77,-3.15,1.0,-24215.58,-0.1848,-3936.49,-0.0374,0.3101,DOWN,1789714034758,SELL,11473.96,11.822,1789713960000,ok,1.0,1.0,1.0,continuous,1,81,0,,0,0,0,0,False,530,11.818,11.819,0.846,-0.1,0.0593,-0.0248,214286.62,190280.87,16.5,1789714069368,1048,False,,,,
2,v2,v1.2,REALF_PY_V4_2_DERIVED,ZPTDIFAT_PY_V1_4_DERIVED,fc-v1,native,,058e38aec59f4c35,20260918_064430,66,ADA_20260918_064753_970,ADAUSDT,BINANCE,FUTURES,TOP100,19,10000,1789714073970,2026-09-18T06:47:53.970+00:00,17,True,1789714073121,1789714073970,65.2,1789714020000,1789714079999,False,53.1,0.2136,-0.1403,50.7,FAIR (DENGE),True,500,51.5,46.6,54.6,50.2,0.00142,-0.21,-0.52,0.00156,0.623,0.54,12.7,45.0,-14.3,YOK,8.1,0.299,0.21390391648894772,0.142,CLV_PROXY_1M,0,0.0,100.0,50.7,54.7,52.3,51.6,-4.0,-1.6,-0.9,0.00142,0.00063,-0.00015,-0.00099,67.24,74.84,70.29,55.8,-7.6,-3.05,11.44,51.73,44.33,500,native,67.24,NORMAL,51.73,44.33,True,300,75.8,TR-UP,CHOCH UP,HH/HL,HH/HL,SQZ,89.8,True,True,499,32,50.5,1789712100000,LOW,0.2126,3.41,0.2151,5.12,2,,,,1,0,0.2151,0.2132,EQH_SWEEP,11,0.2138,False,False,0.137,499,native,71.37,NORMAL,67.27,64.67,True,300,22.8,BEAR,BOS DN,LH/LL,MIX/HL,RANGE,86.5,True,True,498,29,70.8,1789708680000,HIGH,0.2173,6.84,,,,,,,0,0,0.2151,0.2121,LOW_SWEEP,49,0.2143,False,False,0.2529,499,native,61.96,NORMAL,68.32,69.0,True,300,20.2,TR-DN,CHOCH DN,LH/LL,LH/LL,TR-DN,85.4,True,True,498,11,28.1,1789710600000,HIGH,0.2151,1.89,,,,0.1903,31.59,3,0,1,0.2151,0.1903,HIGH_SWEEP,35,0.2159,False,False,0.3463,499,native,44.19,NORMAL,41.11,35.0,True,300,66.3,BULL,BOS UP,MIX/HL,LH/LL,TR UP,78.2,True,True,498,27,55.4,1789689600000,LOW,0.1997,9.37,0.21739999999999998,2.56,2,0.1972,11.06,2,1,2,0.21739999999999998,0.1972,HIGH_SWEEP,28,0.2027,False,False,0.6932,499,native,86.2,ASIRI,76.54,89.33,True,300,87.0,BULL,BOS UP,HH/HL,HH/HL,EXP UP,84.6,True,True,498,6,53.5,1789689600000,LOW,0.1901,7.62,,,,,,,0,0,0.2042,0.1997,EQH_SWEEP,29,0.19690000000000002,False,False,1.4575,499,native,75.76,YORGUN,88.18,90.0,True,300,41.5,TR-UP,CHOCH UP,LH/LL,LH/LL,TR-UP,84.5,True,True,498,1,52.5,1789689600000,LOW,0.1901,4.32,,,,,,,0,0,0.2159,0.1901,LOW_SWEEP,52,0.2148,False,True,2.5151,762,1077,3986.11,65621.07,-61634.95,-88.55,5.73,5.0,DOWN,223,89,69607.18,4.3,60.0,1.0,True,0,0.0,4,59725.16,-59725.16,32.7,0.079,0.711,1.0,0.987,275923.41,240327.37,35596.04,6.9,53.45,63.7,UP,1091,333,516250.78,13.5,300.0,1.0,True,5,201589.25,8,196692.65,4896.61,52.6,0.213,0.928,1.0,0.997,1114006.35,908462.14,205544.21,10.16,55.08,69.4,UP,4161,950,2022468.49,54.5,900.0,1.0,True,28,920398.41,23,733479.19,186919.22,77.1,0.521,1.0,1.0,0.999,-140369.63,-105486.84,-66478.12,-58.42,-10.63,1.0,7360.03,0.0529,10651.29,0.1032,0.5278,NONE,1789714051971,SELL,11729.63,0.2136,1789713960000,ok,1.0,1.0,1.0,continuous,1,94,0,,0,0,0,0,False,564,0.2136,0.2137,4.681,-0.601,0.1188,0.0176,2589475.47,2039737.44,91.27,1789714072938,1032,False,,AGGRESSIVE_SELLER,,
2,v2,v1.2,REALF_PY_V4_2_DERIVED,ZPTDIFAT_PY_V1_4_DERIVED,fc-v1,native,,058e38aec59f4c35,20260918_064430,67,LTC_20260918_064757_085,LTCUSDT,BINANCE,FUTURES,TOP100,25,10000,1789714077085,2026-09-18T06:47:57.085+00:00,17,True,1789714076662,1789714077085,65.5,1789714020000,1789714079999,False,56.7,54.93,-0.0909,50.2,FAIR (DENGE),True,500,48.7,56.0,46.2,50.0,-0.00208,-0.76,-0.09,0.00127,0.569,0.46,27.3,50.0,-21.0,YOK,9.7,0.053,54.81612928902497,-0.207,CLV_PROXY_1M,0,0.0,100.0,50.2,55.8,59.2,64.4,-5.6,-9.0,-14.2,-0.00208,0.00045,0.00086,0.00155,64.35,71.96,74.15,65.86,-7.61,-9.8,-1.51,46.88,46.0,500,native,64.35,NORMAL,46.88,46.0,True,300,81.8,BULL,BOS UP,HH/HL,HH/HL,TR UP,86.9,True,True,499,20,64.2,1789712820000,LOW,54.78,2.97,,,,54.76,3.36,2,0,2,55.02,54.76,HIGH_SWEEP,44,54.92,False,False,0.092,499,native,69.19,NORMAL,66.89,69.0,True,300,75.3,BULL,BOS UP,HH/HL,HH/HL,RANGE,91.8,True,True,498,37,50.6,1789707240000,LOW,54.29,6.27,55.0,0.69,2,,,,1,0,55.0,54.78,EQH_SWEEP,6,55.0,False,False,0.1857,499,native,65.8,NORMAL,67.93,62.33,True,300,76.2,BULL,BOS UP,HH/HL,HH/HL,TR UP,87.5,True,True,498,36,51.2,1789703100000,LOW,54.32,4.4,,,,53.86,7.71,2,0,3,55.0,53.86,HIGH_SWEEP,4,55.0,False,False,0.2523,499,native,75.16,YORGUN,73.59,79.67,True,300,70.5,BULL,BOS UP,MIX/HL,HH/MIX,TR UP,85.7,True,True,498,25,95.3,1789691400000,LOW,53.59,6.11,,,,,,,0,0,53.98,54.29,EQH_SWEEP,27,53.989999999999995,False,False,0.402,499,native,87.64,ASIRI,87.73,95.33,True,300,88.0,BULL,BOS UP,HH/HL,HH/HL,TR UP,83.5,True,True,498,6,68.8,1789689600000,LOW,52.46,5.66,,,,,,,0,0,54.0,52.46,HIGH_SWEEP,21,52.81,False,False,0.7963,499,native,81.35,YORGUN,89.28,93.33,True,300,51.6,TR-DN,CHOCH DN,HH/MIX,LH/LL,TR-DN,72.3,True,True,498,14,38.2,1789502400000,HIGH,55.24,0.35,,,,,,,0,0,55.24,50.13,HIGH_SWEEP,30,54.28,False,False,1.559,3827,530,2829.2,20904.09,-18074.89,-76.16,11.92,5.1,DOWN,135,22,23733.28,4.7,60.0,1.0,True,0,0.0,0,0.0,0.0,31.9,0.086,0.594,1.0,0.936,63098.77,85702.66,-22603.89,-15.19,42.4,23.1,DOWN,625,149,148801.43,28.0,300.0,1.0,True,1,22086.52,1,18029.33,4057.2,61.8,0.359,0.793,1.0,0.987,373061.87,268111.03,104950.84,16.37,58.18,78.4,UP,2173,451,641172.89,67.7,900.0,1.0,True,11,212153.52,5,83062.13,129091.39,78.9,0.575,0.952,1.0,0.996,-28420.6,-46896.44,74287.96,-54.38,-14.5,1.0,-3882.09,-0.1602,-1316.66,-0.0442,0.0901,DOWN,1789713882231,BUY,22086.52,54.984550843195926,1789713960000,ok,1.0,1.0,1.0,continuous,1,22,0,,0,0,0,0,False,598,54.93,54.94,1.82,0.247,0.2475,0.2396,918585.7,554154.09,35.5,1789714076386,699,False,,AGGRESSIVE_SELLER,,
2,v2,v1.2,REALF_PY_V4_2_DERIVED,ZPTDIFAT_PY_V1_4_DERIVED,fc-v1,native,,058e38aec59f4c35,20260918_064430,68,AVAX_20260918_064759_987,AVAXUSDT,BINANCE,FUTURES,TOP100,31,5000,1789714079987,2026-09-18T06:47:59.987+00:00,17,True,1789714079987,1789714079987,65.9,1789714020000,1789714079999,False,60.0,7.901,-0.0253,49.3,FAIR (DENGE),True,500,50.7,42.7,54.1,49.7,0.00225,0.5,0.47,0.00132,0.608,1.09,33.3,55.0,-22.6,YOK,11.4,0.229,7.918817112275518,0.226,CLV_PROXY_1M,0,0.0,100.0,49.3,52.6,51.6,48.4,-3.3,-2.3,0.9,0.00225,0.00043,0.00044,-0.00026,74.33,75.8,71.65,64.2,-1.47,2.68,10.13,71.27,70.0,500,native,74.33,YORGUN,71.27,70.0,True,300,73.0,BEAR,BOS DN,HH/HL,MIX/HL,SQZ,84.0,True,True,499,67,64.9,1789710000000,HIGH,7.93,4.53,7.9415,6.33,2,,,,1,0,7.9415,7.89,LOW_SWEEP,26,7.873,False,False,0.081,499,native,72.69,YORGUN,76.69,79.0,True,300,59.1,BULL,BOS UP,MIX/HL,HH/MIX,RANGE,69.2,True,True,498,73,79.7,1789700760000,LOW,7.677,15.08,,,,7.6285,18.35,2,0,1,7.903,7.6285,HIGH_SWEEP,82,7.723,False,True,0.1879,499,native,48.7,NORMAL,61.22,55.67,True,300,61.4,BULL,BOS UP,MIX/HL,MIX/HL,RANGE,76.2,True,True,498,44,66.0,1789700700000,LOW,7.677,10.07,,,,,,,0,0,7.942,7.871,HIGH_SWEEP,49,7.723,False,False,0.2815,499,native,55.07,NORMAL,54.07,49.33,True,300,79.1,BULL,BOS UP,HH/HL,MIX/HL,TR UP,85.4,True,True,498,24,54.9,1789692300000,LOW,7.545,8.73,,,,,,,0,0,7.968,7.584,EQH_SWEEP,24,7.648,False,False,0.5161,499,native,87.7,ASIRI,82.55,89.33,True,300,91.4,TR-UP,CHOCH UP,HH/HL,LH/LL,TR-UP,94.6,True,True,498,3,96.7,1789700400000,LOW,7.545,4.42,8.192,3.61,3,7.186,8.88,2,1,1,8.192,7.186,EQL_SWEEP,37,7.186,False,False,1.023,499,native,84.79,ASIRI,90.92,93.0,True,300,78.7,BULL,BOS UP,HH/MIX,HH/MIX,RANGE,76.8,True,True,498,1,80.2,1789689600000,LOW,7.171,4.81,,,,7.173500000000001,4.79,2,0,1,7.8,7.173500000000001,LOW_SWEEP,15,7.243,False,False,1.9116,8305,669,25698.58,30494.45,-4795.87,-8.53,45.73,33.4,DOWN,216,32,56193.03,9.2,60.0,1.0,True,2,13415.02,1,16142.18,-2727.16,41.8,0.155,0.687,1.0,0.862,138732.56,105834.77,32897.79,13.45,56.73,74.5,UP,1021,161,244567.33,37.2,300.0,1.0,True,8,66010.17,8,67338.6,-1328.43,67.5,0.426,0.847,1.0,0.972,437454.32,355263.2,82191.12,10.37,55.18,69.8,UP,3595,599,792717.51,121.4,900.0,1.0,True,21,201093.8,23,197052.67,4041.13,86.4,0.708,0.975,1.0,0.991,-20842.29,-1758.0,-3430.28,-12.56,-1.6,1.0,-220.41,-0.0034,5853.13,0.1197,0.5289,NONE,1789714071680,BUY,6912.5,7.9,1789713960000,ok,1.0,1.0,1.0,continuous,1,33,0,,0,0,0,0,False,20,7.901,7.902,1.266,0.355,-0.0544,0.2005,272640.29,304004.91,24.68,1789714079426,561,False,,,,
2,v2,v1.2,REALF_PY_V4_2_DERIVED,ZPTDIFAT_PY_V1_4_DERIVED,fc-v1,native,,058e38aec59f4c35,20260918_064430,69,SUI_20260918_064803_147,SUIUSDT,BINANCE,FUTURES,TOP100,35,5000,1789714083147,2026-09-18T06:48:03.147+00:00,17,True,1789714082724,1789714083147,66.4,1789714020000,1789714079999,True,62.7,0.7783,-0.0257,51.4,FAIR (DENGE),True,500,52.3,49.7,51.9,50.4,0.00013,0.11,0.23,0.002,0.585,0.68,21.7,45.0,-18.4,YOK,2.6,0.904,0.7784028764365425,0.013,CLV_PROXY_1M,0,0.0,100.0,51.4,51.6,51.6,55.1,-0.2,-0.2,-3.7,0.00013,0.00024,-0.00018,0.00022,66.23,70.43,73.33,77.13,-4.2,-7.1,-10.9,57.31,54.33,500,native,66.23,NORMAL,57.31,54.33,True,300,85.6,BULL,BOS UP,HH/HL,MIX/HL,TR UP,89.1,True,True,499,9,20.7,1789713480000,LOW,0.775,3.29,,,,,,,0,0,0.7798,0.7778,HIGH_SWEEP,25,0.777,False,False,0.1287,499,native,77.04,YORGUN,75.22,77.67,True,300,71.3,BULL,BOS UP,MIX/HL,HH/HL,RANGE,68.4,True,True,498,3,18.5,1789713360000,LOW,0.7738,2.17,,,,0.7292,23.71,2,0,3,0.7778,0.7292,HIGH_SWEEP,54,0.7849,False,False,0.2659,499,native,60.26,NORMAL,71.93,68.0,True,300,60.8,BULL,BOS UP,MIX/HL,MIX/HL,RANGE,74.3,True,True,498,43,48.0,1789701000000,LOW,0.7643,4.7,,,,0.71575,20.99,2,0,2,0.7849,0.71575,HIGH_SWEEP,93,0.7365,False,False,0.3827,499,native,47.61,NORMAL,50.36,39.0,True,300,78.1,BULL,BOS UP,HH/HL,MIX/HL,TR UP,90.8,True,True,498,30,53.6,1789686900000,LOW,0.7287,8.61,,,,0.7289,8.58,2,0,1,0.7899,0.7289,HIGH_SWEEP,59,0.7351,False,False,0.7395,499,native,87.97,ASIRI,76.35,85.67,True,300,83.0,TR-UP,CHOCH UP,HH/HL,HH/MIX,TR-UP,88.9,True,True,498,6,40.0,1789689600000,LOW,0.7157,5.69,0.8336,5.03,2,,,,2,0,0.8336,0.7157,LOW_SWEEP,37,0.6814,False,False,1.4211,499,native,86.4,ASIRI,91.25,95.33,True,300,89.3,TR-UP,CHOCH UP,HH/HL,MIX/HL,TR-UP,85.4,True,True,498,1,97.1,1789689600000,LOW,0.6773,5.35,,,,,,,0,0,0.7479,0.6773,LOW_SWEEP,16,0.692,False,False,2.3923,3424,1320,51895.42,53534.08,-1638.66,-1.55,49.22,46.8,FLAT,490,86,105429.5,19.1,60.0,1.0,True,3,24706.63,4,35250.26,-10543.63,54.6,0.276,0.756,1.0,0.943,256716.13,229633.11,27083.03,5.57,52.78,61.2,UP,2412,419,486349.24,87.1,300.0,1.0,True,14,122746.0,16,139435.22,-16689.22,81.3,0.635,0.922,1.0,0.989,1010106.12,851152.93,158953.19,8.54,54.27,66.6,UP,8005,1320,1861259.06,229.5,737.0,0.8189,False,51,671486.73,50,560305.98,111180.74,88.8,0.821,1.0,0.819,0.996,-47697.04,39089.0,,-15.34,4.04,0.7522,12217.84,0.1025,4723.39,0.0486,-0.1384,UP,1789714069783,SELL,15323.39,0.7780818267678152,1789713960000,ok,1.0,1.0,1.0,continuous,1,94,0,,0,0,0,0,False,54,0.7783,0.7784,1.285,-0.226,-0.1861,-0.2022,318162.22,463696.72,25.05,1789714082564,583,False,,,,
2,v2,v1.2,REALF_PY_V4_2_DERIVED,ZPTDIFAT_PY_V1_4_DERIVED,fc-v1,native,,058e38aec59f4c35,20260918_064430,70,AKE_20260918_064806_185,AKEUSDT,BINANCE,FUTURES,TOP100,94,2000,1789714086185,2026-09-18T06:48:06.185+00:00,17,True,1789714085935,1789714086185,66.2,1789714080000,1789714139999,False,5.9,0.023002,-0.0478,53.4,FAIR (DENGE),True,500,52.3,61.0,48.1,50.0,-0.0234,0.01,-0.05,0.00755,0.57,0.03,0.3,45.0,-7.2,YOK,12.9,0.819,0.02246999246315169,-2.313,CLV_PROXY_1M,0,0.0,100.0,53.4,53.0,66.0,61.9,0.4,-12.6,-8.5,-0.0234,0.00105,0.00832,0.00325,48.78,53.76,52.49,49.29,-4.98,-3.71,-0.51,39.38,32.0,500,native,48.78,NORMAL,39.38,32.0,True,300,82.7,BULL,BOS UP,HH/HL,MIX/HL,TR UP,95.7,True,True,499,25,90.2,1789712580000,LOW,0.021423,7.51,,,,0.021402499999999998,7.61,2,0,1,0.023636,0.021402499999999998,HIGH_SWEEP,46,0.021605,False,False,0.9132,499,native,76.29,YORGUN,66.18,71.0,True,300,90.3,BULL,BOS UP,HH/HL,HH/HL,EXP UP,94.4,True,True,498,9,71.4,1789712460000,LOW,0.021423,5.08,,,,,,,0,0,0.023636,0.021646,LOW_SWEEP,38,0.021228,False,False,1.3389,499,native,85.63,ASIRI,75.22,86.67,True,300,76.8,BULL,BOS UP,MIX/HL,HH/HL,EXP UP,79.7,True,True,498,8,67.7,1789711500000,LOW,0.0214,4.99,,,,,,,0,0,0.02168,0.021423,EQH_SWEEP,36,0.021653,False,False,1.3768,499,native,83.54,ASIRI,85.69,89.33,True,300,42.0,BEAR,BOS DN,LH/MIX,MIX/HL,TR DN,66.1,True,True,498,154,97.0,1789575300000,HIGH,0.028247,11.53,0.029421000000000003,14.1,2,0.0209945,4.37,2,1,3,0.029421000000000003,0.0209945,EQL_SWEEP,57,0.020765,False,False,1.973,499,native,75.82,YORGUN,95.17,98.0,True,300,70.7,BULL,BOS UP,HH/HL,HH/MIX,RANGE,69.6,True,True,498,74,56.3,1789444800000,LOW,0.014658,9.67,0.029844000000000002,7.96,2,0.012500500000000001,12.18,3,1,2,0.029844000000000002,0.012500500000000001,HIGH_SWEEP,75,0.0165,False,False,3.9837,499,native,41.33,NORMAL,45.08,45.0,True,300,84.7,BULL,BOS UP,HH/HL,MIX/HL,TR UP,90.5,True,True,498,18,80.8,1789444800000,LOW,0.013069,3.9,,,,0.0128725,3.97,2,0,3,0.029888,0.0128725,EQL_SWEEP,67,0.0128725,False,False,11.7969,934,5040,27164.1,53875.41,-26711.32,-32.96,33.52,9.3,DOWN,2439,1147,81039.51,56.1,60.0,1.0,True,1,3556.85,4,21603.6,-18046.75,70.3,0.529,0.727,1.0,0.984,192535.43,178420.33,14115.11,3.81,51.9,57.7,UP,10879,5040,370955.76,245.5,297.7,0.9923,False,15,73238.21,10,60194.16,13044.05,89.6,0.831,0.892,0.992,0.997,192535.43,178420.33,14115.11,3.81,51.9,57.7,UP,10879,5040,370955.76,245.5,297.7,0.3308,False,15,73238.21,10,60194.16,13044.05,71.9,0.831,0.892,0.331,0.999,-39273.27,,,-21.61,,0.2641,10353.85,0.1096,7947.12,0.1071,,,1789714075694,SELL,3988.94,0.022999231068162682,1789713960000,ok,1.0,1.0,1.0,continuous,2,1289,0,,0,0,0,0,False,108,0.023009,0.023014,2.173,0.965,0.3042,0.4031,2752.95,1468.66,9.34,1789714085567,618,False,,FATIGUE_EXTREME,,
2,v2,v1.2,REALF_PY_V4_2_DERIVED,ZPTDIFAT_PY_V1_4_DERIVED,fc-v1,native,,058e38aec59f4c35,20260918_064430,71,PONS_20260918_064808_974,PONSUSDT,BINANCE,FUTURES,OUTSIDE100,112,2000,1789714088974,2026-09-18T06:48:08.974+00:00,17,True,1789714088974,1789714088974,66.2,1789714080000,1789714139999,False,9.0,0.7273,-0.0412,54.4,FAIR (DENGE),True,500,55.1,55.0,54.5,50.0,-0.00484,-0.76,-1.0,0.00517,0.599,0.03,0.3,65.0,-16.3,YOK,0.6,1.0,0.7237895248792606,-0.483,CLV_PROXY_1M,0,0.0,100.0,54.4,56.6,54.2,51.8,-2.2,0.2,2.6,-0.00484,0.00083,0.00088,-4e-05,33.31,38.52,45.38,35.91,-5.21,-12.07,-2.6,24.66,13.0,500,native,33.31,NORMAL,24.66,13.0,True,300,11.1,BEAR,BOS DN,LH/LL,LH/LL,SQZ,91.7,True,True,499,9,65.6,1789713540000,HIGH,0.7364,4.36,,,,0.7134,6.67,2,0,1,0.7321,0.7134,EQL_SWEEP,18,0.73295,False,False,0.2866,499,native,26.97,DINLENMIS,21.85,14.0,True,300,26.2,BULL,BOS UP,LH/LL,LH/LL,RANGE,86.5,True,True,498,79,26.3,1789699860000,LOW,0.6834,9.41,0.7777000000000001,10.75,3,0.63845,19.01,2,1,1,0.7777000000000001,0.63845,HIGH_SWEEP,94,0.6964,False,False,0.6429,499,native,32.72,NORMAL,27.76,19.0,True,300,14.3,BEAR,BOS DN,LH/LL,LH/LL,RANGE,88.2,True,True,498,12,56.1,1789710300000,HIGH,0.7473,2.74,0.7778,6.94,2,,,,1,0,0.7778,0.7235,LOW_SWEEP,10,0.729,False,False,0.994,499,native,41.14,NORMAL,34.55,29.0,True,300,85.7,BULL,BOS UP,HH/HL,MIX/LL,TR UP,93.8,True,True,498,18,77.8,1789697700000,LOW,0.6551,5.23,,,,,,,0,0,0.7781,0.6551,HIGH_SWEEP,19,0.6959,False,False,1.8909,289,native,80.75,YORGUN,68.42,76.58,False,269,88.1,BULL,BOS UP,HH/HL,HH/HL,TR UP,88.8,True,True,288,7,54.7,1789686000000,LOW,0.6099,3.89,,,,,,,0,0,0.6721,0.6099,HIGH_SWEEP,6,0.6721,False,False,4.1259,73,native,83.53,ASIRI,82.58,96.23,False,53,74.7,TR-UP,CHOCH UP,HH/MIX,HH/HL,TR-UP,76.3,True,False,72,1,84.3,1789689600000,LOW,0.5483,3.35,,,,,,,0,0,0.6992,0.5483,LOW_SWEEP,12,0.5821,False,False,6.9476,1875,1433,8391.77,24183.72,-15791.95,-48.48,25.76,6.1,DOWN,338,123,32575.49,6.1,60.0,1.0,True,0,0.0,2,14916.82,-14916.82,35.7,0.109,0.628,1.0,0.969,61047.79,75441.49,-14393.7,-10.55,44.73,29.9,DOWN,1700,614,136489.28,73.2,300.0,1.0,True,3,11888.75,3,24328.3,-12439.56,75.4,0.594,0.784,1.0,0.994,204429.47,301574.89,-97145.42,-19.2,40.4,18.4,DOWN,4587,1433,506004.35,214.2,544.6,0.6052,False,19,93671.04,27,173795.84,-80124.81,81.3,0.811,0.926,0.605,0.998,-20544.53,-11200.81,,-31.95,-4.49,0.5385,-3886.14,-0.139,-1660.65,-0.0608,-0.0347,NONE,1789714053453,SELL,2072.83,0.7275645138645139,1789713960000,ok,1.0,1.0,1.0,continuous,1,143,0,,0,0,0,0,False,142,0.7274,0.7275,1.375,-0.657,0.286,0.2123,58231.45,32327.7,26.81,1789714088608,366,False,,AGGRESSIVE_SELLER,,
2,v2,v1.2,REALF_PY_V4_2_DERIVED,ZPTDIFAT_PY_V1_4_DERIVED,fc-v1,native,,058e38aec59f4c35,20260918_064430,72,SKR_20260918_064811_972,SKRUSDT,BINANCE,FUTURES,OUTSIDE100,227,500,1789714091972,2026-09-18T06:48:11.972+00:00,17,True,1789714091535,1789714091972,65.7,1789714080000,1789714139999,False,11.5,0.019162,0.1516,58.2,PRICE AHEAD,True,500,62.3,49.6,61.2,54.6,0.0002,0.1,-0.77,0.00158,0.392,0.84,68.7,40.0,-1.1,YOK,12.7,0.975,0.019165827687896816,0.02,CLV_PROXY_1M,0,0.0,100.0,58.2,55.2,42.5,40.2,3.0,15.7,18.0,0.0002,-0.00065,-0.00424,-0.00367,55.94,55.73,66.44,72.2,0.21,-10.5,-16.26,56.05,57.33,500,native,55.94,NORMAL,56.05,57.33,True,300,85.4,BULL,BOS UP,HH/HL,HH/HL,TR UP,92.0,True,True,499,12,33.7,1789713360000,LOW,0.019028,4.82,0.019363,7.22,2,,,,1,0,0.019363,0.019132,EQH_SWEEP,57,0.0189665,False,False,0.1454,499,native,71.19,NORMAL,71.67,74.33,True,300,71.7,BULL,BOS UP,HH/MIX,HH/HL,TR UP,69.4,True,True,498,4,30.5,1789713360000,LOW,0.018839,5.79,0.020296500000000002,20.35,2,0.0188425,5.73,2,1,1,0.020296500000000002,0.0188425,LOW_SWEEP,27,0.018846,False,False,0.2914,499,native,82.27,YORGUN,82.31,89.0,True,300,86.4,BULL,BOS UP,HH/HL,HH/MIX,RANGE,83.4,True,True,498,2,34.0,1789713300000,LOW,0.018839,4.47,0.020296500000000002,15.71,2,,,,1,0,0.020296500000000002,0.018839,LOW_SWEEP,27,0.018732,False,False,0.3769,499,native,82.92,YORGUN,89.63,91.67,True,300,74.2,BULL,BOS UP,MIX/HL,MIX/HL,SQZ,69.3,True,True,498,2,49.0,1789712100000,LOW,0.018719,3.02,,,,0.017547,11.0,2,0,2,0.019011,0.017547,HIGH_SWEEP,36,0.019329,False,False,0.7664,499,native,44.77,NORMAL,55.41,65.67,True,300,39.3,BULL,BOS UP,LH/LL,HH/MIX,RANGE,84.4,True,True,498,21,72.8,1789635600000,LOW,0.017378,4.7,0.025375500000000002,16.36,2,,,,1,0,0.025375500000000002,0.018321,LOW_SWEEP,6,0.018554,False,False,2.0012,499,native,73.62,YORGUN,70.02,78.33,True,300,72.9,BULL,BOS UP,HH/HL,HH/HL,TR UP,83.6,True,True,498,114,36.2,1788062400000,LOW,0.008858,11.62,,,,0.017043000000000003,2.39,2,0,1,0.020299,0.017043000000000003,HIGH_SWEEP,4,0.019684,False,False,4.7097,399,604,7853.47,7536.71,316.76,2.06,51.03,54.2,FLAT,158,102,15390.19,28.0,60.0,1.0,True,3,6989.49,2,6694.73,294.77,55.4,0.359,0.547,1.0,0.993,8658.18,8202.18,456.01,2.7,51.35,55.5,FLAT,218,146,16860.36,33.2,300.0,1.0,True,3,6989.49,2,6694.73,294.77,58.1,0.399,0.557,1.0,0.999,17674.81,28886.95,-11212.14,-24.08,37.96,14.1,DOWN,671,456,46561.76,49.1,900.0,1.0,True,5,8401.32,8,21658.53,-13257.21,66.9,0.495,0.667,1.0,1.0,366.59,-708.78,583.94,7.41,-21.45,1.0,12.09,0.0022,41.12,0.0122,0.8161,NONE,1789714084640,BUY,1437.31,0.019157969756344637,1789714020000,ok,1.0,1.0,1.0,continuous,1,102,0,,0,0,0,0,False,176,0.019154,0.019159,2.61,1.092,-0.2081,-0.0092,2352.63,3588.95,19.05,1789714091392,580,False,,,,
2,v2,v1.2,REALF_PY_V4_2_DERIVED,ZPTDIFAT_PY_V1_4_DERIVED,fc-v1,native,,058e38aec59f4c35,20260918_064430,73,PROM_20260918_064814_554,PROMUSDT,BINANCE,FUTURES,OUTSIDE100,266,1000,1789714094554,2026-09-18T06:48:14.554+00:00,17,True,1789714094538,1789714094554,64.7,1789714080000,1789714139999,False,14.5,5.392,0.0371,61.5,PRICE AHEAD,True,500,65.5,56.7,63.6,51.2,-0.0033,-0.41,-1.15,0.00226,0.468,0.15,12.7,65.0,-16.8,YOK,8.8,1.0,5.374231656431595,-0.33,CLV_PROXY_1M,0,0.0,100.0,61.5,60.2,51.6,50.0,1.3,9.9,11.5,-0.0033,-0.00033,-0.00248,-0.00227,25.05,21.78,18.35,17.25,3.27,6.7,7.8,31.84,34.67,500,native,25.05,DINLENMIS,31.84,34.67,True,300,10.9,BEAR,BOS DN,LH/LL,MIX/HL,TR DN,92.7,True,True,499,8,57.3,1789713600000,HIGH,5.424,3.2,,,,,,,0,0,5.424,5.378,LOW_SWEEP,33,5.427,False,False,0.1854,499,native,23.79,DINLENMIS,26.6,20.0,True,300,10.3,BEAR,BOS DN,LH/LL,LH/LL,EXP DN,90.3,True,True,498,3,47.1,1789713540000,HIGH,5.541,7.59,,,,,,,0,0,5.541,5.41,EQL_SWEEP,3,5.3934999999999995,False,False,0.3642,499,native,14.36,DINLENMIS,17.39,12.33,True,300,45.1,TR-DN,CHOCH DN,MIX/HL,LH/LL,TR-DN,75.6,True,True,498,7,58.5,1789711800000,HIGH,5.541,5.99,,,,5.2165,7.15,2,0,1,5.541,5.2165,HIGH_SWEEP,30,5.589,False,False,0.4584,499,native,22.65,DINLENMIS,15.42,7.67,True,300,60.0,TR-DN,CHOCH DN,HH/HL,MIX/HL,TR-DN,88.0,True,True,498,3,54.5,1789711200000,HIGH,5.594,4.67,5.7285,7.77,2,,,,2,0,5.7285,5.43,LOW_SWEEP,172,5.332,False,False,0.8035,499,native,52.1,NORMAL,25.72,18.0,True,300,59.0,BEAR,BOS DN,MIX/HL,MIX/HL,SQZ,69.1,True,True,498,46,75.0,1789545600000,HIGH,5.729,3.98,5.8375,5.27,3,4.906499999999999,5.79,2,2,1,5.8375,4.906499999999999,EQL_SWEEP,94,5.5815,False,False,1.5355,499,native,46.98,NORMAL,45.22,35.0,True,300,26.5,BULL,BOS UP,LH/LL,MIX/HL,SQZ,85.6,True,True,498,58,11.5,1788868800000,LOW,4.913,2.61,,,,4.4025,5.38,2,0,2,5.659,4.4025,HIGH_SWEEP,57,5.986,False,False,3.3065,1984,908,3351.43,2395.5,955.93,16.63,58.32,78.7,UP,100,49,5746.93,14.4,60.0,1.0,True,1,1324.9,0,0.0,1324.9,42.8,0.224,0.44,1.0,0.967,31528.59,37926.27,-6397.68,-9.21,45.39,32.2,DOWN,745,298,69454.86,48.9,300.0,1.0,True,7,14087.63,5,25070.14,-10982.52,68.0,0.494,0.71,1.0,0.993,54388.99,119087.48,-64698.49,-37.3,31.35,7.9,DOWN,2001,820,173476.47,86.1,900.0,1.0,True,13,24288.77,12,81935.22,-57646.45,78.1,0.633,0.81,1.0,0.998,7050.52,-3018.21,994.21,23.68,-2.28,1.0,-352.74,-0.0318,-648.16,-0.0467,-0.1219,NONE,1789714075466,BUY,1324.9,5.392343101343101,1789714020000,ok,1.0,1.0,1.0,continuous,1,53,0,,0,0,0,0,False,210,5.393,5.394,1.854,-0.729,0.0805,0.0134,31548.87,26848.97,36.15,1789714094164,390,False,,FATIGUE_RESTED_1M,,
2,v2,v1.2,REALF_PY_V4_2_DERIVED,ZPTDIFAT_PY_V1_4_DERIVED,fc-v1,native,,058e38aec59f4c35,20260918_064430,74,UAI_20260918_064817_145,UAIUSDT,BINANCE,FUTURES,OUTSIDE100,296,2000,1789714097145,2026-09-18T06:48:17.145+00:00,17,True,1789714097145,1789714097145,64.4,1789714080000,1789714139999,False,17.1,0.4172,0.0,51.0,FAIR (DENGE),True,500,50.4,53.1,50.0,50.1,-0.00258,-0.24,-0.03,0.00435,0.662,0.24,3.0,60.0,8.7,YOK,3.1,1.0,0.4161266786785872,-0.257,CLV_PROXY_1M,0,0.0,100.0,51.0,52.9,51.9,55.0,-1.9,-0.9,-4.0,-0.00258,0.00067,0.00128,0.00137,62.99,68.78,74.45,72.1,-5.79,-11.46,-9.11,47.4,54.33,500,native,62.99,NORMAL,47.4,54.33,True,300,48.4,BEAR,BOS DN,MIX/HL,MIX/HL,RANGE,76.6,True,True,499,23,90.8,1789712700000,HIGH,0.4198,2.43,0.42315,5.56,2,0.40785,8.73,3,1,1,0.42315,0.40785,HIGH_SWEEP,101,0.4247,False,False,0.2566,499,native,43.46,NORMAL,48.79,37.0,True,300,28.6,BULL,BOS UP,LH/LL,LH/LL,RANGE,79.1,True,True,498,69,61.1,1789701660000,LOW,0.4075,4.1,0.43455,7.82,2,,,,1,0,0.43455,0.4129,LOW_SWEEP,5,0.4166,False,False,0.544,499,native,31.86,NORMAL,39.88,19.67,True,300,56.0,TR-DN,CHOCH DN,MIX/HL,LH/LL,TR-DN,72.0,True,True,498,50,58.0,1789698900000,HIGH,0.4354,5.27,,,,0.3559,17.76,3,0,1,0.4232,0.3559,HIGH_SWEEP,103,0.4106,False,False,0.8263,499,native,35.78,NORMAL,36.49,30.0,True,300,68.6,BULL,BOS UP,MIX/HL,MIX/HL,RANGE,79.5,True,True,498,21,30.6,1789695000000,LOW,0.3901,3.73,0.43505,2.43,2,0.3838,4.59,2,2,2,0.43505,0.3838,LOW_SWEEP,174,0.3294,False,False,1.7465,499,native,65.35,NORMAL,55.94,56.67,True,300,86.6,BULL,BOS UP,HH/HL,HH/HL,SQZ,87.3,True,True,498,6,38.6,1789689600000,LOW,0.3838,2.04,,,,,,,0,0,0.4354,0.3838,HIGH_SWEEP,4,0.418,False,False,3.8614,499,native,64.97,NORMAL,72.62,76.0,True,300,18.4,BEAR,BOS DN,LH/LL,HH/HL,RANGE,87.8,True,True,498,19,42.0,1789430400000,HIGH,0.5943,4.05,,,,,,,0,0,0.5943,0.322,LOW_SWEEP,20,0.4503,False,False,10.3453,845,859,1083.45,3330.53,-2247.08,-50.91,24.55,5.9,DOWN,94,44,4413.98,10.9,60.0,1.0,True,0,0.0,0,0.0,0.0,38.4,0.179,0.411,1.0,0.986,5660.86,14124.79,-8463.92,-42.78,28.61,6.8,DOWN,473,205,19785.65,47.0,300.0,1.0,True,0,0.0,2,7101.13,-7101.13,63.4,0.485,0.574,1.0,0.997,33857.28,32128.49,1728.79,2.62,51.31,55.3,FLAT,1628,678,65985.76,138.9,900.0,1.0,True,2,9985.78,3,9331.39,654.39,79.6,0.735,0.705,1.0,0.999,2704.95,-4029.37,-18048.43,6.99,-9.08,1.0,-2882.82,-0.661,-1514.64,-0.3828,0.0297,DOWN,1789713979888,SELL,4613.73,0.4174565598986608,1789714020000,ok,1.0,1.0,1.0,continuous,1,50,0,,0,0,0,0,False,244,0.4168,0.4171,7.195,2.508,0.0688,0.3966,13846.15,12064.06,49.17,1789714096854,291,False,,AGGRESSIVE_SELLER,,
2,v2,v1.2,REALF_PY_V4_2_DERIVED,ZPTDIFAT_PY_V1_4_DERIVED,fc-v1,native,,058e38aec59f4c35,20260918_064430,75,BULLA_20260918_064819_731,BULLAUSDT,BINANCE,FUTURES,OUTSIDE100,339,5000,1789714099731,2026-09-18T06:48:19.731+00:00,17,True,1789714099731,1789714099731,64.1,1789714080000,1789714139999,False,19.7,0.10128,0.0494,51.0,FAIR (DENGE),True,500,51.9,49.9,50.8,50.0,0.00013,0.66,0.67,0.00591,0.568,0.02,0.3,45.0,-15.5,YOK,2.0,0.951,0.10129282575476642,0.013,CLV_PROXY_1M,0,0.0,100.0,51.0,49.9,49.2,44.7,1.1,1.8,6.3,0.00013,-0.00066,-0.00097,0.00017,43.85,39.7,30.72,30.39,4.15,13.13,13.46,53.46,53.67,500,native,43.85,NORMAL,53.46,53.67,True,300,47.4,TR-DN,CHOCH DN,HH/MIX,MIX/LL,TR-DN,73.3,True,True,499,8,44.8,1789713600000,HIGH,0.10172,1.08,0.10206,1.91,3,0.100455,2.02,2,1,2,0.10206,0.100455,EQL_SWEEP,51,0.100455,False,False,0.4033,499,native,48.49,NORMAL,55.27,54.0,True,300,29.1,BULL,BOS UP,LH/LL,MIX/LL,RANGE,77.7,True,True,498,41,89.1,1789706700000,LOW,0.096433,5.76,,,,0.0964015,5.8,2,0,2,0.10203,0.0964015,HIGH_SWEEP,27,0.10206,False,False,0.8434,499,native,53.77,NORMAL,54.27,54.33,True,300,47.3,BULL,BOS UP,LH/MIX,LH/LL,TR UP,64.3,True,True,498,24,22.3,1789706700000,LOW,0.09539,4.99,,,,0.10001,1.12,2,0,1,0.10203,0.10001,HIGH_SWEEP,22,0.10114,False,False,1.1837,499,native,70.48,NORMAL,63.96,67.33,True,300,74.6,BEAR,BOS DN,HH/HL,HH/HL,TR DN,88.7,True,True,498,65,27.4,1789655400000,HIGH,0.10999,3.78,0.109785,3.69,2,,,,1,0,0.109785,0.094,LOW_SWEEP,67,0.1007,False,False,2.2834,499,native,65.7,NORMAL,72.74,88.0,True,300,26.8,BULL,BOS UP,LH/LL,MIX/HL,RANGE,84.5,True,True,498,44,42.2,1789552800000,LOW,0.060024,6.35,,,,0.060025499999999996,6.35,2,0,1,0.121362,0.060025499999999996,HIGH_SWEEP,45,0.076341,False,False,6.4384,499,native,57.84,NORMAL,57.83,59.0,True,300,75.0,BULL,BOS UP,HH/MIX,HH/HL,EXP UP,78.0,True,True,498,11,96.7,1789545600000,LOW,0.0675,2.27,,,,0.0154205,5.76,2,0,1,0.139078,0.0154205,HIGH_SWEEP,52,0.085989,False,False,15.2143,2441,1296,2464.76,1050.67,1414.08,40.23,70.11,92.7,UP,93,62,3515.43,2.8,60.0,1.0,True,0,0.0,0,0.0,0.0,23.0,0.052,0.386,1.0,0.959,21932.73,9964.25,11968.48,37.52,68.76,92.1,UP,824,464,31896.98,62.2,300.0,1.0,True,1,5200.14,0,0.0,5200.14,68.6,0.554,0.626,1.0,0.992,52500.76,64397.74,-11896.98,-10.18,44.91,30.6,DOWN,2383,1296,116898.51,199.2,579.4,0.6438,False,1,5200.14,2,35515.93,-30315.79,77.3,0.799,0.767,0.644,0.997,1905.39,-843.75,,33.69,-0.65,0.5771,1650.86,0.3732,2737.89,0.4292,0.3333,NONE,1789713918675,BUY,5200.14,0.10101665651346205,1789714020000,ok,1.0,1.0,1.0,continuous,1,74,0,,0,0,0,0,False,278,0.10129,0.10134,4.935,-2.373,-0.0181,-0.1022,2455.97,2546.26,23.19,1789714099477,254,False,,AGGRESSIVE_BUYER,,
2,v2,v1.2,REALF_PY_V4_2_DERIVED,ZPTDIFAT_PY_V1_4_DERIVED,fc-v1,native,,058e38aec59f4c35,20260918_064430,76,OG_20260918_064822_312,OGUSDT,BINANCE,FUTURES,OUTSIDE100,523,500,1789714102312,2026-09-18T06:48:22.312+00:00,17,True,1789714102312,1789714102312,63.1,1789714080000,1789714139999,False,22.3,2.753,0.0,40.3,PRICE LAG,True,500,36.9,39.2,44.7,50.0,0.00417,0.62,0.75,0.0007,0.237,0.0,0.3,35.0,53.5,YOK,7.8,1.0,2.764501118090721,0.418,CLV_PROXY_1M,0,0.0033,99.7,40.3,40.0,36.6,37.6,0.3,3.7,2.7,0.00417,-0.00069,-0.00137,-0.00085,59.94,59.55,58.36,39.86,0.39,1.58,20.08,61.64,59.0,500,native,59.94,NORMAL,61.64,59.0,True,300,77.6,BULL,BOS UP,MIX/HL,HH/HL,SQZ,76.3,True,True,499,4,69.0,1789713840000,LOW,2.749,1.85,,,,2.748,2.31,2,0,3,2.754,2.748,HIGH_SWEEP,73,2.76,False,False,0.0785,499,native,56.17,NORMAL,60.58,51.67,True,300,57.8,BULL,BOS UP,LH/MIX,MIX/HL,RANGE,79.6,True,True,498,2,60.2,1789713720000,LOW,2.746,1.54,,,,2.746,1.54,2,0,3,2.754,2.746,HIGH_SWEEP,56,2.746,False,False,0.1651,499,native,46.29,NORMAL,52.62,40.33,True,300,67.8,BULL,BOS UP,MIX/HL,LH/MIX,TR UP,73.6,True,True,498,19,39.4,1789708200000,LOW,2.732,3.36,,,,2.679,11.83,2,0,2,2.756,2.679,HIGH_SWEEP,21,2.759,False,False,0.2271,499,native,60.7,NORMAL,56.2,53.0,True,300,85.9,BULL,BOS UP,HH/HL,HH/HL,TR UP,87.3,True,True,498,7,35.2,1789707600000,LOW,2.679,7.38,,,,2.6635,8.93,2,0,1,2.769,2.6635,HIGH_SWEEP,6,2.759,False,False,0.3636,499,native,90.71,ASIRI,89.18,94.0,True,300,74.4,BULL,BOS UP,MIX/HL,MIX/HL,RANGE,73.4,True,True,498,7,58.0,1789686000000,LOW,2.662,4.6,,,,2.6,7.74,2,0,1,2.7,2.6,HIGH_SWEEP,30,2.712,False,False,0.7193,499,native,79.01,YORGUN,88.34,94.0,True,300,75.1,BULL,BOS UP,MIX/HL,HH/HL,SQZ,73.2,True,True,498,1,52.4,1789689600000,LOW,2.61,3.23,2.9825,5.18,3,2.5975,3.51,2,2,2,2.9825,2.5975,EQH_SWEEP,87,2.9425,False,False,1.6159,72427,86,0.0,0.0,0.0,,,50.0,,0,0,0.0,0.0,60.0,1.0,True,0,0.0,0,0.0,0.0,0.0,0.0,0.0,1.0,0.0,2795.62,725.85,2069.77,58.78,79.39,94.6,UP,112,29,3521.48,7.4,300.0,1.0,True,2,1535.88,1,554.36,981.53,32.3,0.129,0.387,1.0,0.759,5568.84,837.21,4731.63,73.86,86.93,94.9,UP,288,78,6406.05,12.9,900.0,1.0,True,4,3114.6,1,554.36,2560.24,41.4,0.205,0.452,1.0,0.92,-58.92,6.05,566.72,,0.14,1.0,-10.78,-0.1559,466.89,0.6629,0.5776,DOWN,1789713888940,SELL,554.36,2.751160297766749,1789714020000,ok,1.0,1.0,1.0,continuous,1,0,0,,0,0,0,0,False,312,2.751,2.753,7.267,-2.905,0.2517,0.2228,22419.84,13403.53,72.67,1789714096966,5346,True,,,,
2,v2,v1.2,REALF_PY_V4_2_DERIVED,ZPTDIFAT_PY_V1_4_DERIVED,fc-v1,native,,058e38aec59f4c35,20260918_064430,77,ZORA_20260918_064824_892,ZORAUSDT,BINANCE,FUTURES,OUTSIDE100,612,500,1789714104892,2026-09-18T06:48:24.892+00:00,17,True,1789714104877,1789714104892,62.7,1789714080000,1789714139999,False,24.9,0.007891,-0.0633,50.6,FAIR (DENGE),True,500,50.8,49.1,52.1,50.2,0.00036,0.52,0.43,0.00163,0.501,0.75,40.0,55.0,13.2,YOK,3.0,0.571,0.00789385028838916,0.036,CLV_PROXY_1M,0,0.0,100.0,50.6,46.0,48.2,45.4,4.6,2.4,5.2,0.00036,-0.00047,0.00012,-0.00047,68.18,70.96,71.9,79.34,-2.78,-3.72,-11.16,60.88,63.67,500,native,68.18,NORMAL,60.88,63.67,True,300,83.7,TR-UP,CHOCH UP,HH/HL,HH/HL,TR-UP,86.9,True,True,499,8,64.1,1789713600000,LOW,0.007851,4.49,,,,0.007775499999999999,12.97,2,0,1,0.007903,0.007775499999999999,HIGH_SWEEP,12,0.007876,False,True,0.1128,499,native,68.2,NORMAL,69.6,68.33,True,300,89.7,BULL,BOS UP,HH/HL,HH/HL,RANGE,87.7,True,True,498,3,56.3,1789713540000,LOW,0.007842,2.58,,,,,,,0,0,0.007897,0.007842,HIGH_SWEEP,2,0.007897,False,True,0.2405,499,native,69.72,NORMAL,78.81,84.67,True,300,86.5,BULL,BOS UP,HH/HL,HH/HL,RANGE,84.8,True,True,498,9,63.8,1789711200000,LOW,0.007813,3.02,,,,,,,0,0,0.007897,0.007842,HIGH_SWEEP,1,0.007897,True,True,0.3272,499,native,44.55,NORMAL,46.92,45.33,True,300,81.8,BULL,BOS UP,HH/HL,MIX/HL,RANGE,87.5,True,True,498,21,74.9,1789695000000,LOW,0.007527,6.9,,,,,,,0,0,0.00802,0.007813,LOW_SWEEP,25,0.007571,False,False,0.6689,499,native,79.59,YORGUN,73.92,87.0,True,300,73.8,BEAR,BOS DN,HH/HL,HH/MIX,TR DN,86.4,True,True,498,69,59.5,1789462800000,HIGH,0.007987,0.79,0.009008,9.14,2,0.007187,5.76,2,1,1,0.009008,0.007187,LOW_SWEEP,126,0.008102,False,False,1.5567,499,native,71.73,NORMAL,78.03,86.33,True,300,18.0,TR-DN,CHOCH DN,LH/LL,LH/LL,TR-DN,90.3,True,True,498,16,65.9,1789473600000,HIGH,0.008968,4.07,,,,0.0058755000000000005,7.61,2,0,2,0.008336,0.0058755000000000005,HIGH_SWEEP,29,0.008437,False,False,3.3227,11069,289,587.86,402.51,185.34,18.71,59.36,81.1,UP,49,30,990.37,6.6,60.0,1.0,True,0,0.0,0,0.0,0.0,27.3,0.117,0.249,1.0,0.816,1538.53,2197.84,-659.31,-17.65,41.18,20.1,DOWN,144,86,3736.38,31.2,300.0,1.0,True,0,0.0,0,0.0,0.0,51.4,0.384,0.393,1.0,0.963,14669.64,7420.31,7249.33,32.82,66.41,90.7,UP,553,249,22089.95,39.0,900.0,1.0,True,8,8796.36,3,2476.21,6320.15,61.2,0.438,0.586,1.0,0.988,529.32,320.84,-1222.98,20.3,7.88,1.0,4.35,0.0045,-100.84,-0.1349,-1.0263,NONE,1789713736724,SELL,605.78,0.007892140219911931,1789714020000,ok,1.0,1.0,1.0,continuous,1,31,0,,0,0,0,0,False,346,0.00789,0.007891,1.267,-0.579,0.1669,-0.5935,16292.39,11631.72,24.71,1789714104650,242,False,,,,
2,v2,v1.2,REALF_PY_V4_2_DERIVED,ZPTDIFAT_PY_V1_4_DERIVED,fc-v1,native,,058e38aec59f4c35,20260918_064430,78,TNSR_20260918_064827_907,TNSRUSDT,BINANCE,FUTURES,OUTSIDE100,738,200,1789714107907,2026-09-18T06:48:27.907+00:00,17,True,1789714107907,1789714107907,62.6,1789714080000,1789714139999,False,27.9,0.0352,0.0,53.9,FAIR (DENGE),True,500,54.4,55.2,53.0,50.2,-0.00197,0.52,0.65,0.00139,0.54,0.1,5.0,55.0,-14.0,YOK,2.3,1.0,0.0351306634759762,-0.197,CLV_PROXY_1M,0,0.0033,99.7,53.9,55.2,54.4,57.3,-1.3,-0.5,-3.4,-0.00197,-7e-05,-5e-05,0.00068,70.82,62.66,42.16,53.69,8.16,28.66,17.13,88.49,93.0,500,native,70.82,NORMAL,88.49,93.0,True,300,47.3,BULL,BOS UP,LH/LL,MIX/HL,SQZ,84.6,True,True,499,1,58.2,1789714020000,LOW,0.03512,2.87,,,,0.03507,4.66,2,0,1,0.03518,0.03507,HIGH_SWEEP,20,0.03515,False,False,0.0792,499,native,65.69,NORMAL,76.75,80.0,True,300,74.8,BULL,BOS UP,HH/MIX,HH/HL,RANGE,70.5,True,True,498,9,70.7,1789712460000,LOW,0.03507,2.03,,,,0.03507,2.03,3,0,1,0.03521,0.03507,HIGH_SWEEP,7,0.03517,False,False,0.1816,499,native,53.25,NORMAL,71.05,72.33,True,300,29.0,BULL,BOS UP,LH/LL,HH/MIX,RANGE,78.1,True,True,498,44,51.5,1789700700000,LOW,0.03481,4.41,,,,0.03454,7.46,2,0,2,0.03536,0.03454,HIGH_SWEEP,49,0.03498,False,False,0.2519,499,native,39.73,NORMAL,42.04,41.67,True,300,83.8,BULL,BOS UP,HH/HL,MIX/HL,RANGE,93.4,True,True,498,20,59.8,1789695900000,LOW,0.03454,3.84,,,,0.034375,4.79,2,0,1,0.03583,0.034375,HIGH_SWEEP,17,0.03497,False,False,0.4898,499,native,75.25,YORGUN,61.92,71.67,True,300,74.8,BULL,BOS UP,MIX/HL,MIX/HL,TR UP,73.8,True,True,498,5,52.8,1789693200000,LOW,0.03405,2.93,,,,,,,0,0,0.03497,0.03438,LOW_SWEEP,36,0.03304,False,False,1.1171,499,native,78.45,YORGUN,78.74,87.67,True,300,76.4,BULL,BOS UP,HH/MIX,HH/HL,RANGE,71.9,True,True,498,1,56.6,1789689600000,LOW,0.03258,3.37,0.037065,2.4,2,0.029225,7.69,2,1,1,0.037065,0.029225,EQH_SWEEP,59,0.037065,False,False,2.178,5439,90,112.48,28.46,84.02,59.61,79.81,94.6,UP,7,7,140.94,1.9,60.0,1.0,True,0,0.0,0,0.0,0.0,9.9,0.037,0.037,1.0,0.909,959.09,120.33,838.76,77.71,88.85,94.9,UP,47,28,1079.42,7.4,300.0,1.0,True,1,320.07,0,0.0,320.07,29.2,0.128,0.258,1.0,0.982,3554.18,1907.58,1646.6,30.15,65.07,89.5,UP,206,82,5461.76,23.0,900.0,1.0,True,6,2079.92,3,1154.9,925.01,49.0,0.315,0.434,1.0,0.994,-601.58,78.79,84.02,-15.19,-1.38,1.0,317.4,0.9345,185.59,0.8597,0.2303,NONE,1789713987963,BUY,320.07,0.03517,1789714020000,ok,1.0,1.0,1.0,continuous,1,7,0,,0,0,0,0,False,380,0.0352,0.03521,2.841,0.4,-0.114,-0.2576,14574.97,18325.1,55.39,1789714103701,4206,False,,,,
2,v2,v1.2,REALF_PY_V4_2_DERIVED,ZPTDIFAT_PY_V1_4_DERIVED,fc-v1,native,,058e38aec59f4c35,20260918_064430,79,VELVET_20260918_064830_475,VELVETUSDT,BINANCE,FUTURES,OUTSIDE100,761,200,1789714110475,2026-09-18T06:48:30.475+00:00,17,True,1789714110459,1789714110475,62.3,1789714080000,1789714139999,False,30.5,0.0554,0.0903,36.8,PRICE LAG,True,500,30.9,48.1,30.3,47.6,0.00104,-1.52,0.18,0.002,0.359,0.19,28.3,65.0,-2.8,YOK,17.8,1.0,0.055457604968237206,0.104,CLV_PROXY_1M,0,0.0,100.0,36.8,33.7,41.5,53.1,3.1,-4.7,-16.3,0.00104,-0.00081,0.00364,0.00628,24.36,31.49,54.21,51.15,-7.13,-29.85,-26.79,10.03,2.33,500,native,24.36,DINLENMIS,10.03,2.33,True,300,38.5,BEAR,BOS DN,MIX/HL,LH/LL,RANGE,74.9,True,True,499,1,70.0,1789714020000,HIGH,0.05589,3.04,0.056855,9.01,2,,,,1,0,0.056855,0.05553,EQL_SWEEP,76,0.055625,False,False,0.2916,499,native,28.4,DINLENMIS,15.85,9.67,True,300,39.5,BEAR,BOS DN,HH/MIX,LH/LL,RANGE,73.8,True,True,498,1,51.7,1789713900000,HIGH,0.05615,2.88,,,,,,,0,0,0.05615,0.05544,LOW_SWEEP,7,0.05556,False,False,0.4702,499,native,34.7,NORMAL,23.53,10.0,True,300,17.1,BEAR,BOS DN,LH/LL,HH/MIX,RANGE,86.8,True,True,498,16,49.3,1789709100000,HIGH,0.05671,4.28,,,,0.0515,12.73,2,0,1,0.05615,0.0515,HIGH_SWEEP,28,0.05618,False,False,0.5498,499,native,29.72,DINLENMIS,22.71,12.0,True,300,70.9,BULL,BOS UP,HH/MIX,HH/MIX,RANGE,71.4,True,True,498,9,44.5,1789705800000,LOW,0.05548,-0.14,,,,0.0515,7.05,3,0,1,0.05671,0.0515,HIGH_SWEEP,8,0.05649,False,False,0.9931,499,native,33.07,NORMAL,25.67,23.33,True,300,70.4,BULL,BOS UP,HH/MIX,LH/LL,TR UP,75.1,True,True,498,14,40.8,1789660800000,LOW,0.0494,4.51,,,,,,,0,0,0.06014,0.0494,HIGH_SWEEP,13,0.05886,False,False,2.3885,499,native,78.48,YORGUN,65.06,84.33,True,300,48.0,BEAR,BOS DN,MIX/HL,HH/HL,TR DN,65.7,True,True,498,16,34.6,1789473600000,HIGH,0.0633,3.09,,,,,,,0,0,0.0536,0.0494,HIGH_SWEEP,6,0.0536,False,False,4.6002,2377,1048,1164.83,2194.14,-1029.31,-30.64,34.68,10.2,DOWN,82,40,3358.97,7.0,60.0,1.0,True,1,957.99,1,1436.69,-478.69,32.2,0.123,0.382,1.0,0.96,10563.37,27842.26,-17278.89,-44.99,27.5,6.5,DOWN,802,342,38405.63,38.8,300.0,1.0,True,11,6943.56,21,24488.83,-17545.27,63.0,0.437,0.646,1.0,0.992,53080.42,65551.78,-12471.36,-10.51,44.74,30.0,DOWN,2343,957,118632.2,134.1,900.0,1.0,True,53,46167.66,39,57908.69,-11741.03,81.4,0.728,0.769,1.0,0.997,7832.63,-1940.6,-1696.22,11.66,-1.84,1.0,-4306.45,-0.6052,-3981.54,-0.5184,-0.2195,NONE,1789714081456,BUY,957.99,0.05539131483087597,1789714020000,ok,1.0,1.0,1.0,continuous,1,42,0,,0,0,0,0,False,414,0.0554,0.05541,1.805,-0.134,0.2911,-0.6322,23102.21,12683.89,35.2,1789714110044,431,False,,FATIGUE_RESTED_1M,,
2,v2,v1.2,REALF_PY_V4_2_DERIVED,ZPTDIFAT_PY_V1_4_DERIVED,fc-v1,native,,058e38aec59f4c35,20260918_064430,80,ZKC_20260918_064833_065,ZKCUSDT,BINANCE,FUTURES,OUTSIDE100,1142,200,1789714113065,2026-09-18T06:48:33.065+00:00,17,True,1789714113050,1789714113065,61.7,1789714080000,1789714139999,False,33.0,0.0385,0.104,42.1,FAIR (DENGE),True,500,40.6,40.7,44.1,48.3,0.00316,1.4,1.62,0.00146,0.393,0.49,16.0,70.0,32.3,YOK,3.5,1.0,0.038621982369396124,0.317,CLV_PROXY_1M,0,0.0,100.0,42.1,41.0,41.4,42.5,1.1,0.7,-0.4,0.00316,-0.00044,-0.00026,-3e-05,82.91,77.88,65.92,63.69,5.03,16.99,19.22,92.95,98.67,500,native,82.91,YORGUN,92.95,98.67,True,300,27.2,BULL,BOS UP,LH/LL,HH/HL,RANGE,83.3,True,True,499,55,38.3,1789710780000,LOW,0.03831,4.29,,,,,,,0,0,0.03846,0.0383,LOW_SWEEP,13,0.03835,False,False,0.1152,499,native,63.22,NORMAL,79.06,85.67,True,300,42.5,BULL,BOS UP,LH/MIX,EQ/RANGE,RANGE,74.7,True,True,498,37,58.8,1789707420000,LOW,0.03801,5.42,,,,0.038305,1.94,2,0,2,0.03855,0.038305,HIGH_SWEEP,35,0.03865,False,False,0.2209,499,native,43.85,NORMAL,65.38,67.33,True,300,67.1,BULL,BOS UP,MIX/HL,LH/MIX,RANGE,74.3,True,True,498,22,50.4,1789707300000,LOW,0.03801,3.7,,,,,,,0,0,0.03855,0.03831,HIGH_SWEEP,21,0.03869,False,False,0.3237,499,native,50.76,NORMAL,53.17,69.0,True,300,87.9,BULL,BOS UP,HH/HL,HH/HL,RANGE,90.3,True,True,498,8,52.3,1789706700000,LOW,0.03789,2.35,0.049025,40.51,2,0.037065,5.52,2,1,1,0.049025,0.037065,LOW_SWEEP,153,0.03752,False,False,0.6768,499,native,74.9,YORGUN,67.63,79.0,True,300,58.0,BEAR,BOS DN,MIX/HL,HH/HL,TR DN,64.1,True,True,498,53,61.2,1789520400000,HIGH,0.04772,16.51,0.05792,34.72,2,,,,1,0,0.05792,0.03718,EQH_SWEEP,6,0.03827,False,False,1.4589,499,native,43.92,NORMAL,51.77,58.33,True,300,15.6,BEAR,BOS DN,LH/LL,LH/MIX,TR DN,90.7,True,True,498,18,73.5,1789444800000,HIGH,0.04904,8.4,,,,0.036074999999999996,1.9,2,0,1,0.03878,0.036074999999999996,HIGH_SWEEP,1,0.03878,True,False,3.2744,4066,359,1057.46,481.3,576.16,37.44,68.72,92.1,UP,61,37,1538.76,14.8,60.0,1.0,True,1,368.22,1,209.92,158.3,38.2,0.228,0.297,1.0,0.932,3541.56,2626.68,914.87,14.83,57.42,76.4,UP,200,114,6168.24,36.8,300.0,1.0,True,3,982.63,3,1677.14,-694.51,55.7,0.424,0.448,1.0,0.986,11524.09,5550.73,5973.36,34.98,67.49,91.4,UP,594,324,17074.81,70.0,900.0,1.0,True,14,6645.18,4,2157.28,4487.9,67.6,0.583,0.558,1.0,0.995,-246.82,-989.78,433.0,-18.56,-7.52,1.0,868.13,0.6724,345.78,0.2803,-0.1617,UP,1789714078669,BUY,368.22,0.03845678015665796,1789714020000,ok,1.0,1.0,1.0,continuous,1,38,0,,0,0,0,0,False,448,0.03848,0.0385,5.196,-0.35,-0.2803,-0.1986,13794.35,24541.82,51.96,1789714111948,1117,False,,,,
2,v2,v1.2,REALF_PY_V4_2_DERIVED,ZPTDIFAT_PY_V1_4_DERIVED,fc-v1,native,,058e38aec59f4c35,20260918_064430,81,ETH_20260918_064838_639,ETHUSDT,BINANCE,FUTURES,TOP100,2,75000,1789714118639,2026-09-18T06:48:38.639+00:00,17,True,1789714118639,1789714118639,61.2,1789714080000,1789714139999,False,38.6,2484.85,0.0072,61.3,PRICE AHEAD,True,500,64.4,58.4,63.5,50.2,-0.00203,0.22,-0.58,0.00125,0.687,0.19,0.3,60.0,-6.9,YOK,6.0,1.0,2479.8157224406,-0.203,CLV_PROXY_1M,0,0.0,100.0,61.3,61.3,50.0,54.9,0.0,11.3,6.4,-0.00203,-3e-05,-0.00159,-0.00099,68.33,67.49,63.69,56.98,0.84,4.64,11.35,69.26,72.67,500,native,68.33,NORMAL,69.26,72.67,True,300,35.4,BULL,BOS UP,LH/LL,HH/HL,SQZ,85.9,True,True,499,26,63.9,1789712520000,LOW,2481.26,2.56,,,,2469.0299999999997,11.27,2,0,2,2486.1,2469.0299999999997,HIGH_SWEEP,25,2486.11,False,False,0.0565,499,native,60.85,NORMAL,63.9,70.0,True,300,59.3,BULL,BOS UP,MIX/HL,LH/MIX,RANGE,74.3,True,True,498,38,76.1,1789707240000,LOW,2469.0,5.04,2486.685,0.58,2,,,,1,0,2486.685,2480.9,HIGH_SWEEP,9,2486.49,False,False,0.1266,499,native,52.6,NORMAL,58.55,56.67,True,300,69.2,BULL,BOS UP,MIX/HL,MIX/LL,TR UP,75.1,True,True,498,19,61.2,1789708200000,LOW,2469.0,3.39,,,,2365.835,25.45,2,0,1,2486.88,2365.835,HIGH_SWEEP,20,2482.2,False,False,0.1882,499,native,65.59,NORMAL,62.27,66.67,True,300,72.9,BULL,BOS UP,HH/MIX,HH/HL,TR UP,74.1,True,True,498,7,39.9,1789707600000,LOW,2435.39,6.22,,,,2435.74,6.17,2,0,1,2492.55,2435.74,HIGH_SWEEP,6,2484.99,False,False,0.3202,499,native,79.89,YORGUN,87.8,97.33,True,300,73.3,BEAR,BOS DN,HH/HL,HH/MIX,TR DN,84.8,True,True,498,65,44.7,1789477200000,HIGH,2614.99,7.62,,,,,,,0,0,2484.0,2435.39,HIGH_SWEEP,1,2484.0,True,False,0.6888,499,native,65.67,NORMAL,77.15,88.33,True,300,51.7,TR-DN,CHOCH DN,MIX/HL,MIX/HL,TR-DN,70.6,True,True,498,14,32.7,1789502400000,HIGH,2614.99,3.26,,,,1862.655,15.61,2,0,2,2614.99,1862.655,HIGH_SWEEP,38,2522.75,False,False,1.6086,289,3184,930962.85,738488.69,192474.16,11.53,55.76,71.6,UP,1590,468,1669451.54,7.6,60.0,1.0,True,1,558903.24,1,195453.58,363449.66,44.4,0.132,1.0,1.0,0.995,8166770.48,7289957.23,876813.25,5.67,52.84,61.4,UP,10329,2432,15456727.71,65.4,300.0,1.0,True,16,5689014.13,24,4169731.43,1519282.7,79.7,0.567,1.0,1.0,0.999,9330238.95,9139001.36,191237.59,1.04,50.52,52.1,FLAT,13377,3184,18469240.31,86.7,413.0,0.4589,False,20,6426959.48,31,5079068.15,1347891.33,71.3,0.634,1.0,0.459,1.0,193092.25,37500.89,,5.77,0.13,0.3922,398846.04,0.1073,263326.84,0.0852,-0.0715,UP,1789714071867,SELL,195453.58,2484.79,1789714020000,ok,1.0,1.0,1.0,continuous,1,470,0,,0,0,0,0,False,482,2484.84,2484.85,0.04,0.014,0.4252,0.707,553620.96,223296.63,0.83,1789714118500,139,False,,,,
2,v2,v1.2,REALF_PY_V4_2_DERIVED,ZPTDIFAT_PY_V1_4_DERIVED,fc-v1,native,,058e38aec59f4c35,20260918_064430,82,BNB_20260918_064841_213,BNBUSDT,BINANCE,FUTURES,TOP100,4,25000,1789714121213,2026-09-18T06:48:41.213+00:00,17,True,1789714121213,1789714121213,60.2,1789714080000,1789714139999,False,41.2,753.45,-0.0013,39.5,PRICE LAG,True,500,35.6,42.3,39.9,49.2,0.00173,-0.41,0.56,0.00097,0.695,0.35,3.0,50.0,4.2,YOK,6.7,1.0,754.753460219795,0.173,CLV_PROXY_1M,0,0.0,100.0,39.5,36.4,41.1,48.2,3.1,-1.6,-8.7,0.00173,-0.00045,0.00011,0.00096,59.38,63.26,65.71,63.98,-3.88,-6.33,-4.6,52.33,45.67,500,native,59.38,NORMAL,52.33,45.67,True,300,18.0,BEAR,BOS DN,LH/LL,MIX/HL,SQZ,87.5,True,True,499,19,52.5,1789712940000,HIGH,754.74,3.33,,,,735.76,45.68,2,0,1,754.18,735.76,HIGH_SWEEP,26,754.62,False,False,0.0514,499,native,39.07,NORMAL,42.98,24.67,True,300,83.7,BULL,BOS UP,HH/HL,MIX/HL,RANGE,86.8,True,True,498,15,53.9,1789711380000,LOW,751.67,1.99,,,,733.985,21.73,2,0,2,755.98,733.985,HIGH_SWEEP,30,753.4,False,False,0.1189,499,native,47.56,NORMAL,49.18,38.67,True,300,70.6,BULL,BOS UP,HH/MIX,HH/MIX,TR UP,80.5,True,True,498,19,50.9,1789708200000,LOW,749.39,2.92,,,,751.405,1.47,2,0,2,755.98,751.405,HIGH_SWEEP,8,755.08,False,False,0.1847,499,native,56.04,NORMAL,56.08,44.67,True,300,78.2,BULL,BOS UP,HH/HL,HH/HL,TR UP,91.5,True,True,498,30,31.8,1789686900000,LOW,733.95,7.78,,,,,,,0,0,754.71,733.95,HIGH_SWEEP,6,754.71,False,False,0.3323,499,native,94.04,ASIRI,90.45,95.33,True,300,72.9,BULL,BOS UP,HH/MIX,HH/MIX,TR UP,76.1,True,True,498,10,47.2,1789675200000,LOW,721.24,7.01,,,,,,,0,0,732.95,721.24,HIGH_SWEEP,18,729.58,False,False,0.6104,499,native,88.94,ASIRI,96.07,95.67,True,300,40.4,BULL,BOS UP,LH/LL,HH/HL,RANGE,86.1,True,True,498,4,31.3,1789646400000,LOW,704.34,5.22,,,,,,,0,0,725.94,704.34,HIGH_SWEEP,6,725.94,False,False,1.2519,110,1531,59600.86,46234.92,13365.94,12.63,56.31,73.3,UP,506,93,105835.77,11.8,60.0,1.0,True,0,0.0,0,0.0,0.0,47.4,0.191,0.756,1.0,0.998,335729.07,741027.38,-405298.31,-37.64,31.18,7.8,DOWN,2958,583,1076756.45,82.4,300.0,1.0,True,1,49790.14,8,369034.6,-319244.46,82.7,0.622,1.0,1.0,1.0,1092893.34,1287904.42,-195011.09,-8.19,45.9,34.0,DOWN,7206,1531,2380797.76,176.5,724.6,0.8051,False,5,200004.49,13,575810.26,-375805.77,86.7,0.779,1.0,0.805,1.0,207904.84,110564.14,,51.41,3.59,0.7385,-54200.43,-0.2598,-92056.94,-0.4275,-0.5509,NONE,1789714055014,SELL,36492.02,753.5003406979147,1789714020000,ok,1.0,1.0,1.0,continuous,1,93,0,,0,0,0,0,False,516,753.45,753.46,0.133,-0.06,-0.2938,-0.3139,68090.32,124757.0,2.59,1789714121068,145,False,,,,
2,v2,v1.2,REALF_PY_V4_2_DERIVED,ZPTDIFAT_PY_V1_4_DERIVED,fc-v1,native,,058e38aec59f4c35,20260918_064430,83,XRP_20260918_064843_792,XRPUSDT,BINANCE,FUTURES,TOP100,5,25000,1789714123792,2026-09-18T06:48:43.792+00:00,17,True,1789714123776,1789714123792,59.9,1789714080000,1789714139999,False,43.8,1.3231,0.0151,51.9,FAIR (DENGE),True,500,51.9,55.4,48.4,50.2,-0.00206,0.2,0.61,0.00158,0.748,0.27,4.7,40.0,0.5,YOK,7.0,0.743,1.320373620370685,-0.206,CLV_PROXY_1M,0,0.0,100.0,51.9,51.4,52.2,57.6,0.5,-0.3,-5.7,-0.00206,5e-05,0.00061,0.00117,67.28,68.8,67.21,69.9,-1.52,0.07,-2.62,63.49,64.33,500,native,67.28,NORMAL,63.49,64.33,True,300,86.5,TR-UP,CHOCH UP,HH/HL,MIX/HL,SQZ,92.0,True,True,499,2,53.1,1789713960000,LOW,1.3208,1.8,,,,1.3032,15.61,2,0,2,1.3245,1.3032,HIGH_SWEEP,12,1.3232,False,False,0.0964,499,native,75.99,YORGUN,73.81,82.0,True,300,40.6,BULL,BOS UP,LH/LL,HH/HL,RANGE,87.7,True,True,498,3,29.6,1789713540000,LOW,1.3164,2.72,,,,,,,0,0,1.3228,1.3164,HIGH_SWEEP,7,1.3228,False,False,0.1862,499,native,69.12,NORMAL,77.9,83.0,True,300,60.5,BULL,BOS UP,MIX/HL,LH/LL,RANGE,74.0,True,True,498,36,67.7,1789703100000,LOW,1.3045,5.54,,,,,,,0,0,1.3228,1.3164,HIGH_SWEEP,4,1.3228,False,False,0.2536,499,native,59.1,NORMAL,59.1,65.67,True,300,76.5,TR-UP,CHOCH UP,HH/HL,MIX/HL,TR-UP,84.3,True,True,498,23,25.8,1789693200000,LOW,1.2867,6.6,,,,,,,0,0,1.3286,1.3133,HIGH_SWEEP,24,1.3002,False,False,0.4171,499,native,80.96,YORGUN,81.42,92.33,True,300,74.1,TR-UP,CHOCH UP,HH/MIX,HH/MIX,TR-UP,74.3,True,True,498,3,82.2,1789700400000,LOW,1.2867,3.0,,,,,,,0,0,1.3201,1.2867,HIGH_SWEEP,1,1.3201,True,False,0.9194,499,native,49.75,NORMAL,59.08,75.67,True,300,47.1,TR-DN,CHOCH DN,HH/MIX,MIX/LL,TR-DN,75.8,True,True,498,15,73.1,1789488000000,HIGH,1.4916,5.3,1.5507,7.16,2,0.98775,10.54,2,1,1,1.5507,0.98775,EQH_SWEEP,57,1.43175,False,False,2.3989,1457,1751,65088.27,118475.42,-53387.15,-29.08,35.46,11.0,DOWN,818,108,183563.69,11.9,60.0,1.0,True,0,0.0,1,40385.33,-40385.33,48.5,0.192,0.816,1.0,0.976,2085370.49,1830092.5,255277.99,6.52,53.26,63.0,UP,6178,805,3915462.99,57.2,300.0,1.0,True,20,1468828.6,24,1284766.65,184061.95,77.8,0.534,1.0,1.0,0.995,4525376.02,3756058.69,769317.33,9.29,54.64,67.9,UP,15000,1751,8281434.71,166.4,736.5,0.8183,False,47,3105274.08,43,2305242.15,800031.92,86.5,0.769,1.0,0.818,0.998,216175.52,-93272.13,,-3.09,-1.27,0.7516,47157.35,0.0635,51030.24,0.0652,0.0788,NONE,1789714101391,SELL,40385.33,1.3226,1789714020000,ok,1.0,1.0,1.0,continuous,1,108,0,,0,0,0,0,False,550,1.323,1.3231,0.756,-0.309,-0.1483,-0.4711,847180.88,1142272.48,14.74,1789714123645,147,False,,,,
2,v2,v1.2,REALF_PY_V4_2_DERIVED,ZPTDIFAT_PY_V1_4_DERIVED,fc-v1,native,,058e38aec59f4c35,20260918_064430,84,DOGE_20260918_064846_376,DOGEUSDT,BINANCE,FUTURES,TOP100,12,15000,1789714126376,2026-09-18T06:48:46.376+00:00,17,True,1789714126361,1789714126376,59.5,1789714080000,1789714139999,False,46.4,0.0842,-0.0119,51.6,FAIR (DENGE),True,500,50.9,54.1,50.5,50.3,-0.00119,-0.49,-0.28,0.00145,0.699,0.54,12.7,55.0,-13.2,YOK,3.6,1.0,0.08409994826402278,-0.119,CLV_PROXY_1M,0,0.0,100.0,51.6,51.5,50.6,54.8,0.1,1.0,-3.2,-0.00119,-0.00013,-3e-05,0.00058,31.29,36.41,44.36,47.92,-5.12,-13.07,-16.63,23.62,9.33,500,native,31.29,NORMAL,23.62,9.33,True,300,69.3,BEAR,BOS DN,HH/HL,MIX/HL,SQZ,88.9,True,True,499,30,38.7,1789712280000,HIGH,0.08443,3.3,0.084395,2.8,2,0.08135,40.95,2,1,1,0.084395,0.08135,EQH_SWEEP,12,0.084395,False,False,0.0826,499,native,40.49,NORMAL,32.27,24.0,True,300,60.1,BULL,BOS UP,MIX/HL,HH/HL,RANGE,73.3,True,True,498,37,48.5,1789707420000,LOW,0.08373,3.31,0.08449000000000001,2.04,2,,,,1,0,0.08449000000000001,0.08417,LOW_SWEEP,16,0.08419,False,False,0.1687,499,native,39.76,NORMAL,36.65,27.67,True,300,62.0,BULL,BOS UP,MIX/HL,MIX/HL,TR UP,80.0,True,True,498,36,93.1,1789703100000,LOW,0.08223,9.1,,,,0.07986,20.04,2,0,1,0.08448,0.07986,HIGH_SWEEP,20,0.08459,False,False,0.257,499,native,57.7,NORMAL,51.5,51.0,True,300,79.4,BULL,BOS UP,HH/HL,HH/HL,TR UP,84.7,True,True,498,22,43.6,1789694100000,LOW,0.08114,8.69,,,,0.080555,10.35,2,0,1,0.08469,0.080555,HIGH_SWEEP,65,0.08179,False,False,0.4181,499,native,88.75,ASIRI,84.47,96.33,True,300,89.8,BULL,BOS UP,HH/HL,LH/LL,TR UP,90.7,True,True,498,4,51.5,1789696800000,LOW,0.08114,4.22,,,,,,,0,0,0.08253,0.08114,HIGH_SWEEP,21,0.08134,False,False,0.8609,499,native,72.8,YORGUN,85.41,92.33,True,300,47.5,BEAR,BOS DN,HH/MIX,LH/MIX,TR DN,73.2,True,True,498,16,26.7,1789473600000,HIGH,0.08616,1.28,,,,0.07835,3.83,2,0,1,0.08616,0.07835,HIGH_SWEEP,20,0.08534,False,False,1.8093,528,1302,41552.13,59411.76,-17859.63,-17.69,41.16,20.0,DOWN,510,66,100963.89,10.5,60.0,1.0,True,0,0.0,1,26111.97,-26111.97,45.5,0.173,0.751,1.0,0.991,260740.39,312821.17,-52080.78,-9.08,45.46,32.4,DOWN,2486,339,573561.56,42.3,300.0,1.0,True,6,115191.71,5,124032.25,-8840.53,71.8,0.458,0.94,1.0,0.998,1516460.59,1481455.77,35004.82,1.17,50.58,52.4,FLAT,9815,1234,2997916.35,144.5,900.0,1.0,True,25,902499.43,26,738012.83,164486.6,88.8,0.743,1.0,1.0,0.999,31014.66,-12893.89,79325.37,14.36,-0.61,0.99,-4694.17,-0.0362,-8209.16,-0.0716,-0.2505,NONE,1789714115791,SELL,26111.97,0.08419332559496749,1789714020000,ok,1.0,1.0,1.0,continuous,1,66,0,,0,0,0,0,False,584,0.0842,0.08421,1.188,0.326,-0.2838,0.2169,1004315.76,1800143.53,23.16,1789714126236,140,False,,,,
2,v2,v1.2,REALF_PY_V4_2_DERIVED,ZPTDIFAT_PY_V1_4_DERIVED,fc-v1,native,,058e38aec59f4c35,20260918_064430,85,LINK_20260918_064849_387,LINKUSDT,BINANCE,FUTURES,TOP100,17,10000,1789714129387,2026-09-18T06:48:49.387+00:00,17,True,1789714128938,1789714129387,59.0,1789714080000,1789714139999,False,48.9,11.817,0.0169,65.6,PRICE AHEAD,True,500,70.7,59.5,67.1,54.7,-0.00394,-0.57,-1.61,0.00179,0.663,0.62,25.7,55.0,-4.7,YOK,11.3,1.0,11.770573381991726,-0.393,CLV_PROXY_1M,0,0.0,100.0,65.6,64.4,55.9,56.2,1.2,9.7,9.4,-0.00394,-0.00037,-0.00256,-0.00248,57.43,62.54,75.36,79.38,-5.11,-17.93,-21.95,48.86,37.67,500,native,57.43,NORMAL,48.86,37.67,True,300,87.2,BULL,BOS UP,HH/HL,HH/HL,RANGE,92.9,True,True,499,12,55.7,1789713360000,LOW,11.772,3.39,,,,11.377500000000001,33.1,2,0,1,11.811,11.377500000000001,HIGH_SWEEP,31,11.779,False,False,0.1124,499,native,77.72,YORGUN,70.79,71.0,True,300,43.6,BULL,BOS UP,LH/LL,HH/MIX,RANGE,88.3,True,True,498,9,67.9,1789712460000,LOW,11.705,4.13,,,,,,,0,0,11.776,11.705,HIGH_SWEEP,14,11.776,False,False,0.2296,499,native,77.4,YORGUN,78.96,81.67,True,300,76.2,BULL,BOS UP,HH/MIX,LH/LL,TR UP,75.7,True,True,498,2,46.5,1789713300000,LOW,11.705,2.84,,,,,,,0,0,11.817,11.705,HIGH_SWEEP,22,11.802,False,True,0.33,499,native,65.99,NORMAL,66.84,70.67,True,300,91.2,BULL,BOS UP,HH/HL,HH/HL,TR UP,88.4,True,True,498,1,59.4,1789713000000,LOW,11.647,2.66,,,,11.0905,11.36,2,0,1,11.817,11.0905,HIGH_SWEEP,65,11.34,False,False,0.5406,499,native,90.61,ASIRI,88.53,95.33,True,300,83.3,TR-UP,CHOCH UP,HH/HL,MIX/LL,TR-UP,86.0,True,True,498,5,51.0,1789693200000,LOW,11.089,6.03,12.7855,8.04,2,,,,1,0,12.7855,11.25,LOW_SWEEP,37,10.67,False,False,1.0287,499,native,75.95,YORGUN,88.87,93.0,True,300,17.7,BEAR,BOS DN,LH/LL,HH/MIX,RANGE,86.2,True,True,498,15,24.8,1789488000000,HIGH,11.961,0.57,,,,8.062,14.97,2,0,1,11.961,8.062,EQH_SWEEP,83,12.035499999999999,False,False,2.133,603,1275,36874.54,58891.38,-22016.84,-22.99,38.5,14.9,DOWN,275,48,95765.93,14.2,60.0,1.0,True,0,0.0,2,33387.55,-33387.55,50.0,0.221,0.745,1.0,0.99,252538.27,316314.73,-63776.46,-11.21,44.39,28.9,DOWN,1936,347,568853.0,101.9,300.0,1.0,True,4,61874.66,6,140108.15,-78233.49,83.6,0.671,0.939,1.0,0.998,1199498.22,822026.83,377471.38,18.67,59.34,81.1,UP,6897,1157,2021525.05,291.2,900.0,1.0,True,22,521537.91,14,262296.52,259241.39,93.9,0.853,1.0,1.0,0.999,14315.25,-45220.53,-20791.77,6.5,-3.84,1.0,-30442.24,-0.2219,-15698.53,-0.138,0.2433,DOWN,1789714098015,SELL,23016.55,11.817296868100836,1789714020000,ok,1.0,1.0,1.0,continuous,1,48,0,,0,0,0,0,False,618,11.814,11.815,0.846,-0.41,0.1937,-0.4763,287441.85,194170.68,16.51,1789714128796,591,False,,,,
2,v2,v1.2,REALF_PY_V4_2_DERIVED,ZPTDIFAT_PY_V1_4_DERIVED,fc-v1,native,,058e38aec59f4c35,20260918_064430,86,ADA_20260918_064851_959,ADAUSDT,BINANCE,FUTURES,TOP100,19,10000,1789714131959,2026-09-18T06:48:51.959+00:00,17,True,1789714131944,1789714131959,58.0,1789714080000,1789714139999,False,51.9,0.2137,0.0,46.4,FAIR (DENGE),True,500,44.9,45.3,49.6,49.4,0.00204,-0.22,-0.1,0.00154,0.623,0.49,9.7,40.0,-5.2,YOK,4.7,1.0,0.21413727847233768,0.205,CLV_PROXY_1M,0,0.0,100.0,46.4,50.8,52.9,52.6,-4.4,-6.5,-6.2,0.00204,0.00063,0.00076,-7e-05,66.13,70.13,71.95,62.7,-4.0,-5.82,3.43,58.27,53.33,500,native,66.13,NORMAL,58.27,53.33,True,300,75.5,TR-UP,CHOCH UP,HH/HL,HH/HL,SQZ,89.8,True,True,499,33,50.5,1789712100000,LOW,0.2126,3.75,0.2151,4.77,2,,,,1,0,0.2151,0.2132,EQH_SWEEP,12,0.2138,False,False,0.1373,499,native,71.2,NORMAL,68.57,66.33,True,300,23.3,BEAR,BOS DN,LH/LL,MIX/HL,TR DN,86.5,True,True,498,30,70.8,1789708680000,HIGH,0.2173,6.69,,,,,,,0,0,0.2151,0.2121,LOW_SWEEP,50,0.2143,False,False,0.2517,499,native,61.02,NORMAL,65.0,66.33,True,300,20.2,TR-DN,CHOCH DN,LH/LL,LH/LL,TR-DN,85.4,True,True,498,11,28.1,1789710600000,HIGH,0.2151,2.02,,,,0.1903,31.45,3,0,1,0.2151,0.1903,HIGH_SWEEP,35,0.2159,False,False,0.3463,499,native,44.64,NORMAL,42.4,37.0,True,300,66.3,BULL,BOS UP,MIX/HL,LH/LL,TR UP,78.2,True,True,498,27,55.4,1789689600000,LOW,0.1997,9.44,0.21739999999999998,2.5,2,0.1972,11.13,2,1,2,0.21739999999999998,0.1972,HIGH_SWEEP,28,0.2027,False,False,0.6932,499,native,86.2,ASIRI,76.54,89.33,True,300,87.0,BULL,BOS UP,HH/HL,HH/HL,EXP UP,84.6,True,True,498,6,53.5,1789689600000,LOW,0.1901,7.62,,,,,,,0,0,0.2042,0.1997,EQH_SWEEP,29,0.19690000000000002,False,False,1.4575,499,native,75.84,YORGUN,88.39,90.33,True,300,41.5,TR-UP,CHOCH UP,LH/LL,LH/LL,TR-UP,84.5,True,True,498,1,52.5,1789689600000,LOW,0.1901,4.33,,,,,,,0,0,0.2159,0.1901,LOW_SWEEP,52,0.2148,False,True,2.5151,3749,1088,42460.59,16768.67,25691.93,43.38,71.69,93.3,UP,201,62,59229.26,4.0,60.0,1.0,True,2,35821.36,0,0.0,35821.36,31.4,0.074,0.693,1.0,0.938,276428.85,241283.81,35145.04,6.79,53.39,63.5,UP,1138,340,517712.66,13.7,300.0,1.0,True,6,201819.81,7,181707.83,20111.98,52.8,0.215,0.929,1.0,0.988,1110479.56,920223.17,190256.39,9.37,54.68,68.1,UP,4236,949,2030702.73,54.9,900.0,1.0,True,29,929416.23,23,733479.19,195937.05,77.1,0.523,1.0,1.0,0.996,87101.2,-359.57,-15292.95,65.66,-0.04,1.0,6690.73,0.0493,7117.67,0.0687,0.1183,NONE,1789714094249,BUY,10710.97,0.21359999999999998,1789714020000,ok,1.0,1.0,1.0,continuous,1,60,0,,0,0,0,0,False,652,0.2136,0.2137,4.681,-2.247,0.0959,-0.0509,2463104.26,2031995.41,91.27,1789714131711,248,False,,AGGRESSIVE_BUYER,,
2,v2,v1.2,REALF_PY_V4_2_DERIVED,ZPTDIFAT_PY_V1_4_DERIVED,fc-v1,native,,058e38aec59f4c35,20260918_064430,87,LTC_20260918_064854_544,LTCUSDT,BINANCE,FUTURES,TOP100,25,10000,1789714134544,2026-09-18T06:48:54.544+00:00,17,True,1789714134528,1789714134544,57.5,1789714080000,1789714139999,False,54.5,54.94,0.0182,48.9,FAIR (DENGE),True,500,46.1,56.0,45.9,49.9,-0.00202,-0.51,0.07,0.00121,0.608,0.27,11.0,45.0,-10.2,YOK,10.1,0.266,54.829037775933585,-0.202,CLV_PROXY_1M,0,0.0,100.0,48.9,51.2,57.8,60.6,-2.3,-8.9,-11.7,-0.00202,0.00024,0.00068,0.00131,59.2,64.35,72.68,69.66,-5.15,-13.48,-10.46,47.26,47.0,500,native,59.2,NORMAL,47.26,47.0,True,300,68.7,BULL,BOS UP,MIX/HL,HH/HL,TR UP,76.2,True,True,499,21,64.2,1789712820000,LOW,54.78,3.17,55.02,1.58,2,54.76,3.56,2,1,2,55.02,54.76,HIGH_SWEEP,45,54.92,False,False,0.092,499,native,69.37,NORMAL,68.4,73.0,True,300,74.8,BULL,BOS UP,HH/HL,HH/HL,TR UP,91.8,True,True,498,38,50.6,1789707240000,LOW,54.29,6.51,55.0,0.6,2,,,,1,0,55.0,54.78,EQH_SWEEP,7,55.0,False,False,0.1817,499,native,66.77,NORMAL,70.3,67.67,True,300,76.2,BULL,BOS UP,HH/HL,HH/HL,TR UP,87.5,True,True,498,36,51.2,1789703100000,LOW,54.32,4.47,,,,53.86,7.78,2,0,3,55.0,53.86,HIGH_SWEEP,4,55.0,False,False,0.2523,499,native,75.16,YORGUN,73.59,79.67,True,300,70.5,BULL,BOS UP,MIX/HL,HH/MIX,TR UP,85.7,True,True,498,25,95.3,1789691400000,LOW,53.59,6.11,,,,,,,0,0,53.98,54.29,EQH_SWEEP,27,53.989999999999995,False,False,0.402,499,native,87.67,ASIRI,87.9,95.33,True,300,88.0,BULL,BOS UP,HH/HL,HH/HL,TR UP,83.5,True,True,498,6,68.8,1789689600000,LOW,52.46,5.68,,,,,,,0,0,54.0,52.46,HIGH_SWEEP,21,52.81,False,False,0.7963,499,native,81.35,YORGUN,89.28,93.33,True,300,51.6,TR-DN,CHOCH DN,HH/MIX,LH/LL,TR-DN,72.3,True,True,498,14,38.2,1789502400000,HIGH,55.24,0.35,,,,,,,0,0,55.24,50.13,HIGH_SWEEP,30,54.28,False,False,1.559,5979,519,3449.52,18954.97,-15505.45,-69.21,15.4,5.2,DOWN,69,17,22404.49,3.9,60.0,1.0,True,0,0.0,0,0.0,0.0,29.4,0.072,0.588,1.0,0.9,57569.07,65950.76,-8381.69,-6.79,46.61,36.5,DOWN,520,122,123519.82,21.5,300.0,1.0,True,1,22086.52,0,0.0,22086.52,57.2,0.301,0.773,1.0,0.98,363681.91,284550.73,79131.19,12.21,56.1,72.7,UP,2152,445,648232.64,68.4,900.0,1.0,True,11,212153.52,5,83062.13,129091.39,79.1,0.578,0.953,1.0,0.993,2569.44,16977.35,-25846.07,3.48,4.41,1.0,-8777.88,-0.3382,-2306.55,-0.0934,-0.0823,NONE,1789713882231,BUY,22086.52,54.984550843195926,1789714020000,ok,1.0,1.0,1.0,continuous,1,17,0,,0,0,0,0,False,686,54.93,54.94,1.82,-0.839,0.2409,0.1446,930463.92,569244.66,35.5,1789714134389,155,False,,AGGRESSIVE_SELLER,,
2,v2,v1.2,REALF_PY_V4_2_DERIVED,ZPTDIFAT_PY_V1_4_DERIVED,fc-v1,native,,058e38aec59f4c35,20260918_064430,88,AVAX_20260918_064857_111,AVAXUSDT,BINANCE,FUTURES,TOP100,31,5000,1789714137111,2026-09-18T06:48:57.111+00:00,17,True,1789714137111,1789714137111,57.1,1789714080000,1789714139999,False,57.1,7.903,0.0253,52.7,FAIR (DENGE),True,500,55.3,44.4,58.5,50.6,0.00166,0.52,0.21,0.00127,0.591,0.65,14.0,55.0,-14.3,YOK,14.2,0.487,7.916133849620752,0.166,CLV_PROXY_1M,0,0.0,100.0,52.7,49.3,48.7,49.3,3.4,4.0,3.4,0.00166,-0.00059,-0.00055,-0.00073,74.47,74.33,73.91,64.57,0.14,0.56,9.9,74.74,75.0,500,native,74.47,YORGUN,74.74,75.0,True,300,73.6,BEAR,BOS DN,HH/HL,MIX/HL,SQZ,85.8,True,True,499,68,64.9,1789710000000,HIGH,7.93,4.29,7.9415,6.11,2,,,,1,0,7.9415,7.893,LOW_SWEEP,27,7.873,False,False,0.0797,499,native,74.31,YORGUN,77.27,80.0,True,300,59.1,BULL,BOS UP,MIX/HL,HH/MIX,RANGE,69.2,True,True,498,74,79.7,1789700760000,LOW,7.677,15.66,,,,7.6285,19.02,2,0,1,7.903,7.6285,HIGH_SWEEP,1,7.903,True,False,0.1827,499,native,49.29,NORMAL,63.14,57.67,True,300,61.4,BULL,BOS UP,MIX/HL,MIX/HL,RANGE,76.2,True,True,498,44,66.0,1789700700000,LOW,7.677,10.16,,,,,,,0,0,7.942,7.871,HIGH_SWEEP,49,7.723,False,False,0.2815,499,native,55.25,NORMAL,54.62,50.0,True,300,79.1,BULL,BOS UP,HH/HL,MIX/HL,TR UP,85.4,True,True,498,24,54.9,1789692300000,LOW,7.545,8.78,,,,,,,0,0,7.968,7.584,EQH_SWEEP,24,7.648,False,False,0.5161,499,native,87.8,ASIRI,82.75,90.0,True,300,91.4,TR-UP,CHOCH UP,HH/HL,LH/LL,TR-UP,94.6,True,True,498,3,96.7,1789700400000,LOW,7.545,4.44,8.192,3.59,3,7.186,8.9,2,1,1,8.192,7.186,EQL_SWEEP,37,7.186,False,False,1.023,499,native,84.86,ASIRI,91.07,93.33,True,300,78.7,BULL,BOS UP,HH/MIX,HH/MIX,RANGE,76.8,True,True,498,1,80.2,1789689600000,LOW,7.171,4.82,,,,7.173500000000001,4.8,2,0,1,7.8,7.173500000000001,LOW_SWEEP,15,7.243,False,False,1.9116,4026,672,10803.08,20131.06,-9327.98,-30.15,34.92,10.5,DOWN,103,32,30934.14,2.8,60.0,1.0,True,1,5847.48,1,17104.26,-11256.78,26.7,0.054,0.623,1.0,0.933,130942.64,125831.61,5111.03,1.99,51.0,54.1,FLAT,1055,174,256774.25,35.7,300.0,1.0,True,8,63353.66,9,84442.86,-21089.2,67.1,0.417,0.852,1.0,0.987,433375.67,368631.82,64743.85,8.07,54.04,65.8,UP,3552,600,802007.5,118.1,900.0,1.0,True,21,200825.72,24,214156.92,-13331.21,86.2,0.703,0.976,1.0,0.996,-4935.16,-27786.76,-17447.27,-11.2,-5.73,1.0,137.49,0.0022,658.37,0.0128,0.2797,NONE,1789714093674,SELL,17104.26,7.904000000000001,1789714020000,ok,1.0,1.0,1.0,continuous,1,32,0,,0,0,0,0,False,720,7.902,7.903,1.265,-0.166,-0.0753,0.0429,283600.02,329807.48,24.68,1789714136946,165,False,,,,
2,v2,v1.2,REALF_PY_V4_2_DERIVED,ZPTDIFAT_PY_V1_4_DERIVED,fc-v1,native,,058e38aec59f4c35,20260918_064430,89,SUI_20260918_064859_703,SUIUSDT,BINANCE,FUTURES,TOP100,35,5000,1789714139703,2026-09-18T06:48:59.703+00:00,17,True,1789714139703,1789714139703,56.6,1789714080000,1789714139999,False,59.7,0.7784,0.0128,52.0,FAIR (DENGE),True,500,53.4,49.6,53.1,50.1,0.00018,0.05,0.09,0.00193,0.575,0.21,0.7,40.0,-3.2,YOK,3.7,0.913,0.778540414096753,0.018,CLV_PROXY_1M,0,0.0,100.0,52.0,51.4,47.6,52.6,0.6,4.4,-0.6,0.00018,5e-05,-0.00074,-4e-05,62.18,66.23,72.98,74.34,-4.05,-10.8,-12.16,53.62,50.67,500,native,62.18,NORMAL,53.62,50.67,True,300,85.2,BULL,BOS UP,HH/HL,MIX/HL,TR UP,89.1,True,True,499,10,20.7,1789713480000,LOW,0.775,3.49,,,,,,,0,0,0.7798,0.7778,HIGH_SWEEP,26,0.777,False,False,0.125,499,native,76.03,YORGUN,73.53,74.0,True,300,71.0,BULL,BOS UP,MIX/HL,HH/HL,RANGE,68.4,True,True,498,4,18.5,1789713360000,LOW,0.7738,2.27,,,,0.7292,24.24,2,0,3,0.7778,0.7292,HIGH_SWEEP,55,0.7849,False,False,0.2608,499,native,59.95,NORMAL,71.03,66.67,True,300,60.8,BULL,BOS UP,MIX/HL,MIX/HL,RANGE,74.3,True,True,498,43,48.0,1789701000000,LOW,0.7643,4.66,,,,0.71575,20.95,2,0,2,0.7849,0.71575,HIGH_SWEEP,93,0.7365,False,False,0.3827,499,native,47.55,NORMAL,50.08,39.0,True,300,78.1,BULL,BOS UP,HH/HL,MIX/HL,TR UP,90.8,True,True,498,30,53.6,1789686900000,LOW,0.7287,8.6,,,,0.7289,8.56,2,0,1,0.7899,0.7289,HIGH_SWEEP,59,0.7351,False,False,0.7395,499,native,87.93,ASIRI,76.28,85.33,True,300,83.0,TR-UP,CHOCH UP,HH/HL,HH/MIX,TR-UP,88.9,True,True,498,6,40.0,1789689600000,LOW,0.7157,5.68,0.8336,5.03,2,,,,2,0,0.8336,0.7157,LOW_SWEEP,37,0.6814,False,False,1.4211,499,native,86.39,ASIRI,91.2,95.33,True,300,89.3,TR-UP,CHOCH UP,HH/HL,MIX/HL,TR-UP,85.4,True,True,498,1,97.1,1789689600000,LOW,0.6773,5.35,,,,,,,0,0,0.7479,0.6773,LOW_SWEEP,16,0.692,False,False,2.3923,481,1374,27573.81,13700.33,13873.48,33.61,66.81,91.0,UP,302,55,41274.15,15.0,60.0,1.0,True,1,6217.66,0,0.0,6217.66,49.0,0.231,0.654,1.0,0.992,256305.43,226745.99,29559.44,6.12,53.06,62.2,UP,2442,421,483051.42,88.1,300.0,1.0,True,13,111808.2,15,133507.73,-21699.53,81.5,0.638,0.921,1.0,0.998,1037679.94,864845.25,172834.69,9.08,54.54,67.6,UP,8306,1374,1902525.19,238.0,793.6,0.8817,False,52,677704.39,50,560305.98,117398.41,90.3,0.826,1.0,0.882,0.999,20361.33,34507.34,,19.74,3.53,0.8151,15815.49,0.1539,7833.83,0.0811,-0.1756,UP,1789714096179,BUY,6217.66,0.7782,1789714020000,ok,1.0,1.0,1.0,continuous,1,54,0,,0,0,0,0,False,754,0.7784,0.7785,1.285,0.088,-0.1655,-0.2031,301328.91,420839.04,25.05,1789714139559,144,False,,,,
2,v2,v1.2,REALF_PY_V4_2_DERIVED,ZPTDIFAT_PY_V1_4_DERIVED,fc-v1,native,,058e38aec59f4c35,20260918_064430,90,AKE_20260918_064903_424,AKEUSDT,BINANCE,FUTURES,TOP100,94,2000,1789714143424,2026-09-18T06:49:03.424+00:00,17,True,1789714142714,1789714143424,57.2,1789714080000,1789714139999,True,62.7,0.022898,-0.4997,51.6,FAIR (DENGE),True,500,49.5,60.1,45.9,50.9,-0.02144,-0.41,-0.29,0.0076,0.572,0.7,90.7,45.0,-9.1,YOK,14.3,0.412,0.022412284185559097,-2.121,CLV_PROXY_1M,0,0.0,100.0,51.6,53.0,66.0,61.9,-1.4,-14.4,-10.3,-0.02144,0.00301,0.01028,0.00521,45.92,53.76,52.49,49.29,-7.84,-6.57,-3.37,30.05,22.0,500,native,45.92,NORMAL,30.05,22.0,True,300,82.7,BULL,BOS UP,HH/HL,MIX/HL,TR UP,95.7,True,True,499,25,90.2,1789712580000,LOW,0.021423,7.02,,,,0.021402499999999998,7.12,2,0,1,0.023636,0.021402499999999998,HIGH_SWEEP,46,0.021605,False,False,0.9132,499,native,75.41,YORGUN,63.15,68.33,True,300,90.3,BULL,BOS UP,HH/HL,HH/HL,EXP UP,94.4,True,True,498,9,71.4,1789712460000,LOW,0.021423,4.78,,,,,,,0,0,0.023636,0.021646,LOW_SWEEP,38,0.021228,False,False,1.3389,499,native,84.71,ASIRI,72.28,83.33,True,300,76.8,BULL,BOS UP,MIX/HL,HH/HL,EXP UP,79.7,True,True,498,8,67.7,1789711500000,LOW,0.0214,4.66,,,,,,,0,0,0.02168,0.021423,EQH_SWEEP,36,0.021653,False,False,1.3768,499,native,82.92,YORGUN,83.49,87.67,True,300,42.0,BEAR,BOS DN,LH/MIX,MIX/HL,TR DN,66.1,True,True,498,154,97.0,1789575300000,HIGH,0.028247,11.72,0.029421000000000003,14.3,2,0.0209945,4.17,2,1,3,0.029421000000000003,0.0209945,EQL_SWEEP,57,0.020765,False,False,1.973,499,native,75.78,YORGUN,94.97,98.0,True,300,70.7,BULL,BOS UP,HH/HL,HH/MIX,RANGE,69.6,True,True,498,74,56.3,1789444800000,LOW,0.014658,9.57,0.029844000000000002,8.06,2,0.012500500000000001,12.07,3,1,2,0.029844000000000002,0.012500500000000001,HIGH_SWEEP,75,0.0165,False,False,3.9837,499,native,41.17,NORMAL,44.63,44.33,True,300,84.7,BULL,BOS UP,HH/HL,MIX/HL,TR UP,90.5,True,True,498,18,80.8,1789444800000,LOW,0.013069,3.85,,,,0.0128725,3.93,2,0,3,0.029888,0.0128725,EQL_SWEEP,67,0.0128725,False,False,11.7969,253,6360,34664.51,47150.41,-12485.9,-15.26,42.37,23.0,DOWN,2722,1340,81814.92,245.8,60.0,1.0,True,3,8546.51,3,19891.95,-11345.44,84.4,0.831,0.728,1.0,0.996,215678.5,196280.87,19397.63,4.71,52.35,59.5,UP,12383,5801,411959.37,295.9,300.0,1.0,True,18,81784.73,12,67781.36,14003.36,91.1,0.855,0.904,1.0,0.999,226033.42,225530.43,502.99,0.11,50.06,50.2,FLAT,13569,6360,451563.85,347.2,354.9,0.3944,False,18,81784.73,13,80086.11,1698.61,76.6,0.874,0.914,0.394,1.0,13301.16,6408.74,,8.12,0.6,0.3277,-10291.36,-0.1071,5615.72,0.0682,0.1497,DOWN,1789714125756,BUY,2683.91,0.022954321824432963,1789714020000,ok,1.0,1.0,1.0,continuous,2,1320,0,,0,0,0,0,False,54,0.022898,0.022904,2.62,1.032,0.3486,0.7688,4046.92,1954.91,9.61,1789714142129,1295,False,,FATIGUE_EXTREME,,
2,v2,v1.2,REALF_PY_V4_2_DERIVED,ZPTDIFAT_PY_V1_4_DERIVED,fc-v1,native,,058e38aec59f4c35,20260918_064430,91,PONS_20260918_064906_551,PONSUSDT,BINANCE,FUTURES,OUTSIDE100,112,2000,1789714146551,2026-09-18T06:49:06.551+00:00,17,True,1789714146345,1789714146551,57.6,1789714140000,1789714199999,False,6.3,0.7277,0.0,52.0,FAIR (DENGE),True,500,51.9,54.3,50.4,50.0,-0.00411,-0.69,-0.67,0.00496,0.601,0.05,0.3,60.0,-13.7,YOK,4.0,1.0,0.7247132667443086,-0.41,CLV_PROXY_1M,0,0.0,100.0,52.0,53.9,55.3,53.7,-1.9,-3.3,-1.7,-0.00411,0.00047,0.00137,0.00207,31.42,34.41,43.69,41.82,-2.99,-12.27,-10.4,27.48,17.33,500,native,31.42,NORMAL,27.48,17.33,True,300,11.1,BEAR,BOS DN,LH/LL,LH/LL,SQZ,93.2,True,True,499,10,65.6,1789713540000,HIGH,0.7364,4.35,,,,0.7134,7.15,2,0,1,0.7316,0.7134,EQL_SWEEP,19,0.73295,False,False,0.2749,499,native,27.58,DINLENMIS,23.61,16.67,True,300,26.2,BULL,BOS UP,LH/LL,LH/LL,RANGE,86.5,True,True,498,79,26.3,1789699860000,LOW,0.6834,9.49,0.7777000000000001,10.67,3,0.63845,19.1,2,1,1,0.7777000000000001,0.63845,HIGH_SWEEP,94,0.6964,False,False,0.6429,499,native,33.1,NORMAL,29.02,20.33,True,300,14.3,BEAR,BOS DN,LH/LL,LH/LL,RANGE,88.2,True,True,498,12,56.1,1789710300000,HIGH,0.7473,2.69,0.7778,6.88,2,,,,1,0,0.7778,0.7235,LOW_SWEEP,10,0.729,False,False,0.994,499,native,41.29,NORMAL,34.87,30.0,True,300,85.7,BULL,BOS UP,HH/HL,MIX/LL,TR UP,93.8,True,True,498,18,77.8,1789697700000,LOW,0.6551,5.26,,,,,,,0,0,0.7781,0.6551,HIGH_SWEEP,19,0.6959,False,False,1.8909,289,native,80.77,YORGUN,68.5,76.58,False,269,88.1,BULL,BOS UP,HH/HL,HH/HL,TR UP,88.8,True,True,288,7,54.7,1789686000000,LOW,0.6099,3.9,,,,,,,0,0,0.6721,0.6099,HIGH_SWEEP,6,0.6721,False,False,4.1259,73,native,83.71,ASIRI,82.64,98.11,False,53,74.7,TR-UP,CHOCH UP,HH/MIX,HH/HL,TR-UP,76.3,True,False,72,1,84.3,1789689600000,LOW,0.5483,3.35,,,,,,,0,0,0.6992,0.5483,LOW_SWEEP,12,0.5821,False,False,6.9476,39,1547,8544.77,11891.93,-3347.15,-16.38,41.81,21.6,DOWN,331,115,20436.7,30.6,60.0,1.0,True,0,0.0,1,4996.1,-4996.1,57.6,0.379,0.578,1.0,0.999,58901.92,73065.73,-14163.81,-10.73,44.63,29.6,DOWN,1716,605,131967.64,72.1,300.0,1.0,True,3,11888.75,3,19912.92,-8024.18,75.2,0.591,0.78,1.0,1.0,212877.48,313466.81,-100589.33,-19.11,40.44,18.5,DOWN,4916,1547,526344.29,229.2,602.2,0.6691,False,19,93671.04,28,178791.94,-85120.91,83.4,0.821,0.93,0.669,1.0,12636.92,-50.94,,16.12,-0.22,0.6025,-5910.97,-0.2115,-3133.2,-0.1187,-0.0222,NONE,1789714129252,SELL,4996.1,0.7272344104803492,1789714020000,ok,1.0,1.0,1.0,continuous,1,114,0,,0,0,0,0,False,88,0.7277,0.7279,2.748,0.163,0.2841,0.3371,52872.84,29476.55,27.48,1789714146186,365,False,,,,
2,v2,v1.2,REALF_PY_V4_2_DERIVED,ZPTDIFAT_PY_V1_4_DERIVED,fc-v1,native,,058e38aec59f4c35,20260918_064430,92,SKR_20260918_064909_457,SKRUSDT,BINANCE,FUTURES,OUTSIDE100,227,500,1789714149457,2026-09-18T06:49:09.457+00:00,17,True,1789714149457,1789714149457,57.5,1789714140000,1789714199999,False,9.5,0.019126,-0.0209,61.6,PRICE AHEAD,True,500,67.3,51.9,66.2,51.1,-0.00083,-0.65,-1.93,0.00148,0.357,0.12,12.0,50.0,-12.0,YOK,15.4,1.0,0.01911020472449307,-0.083,CLV_PROXY_1M,0,0.0,100.0,61.6,62.1,44.6,45.3,-0.5,17.0,16.3,-0.00083,-2e-05,-0.00487,-0.00475,45.61,50.35,62.05,70.3,-4.74,-16.44,-24.69,36.92,29.0,500,native,45.61,NORMAL,36.92,29.0,True,300,85.0,BULL,BOS UP,HH/HL,HH/HL,TR UP,92.0,True,True,499,13,33.7,1789713360000,LOW,0.019028,3.48,0.019363,8.41,2,,,,1,0,0.019363,0.019132,EQH_SWEEP,58,0.0189665,False,False,0.1474,499,native,68.25,NORMAL,62.52,63.0,True,300,71.7,BULL,BOS UP,HH/MIX,HH/HL,TR UP,69.4,True,True,498,4,30.5,1789713360000,LOW,0.018839,5.15,0.020296500000000002,20.99,2,0.0188425,5.08,2,1,1,0.020296500000000002,0.0188425,LOW_SWEEP,27,0.018846,False,False,0.2914,499,native,79.98,YORGUN,74.82,81.0,True,300,86.4,BULL,BOS UP,HH/HL,HH/MIX,RANGE,83.4,True,True,498,2,34.0,1789713300000,LOW,0.018839,3.97,0.020296500000000002,16.21,2,,,,1,0,0.020296500000000002,0.018839,LOW_SWEEP,27,0.018732,False,False,0.3769,499,native,81.46,YORGUN,85.13,86.0,True,300,74.2,BULL,BOS UP,MIX/HL,MIX/HL,SQZ,69.3,True,True,498,2,49.0,1789712100000,LOW,0.018719,2.77,,,,0.017547,10.75,2,0,2,0.019011,0.017547,HIGH_SWEEP,36,0.019329,False,False,0.7664,499,native,44.1,NORMAL,53.23,63.33,True,300,39.3,BULL,BOS UP,LH/LL,HH/MIX,RANGE,84.4,True,True,498,21,72.8,1789635600000,LOW,0.017378,4.6,0.025375500000000002,16.45,2,,,,1,0,0.025375500000000002,0.018321,LOW_SWEEP,6,0.018554,False,False,2.0012,499,native,73.43,YORGUN,69.25,78.0,True,300,72.9,BULL,BOS UP,HH/HL,HH/HL,TR UP,83.6,True,True,498,114,36.2,1788062400000,LOW,0.008858,11.57,,,,0.017043000000000003,2.35,2,0,1,0.020299,0.017043000000000003,HIGH_SWEEP,4,0.019684,False,False,4.7097,2526,527,61.84,1910.27,-1848.43,-93.73,3.14,5.0,DOWN,52,35,1972.11,21.5,60.0,1.0,True,0,0.0,0,0.0,0.0,43.9,0.301,0.324,1.0,0.958,8277.05,9998.6,-1721.55,-9.42,45.29,31.8,DOWN,254,169,18275.65,38.4,300.0,1.0,True,3,6989.49,2,6694.73,294.77,60.3,0.434,0.565,1.0,0.992,17137.07,29768.59,-12631.52,-26.93,36.54,12.2,DOWN,697,472,46905.66,50.0,900.0,1.0,True,5,8401.32,8,21658.53,-13257.21,67.1,0.5,0.668,1.0,0.997,-2185.53,-2197.9,-1439.72,-47.96,-6.12,1.0,-434.64,-0.0735,-240.74,-0.0659,0.1714,DOWN,1789714084640,BUY,1437.31,0.019157969756344637,1789714020000,ok,1.0,1.0,1.0,continuous,1,34,0,,0,0,0,0,False,122,0.019115,0.019121,3.138,0.393,-0.0392,0.1661,3817.46,4128.91,16.22,1789714149083,374,False,,,,
2,v2,v1.2,REALF_PY_V4_2_DERIVED,ZPTDIFAT_PY_V1_4_DERIVED,fc-v1,native,,058e38aec59f4c35,20260918_064430,93,PROM_20260918_064912_587,PROMUSDT,BINANCE,FUTURES,OUTSIDE100,266,1000,1789714152587,2026-09-18T06:49:12.587+00:00,17,True,1789714152150,1789714152587,58.0,1789714140000,1789714199999,False,12.2,5.395,-0.0371,63.3,PRICE AHEAD,True,500,68.7,56.3,66.7,50.1,-0.00308,0.48,-0.63,0.00226,0.478,0.05,0.3,65.0,-14.5,YOK,12.4,1.0,5.378393702857947,-0.308,CLV_PROXY_1M,0,0.0,100.0,63.3,62.9,57.6,42.7,0.4,5.7,20.6,-0.00308,0.00053,-0.00114,-0.00305,31.93,27.58,19.36,13.9,4.35,12.57,18.03,40.8,45.0,500,native,31.93,NORMAL,40.8,45.0,True,300,11.3,BEAR,BOS DN,LH/LL,MIX/HL,TR DN,92.7,True,True,499,9,57.3,1789713600000,HIGH,5.424,2.92,,,,,,,0,0,5.424,5.378,LOW_SWEEP,34,5.427,False,False,0.1839,499,native,25.3,DINLENMIS,31.06,26.33,True,300,10.3,BEAR,BOS DN,LH/LL,LH/LL,EXP DN,90.3,True,True,498,3,47.1,1789713540000,HIGH,5.541,7.34,,,,,,,0,0,5.541,5.41,EQL_SWEEP,3,5.3934999999999995,False,False,0.3642,499,native,14.65,DINLENMIS,18.35,13.33,True,300,45.1,TR-DN,CHOCH DN,MIX/HL,LH/LL,TR-DN,75.6,True,True,498,7,58.5,1789711800000,HIGH,5.541,5.91,,,,5.2165,7.23,2,0,1,5.541,5.2165,HIGH_SWEEP,30,5.589,False,False,0.4584,499,native,22.89,DINLENMIS,16.27,8.33,True,300,60.0,TR-DN,CHOCH DN,HH/HL,MIX/HL,TR-DN,88.0,True,True,498,3,54.5,1789711200000,HIGH,5.594,4.6,5.7285,7.71,2,,,,2,0,5.7285,5.43,LOW_SWEEP,172,5.332,False,False,0.8035,499,native,52.15,NORMAL,25.95,18.0,True,300,59.0,BEAR,BOS DN,MIX/HL,MIX/HL,SQZ,69.1,True,True,498,46,75.0,1789545600000,HIGH,5.729,3.97,5.8375,5.26,3,4.906499999999999,5.81,2,2,1,5.8375,4.906499999999999,EQL_SWEEP,94,5.5815,False,False,1.5355,499,native,47.03,NORMAL,45.46,35.0,True,300,26.5,BULL,BOS UP,LH/LL,MIX/HL,SQZ,85.6,True,True,498,58,11.5,1788868800000,LOW,4.913,2.62,,,,4.4025,5.39,2,0,2,5.659,4.4025,HIGH_SWEEP,57,5.986,False,False,3.3065,-13,905,4055.2,747.85,3307.35,68.86,84.43,94.8,UP,95,43,4803.05,13.3,60.0,1.0,True,3,3399.46,0,0.0,3399.46,41.3,0.21,0.42,1.0,1.0,30010.3,24619.4,5390.91,9.87,54.93,68.9,UP,636,269,54629.7,35.3,300.0,1.0,True,10,17487.08,3,15682.9,1804.18,62.7,0.414,0.684,1.0,1.0,57930.67,113659.14,-55728.47,-32.48,33.76,9.5,DOWN,2033,835,171589.81,88.1,900.0,1.0,True,16,27688.22,10,76725.63,-49037.4,78.4,0.638,0.809,1.0,1.0,2178.27,8744.9,8952.13,24.93,7.18,1.0,-438.43,-0.0433,634.39,0.0581,0.0426,DOWN,1789714123351,BUY,1000.87,5.398440668824164,1789714080000,ok,1.0,1.0,1.0,continuous,1,44,0,,0,0,0,0,False,156,5.395,5.396,1.853,-0.468,0.02,-0.2936,32472.42,31201.05,36.14,1789714150225,2362,False,,AGGRESSIVE_BUYER,,
2,v2,v1.2,REALF_PY_V4_2_DERIVED,ZPTDIFAT_PY_V1_4_DERIVED,fc-v1,native,,058e38aec59f4c35,20260918_064430,94,UAI_20260918_064915_701,UAIUSDT,BINANCE,FUTURES,OUTSIDE100,296,2000,1789714155701,2026-09-18T06:49:15.701+00:00,17,True,1789714155701,1789714155701,58.6,1789714140000,1789714199999,False,15.7,0.417,0.0,54.8,FAIR (DENGE),True,500,55.9,54.7,54.5,50.4,-0.004,-0.38,-0.56,0.00434,0.669,0.32,4.3,55.0,9.8,YOK,1.3,1.0,0.41533677261007557,-0.399,CLV_PROXY_1M,0,0.0,100.0,54.8,54.2,51.2,54.0,0.6,3.6,0.8,-0.004,-6e-05,-0.00089,-0.00046,55.66,62.2,73.49,73.18,-6.54,-17.83,-17.52,39.57,42.33,500,native,55.66,NORMAL,39.57,42.33,True,300,49.0,BEAR,BOS DN,MIX/HL,HH/HL,SQZ,76.6,True,True,499,24,90.8,1789712700000,HIGH,0.4198,2.66,0.42315,5.85,2,0.40785,8.7,3,1,1,0.42315,0.40785,HIGH_SWEEP,102,0.4247,False,False,0.2521,499,native,44.16,NORMAL,50.81,40.0,True,300,28.6,BULL,BOS UP,LH/LL,LH/LL,RANGE,79.1,True,True,498,69,61.1,1789701660000,LOW,0.4075,4.19,0.43455,7.73,2,,,,1,0,0.43455,0.4129,LOW_SWEEP,5,0.4166,False,False,0.544,499,native,32.15,NORMAL,40.55,21.33,True,300,56.0,TR-DN,CHOCH DN,MIX/HL,LH/LL,TR-DN,72.0,True,True,498,50,58.0,1789698900000,HIGH,0.4354,5.24,,,,0.3559,17.79,3,0,1,0.4232,0.3559,HIGH_SWEEP,103,0.4106,False,False,0.8263,499,native,35.33,NORMAL,35.63,27.0,True,300,68.6,BULL,BOS UP,MIX/HL,MIX/HL,RANGE,79.5,True,True,498,21,30.6,1789695000000,LOW,0.3901,3.69,0.43505,2.47,2,0.3838,4.55,2,2,2,0.43505,0.3838,LOW_SWEEP,174,0.3294,False,False,1.7465,499,native,65.44,NORMAL,56.22,57.0,True,300,86.6,BULL,BOS UP,HH/HL,HH/HL,SQZ,87.3,True,True,498,6,38.6,1789689600000,LOW,0.3838,2.05,,,,,,,0,0,0.4354,0.3838,HIGH_SWEEP,4,0.418,False,False,3.8614,499,native,64.99,NORMAL,72.73,76.0,True,300,18.4,BEAR,BOS DN,LH/LL,HH/HL,RANGE,87.8,True,True,498,19,42.0,1789430400000,HIGH,0.5943,4.04,,,,,,,0,0,0.5943,0.322,LOW_SWEEP,20,0.4503,False,False,10.3453,1722,848,3514.71,1403.21,2111.5,42.93,71.47,93.2,UP,106,45,4917.92,16.7,60.0,1.0,True,0,0.0,0,0.0,0.0,44.2,0.25,0.423,1.0,0.971,8863.38,12085.23,-3221.85,-15.38,42.31,22.8,DOWN,477,215,20948.61,52.9,300.0,1.0,True,0,0.0,1,4613.73,-4613.73,65.1,0.514,0.58,1.0,0.994,27531.78,31688.18,-4156.4,-7.02,46.49,36.1,DOWN,1521,649,59219.96,146.4,900.0,1.0,True,1,2481.35,3,9331.39,-6850.04,79.6,0.745,0.693,1.0,0.998,4337.33,5210.81,-5911.88,46.8,13.65,1.0,-1739.49,-0.3082,-1280.96,-0.3057,-0.0465,NONE,1789713979888,SELL,4613.73,0.4174565598986608,1789714080000,ok,1.0,1.0,1.0,continuous,1,44,0,,0,0,0,0,False,190,0.417,0.4172,4.795,2.349,0.0775,0.4565,14393.8,12322.34,47.95,1789714155107,594,False,,AGGRESSIVE_BUYER,,
2,v2,v1.2,REALF_PY_V4_2_DERIVED,ZPTDIFAT_PY_V1_4_DERIVED,fc-v1,native,,058e38aec59f4c35,20260918_064430,95,BULLA_20260918_064918_806,BULLAUSDT,BINANCE,FUTURES,OUTSIDE100,339,5000,1789714158806,2026-09-18T06:49:18.806+00:00,17,True,1789714158602,1789714158806,59.1,1789714140000,1789714199999,False,18.6,0.10115,-0.0198,55.6,FAIR (DENGE),True,500,58.6,51.8,56.4,50.1,-0.00231,0.5,-0.02,0.00572,0.556,0.04,0.3,40.0,-16.2,YOK,6.8,1.0,0.1009169623077071,-0.23,CLV_PROXY_1M,0,0.0,100.0,55.6,56.0,51.4,43.7,-0.4,4.2,11.9,-0.00231,0.00034,-0.00278,-0.00314,43.46,42.26,35.58,28.58,1.2,7.88,14.88,48.09,42.0,500,native,43.46,NORMAL,48.09,42.0,True,300,47.7,TR-DN,CHOCH DN,HH/MIX,MIX/LL,TR-DN,73.3,True,True,499,9,44.8,1789713600000,HIGH,0.10172,1.41,0.10206,2.24,3,0.100455,1.71,2,1,2,0.10206,0.100455,EQL_SWEEP,52,0.100455,False,False,0.4008,499,native,46.17,NORMAL,48.94,43.0,True,300,29.1,BULL,BOS UP,LH/LL,MIX/LL,RANGE,77.7,True,True,498,41,89.1,1789706700000,LOW,0.096433,5.55,,,,0.0964015,5.58,2,0,2,0.10203,0.0964015,HIGH_SWEEP,27,0.10206,False,False,0.8434,499,native,51.56,NORMAL,48.14,44.0,True,300,47.3,BULL,BOS UP,LH/MIX,LH/LL,TR UP,64.3,True,True,498,24,22.3,1789706700000,LOW,0.09539,4.84,,,,0.10001,0.97,2,0,1,0.10203,0.10001,HIGH_SWEEP,22,0.10114,False,False,1.1837,499,native,70.23,NORMAL,63.19,66.33,True,300,74.6,BEAR,BOS DN,HH/HL,HH/HL,TR DN,88.7,True,True,498,65,27.4,1789655400000,HIGH,0.10999,3.83,0.109785,3.74,2,,,,1,0,0.109785,0.094,LOW_SWEEP,67,0.1007,False,False,2.2834,499,native,65.53,NORMAL,72.05,87.67,True,300,26.8,BULL,BOS UP,LH/LL,MIX/HL,RANGE,84.5,True,True,498,44,42.2,1789552800000,LOW,0.060024,6.31,,,,0.060025499999999996,6.31,2,0,1,0.121362,0.060025499999999996,HIGH_SWEEP,45,0.076341,False,False,6.4384,499,native,57.77,NORMAL,57.67,58.67,True,300,75.0,BULL,BOS UP,HH/MIX,HH/HL,EXP UP,78.0,True,True,498,11,96.7,1789545600000,LOW,0.0675,2.26,,,,0.0154205,5.75,2,0,1,0.139078,0.0154205,HIGH_SWEEP,52,0.085989,False,False,15.2143,2899,1397,3320.26,5514.86,-2194.6,-24.84,37.58,13.5,DOWN,211,101,8835.12,12.9,60.0,1.0,True,0,0.0,0,0.0,0.0,42.5,0.205,0.487,1.0,0.952,20737.24,11086.68,9650.56,30.32,65.16,89.6,UP,816,440,31823.93,48.9,300.0,1.0,True,1,5200.14,0,0.0,5200.14,65.5,0.495,0.626,1.0,0.99,55821.02,69912.61,-14091.58,-11.21,44.4,28.9,DOWN,2594,1397,125733.63,211.8,638.5,0.7094,False,1,5200.14,2,35515.93,-30315.79,79.4,0.809,0.775,0.709,0.997,-3613.75,-2317.91,,-32.51,-3.6,0.6428,-239.63,-0.0508,1850.18,0.2907,0.4439,DOWN,1789713918675,BUY,5200.14,0.10101665651346205,1789714080000,ok,1.0,1.0,1.0,continuous,1,101,0,,0,0,0,0,False,224,0.10115,0.10118,2.965,0.277,0.0751,0.4707,2313.01,1989.96,20.26,1789714158240,566,False,,,,
2,v2,v1.2,REALF_PY_V4_2_DERIVED,ZPTDIFAT_PY_V1_4_DERIVED,fc-v1,native,,058e38aec59f4c35,20260918_064430,96,OG_20260918_064922_365,OGUSDT,BINANCE,FUTURES,OUTSIDE100,523,500,1789714162365,2026-09-18T06:49:22.365+00:00,17,True,1789714161516,1789714162365,60.1,1789714140000,1789714199999,False,21.5,2.751,0.0,29.1,STRONG LAG,True,500,21.6,34.9,31.4,43.8,0.00549,-1.09,0.39,0.00063,0.222,0.31,49.3,40.0,56.9,YOK,13.3,1.0,2.766149124759535,0.551,CLV_PROXY_1M,0,0.0,100.0,29.1,28.8,37.2,39.0,0.3,-8.1,-9.9,0.00549,-0.00044,0.00017,0.00088,48.26,53.18,58.0,55.11,-4.92,-9.74,-6.85,41.99,24.67,500,native,48.26,NORMAL,41.99,24.67,True,300,90.3,BULL,BOS UP,HH/HL,HH/HL,SQZ,88.8,True,True,499,5,69.0,1789713840000,LOW,2.749,0.9,,,,2.748,1.35,2,0,3,2.757,2.748,HIGH_SWEEP,74,2.76,False,False,0.0807,499,native,50.86,NORMAL,45.27,28.33,True,300,57.8,BULL,BOS UP,LH/MIX,MIX/HL,RANGE,79.6,True,True,498,2,60.2,1789713720000,LOW,2.746,1.1,,,,2.746,1.1,2,0,3,2.754,2.746,HIGH_SWEEP,56,2.746,False,False,0.1651,499,native,43.05,NORMAL,42.77,27.33,True,300,67.8,BULL,BOS UP,MIX/HL,LH/MIX,TR UP,73.6,True,True,498,19,39.4,1789708200000,LOW,2.732,3.04,,,,2.679,11.51,2,0,2,2.756,2.679,HIGH_SWEEP,21,2.759,False,False,0.2271,499,native,59.59,NORMAL,53.37,47.33,True,300,85.9,BULL,BOS UP,HH/HL,HH/HL,TR UP,87.3,True,True,498,7,35.2,1789707600000,LOW,2.679,7.18,,,,2.6635,8.73,2,0,1,2.769,2.6635,HIGH_SWEEP,6,2.759,False,False,0.3636,499,native,90.51,ASIRI,88.19,94.0,True,300,74.4,BULL,BOS UP,MIX/HL,MIX/HL,RANGE,73.4,True,True,498,7,58.0,1789686000000,LOW,2.662,4.5,,,,2.6,7.64,2,0,1,2.7,2.6,HIGH_SWEEP,30,2.712,False,False,0.7193,499,native,78.77,YORGUN,87.74,92.67,True,300,75.1,BULL,BOS UP,MIX/HL,HH/HL,SQZ,73.2,True,True,498,1,52.4,1789689600000,LOW,2.61,3.18,2.9825,5.22,3,2.5975,3.46,2,2,2,2.9825,2.5975,EQH_SWEEP,87,2.9425,False,False,1.6159,8177,89,129.3,696.34,-567.05,-68.68,15.66,5.2,DOWN,17,7,825.64,3.1,60.0,1.0,True,0,0.0,0,0.0,0.0,20.3,0.058,0.229,1.0,0.864,2884.76,1416.15,1468.61,34.15,67.07,91.1,UP,126,33,4300.9,9.8,300.0,1.0,True,2,1535.88,1,554.36,981.53,37.0,0.164,0.408,1.0,0.973,5698.13,1512.38,4185.75,58.05,79.03,94.5,UP,302,83,7210.52,15.3,900.0,1.0,True,4,3114.6,1,554.36,2560.24,44.4,0.234,0.464,1.0,0.991,-567.05,-601.16,-545.88,,-12.31,1.0,-152.44,-0.4978,206.72,0.2403,0.7109,DOWN,1789713888940,SELL,554.36,2.751160297766749,1789714080000,ok,1.0,1.0,1.0,continuous,1,7,0,,0,0,0,0,False,258,2.75,2.752,7.27,2.637,0.2311,-0.0498,23317.79,14563.6,72.7,1789714160907,1458,False,,REALF_PRICE_LAG,,
2,v2,v1.2,REALF_PY_V4_2_DERIVED,ZPTDIFAT_PY_V1_4_DERIVED,fc-v1,native,,058e38aec59f4c35,20260918_064430,97,ZORA_20260918_064925_260,ZORAUSDT,BINANCE,FUTURES,OUTSIDE100,612,500,1789714165260,2026-09-18T06:49:25.260+00:00,17,True,1789714165057,1789714165260,60.4,1789714140000,1789714199999,False,25.1,0.007886,0.0,47.8,FAIR (DENGE),True,500,47.2,48.3,47.4,50.0,0.00066,-0.16,0.18,0.00159,0.517,0.0,0.3,55.0,12.6,YOK,1.1,1.0,0.0078912064126545,0.066,CLV_PROXY_1M,0,0.0033,99.7,47.8,48.6,47.2,47.4,-0.8,0.6,0.4,0.00066,-0.0001,0.00037,0.00047,61.27,66.12,71.12,76.06,-4.85,-9.85,-14.79,50.21,49.33,500,native,61.27,NORMAL,50.21,49.33,True,300,83.3,TR-UP,CHOCH UP,HH/HL,HH/HL,TR-UP,86.9,True,True,499,9,64.1,1789713600000,LOW,0.007851,3.56,,,,0.007775499999999999,11.23,2,0,1,0.007903,0.007775499999999999,HIGH_SWEEP,1,0.007903,True,False,0.1248,499,native,67.48,NORMAL,67.02,66.33,True,300,89.7,BULL,BOS UP,HH/HL,HH/HL,RANGE,87.7,True,True,498,3,56.3,1789713540000,LOW,0.007842,2.42,,,,,,,0,0,0.007897,0.007842,HIGH_SWEEP,2,0.007897,False,True,0.2405,499,native,68.29,NORMAL,74.98,77.67,True,300,86.5,BULL,BOS UP,HH/HL,HH/HL,RANGE,84.8,True,True,498,9,63.8,1789711200000,LOW,0.007813,2.83,,,,,,,0,0,0.007897,0.007842,HIGH_SWEEP,1,0.007897,True,True,0.3272,499,native,43.91,NORMAL,45.32,42.0,True,300,81.8,BULL,BOS UP,HH/HL,MIX/HL,RANGE,87.5,True,True,498,21,74.9,1789695000000,LOW,0.007527,6.8,,,,,,,0,0,0.00802,0.007813,LOW_SWEEP,25,0.007571,False,False,0.6689,499,native,79.42,YORGUN,73.57,86.0,True,300,73.8,BEAR,BOS DN,HH/HL,HH/MIX,TR DN,86.4,True,True,498,69,59.5,1789462800000,HIGH,0.007987,0.81,0.009008,9.17,2,0.007187,5.74,2,1,1,0.009008,0.007187,LOW_SWEEP,126,0.008102,False,False,1.5567,499,native,71.69,NORMAL,77.84,86.33,True,300,18.0,TR-DN,CHOCH DN,LH/LL,LH/LL,TR-DN,90.3,True,True,498,16,65.9,1789473600000,HIGH,0.008968,4.08,,,,0.0058755000000000005,7.6,2,0,2,0.008336,0.0058755000000000005,HIGH_SWEEP,29,0.008437,False,False,3.3227,3184,286,41.93,1088.85,-1046.92,-92.58,3.71,5.0,DOWN,32,12,1130.77,3.1,60.0,1.0,True,0,0.0,1,1082.25,-1082.25,21.4,0.059,0.263,1.0,0.947,1580.46,2615.62,-1035.16,-24.67,37.67,13.6,DOWN,148,83,4196.08,22.5,300.0,1.0,True,0,0.0,1,1082.25,-1082.25,47.8,0.311,0.406,1.0,0.989,14473.32,8456.61,6016.71,26.24,63.12,87.4,UP,576,253,22929.93,40.7,900.0,1.0,True,8,8796.36,4,3558.46,5237.9,61.9,0.449,0.59,1.0,0.996,-1232.26,-375.85,-1232.61,-55.65,-3.51,1.0,-343.13,-0.2788,-146.64,-0.1747,-0.4135,NONE,1789714134161,SELL,1082.25,0.007884578095744603,1789714080000,ok,1.0,1.0,1.0,continuous,1,12,0,,0,0,0,0,False,292,0.007886,0.007888,2.536,0.96,-0.1304,0.2043,17551.19,22816.47,25.36,1789714163278,1982,False,,,,
2,v2,v1.2,REALF_PY_V4_2_DERIVED,ZPTDIFAT_PY_V1_4_DERIVED,fc-v1,native,,058e38aec59f4c35,20260918_064430,98,TNSR_20260918_064928_379,TNSRUSDT,BINANCE,FUTURES,OUTSIDE100,738,200,1789714168379,2026-09-18T06:49:28.379+00:00,17,True,1789714167989,1789714168379,60.5,1789714140000,1789714199999,False,28.0,0.03518,-0.0568,56.7,FAIR (DENGE),True,500,59.0,55.1,56.5,51.1,-0.00195,0.67,0.45,0.00134,0.527,0.29,14.0,50.0,-15.7,YOK,3.9,1.0,0.03511157976774558,-0.194,CLV_PROXY_1M,0,0.0,100.0,56.7,57.4,52.9,52.7,-0.7,3.8,4.0,-0.00195,0.00065,-0.00028,-3e-05,71.89,70.82,51.16,47.56,1.07,20.73,24.33,72.55,78.67,500,native,71.89,NORMAL,72.55,78.67,True,300,46.8,BULL,BOS UP,LH/LL,LH/MIX,SQZ,84.6,True,True,499,2,58.2,1789714020000,LOW,0.03512,2.26,,,,0.03507,4.14,2,0,1,0.03518,0.03507,HIGH_SWEEP,21,0.03515,False,False,0.0756,499,native,63.65,NORMAL,70.18,72.67,True,300,74.8,BULL,BOS UP,HH/MIX,HH/HL,RANGE,70.5,True,True,498,9,70.7,1789712460000,LOW,0.03507,1.72,,,,0.03507,1.72,3,0,1,0.03521,0.03507,HIGH_SWEEP,7,0.03517,False,False,0.1816,499,native,51.32,NORMAL,65.27,64.33,True,300,29.0,BULL,BOS UP,LH/LL,HH/MIX,RANGE,78.1,True,True,498,44,51.5,1789700700000,LOW,0.03481,4.18,,,,0.03454,7.23,2,0,2,0.03536,0.03454,HIGH_SWEEP,49,0.03498,False,False,0.2519,499,native,39.22,NORMAL,40.47,39.67,True,300,83.8,BULL,BOS UP,HH/HL,MIX/HL,RANGE,93.4,True,True,498,20,59.8,1789695900000,LOW,0.03454,3.72,,,,0.034375,4.68,2,0,1,0.03583,0.034375,HIGH_SWEEP,17,0.03497,False,False,0.4898,499,native,74.9,YORGUN,61.13,69.67,True,300,74.8,BULL,BOS UP,MIX/HL,MIX/HL,TR UP,73.8,True,True,498,5,52.8,1789693200000,LOW,0.03405,2.88,,,,,,,0,0,0.03497,0.03438,LOW_SWEEP,36,0.03304,False,False,1.1171,499,native,78.33,YORGUN,78.33,87.33,True,300,76.4,BULL,BOS UP,HH/MIX,HH/HL,RANGE,71.9,True,True,498,1,56.6,1789689600000,LOW,0.03258,3.35,0.037065,2.43,2,0.029225,7.66,2,1,1,0.037065,0.029225,EQH_SWEEP,59,0.037065,False,False,2.178,24104,87,97.21,178.32,-81.11,-29.44,35.28,10.8,DOWN,20,5,275.53,2.8,60.0,1.0,True,0,0.0,0,0.0,0.0,15.2,0.054,0.11,1.0,0.598,1043.36,293.07,750.28,56.14,78.07,94.5,UP,65,31,1336.43,9.7,300.0,1.0,True,1,320.07,0,0.0,320.07,32.7,0.162,0.281,1.0,0.92,3651.39,1527.13,2124.26,41.02,70.51,92.9,UP,206,85,5178.52,26.3,900.0,1.0,True,6,2079.92,2,601.32,1478.6,50.5,0.345,0.429,1.0,0.973,-165.13,-88.48,477.66,-44.52,-10.78,1.0,36.06,0.1858,180.83,0.6765,0.7757,NONE,1789713987963,BUY,320.07,0.03517,1789714080000,ok,1.0,1.0,1.0,continuous,1,5,0,,0,0,0,0,False,326,0.03518,0.0352,5.683,0.772,0.0157,-0.0935,18085.26,17527.36,56.83,1789714167600,779,False,,,,
2,v2,v1.2,REALF_PY_V4_2_DERIVED,ZPTDIFAT_PY_V1_4_DERIVED,fc-v1,native,,058e38aec59f4c35,20260918_064430,99,VELVET_20260918_064931_490,VELVETUSDT,BINANCE,FUTURES,OUTSIDE100,761,200,1789714171490,2026-09-18T06:49:31.490+00:00,17,True,1789714171070,1789714171490,61.0,1789714140000,1789714199999,False,31.1,0.05539,0.0361,38.2,PRICE LAG,True,500,32.7,48.2,32.3,49.9,0.00105,-1.7,-0.16,0.002,0.368,0.03,1.0,60.0,-3.3,YOK,15.9,1.0,0.05544810864748509,0.105,CLV_PROXY_1M,0,0.0,100.0,38.2,36.0,39.0,48.4,2.2,-0.8,-10.2,0.00105,-0.00024,0.00163,0.00564,19.76,23.49,44.2,53.15,-3.73,-24.44,-33.39,13.67,5.0,500,native,19.76,DINLENMIS,13.67,5.0,True,300,39.0,BEAR,BOS DN,MIX/HL,LH/LL,RANGE,74.9,True,True,499,2,70.0,1789714020000,HIGH,0.05589,3.18,0.056855,9.33,2,,,,1,0,0.056855,0.05553,EQL_SWEEP,77,0.055625,False,False,0.2836,499,native,29.03,DINLENMIS,17.72,12.33,True,300,39.5,BEAR,BOS DN,HH/MIX,LH/LL,RANGE,73.8,True,True,498,1,51.7,1789713900000,HIGH,0.05615,2.8,,,,,,,0,0,0.05615,0.05544,LOW_SWEEP,7,0.05556,False,False,0.4702,499,native,34.53,NORMAL,23.01,9.33,True,300,17.1,BEAR,BOS DN,LH/LL,HH/MIX,RANGE,86.8,True,True,498,16,49.3,1789709100000,HIGH,0.05671,4.31,,,,0.0515,12.7,2,0,1,0.05615,0.0515,HIGH_SWEEP,28,0.05618,False,False,0.5498,499,native,29.57,DINLENMIS,22.31,11.33,True,300,70.9,BULL,BOS UP,HH/MIX,HH/MIX,RANGE,71.4,True,True,498,9,44.5,1789705800000,LOW,0.05548,-0.16,,,,0.0515,7.03,3,0,1,0.05671,0.0515,HIGH_SWEEP,8,0.05649,False,False,0.9931,499,native,33.05,NORMAL,25.55,23.33,True,300,70.4,BULL,BOS UP,HH/MIX,LH/LL,TR UP,75.1,True,True,498,14,40.8,1789660800000,LOW,0.0494,4.5,,,,,,,0,0,0.06014,0.0494,HIGH_SWEEP,13,0.05886,False,False,2.3885,499,native,78.46,YORGUN,65.0,84.33,True,300,48.0,BEAR,BOS DN,MIX/HL,HH/HL,TR DN,65.7,True,True,498,16,34.6,1789473600000,HIGH,0.0633,3.09,,,,,,,0,0,0.0536,0.0494,HIGH_SWEEP,6,0.0536,False,False,4.6002,2821,1004,239.98,1107.73,-867.75,-64.39,17.81,5.3,DOWN,60,28,1347.71,10.5,60.0,1.0,True,0,0.0,1,776.42,-776.42,33.8,0.174,0.282,1.0,0.953,7864.62,26911.65,-19047.03,-54.77,22.61,5.6,DOWN,682,297,34776.28,32.4,300.0,1.0,True,7,4681.12,19,23718.89,-19037.77,60.0,0.393,0.635,1.0,0.991,52483.93,65879.18,-13395.25,-11.32,44.34,28.7,DOWN,2345,957,118363.11,133.8,900.0,1.0,True,51,45631.56,39,58024.39,-12392.83,81.3,0.728,0.768,1.0,0.997,161.56,-1773.6,-923.9,-16.87,-4.89,1.0,-3377.58,-0.4831,-3955.89,-0.5688,-0.4547,NONE,1789714119584,SELL,776.42,0.05535964848484848,1789714080000,ok,1.0,1.0,1.0,continuous,1,28,0,,0,0,0,0,False,360,0.05542,0.05543,1.804,0.042,0.2269,-0.0875,20944.45,13197.52,36.99,1789714170889,601,False,,FATIGUE_RESTED_1M,,
2,v2,v1.2,REALF_PY_V4_2_DERIVED,ZPTDIFAT_PY_V1_4_DERIVED,fc-v1,native,,058e38aec59f4c35,20260918_064430,100,ZKC_20260918_064934_201,ZKCUSDT,BINANCE,FUTURES,OUTSIDE100,1142,200,1789714174201,2026-09-18T06:49:34.201+00:00,17,True,1789714174186,1789714174201,61.1,1789714140000,1789714199999,False,34.2,0.03852,-0.1296,40.0,PRICE LAG,True,500,38.1,40.4,41.3,45.1,0.00339,1.46,1.83,0.0015,0.442,0.96,44.3,70.0,48.1,YOK,3.2,1.0,0.03865092643008509,0.34,CLV_PROXY_1M,0,0.0,100.0,40.0,40.4,43.9,42.9,-0.4,-3.9,-2.9,0.00339,0.0,0.00045,0.00033,85.33,84.5,73.14,64.15,0.83,12.19,21.18,84.54,93.67,500,native,85.33,ASIRI,84.54,93.67,True,300,51.6,BULL,BOS UP,LH/LL,HH/HL,RANGE,93.3,True,True,499,1,100.0,1789714080000,LOW,0.0383,4.49,,,,,,,0,0,0.03846,0.0383,LOW_SWEEP,14,0.03835,False,False,0.1271,499,native,66.56,NORMAL,90.67,95.67,True,300,42.5,BULL,BOS UP,LH/MIX,EQ/RANGE,RANGE,74.7,True,True,498,37,58.8,1789707420000,LOW,0.03801,6.0,,,,0.038305,2.53,2,0,2,0.03855,0.038305,HIGH_SWEEP,35,0.03865,False,True,0.2209,499,native,46.85,NORMAL,74.65,79.0,True,300,67.1,BULL,BOS UP,MIX/HL,LH/MIX,RANGE,74.3,True,True,498,22,50.4,1789707300000,LOW,0.03801,4.1,,,,,,,0,0,0.03855,0.03831,HIGH_SWEEP,21,0.03869,False,True,0.3237,499,native,51.41,NORMAL,55.11,71.67,True,300,87.9,BULL,BOS UP,HH/HL,HH/HL,RANGE,90.3,True,True,498,8,52.3,1789706700000,LOW,0.03789,2.42,0.049025,40.43,2,0.037065,5.6,2,1,1,0.049025,0.037065,LOW_SWEEP,153,0.03752,False,False,0.6768,499,native,75.54,YORGUN,69.37,82.0,True,300,58.0,BEAR,BOS DN,MIX/HL,HH/HL,TR DN,64.1,True,True,498,53,61.2,1789520400000,HIGH,0.04772,16.42,0.05792,34.63,2,,,,1,0,0.05792,0.03718,EQH_SWEEP,6,0.03827,False,False,1.4589,499,native,43.99,NORMAL,52.13,58.33,True,300,15.6,BEAR,BOS DN,LH/LL,LH/MIX,TR DN,90.7,True,True,498,18,73.5,1789444800000,HIGH,0.04904,8.36,,,,0.036074999999999996,1.94,2,0,1,0.03878,0.036074999999999996,HIGH_SWEEP,1,0.03878,True,False,3.2744,102,403,2833.07,3200.61,-367.54,-6.09,46.95,37.8,DOWN,119,61,6033.68,14.3,60.0,1.0,True,4,1882.8,4,2897.95,-1015.15,43.0,0.222,0.445,1.0,0.998,6267.07,3949.41,2317.66,22.69,61.34,84.8,UP,273,152,10216.47,33.7,300.0,1.0,True,7,2865.43,5,3107.87,-242.44,56.5,0.403,0.502,1.0,1.0,13760.57,8282.18,5478.39,24.85,62.43,86.5,UP,641,345,22042.76,74.3,900.0,1.0,True,17,8169.81,8,5055.23,3114.58,69.3,0.598,0.586,1.0,1.0,-950.16,1267.06,-474.87,-21.9,2.65,1.0,310.38,0.1097,556.17,0.2722,-0.017,NONE,1789714152365,SELL,932.28,0.0385367720734127,1789714080000,ok,1.0,1.0,1.0,continuous,1,62,0,,0,0,0,0,False,394,0.03851,0.03853,5.192,1.703,-0.2324,0.2072,13522.79,21710.72,51.92,1789714174021,180,False,,FATIGUE_EXTREME,,
2,v2,v1.2,REALF_PY_V4_2_DERIVED,ZPTDIFAT_PY_V1_4_DERIVED,fc-v1,native,,058e38aec59f4c35,20260918_064430,101,ETH_20260918_064940_084,ETHUSDT,BINANCE,FUTURES,TOP100,2,75000,1789714180084,2026-09-18T06:49:40.084+00:00,17,True,1789714179897,1789714180084,61.4,1789714140000,1789714199999,False,39.9,2484.23,0.0,62.4,PRICE AHEAD,True,500,66.3,58.8,64.2,50.8,-0.00191,-0.2,-1.1,0.00116,0.7,0.37,1.7,60.0,-3.7,YOK,7.5,1.0,2479.499003974446,-0.19,CLV_PROXY_1M,0,0.0,100.0,62.4,61.4,54.5,51.8,1.0,7.9,10.6,-0.00191,0.00012,-0.00091,-0.00102,62.58,65.55,66.46,60.23,-2.97,-3.88,2.35,56.68,53.33,500,native,62.58,NORMAL,56.68,53.33,True,300,34.9,BULL,BOS UP,LH/LL,MIX/HL,SQZ,85.9,True,True,499,27,63.9,1789712520000,LOW,2481.26,2.13,,,,2469.0299999999997,10.9,2,0,2,2486.1,2469.0299999999997,HIGH_SWEEP,26,2486.11,False,False,0.0561,499,native,58.98,NORMAL,59.27,60.0,True,300,59.3,BULL,BOS UP,MIX/HL,LH/MIX,RANGE,74.3,True,True,498,38,76.1,1789707240000,LOW,2469.0,4.84,2486.685,0.78,2,,,,1,0,2486.685,2480.9,HIGH_SWEEP,9,2486.49,False,False,0.1266,499,native,51.14,NORMAL,54.32,50.33,True,300,69.2,BULL,BOS UP,MIX/HL,MIX/LL,TR UP,75.1,True,True,498,19,61.2,1789708200000,LOW,2469.0,3.26,,,,2365.835,25.32,2,0,1,2486.88,2365.835,HIGH_SWEEP,20,2482.2,False,False,0.1882,499,native,64.78,NORMAL,60.69,61.33,True,300,72.9,BULL,BOS UP,HH/MIX,HH/HL,TR UP,74.1,True,True,498,7,39.9,1789707600000,LOW,2435.39,6.14,,,,2435.74,6.09,2,0,1,2492.55,2435.74,HIGH_SWEEP,6,2484.99,False,False,0.3202,499,native,79.78,YORGUN,87.28,97.33,True,300,73.3,BEAR,BOS DN,HH/HL,HH/MIX,TR DN,84.8,True,True,498,65,44.7,1789477200000,HIGH,2614.99,7.66,,,,,,,0,0,2484.0,2435.39,HIGH_SWEEP,1,2484.0,True,False,0.6888,499,native,65.59,NORMAL,76.92,88.0,True,300,51.7,TR-DN,CHOCH DN,MIX/HL,MIX/HL,TR-DN,70.6,True,True,498,14,32.7,1789502400000,HIGH,2614.99,3.28,,,,1862.655,15.59,2,0,2,2614.99,1862.655,HIGH_SWEEP,38,2522.75,False,False,1.6086,709,3577,436189.41,1129883.26,-693693.86,-44.3,27.85,6.6,DOWN,1604,389,1566072.67,21.5,60.0,1.0,True,1,81325.47,3,454888.38,-373562.91,61.8,0.301,1.0,1.0,0.988,8165367.78,7450873.81,714493.97,4.58,52.29,59.2,UP,10733,2536,15616241.59,67.2,300.0,1.0,True,16,5567837.63,24,4054684.21,1513153.42,80.0,0.573,1.0,1.0,0.998,9767877.02,10285135.48,-517258.45,-2.58,48.71,44.7,FLAT,14985,3577,20053012.5,99.3,474.4,0.5271,False,21,6508284.95,34,5533956.54,974328.41,74.7,0.665,1.0,0.527,0.999,-888813.03,-150656.79,,-28.03,-0.51,0.4605,-135326.49,-0.0536,214395.13,0.0686,0.0683,DOWN,1789714167520,SELL,78028.58,2484.67,1789714080000,ok,1.0,1.0007,1.0,continuous,1,393,0,,0,0,0,0,False,428,2484.18,2484.19,0.04,-0.02,-0.8855,-0.9788,66698.82,1098323.63,0.78,1789714179724,360,False,,AGGRESSIVE_SELLER,,
2,v2,v1.2,REALF_PY_V4_2_DERIVED,ZPTDIFAT_PY_V1_4_DERIVED,fc-v1,native,,058e38aec59f4c35,20260918_064430,102,BNB_20260918_064943_210,BNBUSDT,BINANCE,FUTURES,TOP100,4,25000,1789714183210,2026-09-18T06:49:43.210+00:00,17,True,1789714182804,1789714183210,62.0,1789714140000,1789714199999,False,42.8,753.64,0.0372,38.9,PRICE LAG,True,500,34.9,42.2,38.6,48.5,0.00162,-0.2,0.83,0.00096,0.68,0.49,6.0,55.0,7.9,YOK,7.3,1.0,754.8616058470719,0.162,CLV_PROXY_1M,0,0.0,100.0,38.9,40.0,36.8,50.6,-1.1,2.1,-11.7,0.00162,-2e-05,-0.00044,0.001,56.8,58.45,67.5,64.59,-1.65,-10.7,-7.79,54.91,48.33,500,native,56.8,NORMAL,54.91,48.33,True,300,18.5,BEAR,BOS DN,LH/LL,MIX/HL,SQZ,87.5,True,True,499,20,52.5,1789712940000,HIGH,754.74,2.91,,,,735.76,47.28,2,0,1,754.18,735.76,HIGH_SWEEP,27,754.62,False,False,0.0502,499,native,40.23,NORMAL,46.36,29.67,True,300,83.7,BULL,BOS UP,HH/HL,MIX/HL,RANGE,86.8,True,True,498,15,53.9,1789711380000,LOW,751.67,2.2,,,,733.985,21.95,2,0,2,755.98,733.985,HIGH_SWEEP,30,753.4,False,False,0.1189,499,native,48.76,NORMAL,52.6,44.0,True,300,70.6,BULL,BOS UP,HH/MIX,HH/MIX,TR UP,80.5,True,True,498,19,50.9,1789708200000,LOW,749.39,3.05,,,,751.405,1.6,2,0,2,755.98,751.405,HIGH_SWEEP,8,755.08,False,False,0.1847,499,native,56.73,NORMAL,57.79,48.33,True,300,78.2,BULL,BOS UP,HH/HL,HH/HL,TR UP,91.5,True,True,498,30,31.8,1789686900000,LOW,733.95,7.86,,,,,,,0,0,754.71,733.95,HIGH_SWEEP,6,754.71,False,False,0.3323,499,native,94.08,ASIRI,90.67,95.33,True,300,72.9,BULL,BOS UP,HH/MIX,HH/MIX,TR UP,76.1,True,True,498,10,47.2,1789675200000,LOW,721.24,7.05,,,,,,,0,0,732.95,721.24,HIGH_SWEEP,18,729.58,False,False,0.6104,499,native,88.97,ASIRI,96.22,95.67,True,300,40.4,BULL,BOS UP,LH/LL,HH/HL,RANGE,86.1,True,True,498,4,31.3,1789646400000,LOW,704.34,5.24,,,,,,,0,0,725.94,704.34,HIGH_SWEEP,6,725.94,False,False,1.2519,2563,1636,79551.92,90351.11,-10799.19,-6.36,46.82,37.3,DOWN,625,104,169903.03,12.9,60.0,1.0,True,0,0.0,0,0.0,0.0,49.6,0.205,0.808,1.0,0.957,393662.15,811357.0,-417694.85,-34.66,32.67,8.7,DOWN,3269,625,1205019.14,90.2,300.0,1.0,True,1,49790.14,8,369034.6,-319244.46,83.8,0.643,1.0,1.0,0.991,1172445.26,1378270.6,-205825.35,-8.07,45.97,34.2,DOWN,7832,1636,2550715.86,189.5,786.6,0.874,False,5,200004.49,13,575810.26,-375805.77,88.6,0.791,1.0,0.874,0.997,-23298.71,-12577.45,,-9.13,1.48,0.8074,-56321.34,-0.3441,-75113.68,-0.3117,-0.3825,NONE,1789714055014,SELL,36492.02,753.5003406979147,1789714080000,ok,1.0,1.0,1.0,continuous,1,105,0,,0,0,0,0,False,462,753.64,753.65,0.133,0.047,0.4569,0.9067,222357.5,82885.51,2.59,1789714182629,581,False,,,,
2,v2,v1.2,REALF_PY_V4_2_DERIVED,ZPTDIFAT_PY_V1_4_DERIVED,fc-v1,native,,058e38aec59f4c35,20260918_064430,103,XRP_20260918_064946_141,XRPUSDT,BINANCE,FUTURES,TOP100,5,25000,1789714186141,2026-09-18T06:49:46.141+00:00,17,True,1789714185913,1789714186141,62.3,1789714140000,1789714199999,False,45.9,1.3221,-0.068,47.4,FAIR (DENGE),True,500,45.4,55.3,40.9,49.9,-0.00152,-0.39,0.6,0.00149,0.724,0.15,0.7,60.0,-0.5,YOK,14.4,0.493,1.3200972903547818,-0.151,CLV_PROXY_1M,0,0.0,100.0,47.4,51.9,50.3,60.0,-4.5,-2.9,-12.6,-0.00152,0.00054,0.00053,0.00223,58.19,66.79,71.38,69.07,-8.6,-13.19,-10.88,40.88,31.67,500,native,58.19,NORMAL,40.88,31.67,True,300,86.2,TR-UP,CHOCH UP,HH/HL,MIX/HL,SQZ,92.0,True,True,499,3,53.1,1789713960000,LOW,1.3208,1.04,,,,1.3032,15.15,2,0,2,1.3245,1.3032,HIGH_SWEEP,13,1.3232,False,False,0.0943,499,native,72.98,YORGUN,64.87,69.33,True,300,40.6,BULL,BOS UP,LH/LL,HH/HL,RANGE,87.7,True,True,498,3,29.6,1789713540000,LOW,1.3164,2.31,,,,,,,0,0,1.3228,1.3164,HIGH_SWEEP,7,1.3228,False,True,0.1862,499,native,66.68,NORMAL,69.84,74.67,True,300,60.5,BULL,BOS UP,MIX/HL,LH/LL,RANGE,74.0,True,True,498,36,67.7,1789703100000,LOW,1.3045,5.25,,,,,,,0,0,1.3228,1.3164,HIGH_SWEEP,4,1.3228,False,True,0.2536,499,native,58.07,NORMAL,56.3,60.67,True,300,76.5,TR-UP,CHOCH UP,HH/HL,MIX/HL,TR-UP,84.3,True,True,498,23,25.8,1789693200000,LOW,1.2867,6.42,,,,,,,0,0,1.3286,1.3133,HIGH_SWEEP,24,1.3002,False,False,0.4171,499,native,80.68,YORGUN,80.22,92.0,True,300,74.1,TR-UP,CHOCH UP,HH/MIX,HH/MIX,TR-UP,74.3,True,True,498,3,82.2,1789700400000,LOW,1.2867,2.92,,,,,,,0,0,1.3201,1.2867,HIGH_SWEEP,1,1.3201,True,False,0.9194,499,native,49.57,NORMAL,58.65,74.67,True,300,47.1,TR-DN,CHOCH DN,HH/MIX,MIX/LL,TR-DN,75.8,True,True,498,15,73.1,1789488000000,HIGH,1.4916,5.33,1.5507,7.19,2,0.98775,10.51,2,1,1,1.5507,0.98775,EQH_SWEEP,57,1.43175,False,False,2.3989,491,1851,55722.52,126202.25,-70479.73,-38.74,30.63,7.6,DOWN,697,99,181924.76,15.5,60.0,1.0,True,0,0.0,0,0.0,0.0,52.8,0.237,0.815,1.0,0.992,1608930.12,1763412.95,-154482.83,-4.58,47.71,40.8,DOWN,5954,774,3372343.07,48.3,300.0,1.0,True,15,1027292.41,21,1185974.9,-158682.49,75.3,0.492,1.0,1.0,0.998,4581098.53,3882393.23,698705.3,8.26,54.13,66.1,UP,15700,1851,8463491.77,172.9,798.8,0.8876,False,47,3105274.08,43,2305242.15,800031.92,88.2,0.776,1.0,0.888,0.999,-15161.25,-406359.19,,-4.13,-5.51,0.8209,-124801.84,-0.2433,-9001.5,-0.0133,0.1655,DOWN,1789714101391,SELL,40385.33,1.3226,1789714080000,ok,1.0,1.0,1.0,continuous,1,100,0,,0,0,0,0,False,496,1.3222,1.3223,0.756,0.09,0.0391,-0.2239,1110892.94,1027306.09,14.75,1789714185746,395,False,,,,
2,v2,v1.2,REALF_PY_V4_2_DERIVED,ZPTDIFAT_PY_V1_4_DERIVED,fc-v1,native,,058e38aec59f4c35,20260918_064430,104,DOGE_20260918_064949_329,DOGEUSDT,BINANCE,FUTURES,TOP100,12,15000,1789714189329,2026-09-18T06:49:49.329+00:00,17,True,1789714189329,1789714189329,63.0,1789714140000,1789714199999,False,49.3,0.0842,0.0119,53.5,FAIR (DENGE),True,500,53.8,54.7,52.5,51.0,-0.00132,-0.54,-0.52,0.00135,0.669,0.68,20.7,50.0,-10.0,YOK,2.3,1.0,0.08408911256219717,-0.132,CLV_PROXY_1M,0,0.0,100.0,53.5,52.9,51.8,53.1,0.6,1.7,0.4,-0.00132,6e-05,-0.0001,0.00035,27.15,30.7,41.92,45.39,-3.55,-14.77,-18.24,22.96,9.33,500,native,27.15,DINLENMIS,22.96,9.33,True,300,58.0,BEAR,BOS DN,HH/HL,MIX/HL,SQZ,88.5,True,True,499,1,35.4,1789714080000,HIGH,0.08442,3.23,0.084395,2.86,2,0.08135,41.79,2,1,1,0.084395,0.08135,EQH_SWEEP,13,0.084395,False,False,0.081,499,native,40.49,NORMAL,32.27,24.0,True,300,60.1,BULL,BOS UP,MIX/HL,HH/HL,RANGE,73.3,True,True,498,37,48.5,1789707420000,LOW,0.08373,3.31,0.08449000000000001,2.04,2,,,,1,0,0.08449000000000001,0.08417,LOW_SWEEP,16,0.08419,False,False,0.1687,499,native,39.76,NORMAL,36.65,27.67,True,300,62.0,BULL,BOS UP,MIX/HL,MIX/HL,TR UP,80.0,True,True,498,36,93.1,1789703100000,LOW,0.08223,9.1,,,,0.07986,20.04,2,0,1,0.08448,0.07986,HIGH_SWEEP,20,0.08459,False,False,0.257,499,native,57.7,NORMAL,51.5,51.0,True,300,79.4,BULL,BOS UP,HH/HL,HH/HL,TR UP,84.7,True,True,498,22,43.6,1789694100000,LOW,0.08114,8.69,,,,0.080555,10.35,2,0,1,0.08469,0.080555,HIGH_SWEEP,65,0.08179,False,False,0.4181,499,native,88.75,ASIRI,84.47,96.33,True,300,89.8,BULL,BOS UP,HH/HL,LH/LL,TR UP,90.7,True,True,498,4,51.5,1789696800000,LOW,0.08114,4.22,,,,,,,0,0,0.08253,0.08114,HIGH_SWEEP,21,0.08134,False,False,0.8609,499,native,72.78,YORGUN,85.31,92.33,True,300,47.5,BEAR,BOS DN,HH/MIX,LH/MIX,TR DN,73.2,True,True,498,16,26.7,1789473600000,HIGH,0.08616,1.28,,,,0.07835,3.83,2,0,1,0.08616,0.07835,HIGH_SWEEP,20,0.08534,False,False,1.8093,291,1377,111760.66,25021.22,86739.43,63.41,81.71,94.7,UP,250,73,136781.88,4.1,60.0,1.0,True,2,84942.71,0,0.0,84942.71,33.0,0.075,0.784,1.0,0.995,350453.38,312975.65,37477.73,5.65,52.82,61.3,UP,2454,358,663429.03,36.6,300.0,1.0,True,8,200134.43,4,107181.09,92953.34,69.9,0.423,0.955,1.0,0.999,1486617.61,1317671.54,168946.08,6.02,53.01,62.0,UP,9425,1219,2804289.15,132.4,900.0,1.0,True,24,901266.37,21,618870.97,282395.4,88.0,0.726,1.0,1.0,1.0,104768.24,89497.09,110533.92,40.65,7.36,1.0,4207.4,0.0368,4059.21,0.0306,-0.0052,NONE,1789714152186,BUY,24735.51,0.08421,1789714080000,ok,1.0,1.0,1.0,continuous,1,75,0,,0,0,0,0,False,530,0.0842,0.08421,1.188,-0.51,0.1072,-0.391,1025335.03,826730.1,23.16,1789714188748,581,False,,FATIGUE_RESTED_1M|AGGRESSIVE_BUYER,,
2,v2,v1.2,REALF_PY_V4_2_DERIVED,ZPTDIFAT_PY_V1_4_DERIVED,fc-v1,native,,058e38aec59f4c35,20260918_064430,105,LINK_20260918_064952_218,LINKUSDT,BINANCE,FUTURES,TOP100,17,10000,1789714192218,2026-09-18T06:49:52.218+00:00,17,True,1789714192015,1789714192218,62.8,1789714140000,1789714199999,False,52.0,11.809,0.0,65.9,PRICE AHEAD,True,500,72.0,59.8,67.3,50.9,-0.0039,-0.94,-1.95,0.00172,0.661,0.26,2.0,55.0,-5.2,YOK,12.2,1.0,11.763053442325011,-0.389,CLV_PROXY_1M,0,0.0,100.0,65.9,65.6,59.8,55.8,0.3,6.1,10.1,-0.0039,4e-05,-0.00119,-0.00235,48.54,54.93,69.7,80.36,-6.39,-21.16,-31.82,38.46,22.33,500,native,48.54,NORMAL,38.46,22.33,True,300,87.0,BULL,BOS UP,HH/HL,HH/HL,RANGE,93.7,True,True,499,13,55.7,1789713360000,LOW,11.772,2.81,,,,11.377500000000001,32.72,2,0,1,11.837,11.377500000000001,HIGH_SWEEP,32,11.779,False,False,0.1117,499,native,76.25,YORGUN,66.8,64.0,True,300,43.6,BULL,BOS UP,LH/LL,HH/MIX,RANGE,88.3,True,True,498,9,67.9,1789712460000,LOW,11.705,3.83,,,,,,,0,0,11.776,11.705,HIGH_SWEEP,14,11.776,False,False,0.2296,499,native,76.13,YORGUN,75.75,75.0,True,300,76.2,BULL,BOS UP,HH/MIX,LH/LL,TR UP,75.7,True,True,498,2,46.5,1789713300000,LOW,11.705,2.66,,,,,,,0,0,11.817,11.705,HIGH_SWEEP,22,11.802,False,True,0.33,499,native,65.54,NORMAL,65.71,68.33,True,300,91.2,BULL,BOS UP,HH/HL,HH/HL,TR UP,88.4,True,True,498,1,59.4,1789713000000,LOW,11.647,2.58,,,,11.0905,11.28,2,0,1,11.817,11.0905,HIGH_SWEEP,65,11.34,False,True,0.5406,499,native,90.43,ASIRI,88.08,94.33,True,300,83.3,TR-UP,CHOCH UP,HH/HL,MIX/LL,TR-UP,86.0,True,True,498,5,51.0,1789693200000,LOW,11.089,5.97,12.7855,8.1,2,,,,1,0,12.7855,11.25,LOW_SWEEP,37,10.67,False,False,1.0287,499,native,75.85,YORGUN,88.7,92.33,True,300,17.7,BEAR,BOS DN,LH/LL,HH/MIX,RANGE,86.2,True,True,498,15,24.8,1789488000000,HIGH,11.961,0.59,,,,8.062,14.95,2,0,1,11.961,8.062,EQH_SWEEP,83,12.035499999999999,False,False,2.133,3171,1237,21524.44,16705.47,4818.97,12.61,56.3,73.3,UP,174,42,38229.91,9.1,60.0,1.0,True,0,0.0,1,10943.92,-10943.92,41.2,0.154,0.646,1.0,0.947,220915.31,305395.38,-84480.08,-16.05,41.97,22.0,DOWN,1791,332,526310.69,92.4,300.0,1.0,True,3,40315.76,7,151052.07,-110736.31,82.2,0.649,0.93,1.0,0.989,1198890.72,797934.72,400956.0,20.08,60.04,82.5,UP,6792,1148,1996825.45,285.8,900.0,1.0,True,22,521537.91,15,273240.44,248297.47,93.7,0.851,1.0,1.0,0.996,17963.03,-18236.79,24077.27,13.87,-2.18,1.0,-15320.0,-0.2049,-20842.2,-0.198,-0.0346,NONE,1789714151308,SELL,10943.92,11.809560073378655,1789714080000,ok,1.0,1.0,1.0,continuous,1,43,0,,0,0,0,0,False,564,11.812,11.813,0.847,-0.316,0.0439,-0.199,209121.95,191519.55,16.51,1789714191813,405,False,,,,
2,v2,v1.2,REALF_PY_V4_2_DERIVED,ZPTDIFAT_PY_V1_4_DERIVED,fc-v1,native,,058e38aec59f4c35,20260918_064430,106,ADA_20260918_064954_923,ADAUSDT,BINANCE,FUTURES,TOP100,19,10000,1789714194923,2026-09-18T06:49:54.923+00:00,17,True,1789714194923,1789714194923,63.0,1789714140000,1789714199999,False,54.9,0.2136,0.0,49.1,FAIR (DENGE),True,500,48.4,47.7,52.1,49.9,0.00097,-0.67,-0.81,0.00151,0.606,0.35,5.7,40.0,-6.5,YOK,4.5,0.511,0.2138076018061844,0.097,CLV_PROXY_1M,0,0.0,100.0,49.1,51.7,54.7,52.3,-2.6,-5.6,-3.2,0.00097,-5e-05,0.00018,-0.0006,56.57,63.09,74.84,70.29,-6.52,-18.27,-13.72,43.78,35.67,500,native,56.57,NORMAL,43.78,35.67,True,300,75.2,TR-UP,CHOCH UP,HH/HL,HH/HL,SQZ,89.8,True,True,499,34,50.5,1789712100000,LOW,0.2126,3.58,0.2151,5.36,2,,,,1,0,0.2151,0.2132,EQH_SWEEP,13,0.2138,False,False,0.1309,499,native,69.9,NORMAL,64.5,61.33,True,300,23.3,BEAR,BOS DN,LH/LL,MIX/HL,TR DN,86.5,True,True,498,30,70.8,1789708680000,HIGH,0.2173,6.88,,,,,,,0,0,0.2151,0.2121,LOW_SWEEP,50,0.2143,False,False,0.2517,499,native,61.02,NORMAL,65.0,66.33,True,300,20.2,TR-DN,CHOCH DN,LH/LL,LH/LL,TR-DN,85.4,True,True,498,11,28.1,1789710600000,HIGH,0.2151,2.02,,,,0.1903,31.45,3,0,1,0.2151,0.1903,HIGH_SWEEP,35,0.2159,False,False,0.3463,499,native,44.19,NORMAL,41.11,35.0,True,300,66.3,BULL,BOS UP,MIX/HL,LH/LL,TR UP,78.2,True,True,498,27,55.4,1789689600000,LOW,0.1997,9.37,0.21739999999999998,2.56,2,0.1972,11.06,2,1,2,0.21739999999999998,0.1972,HIGH_SWEEP,28,0.2027,False,False,0.6932,499,native,86.09,ASIRI,76.3,88.67,True,300,87.0,BULL,BOS UP,HH/HL,HH/HL,EXP UP,84.6,True,True,498,6,53.5,1789689600000,LOW,0.1901,7.58,,,,,,,0,0,0.2042,0.1997,EQH_SWEEP,29,0.19690000000000002,False,False,1.4575,499,native,75.76,YORGUN,88.18,90.0,True,300,41.5,TR-UP,CHOCH UP,LH/LL,LH/LL,TR-UP,84.5,True,True,498,1,52.5,1789689600000,LOW,0.1901,4.32,,,,,,,0,0,0.2159,0.1901,LOW_SWEEP,52,0.2148,False,True,2.5151,833,1086,40241.75,20817.23,19424.52,31.81,65.91,90.3,UP,247,75,61058.98,4.9,60.0,1.0,True,2,32867.91,1,12153.41,20714.5,34.2,0.09,0.696,1.0,0.986,290597.08,247173.93,43423.15,8.07,54.04,65.8,UP,1212,374,537771.0,14.4,300.0,1.0,True,8,234687.73,8,193861.24,40826.48,53.7,0.223,0.933,1.0,0.997,1130568.98,883196.67,247372.32,12.28,56.14,72.8,UP,4169,956,2013765.65,54.3,900.0,1.0,True,30,952130.03,22,703666.18,248463.85,77.0,0.521,1.0,1.0,0.999,-6285.57,8139.37,58222.46,-5.79,0.63,1.0,-2377.45,-0.0376,8097.54,0.0753,0.1503,DOWN,1789714180097,BUY,16972.23,0.2136,1789714080000,ok,1.0,1.0,1.0,continuous,1,79,0,,0,0,0,0,False,598,0.2136,0.2137,4.681,1.419,0.1423,-0.0352,2575967.92,1934110.02,91.27,1789714194743,180,False,,,,
2,v2,v1.2,REALF_PY_V4_2_DERIVED,ZPTDIFAT_PY_V1_4_DERIVED,fc-v1,native,,058e38aec59f4c35,20260918_064430,107,LTC_20260918_064958_036,LTCUSDT,BINANCE,FUTURES,TOP100,25,10000,1789714198036,2026-09-18T06:49:58.036+00:00,17,True,1789714198036,1789714198036,63.5,1789714140000,1789714199999,False,58.0,54.96,0.0546,55.2,FAIR (DENGE),True,500,55.1,58.2,53.1,52.2,-0.0028,-0.41,-0.48,0.00121,0.606,0.76,41.0,45.0,-10.5,YOK,5.1,1.0,54.80635545294593,-0.28,CLV_PROXY_1M,0,0.0,100.0,55.2,51.6,55.8,59.2,3.6,-0.6,-4.0,-0.0028,-0.00035,-0.00027,0.00014,55.89,57.74,71.96,74.15,-1.85,-16.07,-18.26,51.09,52.67,500,native,55.89,NORMAL,51.09,52.67,True,300,68.2,BULL,BOS UP,MIX/HL,HH/HL,SQZ,76.2,True,True,499,22,64.2,1789712820000,LOW,54.78,3.78,55.02,1.26,2,54.76,4.2,2,1,2,55.02,54.76,HIGH_SWEEP,46,54.92,False,False,0.0867,499,native,70.3,NORMAL,70.84,77.67,True,300,74.8,BULL,BOS UP,HH/HL,HH/HL,TR UP,91.8,True,True,498,38,50.6,1789707240000,LOW,54.29,6.61,55.0,0.5,2,,,,1,0,55.0,54.78,EQH_SWEEP,7,55.0,False,False,0.1817,499,native,67.6,NORMAL,72.64,71.33,True,300,76.2,BULL,BOS UP,HH/HL,HH/HL,TR UP,87.5,True,True,498,36,51.2,1789703100000,LOW,54.32,4.54,,,,53.86,7.85,2,0,3,55.0,53.86,HIGH_SWEEP,4,55.0,False,False,0.2523,499,native,75.42,YORGUN,74.55,80.33,True,300,70.5,BULL,BOS UP,MIX/HL,HH/MIX,TR UP,85.7,True,True,498,25,95.3,1789691400000,LOW,53.59,6.15,,,,,,,0,0,53.98,54.29,EQH_SWEEP,27,53.989999999999995,False,False,0.402,499,native,87.71,ASIRI,88.07,95.33,True,300,88.0,BULL,BOS UP,HH/HL,HH/HL,TR UP,83.5,True,True,498,6,68.8,1789689600000,LOW,52.46,5.71,,,,,,,0,0,54.0,52.46,HIGH_SWEEP,21,52.81,False,False,0.7963,499,native,81.37,YORGUN,89.37,93.33,True,300,51.6,TR-DN,CHOCH DN,HH/MIX,LH/LL,TR-DN,72.3,True,True,498,14,38.2,1789502400000,HIGH,55.24,0.34,,,,,,,0,0,55.24,50.13,HIGH_SWEEP,30,54.28,False,False,1.559,3628,496,20683.55,13363.77,7319.78,21.5,60.75,83.8,UP,133,26,34047.32,6.4,60.0,1.0,True,1,11390.43,0,0.0,11390.43,36.2,0.113,0.633,1.0,0.94,52285.35,76915.89,-24630.53,-19.06,40.47,18.5,DOWN,553,122,129201.24,26.2,300.0,1.0,True,1,11390.43,0,0.0,11390.43,60.4,0.344,0.778,1.0,0.988,341876.37,265293.32,76583.05,12.61,56.31,73.3,UP,2106,439,607169.69,77.1,900.0,1.0,True,11,190119.78,4,63650.24,126469.53,80.5,0.607,0.946,1.0,0.996,13736.78,-16192.87,-2492.16,38.36,-6.12,1.0,-8236.72,-0.3118,-6264.11,-0.2424,0.2447,DOWN,1789714153081,BUY,11390.43,54.94313361921346,1789714080000,ok,1.0,1.0,1.0,continuous,1,28,0,,0,0,0,0,False,632,54.95,54.96,1.82,-0.07,0.1272,0.0972,814263.37,630525.97,35.48,1789714197411,625,False,,,,
2,v2,v1.2,REALF_PY_V4_2_DERIVED,ZPTDIFAT_PY_V1_4_DERIVED,fc-v1,native,,058e38aec59f4c35,20260918_064430,108,AVAX_20260918_065001_475,AVAXUSDT,BINANCE,FUTURES,TOP100,31,5000,1789714201475,2026-09-18T06:50:01.475+00:00,17,True,1789714200780,1789714201475,64.4,1789714140000,1789714199999,True,60.8,7.904,0.0127,47.9,FAIR (DENGE),True,500,48.5,43.4,51.4,49.7,0.0019,-0.0,0.29,0.0012,0.568,0.5,8.7,50.0,-10.8,YOK,7.9,0.787,7.919062601998424,0.191,CLV_PROXY_1M,0,0.0,100.0,47.9,52.7,52.6,51.6,-4.8,-4.7,-3.7,0.0019,0.00024,8e-05,9e-05,75.16,74.47,75.8,71.65,0.69,-0.64,3.51,76.78,76.67,500,native,75.16,YORGUN,76.78,76.67,True,300,73.6,BEAR,BOS DN,HH/HL,HH/HL,SQZ,85.8,True,True,499,69,64.9,1789710000000,HIGH,7.93,4.24,7.9415,6.11,2,,,,1,0,7.9415,7.893,LOW_SWEEP,28,7.873,False,False,0.0776,499,native,75.04,YORGUN,79.92,82.0,True,300,59.1,BULL,BOS UP,MIX/HL,HH/MIX,RANGE,69.2,True,True,498,74,79.7,1789700760000,LOW,7.677,15.8,,,,7.6285,19.16,2,0,1,7.903,7.6285,HIGH_SWEEP,1,7.903,True,False,0.1827,499,native,49.29,NORMAL,63.14,57.67,True,300,61.4,BULL,BOS UP,MIX/HL,MIX/HL,RANGE,76.2,True,True,498,44,66.0,1789700700000,LOW,7.677,10.16,,,,,,,0,0,7.942,7.871,HIGH_SWEEP,49,7.723,False,False,0.2815,499,native,55.34,NORMAL,54.9,50.33,True,300,79.1,BULL,BOS UP,HH/HL,MIX/HL,TR UP,85.4,True,True,498,24,54.9,1789692300000,LOW,7.545,8.8,,,,,,,0,0,7.968,7.584,EQH_SWEEP,24,7.648,False,False,0.5161,499,native,87.82,ASIRI,82.85,90.0,True,300,91.4,TR-UP,CHOCH UP,HH/HL,LH/LL,TR-UP,94.6,True,True,498,3,96.7,1789700400000,LOW,7.545,4.46,8.192,3.58,3,7.186,8.91,2,1,1,8.192,7.186,EQL_SWEEP,37,7.186,False,False,1.023,499,native,84.87,ASIRI,91.15,93.33,True,300,78.7,BULL,BOS UP,HH/MIX,HH/MIX,RANGE,76.8,True,True,498,1,80.2,1789689600000,LOW,7.171,4.83,,,,7.173500000000001,4.81,2,0,1,7.8,7.173500000000001,LOW_SWEEP,15,7.243,False,False,1.9116,279,646,19529.33,11379.02,8150.31,26.37,63.18,87.5,UP,133,16,30908.35,4.2,60.0,1.0,True,3,18051.42,1,10865.25,7186.17,31.1,0.077,0.623,1.0,0.995,123649.85,130934.74,-7284.89,-2.86,48.57,44.2,FLAT,963,148,254584.59,32.8,300.0,1.0,True,9,68324.5,10,95308.11,-26983.61,65.8,0.396,0.851,1.0,0.999,398885.27,355467.68,43417.58,5.76,52.88,61.5,UP,3415,573,754352.95,110.6,900.0,1.0,True,21,187838.62,24,218621.76,-30783.15,85.3,0.689,0.969,1.0,1.0,17478.29,-12395.92,-18548.71,28.26,-2.43,1.0,-2705.9,-0.0689,-635.26,-0.0125,0.0632,DOWN,1789714199174,BUY,6861.54,7.905,1789714080000,ok,1.0,1.0,1.0,continuous,1,16,0,,0,0,0,0,False,34,7.905,7.906,1.265,-0.358,-0.2056,-0.3105,269348.31,408739.52,24.67,1789714200514,961,False,,,,
2,v2,v1.2,REALF_PY_V4_2_DERIVED,ZPTDIFAT_PY_V1_4_DERIVED,fc-v1,native,,058e38aec59f4c35,20260918_064430,109,SUI_20260918_065004_736,SUIUSDT,BINANCE,FUTURES,TOP100,35,5000,1789714204736,2026-09-18T06:50:04.736+00:00,17,True,1789714204736,1789714204736,65.0,1789714200000,1789714259999,False,4.7,0.7784,-0.0385,47.3,FAIR (DENGE),True,500,46.5,46.9,48.2,50.0,0.0013,-0.3,0.05,0.00175,0.531,0.01,0.3,40.0,-2.2,YOK,1.7,1.0,0.7794138018826862,0.13,CLV_PROXY_1M,0,0.0,100.0,47.3,47.6,51.4,47.6,-0.3,-4.1,-0.3,0.0013,0.00033,0.00117,0.00038,57.48,61.09,66.23,72.98,-3.61,-8.75,-15.5,50.76,45.0,500,native,57.48,NORMAL,50.76,45.0,True,300,84.5,BULL,BOS UP,HH/HL,MIX/HL,SQZ,89.1,True,True,499,12,20.7,1789713480000,LOW,0.775,3.69,,,,,,,0,0,0.7798,0.7778,HIGH_SWEEP,28,0.777,False,False,0.1185,499,native,77.11,YORGUN,76.22,79.67,True,300,71.0,BULL,BOS UP,MIX/HL,HH/HL,RANGE,68.4,True,True,498,4,18.5,1789713360000,LOW,0.7738,2.41,,,,0.7292,24.39,2,0,3,0.7778,0.7292,HIGH_SWEEP,55,0.7849,False,False,0.2608,499,native,64.98,NORMAL,73.38,70.67,True,300,60.8,BULL,BOS UP,MIX/HL,HH/HL,RANGE,74.3,True,True,498,44,48.0,1789701000000,LOW,0.7643,4.89,,,,0.71575,21.74,2,0,2,0.7849,0.71575,HIGH_SWEEP,94,0.7365,False,False,0.3701,499,native,47.7,NORMAL,50.64,39.33,True,300,78.1,BULL,BOS UP,HH/HL,MIX/HL,TR UP,90.8,True,True,498,30,53.6,1789686900000,LOW,0.7287,8.63,,,,0.7289,8.6,2,0,1,0.7899,0.7289,HIGH_SWEEP,59,0.7351,False,False,0.7395,499,native,88.06,ASIRI,76.61,86.0,True,300,83.0,TR-UP,CHOCH UP,HH/HL,HH/MIX,TR-UP,88.9,True,True,498,6,40.0,1789689600000,LOW,0.7157,5.73,0.8336,4.99,2,,,,2,0,0.8336,0.7157,LOW_SWEEP,37,0.6814,False,False,1.4211,499,native,86.45,ASIRI,91.47,95.33,True,300,89.3,TR-UP,CHOCH UP,HH/HL,MIX/HL,TR-UP,85.4,True,True,498,1,97.1,1789689600000,LOW,0.6773,5.38,,,,,,,0,0,0.7479,0.6773,LOW_SWEEP,16,0.692,False,False,2.3923,438,1450,36813.67,37145.49,-331.82,-0.45,49.78,49.1,FLAT,415,62,73959.16,16.4,60.0,1.0,True,2,14796.29,2,28793.02,-13996.73,51.7,0.246,0.717,1.0,0.993,258382.44,221655.42,36727.01,7.65,53.83,65.0,UP,2424,409,480037.86,85.9,300.0,1.0,True,15,126604.49,14,128686.3,-2081.81,81.2,0.632,0.92,1.0,0.999,1077082.61,906753.01,170329.6,8.59,54.29,66.7,UP,8789,1450,1983835.62,253.0,858.6,0.954,False,54,692500.68,52,589099.0,103401.68,92.2,0.835,1.0,0.954,1.0,-9657.21,5956.64,,-10.31,0.65,0.8873,3845.03,0.0506,10078.4,0.105,0.0391,NONE,1789714199175,BUY,5254.51,0.7787,1789714080000,ok,1.0,1.0,1.0,continuous,1,76,0,,0,0,0,0,False,68,0.7784,0.7785,1.285,0.319,-0.0396,0.2567,377488.81,408631.19,25.05,1789714204147,589,False,,,,
2,v2,v1.2,REALF_PY_V4_2_DERIVED,ZPTDIFAT_PY_V1_4_DERIVED,fc-v1,native,,058e38aec59f4c35,20260918_064430,110,AKE_20260918_065008_606,AKEUSDT,BINANCE,FUTURES,TOP100,94,2000,1789714208606,2026-09-18T06:50:08.606+00:00,17,True,1789714207430,1789714208606,65.2,1789714200000,1789714259999,False,7.4,0.022936,0.1528,50.1,FAIR (DENGE),True,500,47.1,61.3,43.1,50.0,-0.02349,-1.06,-0.59,0.00746,0.558,0.05,0.7,45.0,-0.2,YOK,18.1,0.025,0.022403407163337864,-2.322,CLV_PROXY_1M,0,0.0,100.0,50.1,49.8,53.0,66.0,0.3,-2.9,-15.9,-0.02349,-0.00084,0.00096,0.00823,34.93,38.53,53.76,52.49,-3.6,-18.83,-17.56,29.19,20.33,500,native,34.93,NORMAL,29.19,20.33,True,300,81.6,BULL,BOS UP,HH/HL,HH/HL,TR UP,95.7,True,True,499,27,90.2,1789712580000,LOW,0.021423,7.64,,,,0.021402499999999998,7.75,2,0,1,0.023636,0.021402499999999998,HIGH_SWEEP,48,0.021605,False,False,0.8643,499,native,75.84,YORGUN,64.45,70.0,True,300,90.3,BULL,BOS UP,HH/HL,HH/HL,EXP UP,94.4,True,True,498,9,71.4,1789712460000,LOW,0.021423,4.91,,,,,,,0,0,0.023636,0.021646,LOW_SWEEP,38,0.021228,False,False,1.3389,499,native,81.65,YORGUN,70.9,82.0,True,300,76.3,BULL,BOS UP,MIX/HL,HH/HL,EXP UP,79.7,True,True,498,9,67.7,1789711500000,LOW,0.0214,4.6,,,,,,,0,0,0.02168,0.021423,EQH_SWEEP,37,0.021653,False,False,1.4566,499,native,83.35,ASIRI,84.81,89.33,True,300,42.0,BEAR,BOS DN,LH/MIX,MIX/HL,TR DN,66.1,True,True,498,154,97.0,1789575300000,HIGH,0.028247,11.61,0.029421000000000003,14.18,2,0.0209945,4.29,2,1,3,0.029421000000000003,0.0209945,EQL_SWEEP,57,0.020765,False,False,1.973,499,native,75.79,YORGUN,95.03,98.0,True,300,70.7,BULL,BOS UP,HH/HL,HH/MIX,RANGE,69.6,True,True,498,74,56.3,1789444800000,LOW,0.014658,9.6,0.029844000000000002,8.03,2,0.012500500000000001,12.1,3,1,2,0.029844000000000002,0.012500500000000001,HIGH_SWEEP,75,0.0165,False,False,3.9837,499,native,41.18,NORMAL,44.65,44.33,True,300,84.7,BULL,BOS UP,HH/HL,MIX/HL,TR UP,90.5,True,True,498,18,80.8,1789444800000,LOW,0.013069,3.86,,,,0.0128725,3.93,2,0,3,0.029888,0.0128725,EQL_SWEEP,67,0.0128725,False,False,11.7969,356,7435,29118.06,27792.92,1325.14,2.33,51.16,54.7,FLAT,1979,984,56910.99,146.2,60.0,1.0,True,3,6737.7,2,6720.43,17.27,79.4,0.745,0.689,1.0,0.994,220436.34,203479.31,16957.03,4.0,52.0,58.1,UP,12776,6021,423915.66,309.3,300.0,1.0,True,21,88522.43,13,69513.62,19008.8,91.4,0.861,0.907,1.0,0.999,256135.7,255299.09,836.61,0.16,50.08,50.3,FLAT,15711,7435,511434.79,428.9,420.1,0.4668,False,21,88522.43,15,86806.54,1715.89,80.3,0.896,0.927,0.467,1.0,7413.48,5279.94,,5.47,0.56,0.4001,-12660.11,-0.1717,-1289.56,-0.0152,0.2583,DOWN,1789714202073,BUY,2224.48,0.0229396825752029,1789714080000,ok,1.0,1.0,1.0,continuous,2,1075,0,,0,0,0,0,False,122,0.0229,0.022901,0.437,0.204,0.4901,0.699,3729.09,1275.91,8.52,1789714207259,1347,False,,FATIGUE_EXTREME,,
2,v2,v1.2,REALF_PY_V4_2_DERIVED,ZPTDIFAT_PY_V1_4_DERIVED,fc-v1,native,,058e38aec59f4c35,20260918_064430,111,PONS_20260918_065011_735,PONSUSDT,BINANCE,FUTURES,OUTSIDE100,112,2000,1789714211735,2026-09-18T06:50:11.735+00:00,17,True,1789714211327,1789714211735,65.2,1789714200000,1789714259999,False,11.3,0.7274,-0.0687,44.5,FAIR (DENGE),True,500,41.5,50.1,41.4,49.9,-0.00012,-0.7,-0.02,0.00476,0.592,0.12,0.3,60.0,-9.1,YOK,8.7,0.988,0.7273094956760116,-0.012,CLV_PROXY_1M,0,0.0,100.0,44.5,44.3,56.6,54.2,0.2,-12.1,-9.7,-0.00012,8e-05,0.00555,0.0056,29.09,32.04,38.52,45.38,-2.95,-9.43,-16.29,25.4,14.67,500,native,29.09,DINLENMIS,25.4,14.67,True,300,11.6,BEAR,BOS DN,LH/LL,LH/LL,SQZ,93.2,True,True,499,11,65.6,1789713540000,HIGH,0.7364,4.5,,,,0.7134,7.0,2,0,1,0.7316,0.7134,EQL_SWEEP,20,0.73295,False,False,0.2748,499,native,27.21,DINLENMIS,22.55,15.0,True,300,26.2,BULL,BOS UP,LH/LL,LH/LL,RANGE,86.5,True,True,498,79,26.3,1789699860000,LOW,0.6834,9.45,0.7777000000000001,10.71,3,0.63845,19.06,2,1,1,0.7777000000000001,0.63845,HIGH_SWEEP,94,0.6964,False,False,0.6429,499,native,31.65,NORMAL,30.51,22.0,True,300,14.8,BEAR,BOS DN,LH/LL,MIX/HL,RANGE,88.2,True,True,498,13,56.1,1789710300000,HIGH,0.7473,2.79,0.7778,7.07,2,,,,1,0,0.7778,0.7235,LOW_SWEEP,11,0.729,False,False,0.9794,499,native,41.18,NORMAL,34.63,29.33,True,300,85.7,BULL,BOS UP,HH/HL,MIX/LL,TR UP,93.8,True,True,498,18,77.8,1789697700000,LOW,0.6551,5.23,,,,,,,0,0,0.7781,0.6551,HIGH_SWEEP,19,0.6959,False,False,1.8909,289,native,80.71,YORGUN,68.38,76.21,False,269,88.1,BULL,BOS UP,HH/HL,HH/HL,TR UP,88.8,True,True,288,7,54.7,1789686000000,LOW,0.6099,3.89,,,,,,,0,0,0.6721,0.6099,HIGH_SWEEP,6,0.6721,False,False,4.1259,73,native,83.52,ASIRI,82.56,96.23,False,53,74.7,TR-UP,CHOCH UP,HH/MIX,HH/HL,TR-UP,76.3,True,False,72,1,84.3,1789689600000,LOW,0.5483,3.34,,,,,,,0,0,0.6992,0.5483,LOW_SWEEP,12,0.5821,False,False,6.9476,1333,1767,27155.89,42276.03,-15120.14,-21.78,39.11,15.9,DOWN,657,202,69431.92,40.3,60.0,1.0,True,3,11935.52,6,29354.2,-17418.69,65.2,0.446,0.71,1.0,0.978,71102.15,108968.56,-37866.41,-21.03,39.49,16.6,DOWN,2155,728,180070.72,93.8,300.0,1.0,True,5,16512.19,10,54904.9,-38392.71,79.2,0.652,0.814,1.0,0.996,240917.6,362026.51,-121108.91,-20.09,39.96,17.5,DOWN,5642,1767,602944.11,272.0,667.4,0.7416,False,22,105606.55,35,213783.92,-108177.37,86.6,0.845,0.945,0.742,0.999,-6189.95,-10876.12,,6.33,-0.07,0.6749,-8638.6,-0.2242,-7240.8,-0.2011,-0.1836,NONE,1789714194859,SELL,2366.0,0.728,1789714140000,ok,1.0,1.0,1.0,continuous,1,220,0,,0,0,0,0,False,156,0.7275,0.7277,2.749,-0.949,0.0957,-0.1165,41991.27,34659.39,27.49,1789714211073,662,False,,FATIGUE_RESTED_1M,,
2,v2,v1.2,REALF_PY_V4_2_DERIVED,ZPTDIFAT_PY_V1_4_DERIVED,fc-v1,native,,058e38aec59f4c35,20260918_064430,112,SKR_20260918_065014_852,SKRUSDT,BINANCE,FUTURES,OUTSIDE100,227,500,1789714214852,2026-09-18T06:50:14.852+00:00,17,True,1789714214433,1789714214852,65.4,1789714200000,1789714259999,False,14.4,0.019126,-0.0052,55.9,FAIR (DENGE),True,500,60.1,47.9,59.4,50.2,0.001,-0.49,-1.17,0.00143,0.346,0.05,3.0,45.0,-1.3,YOK,12.2,0.846,0.019145080753838473,0.1,CLV_PROXY_1M,0,0.0,100.0,55.9,53.8,55.2,42.5,2.1,0.7,13.4,0.001,0.0,0.00015,-0.00344,41.27,45.74,55.73,66.44,-4.47,-14.46,-25.17,33.64,24.33,500,native,41.27,NORMAL,33.64,24.33,True,300,84.7,BULL,BOS UP,HH/HL,MIX/HL,TR UP,92.0,True,True,499,14,33.7,1789713360000,LOW,0.019028,3.33,0.019363,8.06,2,,,,1,0,0.019363,0.019132,EQH_SWEEP,59,0.0189665,False,False,0.1537,499,native,68.25,NORMAL,62.52,63.0,True,300,71.7,BULL,BOS UP,HH/MIX,HH/HL,TR UP,69.4,True,True,498,4,30.5,1789713360000,LOW,0.018839,5.15,0.020296500000000002,20.99,2,0.0188425,5.08,2,1,1,0.020296500000000002,0.0188425,LOW_SWEEP,27,0.018846,False,False,0.2914,499,native,77.9,YORGUN,71.12,77.0,True,300,86.1,BULL,BOS UP,HH/HL,HH/MIX,RANGE,83.4,True,True,498,3,34.0,1789713300000,LOW,0.018839,3.86,0.020296500000000002,15.73,2,,,,1,0,0.020296500000000002,0.018839,LOW_SWEEP,28,0.018732,False,False,0.389,499,native,81.46,YORGUN,85.13,86.0,True,300,74.2,BULL,BOS UP,MIX/HL,MIX/HL,SQZ,69.3,True,True,498,2,49.0,1789712100000,LOW,0.018719,2.77,,,,0.017547,10.75,2,0,2,0.019011,0.017547,HIGH_SWEEP,36,0.019329,False,False,0.7664,499,native,44.1,NORMAL,53.23,63.33,True,300,39.3,BULL,BOS UP,LH/LL,HH/MIX,RANGE,84.4,True,True,498,21,72.8,1789635600000,LOW,0.017378,4.6,0.025375500000000002,16.45,2,,,,1,0,0.025375500000000002,0.018321,LOW_SWEEP,6,0.018554,False,False,2.0012,499,native,73.43,YORGUN,69.25,78.0,True,300,72.9,BULL,BOS UP,HH/HL,HH/HL,TR UP,83.6,True,True,498,114,36.2,1788062400000,LOW,0.008858,11.57,,,,0.017043000000000003,2.35,2,0,1,0.020299,0.017043000000000003,HIGH_SWEEP,4,0.019684,False,False,4.7097,1158,530,3968.12,2599.12,1369.0,20.85,60.42,83.2,UP,81,48,6567.24,16.5,60.0,1.0,True,3,2777.89,0,0.0,2777.89,45.1,0.249,0.454,1.0,0.981,12180.98,12287.36,-106.38,-0.43,49.78,49.1,FLAT,319,205,24468.34,53.1,300.0,1.0,True,6,9767.38,2,6694.73,3072.65,65.7,0.515,0.597,1.0,0.996,20226.3,32075.18,-11848.88,-22.65,38.67,15.2,DOWN,743,494,52301.49,58.9,900.0,1.0,True,8,11179.2,8,21658.53,-10479.32,69.6,0.541,0.68,1.0,0.999,3197.09,1615.16,571.09,57.25,4.49,1.0,-97.82,-0.0125,-127.22,-0.026,-0.4005,NONE,1789714192986,BUY,1223.27,0.01910440488201028,1789714140000,ok,1.0,1.0,1.0,continuous,1,48,0,,0,0,0,0,False,190,0.019108,0.019114,3.14,0.843,0.2315,0.2197,4235.57,2643.22,16.74,1789714214260,592,False,,,,
2,v2,v1.2,REALF_PY_V4_2_DERIVED,ZPTDIFAT_PY_V1_4_DERIVED,fc-v1,native,,058e38aec59f4c35,20260918_064430,113,PROM_20260918_065017_980,PROMUSDT,BINANCE,FUTURES,OUTSIDE100,266,1000,1789714217980,2026-09-18T06:50:17.980+00:00,17,True,1789714217745,1789714217980,65.4,1789714200000,1789714259999,False,17.7,5.386,-0.0742,58.6,PRICE AHEAD,True,500,61.8,54.4,60.2,51.0,-0.00217,-0.71,-1.36,0.00226,0.477,0.16,14.3,65.0,-16.0,YOK,7.4,1.0,5.374310309761734,-0.217,CLV_PROXY_1M,0,0.0,100.0,58.6,62.2,60.2,51.6,-3.6,-1.6,7.0,-0.00217,0.00041,0.0008,-0.00135,30.97,29.92,21.78,18.35,1.05,9.19,12.62,32.46,35.67,500,native,30.97,NORMAL,32.46,35.67,True,300,11.8,BEAR,BOS DN,LH/LL,MIX/HL,TR DN,92.7,True,True,499,10,57.3,1789713600000,HIGH,5.424,3.83,,,,,,,0,0,5.424,5.378,LOW_SWEEP,35,5.427,False,False,0.1842,499,native,22.67,DINLENMIS,23.14,15.67,True,300,10.3,BEAR,BOS DN,LH/LL,LH/LL,EXP DN,90.3,True,True,498,3,47.1,1789713540000,HIGH,5.541,7.84,,,,,,,0,0,5.541,5.41,EQL_SWEEP,3,5.3934999999999995,False,False,0.3642,499,native,13.91,DINLENMIS,16.1,10.0,True,300,45.5,TR-DN,CHOCH DN,MIX/HL,LH/LL,TR-DN,75.6,True,True,498,8,58.5,1789711800000,HIGH,5.541,6.48,,,,5.2165,7.08,2,0,1,5.541,5.2165,HIGH_SWEEP,31,5.589,False,False,0.444,499,native,22.24,DINLENMIS,14.0,6.33,True,300,60.0,TR-DN,CHOCH DN,HH/HL,MIX/HL,TR-DN,88.0,True,True,498,3,54.5,1789711200000,HIGH,5.594,4.78,5.7285,7.89,2,,,,2,0,5.7285,5.43,LOW_SWEEP,172,5.332,False,False,0.8035,499,native,51.48,NORMAL,23.88,15.33,True,300,59.0,BEAR,BOS DN,MIX/HL,MIX/HL,SQZ,69.1,True,True,498,46,75.0,1789545600000,HIGH,5.729,4.08,5.8375,5.37,3,4.906499999999999,5.7,2,2,1,5.8375,4.906499999999999,EQL_SWEEP,94,5.5815,False,False,1.5355,499,native,46.75,NORMAL,44.4,34.33,True,300,26.5,BULL,BOS UP,LH/LL,MIX/HL,SQZ,85.6,True,True,498,58,11.5,1788868800000,LOW,4.913,2.57,,,,4.4025,5.34,2,0,2,5.659,4.4025,HIGH_SWEEP,57,5.986,False,False,3.3065,5385,907,3165.13,3770.68,-605.55,-8.73,45.63,33.0,DOWN,93,40,6935.81,7.5,60.0,1.0,True,1,1789.35,2,2760.43,-971.08,34.8,0.131,0.46,1.0,0.91,24345.23,21156.73,3188.5,7.01,53.5,63.9,UP,586,261,45501.96,34.2,300.0,1.0,True,10,14510.17,4,12951.25,1558.92,61.6,0.406,0.665,1.0,0.982,60908.82,115614.57,-54705.75,-30.99,34.5,10.1,DOWN,2057,837,176523.39,91.6,900.0,1.0,True,17,29477.58,11,78391.02,-48913.44,78.9,0.647,0.812,1.0,0.994,-2542.07,-1363.29,1374.89,-27.36,-0.69,1.0,1178.49,0.197,307.63,0.0338,0.0565,NONE,1789714201634,SELL,1278.71,5.388587442056467,1789714140000,ok,1.0,1.0,1.0,continuous,1,43,0,,0,0,0,0,False,224,5.386,5.387,1.856,-0.281,0.0588,-0.0697,28583.36,25407.72,36.2,1789714217142,838,False,,,,
2,v2,v1.2,REALF_PY_V4_2_DERIVED,ZPTDIFAT_PY_V1_4_DERIVED,fc-v1,native,,058e38aec59f4c35,20260918_064430,114,UAI_20260918_065021_102,UAIUSDT,BINANCE,FUTURES,OUTSIDE100,296,2000,1789714221102,2026-09-18T06:50:21.102+00:00,17,True,1789714220680,1789714221102,65.4,1789714200000,1789714259999,False,20.7,0.4178,0.1918,47.1,FAIR (DENGE),True,500,45.3,51.4,45.4,47.9,-0.00113,-0.1,0.33,0.00424,0.66,1.79,53.0,60.0,19.0,YOK,6.1,0.796,0.41733011544326964,-0.112,CLV_PROXY_1M,0,0.0,100.0,47.1,54.8,52.9,51.9,-7.7,-5.8,-4.8,-0.00113,0.0029,0.00212,0.00273,56.48,55.66,68.78,74.45,0.82,-12.3,-17.97,55.14,66.0,500,native,56.48,NORMAL,55.14,66.0,True,300,49.6,BEAR,BOS DN,MIX/HL,HH/HL,SQZ,76.6,True,True,499,25,90.8,1789712700000,HIGH,0.4198,1.98,0.42315,5.29,2,0.40785,9.83,3,1,1,0.42315,0.40785,HIGH_SWEEP,103,0.4247,False,False,0.2427,499,native,46.48,NORMAL,57.17,51.0,True,300,28.6,BULL,BOS UP,LH/LL,LH/LL,RANGE,79.1,True,True,498,69,61.1,1789701660000,LOW,0.4075,4.45,0.43455,7.47,2,,,,1,0,0.43455,0.4129,LOW_SWEEP,5,0.4166,False,False,0.544,499,native,34.1,NORMAL,45.06,29.33,True,300,58.1,TR-DN,CHOCH DN,MIX/HL,LH/LL,TR-DN,66.3,True,True,498,51,58.0,1789698900000,HIGH,0.4354,5.3,,,,0.3559,18.65,3,0,1,0.4232,0.3559,HIGH_SWEEP,104,0.4106,False,False,0.7961,499,native,36.08,NORMAL,37.36,31.33,True,300,68.6,BULL,BOS UP,MIX/HL,MIX/HL,RANGE,79.5,True,True,498,21,30.6,1789695000000,LOW,0.3901,3.77,0.43505,2.39,2,0.3838,4.63,2,2,2,0.43505,0.3838,LOW_SWEEP,174,0.3294,False,False,1.7465,499,native,65.8,NORMAL,57.33,58.33,True,300,86.6,BULL,BOS UP,HH/HL,HH/HL,SQZ,87.3,True,True,498,6,38.6,1789689600000,LOW,0.3838,2.1,,,,,,,0,0,0.4354,0.3838,HIGH_SWEEP,4,0.418,False,False,3.8614,499,native,65.2,NORMAL,73.17,77.33,True,300,18.4,BEAR,BOS DN,LH/LL,HH/HL,RANGE,87.8,True,True,498,19,42.0,1789430400000,HIGH,0.5943,4.03,,,,,,,0,0,0.5943,0.322,LOW_SWEEP,20,0.4503,False,False,10.3453,1906,748,10468.22,1101.51,9366.71,80.96,90.48,94.9,UP,89,35,11569.74,5.3,60.0,1.0,True,2,8400.07,0,0.0,8400.07,32.0,0.096,0.516,1.0,0.968,16545.71,13113.29,3432.42,11.57,55.79,71.7,UP,466,210,29659.0,26.9,300.0,1.0,True,2,8400.07,1,4613.73,3786.34,56.8,0.349,0.618,1.0,0.994,32349.42,30262.64,2086.78,3.33,51.67,56.8,UP,1442,617,62612.06,84.2,900.0,1.0,True,2,8400.07,3,9331.39,-931.32,74.5,0.628,0.699,1.0,0.998,7402.48,7036.75,6629.0,21.09,14.39,1.0,2918.45,0.4157,425.34,0.0717,-0.4154,UP,1789714211264,BUY,4368.93,0.4174004585841215,1789714140000,ok,1.0,1.0,1.0,continuous,1,37,0,,0,0,0,0,False,258,0.4176,0.4179,7.181,-1.709,0.0499,-0.103,13919.75,12595.92,49.07,1789714220221,881,False,,AGGRESSIVE_BUYER,,
2,v2,v1.2,REALF_PY_V4_2_DERIVED,ZPTDIFAT_PY_V1_4_DERIVED,fc-v1,native,,058e38aec59f4c35,20260918_064430,115,BULLA_20260918_065023_799,BULLAUSDT,BINANCE,FUTURES,OUTSIDE100,339,5000,1789714223799,2026-09-18T06:50:23.799+00:00,17,True,1789714223799,1789714223799,65.0,1789714200000,1789714259999,False,23.8,0.1014,0.1383,58.6,PRICE AHEAD,True,500,63.1,53.2,59.6,50.1,-0.00419,0.5,-0.32,0.00574,0.559,0.05,0.3,40.0,-19.5,YOK,9.8,1.0,0.1009755527969634,-0.419,CLV_PROXY_1M,0,0.0,100.0,58.6,57.0,49.9,49.2,1.6,8.7,9.4,-0.00419,-0.00106,-0.00498,-0.00529,49.84,45.3,39.7,30.72,4.54,10.14,19.12,58.34,65.33,500,native,49.84,NORMAL,58.34,65.33,True,300,48.0,TR-DN,CHOCH DN,HH/MIX,MIX/LL,TR-DN,73.3,True,True,499,10,44.8,1789713600000,HIGH,0.10172,0.81,0.10206,1.68,3,0.100455,2.4,2,1,2,0.10206,0.100455,EQL_SWEEP,53,0.100455,False,False,0.3888,499,native,49.0,NORMAL,56.98,55.67,True,300,29.1,BULL,BOS UP,LH/LL,MIX/LL,RANGE,77.7,True,True,498,41,89.1,1789706700000,LOW,0.096433,5.82,,,,0.0964015,5.85,2,0,2,0.10203,0.0964015,HIGH_SWEEP,27,0.10206,False,False,0.8434,499,native,52.63,NORMAL,52.59,52.33,True,300,46.9,BULL,BOS UP,LH/MIX,MIX/LL,TR UP,64.3,True,True,498,25,22.3,1789706700000,LOW,0.09539,5.18,,,,0.10001,1.21,2,0,1,0.10203,0.10001,HIGH_SWEEP,23,0.10114,False,False,1.1473,499,native,70.7,NORMAL,64.85,67.67,True,300,74.6,BEAR,BOS DN,HH/HL,HH/HL,TR DN,88.7,True,True,498,65,27.4,1789655400000,HIGH,0.10999,3.73,0.109785,3.64,2,,,,1,0,0.109785,0.094,LOW_SWEEP,67,0.1007,False,False,2.2834,499,native,65.74,NORMAL,72.9,88.0,True,300,26.8,BULL,BOS UP,LH/LL,MIX/HL,RANGE,84.5,True,True,498,44,42.2,1789552800000,LOW,0.060024,6.36,,,,0.060025499999999996,6.36,2,0,1,0.121362,0.060025499999999996,HIGH_SWEEP,45,0.076341,False,False,6.4384,499,native,57.85,NORMAL,57.88,59.0,True,300,75.0,BULL,BOS UP,HH/MIX,HH/HL,EXP UP,78.0,True,True,498,11,96.7,1789545600000,LOW,0.0675,2.27,,,,0.0154205,5.76,2,0,1,0.139078,0.0154205,HIGH_SWEEP,52,0.085989,False,False,15.2143,1438,1456,285.79,720.21,-434.42,-43.18,28.41,6.7,DOWN,75,48,1006.0,23.3,60.0,1.0,True,0,0.0,0,0.0,0.0,41.6,0.318,0.251,1.0,0.976,13337.44,10037.67,3299.77,14.12,57.06,75.5,UP,662,372,23375.12,29.4,300.0,1.0,True,0,0.0,0,0.0,0.0,57.4,0.371,0.592,1.0,0.995,56376.54,70632.82,-14256.28,-11.22,44.39,28.8,DOWN,2684,1456,127009.35,215.9,703.5,0.7816,False,1,5200.14,2,35515.93,-30315.79,81.2,0.812,0.776,0.782,0.998,3694.84,-6089.25,,11.19,-8.44,0.715,-696.49,-0.1533,487.98,0.1044,0.585,DOWN,1789713918675,BUY,5200.14,0.10101665651346205,1789714140000,ok,1.0,1.0,1.0,continuous,1,59,0,,0,0,0,0,False,292,0.1014,0.10141,0.986,0.363,0.0444,0.6229,2705.55,2475.46,23.17,1789714223412,387,False,,,,
2,v2,v1.2,REALF_PY_V4_2_DERIVED,ZPTDIFAT_PY_V1_4_DERIVED,fc-v1,native,,058e38aec59f4c35,20260918_064430,116,OG_20260918_065026_515,OGUSDT,BINANCE,FUTURES,OUTSIDE100,523,500,1789714226515,2026-09-18T06:50:26.515+00:00,17,True,1789714226515,1789714226515,64.2,1789714200000,1789714259999,False,26.5,2.751,0.0364,34.8,PRICE LAG,True,500,30.1,36.2,38.4,44.8,0.00495,-0.44,0.18,0.00063,0.223,0.36,54.7,40.0,54.3,YOK,8.3,1.0,2.764642973109058,0.496,CLV_PROXY_1M,0,0.0,100.0,34.8,29.1,40.0,36.6,5.7,-5.2,-1.8,0.00495,-0.00047,9e-05,-0.00059,42.26,45.59,59.55,58.36,-3.33,-17.29,-16.1,39.3,23.33,500,native,42.26,NORMAL,39.3,23.33,True,300,89.8,BULL,BOS UP,HH/HL,HH/HL,SQZ,88.8,True,True,499,6,69.0,1789713840000,LOW,2.749,0.94,,,,2.748,1.41,2,0,3,2.757,2.748,HIGH_SWEEP,75,2.76,False,False,0.0776,499,native,50.86,NORMAL,45.27,28.33,True,300,57.8,BULL,BOS UP,LH/MIX,MIX/HL,RANGE,79.6,True,True,498,2,60.2,1789713720000,LOW,2.746,1.1,,,,2.746,1.1,2,0,3,2.754,2.746,HIGH_SWEEP,56,2.746,False,False,0.1651,499,native,40.15,NORMAL,41.43,26.33,True,300,67.4,BULL,BOS UP,MIX/HL,MIX/HL,TR UP,73.6,True,True,498,20,39.4,1789708200000,LOW,2.732,3.05,,,,2.679,11.54,2,0,2,2.756,2.679,HIGH_SWEEP,22,2.759,False,False,0.2269,499,native,59.59,NORMAL,53.37,47.33,True,300,85.9,BULL,BOS UP,HH/HL,HH/HL,TR UP,87.3,True,True,498,7,35.2,1789707600000,LOW,2.679,7.18,,,,2.6635,8.73,2,0,1,2.769,2.6635,HIGH_SWEEP,6,2.759,False,False,0.3636,499,native,90.51,ASIRI,88.19,94.0,True,300,74.4,BULL,BOS UP,MIX/HL,MIX/HL,RANGE,73.4,True,True,498,7,58.0,1789686000000,LOW,2.662,4.5,,,,2.6,7.64,2,0,1,2.7,2.6,HIGH_SWEEP,30,2.712,False,False,0.7193,499,native,78.77,YORGUN,87.74,92.67,True,300,75.1,BULL,BOS UP,MIX/HL,HH/HL,SQZ,73.2,True,True,498,1,52.4,1789689600000,LOW,2.61,3.18,2.9825,5.22,3,2.5975,3.46,2,2,2,2.9825,2.5975,EQH_SWEEP,87,2.9425,False,False,1.6159,17337,89,147.18,87.72,59.45,25.31,62.65,86.8,UP,10,4,234.9,2.0,60.0,1.0,True,0,0.0,0,0.0,0.0,12.8,0.038,0.093,1.0,0.711,352.46,915.64,-563.18,-44.41,27.79,6.6,DOWN,39,17,1268.1,6.2,300.0,1.0,True,0,0.0,0,0.0,0.0,28.0,0.11,0.276,1.0,0.942,5831.01,1594.06,4236.95,57.06,78.53,94.5,UP,309,84,7425.07,16.1,900.0,1.0,True,4,3114.6,1,554.36,2560.24,45.1,0.243,0.468,1.0,0.981,626.5,-2031.79,51.2,46.99,-39.28,1.0,-208.98,-0.5912,-124.01,-0.489,0.5173,DOWN,1789713888940,SELL,554.36,2.751160297766749,1789714140000,ok,1.0,1.0,1.0,continuous,1,4,0,,0,0,0,0,False,326,2.75,2.752,7.27,0.979,0.2097,-0.0886,23648.19,15448.98,72.7,1789714214628,11887,True,,,,
2,v2,v1.2,REALF_PY_V4_2_DERIVED,ZPTDIFAT_PY_V1_4_DERIVED,fc-v1,native,,058e38aec59f4c35,20260918_064430,117,ZORA_20260918_065029_641,ZORAUSDT,BINANCE,FUTURES,OUTSIDE100,612,500,1789714229641,2026-09-18T06:50:29.641+00:00,17,True,1789714229204,1789714229641,64.4,1789714200000,1789714259999,False,29.2,0.007882,-0.0887,44.9,FAIR (DENGE),True,500,42.9,47.4,44.0,49.7,0.00105,-0.27,0.2,0.0016,0.516,0.11,4.7,55.0,11.8,YOK,4.5,1.0,0.007890272269999648,0.105,CLV_PROXY_1M,0,0.0,100.0,44.9,49.4,46.0,48.2,-4.5,-1.1,-3.3,0.00105,0.00072,0.00022,0.00081,55.85,62.48,70.96,71.9,-6.63,-15.11,-16.05,42.24,36.0,500,native,55.85,NORMAL,42.24,36.0,True,300,83.0,TR-UP,CHOCH UP,HH/HL,HH/HL,TR-UP,86.9,True,True,499,10,64.1,1789713600000,LOW,0.007851,3.26,,,,0.007775499999999999,11.22,2,0,1,0.007903,0.007775499999999999,HIGH_SWEEP,2,0.007903,False,False,0.1204,499,native,66.11,NORMAL,61.83,63.33,True,300,89.7,BULL,BOS UP,HH/HL,HH/HL,RANGE,87.7,True,True,498,3,56.3,1789713540000,LOW,0.007842,2.11,,,,,,,0,0,0.007897,0.007842,HIGH_SWEEP,2,0.007897,False,True,0.2405,499,native,69.45,NORMAL,70.53,68.33,True,300,86.0,BULL,BOS UP,HH/HL,HH/HL,RANGE,84.8,True,True,498,10,63.8,1789711200000,LOW,0.007813,2.7,,,,,,,0,0,0.007897,0.007842,HIGH_SWEEP,2,0.007897,False,False,0.3238,499,native,43.37,NORMAL,43.99,39.0,True,300,81.8,BULL,BOS UP,HH/HL,MIX/HL,RANGE,87.5,True,True,498,21,74.9,1789695000000,LOW,0.007527,6.73,,,,,,,0,0,0.00802,0.007813,LOW_SWEEP,25,0.007571,False,False,0.6689,499,native,79.12,YORGUN,72.87,84.33,True,300,73.8,BEAR,BOS DN,HH/HL,HH/MIX,TR DN,86.4,True,True,498,69,59.5,1789462800000,HIGH,0.007987,0.86,0.009008,9.21,2,0.007187,5.69,2,1,1,0.009008,0.007187,LOW_SWEEP,126,0.008102,False,False,1.5567,499,native,71.61,NORMAL,77.48,86.33,True,300,18.0,TR-DN,CHOCH DN,LH/LL,LH/LL,TR-DN,90.3,True,True,498,16,65.9,1789473600000,HIGH,0.008968,4.1,,,,0.0058755000000000005,7.58,2,0,2,0.008336,0.0058755000000000005,HIGH_SWEEP,29,0.008437,False,False,3.3227,22156,271,16.07,160.7,-144.63,-81.82,9.09,5.1,DOWN,15,12,176.77,2.4,60.0,1.0,True,0,0.0,0,0.0,0.0,12.0,0.045,0.062,1.0,0.631,1581.44,2643.84,-1062.4,-25.14,37.43,13.3,DOWN,154,90,4225.27,22.9,300.0,1.0,True,0,0.0,1,1082.25,-1082.25,47.7,0.314,0.406,1.0,0.926,14149.01,8477.39,5671.62,25.07,62.53,86.6,UP,557,248,22626.4,39.7,900.0,1.0,True,8,8796.36,4,3558.46,5237.9,61.4,0.443,0.589,1.0,0.975,928.69,-27.24,-384.03,7.68,-0.24,1.0,-410.85,-0.5377,-249.21,-0.2949,-0.0312,NONE,1789714134161,SELL,1082.25,0.007884578095744603,1789714140000,ok,1.0,1.0,1.0,continuous,1,12,0,,0,0,0,0,False,360,0.007884,0.007886,2.536,1.161,-0.004,0.5143,20911.26,21080.59,25.36,1789714229051,590,False,,,,
2,v2,v1.2,REALF_PY_V4_2_DERIVED,ZPTDIFAT_PY_V1_4_DERIVED,fc-v1,native,,058e38aec59f4c35,20260918_064430,118,TNSR_20260918_065032_545,TNSRUSDT,BINANCE,FUTURES,OUTSIDE100,738,200,1789714232545,2026-09-18T06:50:32.545+00:00,17,True,1789714232327,1789714232545,64.2,1789714200000,1789714259999,False,32.3,0.03525,0.199,54.0,FAIR (DENGE),True,500,55.2,53.0,52.5,53.5,-0.00146,1.58,1.57,0.00134,0.554,4.18,77.7,30.0,7.2,YOK,2.7,1.0,0.03519855593045893,-0.146,CLV_PROXY_1M,0,0.0,100.0,54.0,56.7,55.2,54.4,-2.7,-1.2,-0.4,-0.00146,0.00049,0.00044,0.00046,79.63,71.89,62.66,42.16,7.74,16.97,37.47,96.72,100.0,500,native,79.63,YORGUN,96.72,100.0,True,300,46.3,BULL,BOS UP,LH/LL,LH/MIX,SQZ,84.6,True,True,499,3,58.2,1789714020000,LOW,0.03512,4.98,,,,0.03507,6.89,2,0,1,0.03518,0.03507,HIGH_SWEEP,22,0.03515,False,False,0.0743,499,native,69.23,NORMAL,88.04,93.0,True,300,74.8,BULL,BOS UP,HH/MIX,HH/HL,RANGE,70.5,True,True,498,9,70.7,1789712460000,LOW,0.03507,2.82,,,,0.03507,2.82,3,0,1,0.03521,0.03507,HIGH_SWEEP,7,0.03517,False,False,0.1816,499,native,61.69,NORMAL,84.43,89.33,True,300,29.0,BULL,BOS UP,LH/LL,HH/HL,RANGE,78.1,True,True,498,45,51.5,1789700700000,LOW,0.03481,5.01,,,,0.03454,8.08,2,0,2,0.03536,0.03454,HIGH_SWEEP,50,0.03498,False,False,0.2498,499,native,41.14,NORMAL,45.89,48.33,True,300,83.8,BULL,BOS UP,HH/HL,MIX/HL,RANGE,93.4,True,True,498,20,59.8,1789695900000,LOW,0.03454,4.13,,,,0.034375,5.09,2,0,1,0.03583,0.034375,HIGH_SWEEP,17,0.03497,False,False,0.4898,499,native,76.04,YORGUN,63.85,76.0,True,300,74.8,BULL,BOS UP,MIX/HL,MIX/HL,TR UP,73.8,True,True,498,5,52.8,1789693200000,LOW,0.03405,3.06,,,,,,,0,0,0.03497,0.03438,LOW_SWEEP,36,0.03304,False,False,1.1171,499,native,78.73,YORGUN,79.78,88.33,True,300,76.4,BULL,BOS UP,HH/MIX,HH/HL,RANGE,71.9,True,True,498,1,56.6,1789689600000,LOW,0.03258,3.44,0.037065,2.34,2,0.029225,7.75,2,1,1,0.037065,0.029225,EQH_SWEEP,59,0.037065,False,False,2.178,1153,98,1644.07,0.39,1643.68,99.95,99.98,95.0,UP,39,11,1644.46,4.4,60.0,1.0,True,2,1433.1,0,0.0,1433.1,25.5,0.08,0.304,1.0,0.981,2665.5,273.37,2392.13,81.4,90.7,94.9,UP,98,38,2938.87,10.8,300.0,1.0,True,3,1753.16,0,0.0,1753.16,37.0,0.177,0.367,1.0,0.996,5246.86,1443.91,3802.95,56.84,78.42,94.5,UP,239,91,6690.77,27.4,900.0,1.0,True,8,3513.01,2,601.32,2911.7,52.2,0.354,0.456,1.0,0.999,1724.79,1641.84,1678.69,64.69,12.63,1.0,455.91,0.7015,349.18,0.5941,0.9303,NONE,1789714221275,BUY,209.51,0.03524,1789714140000,ok,1.0,1.0,1.0,continuous,1,11,0,,0,0,0,0,False,394,0.03524,0.03525,2.837,0.95,-0.1901,-0.1698,12809.5,18821.87,55.33,1789714232140,405,False,,,,
2,v2,v1.2,REALF_PY_V4_2_DERIVED,ZPTDIFAT_PY_V1_4_DERIVED,fc-v1,native,,058e38aec59f4c35,20260918_064430,119,VELVET_20260918_065035_240,VELVETUSDT,BINANCE,FUTURES,OUTSIDE100,761,200,1789714235240,2026-09-18T06:50:35.240+00:00,17,True,1789714235240,1789714235240,63.8,1789714200000,1789714259999,False,35.2,0.05533,-0.2524,38.2,PRICE LAG,True,500,33.1,47.4,34.3,45.8,0.00149,-1.98,-0.83,0.00197,0.368,0.39,56.0,60.0,-3.4,YOK,14.3,1.0,0.055412777547151494,0.15,CLV_PROXY_1M,0,0.0,100.0,38.2,41.7,33.7,41.5,-3.5,4.5,-3.3,0.00149,0.00178,-0.00036,0.00409,19.38,22.86,31.49,54.21,-3.48,-12.11,-34.83,13.95,5.0,500,native,19.38,DINLENMIS,13.95,5.0,True,300,39.5,BEAR,BOS DN,MIX/HL,LH/LL,TR DN,74.9,True,True,499,3,70.0,1789714020000,HIGH,0.05589,3.66,0.056855,9.97,2,,,,1,0,0.056855,0.05553,EQL_SWEEP,78,0.055625,False,False,0.2757,499,native,26.75,DINLENMIS,10.72,3.33,True,300,39.5,BEAR,BOS DN,HH/MIX,LH/LL,RANGE,73.8,True,True,498,1,51.7,1789713900000,HIGH,0.05615,3.11,,,,,,,0,0,0.05615,0.05544,LOW_SWEEP,7,0.05556,False,False,0.4702,499,native,29.49,DINLENMIS,17.23,5.0,True,300,17.5,BEAR,BOS DN,LH/LL,LH/LL,RANGE,86.8,True,True,498,17,49.3,1789709100000,HIGH,0.05671,4.32,,,,0.0515,11.99,2,0,1,0.05615,0.0515,HIGH_SWEEP,29,0.05618,False,False,0.5759,499,native,28.81,DINLENMIS,19.97,8.33,True,300,70.9,BULL,BOS UP,HH/MIX,HH/MIX,RANGE,71.4,True,True,498,9,44.5,1789705800000,LOW,0.05548,-0.27,,,,0.0515,6.92,3,0,1,0.05671,0.0515,HIGH_SWEEP,8,0.05649,False,False,0.9931,499,native,32.79,NORMAL,24.87,22.0,True,300,70.4,BULL,BOS UP,HH/MIX,LH/LL,TR UP,75.1,True,True,498,14,40.8,1789660800000,LOW,0.0494,4.45,,,,,,,0,0,0.06014,0.0494,HIGH_SWEEP,13,0.05886,False,False,2.3885,499,native,78.39,YORGUN,64.63,84.33,True,300,48.0,BEAR,BOS DN,MIX/HL,HH/HL,TR DN,65.7,True,True,498,16,34.6,1789473600000,HIGH,0.0633,3.11,,,,,,,0,0,0.0536,0.0494,HIGH_SWEEP,6,0.0536,False,False,4.6002,101,1044,312.0,2547.21,-2235.21,-78.18,10.91,5.1,DOWN,132,59,2859.22,14.0,60.0,1.0,True,0,0.0,2,1988.96,-1988.96,40.2,0.219,0.364,1.0,0.998,5524.58,20028.39,-14503.81,-56.76,21.62,5.5,DOWN,620,274,25552.97,40.5,300.0,1.0,True,4,2755.86,16,16957.0,-14201.13,62.3,0.448,0.602,1.0,1.0,40444.95,64902.36,-24457.41,-23.22,38.39,14.7,DOWN,2234,918,105347.32,122.6,900.0,1.0,True,47,34201.37,39,57270.19,-23068.82,80.2,0.71,0.756,1.0,1.0,-1312.49,4543.22,-11062.16,-3.4,-0.99,1.0,-1297.45,-0.5253,-3032.71,-0.5934,-0.5274,NONE,1789714208247,SELL,1602.23,0.055381177975182334,1789714140000,ok,1.0,1.0,1.0,continuous,1,59,0,,0,0,0,0,False,428,0.05532,0.05533,1.808,0.559,0.1502,-0.209,10825.67,7997.58,35.25,1789714234824,416,False,,FATIGUE_RESTED_1M|AGGRESSIVE_SELLER,,
2,v2,v1.2,REALF_PY_V4_2_DERIVED,ZPTDIFAT_PY_V1_4_DERIVED,fc-v1,native,,058e38aec59f4c35,20260918_064430,120,ZKC_20260918_065037_945,ZKCUSDT,BINANCE,FUTURES,OUTSIDE100,1142,200,1789714237945,2026-09-18T06:50:37.945+00:00,17,True,1789714237945,1789714237945,63.7,1789714200000,1789714259999,False,37.9,0.03854,0.0,36.5,PRICE LAG,True,500,33.0,37.7,36.6,48.7,0.00439,1.58,2.21,0.00149,0.431,0.25,6.7,70.0,53.1,YOK,4.7,1.0,0.03870958928724794,0.44,CLV_PROXY_1M,0,0.0,100.0,36.5,36.3,41.0,41.4,0.2,-4.5,-4.9,0.00439,0.00032,0.00079,0.00097,86.72,86.61,77.88,65.92,0.11,8.84,20.8,84.23,93.33,500,native,86.72,ASIRI,84.23,93.33,True,300,81.3,BULL,BOS UP,MIX/HL,HH/HL,TR UP,77.3,True,True,499,2,100.0,1789714080000,LOW,0.0383,4.82,,,,,,,0,0,0.03846,0.03836,LOW_SWEEP,15,0.03835,False,False,0.1292,499,native,67.54,NORMAL,94.19,98.33,True,300,42.5,BULL,BOS UP,LH/MIX,EQ/RANGE,RANGE,74.7,True,True,498,37,58.8,1789707420000,LOW,0.03801,6.24,,,,0.038305,2.77,2,0,2,0.03855,0.038305,HIGH_SWEEP,35,0.03865,False,True,0.2209,499,native,57.5,NORMAL,78.95,83.33,True,300,66.7,BULL,BOS UP,MIX/HL,LH/MIX,RANGE,74.3,True,True,498,23,50.4,1789707300000,LOW,0.03801,4.06,,,,,,,0,0,0.03855,0.03831,HIGH_SWEEP,1,0.03855,True,False,0.3383,499,native,52.11,NORMAL,57.01,75.0,True,300,87.9,BULL,BOS UP,HH/HL,HH/HL,RANGE,90.3,True,True,498,8,52.3,1789706700000,LOW,0.03789,2.5,0.049025,40.35,2,0.037065,5.68,2,1,1,0.049025,0.037065,LOW_SWEEP,153,0.03752,False,False,0.6768,499,native,75.71,YORGUN,70.05,82.33,True,300,58.0,BEAR,BOS DN,MIX/HL,HH/HL,TR DN,64.1,True,True,498,53,61.2,1789520400000,HIGH,0.04772,16.39,0.05792,34.59,2,,,,1,0,0.05792,0.03718,EQH_SWEEP,6,0.03827,False,False,1.4589,499,native,44.05,NORMAL,52.28,58.67,True,300,15.6,BEAR,BOS DN,LH/LL,LH/MIX,TR DN,90.7,True,True,498,18,73.5,1789444800000,HIGH,0.04904,8.34,,,,0.036074999999999996,1.96,2,0,1,0.03878,0.036074999999999996,HIGH_SWEEP,1,0.03878,True,False,3.2744,8586,406,419.19,70.1,349.09,71.35,85.67,94.9,UP,31,19,489.29,8.5,60.0,1.0,True,0,0.0,0,0.0,0.0,26.9,0.146,0.172,1.0,0.857,6202.41,3906.36,2296.06,22.71,61.36,84.9,UP,284,160,10108.77,33.2,300.0,1.0,True,6,2656.94,5,3107.87,-450.93,56.1,0.399,0.501,1.0,0.971,13110.02,8101.66,5008.36,23.61,61.81,85.6,UP,617,341,21211.68,70.6,900.0,1.0,True,14,7402.58,8,5055.23,2347.35,68.5,0.585,0.582,1.0,0.99,742.96,-14.37,-434.9,38.94,0.07,1.0,123.37,0.0458,412.96,0.2043,0.8487,NONE,1789714152365,SELL,932.28,0.0385367720734127,1789714140000,ok,1.0,1.0,1.0,continuous,1,22,0,,0,0,0,0,False,462,0.03852,0.03854,5.191,1.626,-0.3274,-0.0288,12630.34,24928.01,51.91,1789714237476,469,False,,FATIGUE_EXTREME,,
2,v2,v1.2,REALF_PY_V4_2_DERIVED,ZPTDIFAT_PY_V1_4_DERIVED,fc-v1,native,,058e38aec59f4c35,20260918_064430,121,ETH_20260918_065044_491,ETHUSDT,BINANCE,FUTURES,TOP100,2,75000,1789714244491,2026-09-18T06:50:44.491+00:00,17,True,1789714243648,1789714244491,64.4,1789714200000,1789714259999,False,43.6,2484.45,-0.0338,63.2,PRICE AHEAD,True,500,67.3,58.4,66.1,50.9,-0.00175,-0.18,-1.29,0.00112,0.694,0.4,2.0,60.0,-10.7,YOK,8.9,1.0,2480.1010062331816,-0.175,CLV_PROXY_1M,0,0.0,100.0,63.2,61.2,61.3,50.0,2.0,1.9,13.2,-0.00175,2e-05,0.00025,-0.00131,65.22,68.07,67.49,63.69,-2.85,-2.27,1.53,58.94,57.67,500,native,65.22,NORMAL,58.94,57.67,True,300,34.4,BULL,BOS UP,LH/LL,MIX/HL,SQZ,85.9,True,True,499,28,63.9,1789712520000,LOW,2481.26,2.28,,,,2469.0299999999997,11.02,2,0,2,2486.1,2469.0299999999997,HIGH_SWEEP,27,2486.11,False,False,0.0563,499,native,59.57,NORMAL,60.94,62.67,True,300,59.3,BULL,BOS UP,MIX/HL,LH/MIX,RANGE,74.3,True,True,498,38,76.1,1789707240000,LOW,2469.0,4.91,2486.685,0.71,2,,,,1,0,2486.685,2480.9,HIGH_SWEEP,9,2486.49,False,False,0.1266,499,native,54.61,NORMAL,58.03,55.67,True,300,68.7,BULL,BOS UP,MIX/HL,MIX/HL,TR UP,75.1,True,True,498,20,61.2,1789708200000,LOW,2469.0,3.44,,,,2365.835,26.41,2,0,1,2486.88,2365.835,HIGH_SWEEP,21,2482.2,False,False,0.1807,499,native,65.05,NORMAL,61.26,63.0,True,300,72.9,BULL,BOS UP,HH/MIX,HH/HL,TR UP,74.1,True,True,498,7,39.9,1789707600000,LOW,2435.39,6.17,,,,2435.74,6.12,2,0,1,2492.55,2435.74,HIGH_SWEEP,6,2484.99,False,False,0.3202,499,native,79.82,YORGUN,87.48,97.33,True,300,73.3,BEAR,BOS DN,HH/HL,HH/MIX,TR DN,84.8,True,True,498,65,44.7,1789477200000,HIGH,2614.99,7.64,,,,,,,0,0,2484.0,2435.39,HIGH_SWEEP,1,2484.0,True,False,0.6888,499,native,65.64,NORMAL,77.0,88.33,True,300,51.7,TR-DN,CHOCH DN,MIX/HL,MIX/HL,TR-DN,70.6,True,True,498,14,32.7,1789502400000,HIGH,2614.99,3.27,,,,1862.655,15.6,2,0,2,2614.99,1862.655,HIGH_SWEEP,38,2522.75,False,False,1.6086,323,4041,785916.6,751701.34,34215.26,2.23,51.11,54.5,FLAT,2520,450,1537617.94,46.5,60.0,1.0,True,2,181055.16,2,423384.59,-242329.43,74.6,0.482,1.0,1.0,0.995,7417217.85,6800923.21,616294.64,4.33,52.17,58.8,UP,11262,2543,14218141.06,76.4,300.0,1.0,True,16,4675405.68,21,3701344.19,974061.49,81.8,0.604,1.0,1.0,0.999,10554948.77,11051948.08,-496999.31,-2.3,48.85,45.3,FLAT,17561,4041,21606896.85,113.9,538.8,0.5987,False,23,6689340.11,36,5957341.13,731998.98,78.0,0.695,1.0,0.599,1.0,741641.62,-103843.97,,23.66,-0.14,0.532,-360616.45,-0.2629,25122.52,0.0088,0.1469,DOWN,1789714237336,SELL,256099.91,2484.5253879586335,1789714140000,ok,1.0,1.0,1.0,continuous,1,464,0,,0,0,0,0,False,496,2484.45,2484.46,0.04,0.011,-0.2032,0.5175,774287.31,1169136.99,0.83,1789714243476,1015,False,,,,
2,v2,v1.2,REALF_PY_V4_2_DERIVED,ZPTDIFAT_PY_V1_4_DERIVED,fc-v1,native,,058e38aec59f4c35,20260918_064430,122,BNB_20260918_065047_619,BNBUSDT,BINANCE,FUTURES,TOP100,4,25000,1789714247619,2026-09-18T06:50:47.619+00:00,17,True,1789714247619,1789714247619,64.4,1789714200000,1789714259999,False,47.6,754.16,0.0225,46.2,FAIR (DENGE),True,500,45.5,43.5,49.4,49.7,0.00133,0.31,0.31,0.00095,0.674,0.38,3.3,55.0,9.9,YOK,5.9,1.0,755.1643307244557,0.133,CLV_PROXY_1M,0,0.0,100.0,46.2,41.7,36.4,41.1,4.5,9.8,5.1,0.00133,4e-05,-0.00085,-0.00029,64.21,60.57,63.26,65.71,3.64,0.95,-1.5,72.59,73.0,500,native,64.21,NORMAL,72.59,73.0,True,300,18.9,BEAR,BOS DN,LH/LL,MIX/HL,RANGE,87.5,True,True,499,21,52.5,1789712940000,HIGH,754.74,1.45,,,,735.76,46.11,2,0,1,754.18,735.76,HIGH_SWEEP,28,754.62,False,False,0.0529,499,native,43.35,NORMAL,55.21,43.67,True,300,83.7,BULL,BOS UP,HH/HL,MIX/HL,RANGE,86.8,True,True,498,15,53.9,1789711380000,LOW,751.67,2.77,,,,733.985,22.51,2,0,2,755.98,733.985,HIGH_SWEEP,30,753.4,False,False,0.1189,499,native,53.76,NORMAL,62.75,56.67,True,300,70.1,BULL,BOS UP,HH/MIX,HH/HL,TR UP,80.5,True,True,498,20,50.9,1789708200000,LOW,749.39,3.55,,,,751.405,2.05,2,0,2,755.98,751.405,HIGH_SWEEP,9,755.08,False,False,0.1782,499,native,58.26,NORMAL,61.76,56.0,True,300,78.2,BULL,BOS UP,HH/HL,HH/HL,TR UP,91.5,True,True,498,30,31.8,1789686900000,LOW,733.95,8.07,,,,,,,0,0,754.71,733.95,HIGH_SWEEP,6,754.71,False,False,0.3323,499,native,94.21,ASIRI,91.26,95.33,True,300,72.9,BULL,BOS UP,HH/MIX,HH/MIX,TR UP,76.1,True,True,498,10,47.2,1789675200000,LOW,721.24,7.16,,,,,,,0,0,732.95,721.24,HIGH_SWEEP,18,729.58,False,False,0.6104,499,native,89.17,ASIRI,96.58,97.0,True,300,40.4,BULL,BOS UP,LH/LL,HH/HL,RANGE,86.1,True,True,498,4,31.3,1789646400000,LOW,704.34,5.29,,,,,,,0,0,725.94,704.34,HIGH_SWEEP,6,725.94,False,False,1.2519,478,1771,103245.4,67531.4,35714.0,20.91,60.46,83.3,UP,665,128,170776.79,20.4,60.0,1.0,True,0,0.0,1,32933.47,-32933.47,57.1,0.29,0.808,1.0,0.992,441876.48,529188.41,-87311.93,-8.99,45.5,32.6,DOWN,3242,592,971064.89,80.9,300.0,1.0,True,1,49790.14,5,166702.33,-116912.19,82.4,0.618,0.997,1.0,0.998,1279790.52,1447022.94,-167232.43,-6.13,46.93,37.8,DOWN,8542,1771,2726813.46,207.8,851.0,0.9456,False,5,200004.49,14,608743.73,-408739.23,90.7,0.806,1.0,0.946,0.999,39317.04,326260.21,,11.51,12.63,0.8789,11793.21,0.0792,-28429.47,-0.1464,-0.3829,UP,1789714245246,SELL,32933.47,754.1439523700482,1789714140000,ok,1.0,1.0,1.0,continuous,1,135,0,,0,0,0,0,False,530,754.1,754.11,0.133,0.028,-0.2901,-0.1549,64015.14,116341.53,2.59,1789714247472,147,False,,,,
2,v2,v1.2,REALF_PY_V4_2_DERIVED,ZPTDIFAT_PY_V1_4_DERIVED,fc-v1,native,,058e38aec59f4c35,20260918_064430,123,XRP_20260918_065050_739,XRPUSDT,BINANCE,FUTURES,TOP100,5,25000,1789714250739,2026-09-18T06:50:50.739+00:00,17,True,1789714250310,1789714250739,64.6,1789714200000,1789714259999,False,50.3,1.3221,-0.0605,48.1,FAIR (DENGE),True,500,46.8,53.8,42.9,49.8,-0.00107,-0.31,0.41,0.00148,0.706,0.31,6.0,60.0,-2.1,YOK,10.9,0.498,1.320685576866636,-0.107,CLV_PROXY_1M,0,0.0,100.0,48.1,46.7,51.4,52.2,1.4,-3.3,-4.1,-0.00107,0.00032,0.00104,0.0016,54.0,62.29,68.8,67.21,-8.29,-14.8,-13.21,37.49,28.0,500,native,54.0,NORMAL,37.49,28.0,True,300,86.2,TR-UP,CHOCH UP,HH/HL,MIX/HL,SQZ,93.0,True,True,499,4,53.1,1789713960000,LOW,1.3208,1.06,,,,1.3032,15.45,2,0,2,1.3245,1.3032,HIGH_SWEEP,14,1.3232,False,False,0.0924,499,native,72.98,YORGUN,64.87,69.33,True,300,40.6,BULL,BOS UP,LH/LL,HH/HL,RANGE,87.7,True,True,498,3,29.6,1789713540000,LOW,1.3164,2.31,,,,,,,0,0,1.3228,1.3164,HIGH_SWEEP,7,1.3228,False,True,0.1862,499,native,69.24,NORMAL,69.12,73.0,True,300,59.9,BULL,BOS UP,MIX/HL,LH/LL,TR UP,74.0,True,True,498,37,67.7,1789703100000,LOW,1.3045,5.35,,,,,,,0,0,1.3228,1.3164,HIGH_SWEEP,5,1.3228,False,False,0.2485,499,native,58.07,NORMAL,56.3,60.67,True,300,76.5,TR-UP,CHOCH UP,HH/HL,MIX/HL,TR-UP,84.3,True,True,498,23,25.8,1789693200000,LOW,1.2867,6.42,,,,,,,0,0,1.3286,1.3133,HIGH_SWEEP,24,1.3002,False,False,0.4171,499,native,80.68,YORGUN,80.22,92.0,True,300,74.1,TR-UP,CHOCH UP,HH/MIX,HH/MIX,TR-UP,74.3,True,True,498,3,82.2,1789700400000,LOW,1.2867,2.92,,,,,,,0,0,1.3201,1.2867,HIGH_SWEEP,1,1.3201,True,False,0.9194,499,native,49.57,NORMAL,58.65,74.67,True,300,47.1,TR-DN,CHOCH DN,HH/MIX,MIX/LL,TR-DN,75.8,True,True,498,15,73.1,1789488000000,HIGH,1.4916,5.33,1.5507,7.19,2,0.98775,10.51,2,1,1,1.5507,0.98775,EQH_SWEEP,57,1.43175,False,False,2.3989,861,1970,144017.64,212449.05,-68431.41,-19.2,40.4,18.4,DOWN,987,109,356466.68,19.6,60.0,1.0,True,2,55269.81,1,46120.08,9149.73,58.0,0.281,0.888,1.0,0.986,1487187.07,1271026.49,216160.58,7.84,53.92,65.4,UP,5545,702,2758213.56,38.0,300.0,1.0,True,14,957264.82,12,635371.38,321893.44,71.5,0.432,1.0,1.0,0.997,4781796.81,4096206.5,685590.31,7.72,53.86,65.2,UP,16809,1970,8878003.31,186.6,863.4,0.9593,False,50,3192807.41,44,2351362.24,841445.17,90.2,0.789,1.0,0.959,0.999,-76012.72,317625.06,,-11.35,5.4,0.8927,-42758.68,-0.1662,-4599.37,-0.0083,0.0594,DOWN,1789714212669,BUY,28592.44,1.3222,1789714140000,ok,1.0,1.0,1.0,continuous,1,119,0,,0,0,0,0,False,564,1.322,1.3221,0.756,-0.139,0.0824,-0.1435,1187549.69,1006676.08,14.75,1789714250157,582,False,,,,
2,v2,v1.2,REALF_PY_V4_2_DERIVED,ZPTDIFAT_PY_V1_4_DERIVED,fc-v1,native,,058e38aec59f4c35,20260918_064430,124,DOGE_20260918_065054_289,DOGEUSDT,BINANCE,FUTURES,TOP100,12,15000,1789714254289,2026-09-18T06:50:54.289+00:00,17,True,1789714254289,1789714254289,65.0,1789714200000,1789714259999,False,54.3,0.08421,-0.0356,52.2,FAIR (DENGE),True,500,52.3,52.9,52.0,50.2,-0.00075,-0.47,-0.43,0.00131,0.66,0.34,3.0,55.0,-11.5,YOK,0.9,1.0,0.08414667300142602,-0.075,CLV_PROXY_1M,0,0.0,100.0,52.2,49.5,51.5,50.6,2.7,0.7,1.6,-0.00075,3e-05,0.00031,0.00041,28.97,30.76,36.41,44.36,-1.79,-7.44,-15.39,29.16,14.67,500,native,28.97,DINLENMIS,29.16,14.67,True,300,58.3,BEAR,BOS DN,HH/HL,MIX/HL,SQZ,88.5,True,True,499,2,35.4,1789714080000,HIGH,0.08442,3.11,0.084395,2.74,2,0.08135,42.3,2,1,1,0.084395,0.08135,EQH_SWEEP,14,0.084395,False,False,0.0803,499,native,40.91,NORMAL,33.7,25.33,True,300,60.1,BULL,BOS UP,MIX/HL,HH/HL,RANGE,73.3,True,True,498,37,48.5,1789707420000,LOW,0.08373,3.38,0.08449000000000001,1.97,2,,,,1,0,0.08449000000000001,0.08417,LOW_SWEEP,16,0.08419,False,False,0.1687,499,native,39.5,NORMAL,37.88,28.0,True,300,61.4,BULL,BOS UP,MIX/HL,MIX/HL,TR UP,80.0,True,True,498,37,93.1,1789703100000,LOW,0.08223,9.56,,,,0.07986,20.94,2,0,1,0.08448,0.07986,HIGH_SWEEP,21,0.08459,False,False,0.2472,499,native,57.79,NORMAL,51.76,51.33,True,300,79.4,BULL,BOS UP,HH/HL,HH/HL,TR UP,84.7,True,True,498,22,43.6,1789694100000,LOW,0.08114,8.71,,,,0.080555,10.37,2,0,1,0.08469,0.080555,HIGH_SWEEP,65,0.08179,False,False,0.4181,499,native,88.81,ASIRI,84.59,96.67,True,300,89.8,BULL,BOS UP,HH/HL,LH/LL,TR UP,90.7,True,True,498,4,51.5,1789696800000,LOW,0.08114,4.24,,,,,,,0,0,0.08253,0.08114,HIGH_SWEEP,21,0.08134,False,False,0.8609,499,native,72.8,YORGUN,85.41,92.33,True,300,47.5,BEAR,BOS DN,HH/MIX,LH/MIX,TR DN,73.2,True,True,498,16,26.7,1789473600000,HIGH,0.08616,1.28,,,,0.07835,3.83,2,0,1,0.08616,0.07835,HIGH_SWEEP,20,0.08534,False,False,1.8093,-145,1375,273337.33,35772.97,237564.36,76.85,88.43,94.9,UP,490,71,309110.31,2.5,60.0,1.0,True,3,240777.05,0,0.0,240777.05,28.3,0.047,0.873,1.0,1.0,580769.82,259677.83,321091.99,38.2,69.1,92.3,UP,2542,370,840447.65,14.6,300.0,1.0,True,11,440911.47,3,71233.69,369677.78,54.8,0.226,0.981,1.0,1.0,1689891.21,1157748.14,532143.07,18.69,59.34,81.1,UP,9349,1212,2847639.35,88.2,900.0,1.0,True,27,1142043.42,17,489775.52,652267.9,83.6,0.638,1.0,1.0,1.0,155121.37,287803.24,311952.13,9.6,16.62,1.0,98934.48,0.537,47714.31,0.2839,-0.0269,UP,1789714236398,BUY,16315.1,0.08424,1789714140000,ok,1.0,1.0,1.0,continuous,1,81,0,,0,0,0,0,False,598,0.08421,0.08422,1.187,-0.056,0.174,0.0187,897906.24,631688.44,23.16,1789714253234,1055,False,,FATIGUE_RESTED_1M|AGGRESSIVE_BUYER,,
2,v2,v1.2,REALF_PY_V4_2_DERIVED,ZPTDIFAT_PY_V1_4_DERIVED,fc-v1,native,,058e38aec59f4c35,20260918_064430,125,LINK_20260918_065057_400,LINKUSDT,BINANCE,FUTURES,TOP100,17,10000,1789714257400,2026-09-18T06:50:57.400+00:00,17,True,1789714256986,1789714257400,65.2,1789714200000,1789714259999,False,57.0,11.813,-0.0169,62.8,PRICE AHEAD,True,500,67.5,58.1,64.1,51.2,-0.00312,-0.23,-1.04,0.00168,0.658,0.31,5.0,55.0,-2.9,YOK,9.5,1.0,11.776190265320704,-0.312,CLV_PROXY_1M,0,0.0,100.0,62.8,63.3,64.4,55.9,-0.5,-1.6,6.9,-0.00312,0.00013,0.00045,-0.00174,47.07,50.95,62.54,75.36,-3.88,-15.47,-28.29,42.45,27.67,500,native,47.07,NORMAL,42.45,27.67,True,300,86.5,BULL,BOS UP,HH/HL,HH/HL,SQZ,93.7,True,True,499,14,55.7,1789713360000,LOW,11.772,3.2,,,,11.377500000000001,33.98,2,0,1,11.837,11.377500000000001,HIGH_SWEEP,33,11.779,False,False,0.1085,499,native,76.73,YORGUN,68.35,65.67,True,300,43.6,BULL,BOS UP,LH/LL,HH/MIX,RANGE,88.3,True,True,498,9,67.9,1789712460000,LOW,11.705,3.94,,,,,,,0,0,11.776,11.705,HIGH_SWEEP,14,11.776,False,False,0.2296,499,native,76.3,YORGUN,74.67,73.0,True,300,75.8,BULL,BOS UP,HH/MIX,LH/LL,TR UP,75.7,True,True,498,3,46.5,1789713300000,LOW,11.705,2.82,,,,,,,0,0,11.817,11.705,HIGH_SWEEP,1,11.817,True,False,0.3238,499,native,65.62,NORMAL,65.93,68.67,True,300,91.2,BULL,BOS UP,HH/HL,HH/HL,TR UP,88.4,True,True,498,1,59.4,1789713000000,LOW,11.647,2.59,,,,11.0905,11.29,2,0,1,11.817,11.0905,HIGH_SWEEP,65,11.34,False,True,0.5406,499,native,90.47,ASIRI,88.27,94.33,True,300,83.3,TR-UP,CHOCH UP,HH/HL,MIX/LL,TR-UP,86.0,True,True,498,5,51.0,1789693200000,LOW,11.089,6.0,12.7855,8.08,2,,,,1,0,12.7855,11.25,LOW_SWEEP,37,10.67,False,False,1.0287,499,native,75.86,YORGUN,88.74,92.33,True,300,17.7,BEAR,BOS DN,LH/LL,HH/MIX,RANGE,86.2,True,True,498,15,24.8,1789488000000,HIGH,11.961,0.59,,,,8.062,14.96,2,0,1,11.961,8.062,EQH_SWEEP,83,12.035499999999999,False,False,2.133,498,1248,26971.58,9012.61,17958.98,49.91,74.95,94.0,UP,232,45,35984.19,9.2,60.0,1.0,True,0,0.0,0,0.0,0.0,41.5,0.156,0.639,1.0,0.992,207299.27,231431.52,-24132.25,-5.5,47.25,39.0,DOWN,1504,281,438730.8,59.8,300.0,1.0,True,3,40315.76,7,137253.25,-96937.49,76.2,0.545,0.911,1.0,0.998,1159654.58,822385.9,337268.68,17.02,58.51,79.2,UP,6666,1133,1982040.48,269.0,900.0,1.0,True,21,498324.93,16,326792.34,171532.59,93.4,0.843,1.0,1.0,0.999,58816.91,108990.1,8072.35,46.74,8.63,1.0,-15869.97,-0.217,-11555.57,-0.1317,-0.135,NONE,1789714193568,SELL,53551.9,11.812042843877034,1789714140000,ok,1.0,1.0,1.0,continuous,1,54,0,,0,0,0,0,False,632,11.811,11.812,0.847,-0.108,0.0376,-0.0858,199853.61,185377.54,16.51,1789714256806,594,False,,AGGRESSIVE_BUYER,,
2,v2,v1.2,REALF_PY_V4_2_DERIVED,ZPTDIFAT_PY_V1_4_DERIVED,fc-v1,native,,058e38aec59f4c35,20260918_064430,126,ADA_20260918_065100_530,ADAUSDT,BINANCE,FUTURES,TOP100,19,10000,1789714260530,2026-09-18T06:51:00.530+00:00,17,True,1789714260530,1789714260530,65.6,1789714200000,1789714259999,True,60.5,0.2135,-0.0936,48.9,FAIR (DENGE),True,500,47.8,48.0,52.1,49.7,0.00079,-0.67,-0.79,0.00149,0.611,0.65,15.3,45.0,-10.3,YOK,4.3,0.569,0.21366889875848752,0.079,CLV_PROXY_1M,0,0.0,100.0,48.9,50.5,50.8,52.9,-1.6,-1.9,-4.0,0.00079,9e-05,-0.00062,-0.00049,51.13,59.51,70.13,71.95,-8.38,-19.0,-20.82,33.8,26.33,500,native,51.13,NORMAL,33.8,26.33,True,300,74.9,TR-UP,CHOCH UP,HH/HL,HH/HL,SQZ,89.8,True,True,499,35,50.5,1789712100000,LOW,0.2126,3.2,0.2151,5.69,2,,,,1,0,0.2151,0.2132,EQH_SWEEP,14,0.2138,False,False,0.1316,499,native,68.57,NORMAL,60.46,56.0,True,300,23.3,BEAR,BOS DN,LH/LL,MIX/HL,TR DN,86.5,True,True,498,30,70.8,1789708680000,HIGH,0.2173,7.06,,,,,,,0,0,0.2151,0.2121,LOW_SWEEP,50,0.2143,False,False,0.2517,499,native,61.85,NORMAL,62.0,60.67,True,300,20.5,TR-DN,CHOCH DN,LH/LL,MIX/HL,TR-DN,85.4,True,True,498,12,28.1,1789710600000,HIGH,0.2151,2.19,,,,0.1903,31.75,3,0,1,0.2151,0.1903,HIGH_SWEEP,36,0.2159,False,False,0.3419,499,native,43.8,NORMAL,39.84,33.67,True,300,66.3,BULL,BOS UP,MIX/HL,LH/LL,TR UP,78.2,True,True,498,27,55.4,1789689600000,LOW,0.1997,9.31,0.21739999999999998,2.63,2,0.1972,10.99,2,1,2,0.21739999999999998,0.1972,HIGH_SWEEP,28,0.2027,False,False,0.6932,499,native,86.03,ASIRI,76.06,88.67,True,300,87.0,BULL,BOS UP,HH/HL,HH/HL,EXP UP,84.6,True,True,498,6,53.5,1789689600000,LOW,0.1901,7.55,,,,,,,0,0,0.2042,0.1997,EQH_SWEEP,29,0.19690000000000002,False,False,1.4575,499,native,75.72,YORGUN,87.97,90.0,True,300,41.5,TR-UP,CHOCH UP,LH/LL,LH/LL,TR-UP,84.5,True,True,498,1,52.5,1789689600000,LOW,0.1901,4.3,,,,,,,0,0,0.2159,0.1901,LOW_SWEEP,52,0.2148,False,True,2.5151,823,1081,7497.82,68113.31,-60615.48,-80.17,9.92,5.1,DOWN,296,52,75611.13,4.1,60.0,1.0,True,0,0.0,2,49587.08,-49587.08,32.3,0.076,0.72,1.0,0.986,283600.55,271033.38,12567.17,2.27,51.13,54.6,FLAT,1373,359,554633.93,14.9,300.0,1.0,True,8,235881.11,9,217528.57,18352.55,54.4,0.229,0.936,1.0,0.997,962987.05,754412.48,208574.56,12.14,56.07,72.6,UP,3895,941,1717399.53,48.3,900.0,1.0,True,25,791728.32,21,565182.69,226545.63,75.2,0.491,1.0,1.0,0.999,-81543.72,-45314.16,-50270.81,-60.86,-4.29,1.0,1278.88,0.0188,2293.87,0.0207,0.0589,NONE,1789714254438,SELL,18106.94,0.21350000000000002,1789714140000,ok,1.0,1.0,1.0,continuous,1,56,0,,0,0,0,0,False,22,0.2134,0.2135,4.685,-0.577,0.1524,0.0942,2749162.9,2022050.41,91.36,1789714260376,154,False,,AGGRESSIVE_SELLER,,
2,v2,v1.2,REALF_PY_V4_2_DERIVED,ZPTDIFAT_PY_V1_4_DERIVED,fc-v1,native,,058e38aec59f4c35,20260918_064430,127,LTC_20260918_065103_641,LTCUSDT,BINANCE,FUTURES,TOP100,25,10000,1789714263641,2026-09-18T06:51:03.641+00:00,17,True,1789714263211,1789714263641,65.6,1789714200000,1789714259999,True,63.2,54.93,-0.0364,56.3,FAIR (DENGE),True,500,56.9,58.5,55.1,50.4,-0.00262,-0.41,-0.56,0.00121,0.601,0.14,3.7,55.0,-17.3,YOK,3.4,1.0,54.786168694691845,-0.262,CLV_PROXY_1M,0,0.0,100.0,56.3,56.0,51.2,57.8,0.3,5.1,-1.5,-0.00262,0.00029,-0.00036,8e-05,49.53,54.6,64.35,72.68,-5.07,-14.82,-23.15,39.58,33.33,500,native,49.53,NORMAL,39.58,33.33,True,300,67.7,BULL,BOS UP,MIX/HL,HH/HL,SQZ,76.2,True,True,499,23,64.2,1789712820000,LOW,54.78,3.14,55.02,1.88,2,54.76,3.56,2,1,2,55.02,54.76,HIGH_SWEEP,47,54.92,False,False,0.087,499,native,68.33,NORMAL,65.89,67.33,True,300,74.8,BULL,BOS UP,HH/HL,HH/HL,TR UP,91.8,True,True,498,38,50.6,1789707240000,LOW,54.29,6.41,55.0,0.7,2,,,,1,0,55.0,54.78,EQH_SWEEP,7,55.0,False,False,0.1817,499,native,66.6,NORMAL,66.54,59.0,True,300,75.7,BULL,BOS UP,HH/HL,HH/HL,TR UP,87.5,True,True,498,37,51.2,1789703100000,LOW,54.32,4.56,,,,53.86,7.99,2,0,2,55.0,53.86,HIGH_SWEEP,5,55.0,False,False,0.2436,499,native,74.87,YORGUN,72.63,78.67,True,300,70.5,BULL,BOS UP,MIX/HL,HH/MIX,TR UP,85.7,True,True,498,25,95.3,1789691400000,LOW,53.59,6.06,,,,,,,0,0,53.98,54.29,EQH_SWEEP,27,53.989999999999995,False,False,0.402,499,native,87.64,ASIRI,87.73,95.33,True,300,88.0,BULL,BOS UP,HH/HL,HH/HL,TR UP,83.5,True,True,498,6,68.8,1789689600000,LOW,52.46,5.66,,,,,,,0,0,54.0,52.46,HIGH_SWEEP,21,52.81,False,False,0.7963,499,native,81.3,YORGUN,89.2,93.0,True,300,51.6,TR-DN,CHOCH DN,HH/MIX,LH/LL,TR-DN,72.3,True,True,498,14,38.2,1789502400000,HIGH,55.24,0.36,,,,,,,0,0,55.24,50.13,HIGH_SWEEP,30,54.28,False,False,1.559,20,491,2046.6,3872.11,-1825.51,-30.84,34.58,10.1,DOWN,54,19,5918.71,4.3,60.0,1.0,True,0,0.0,0,0.0,0.0,28.4,0.079,0.443,1.0,1.0,50192.48,67806.4,-17613.92,-14.93,42.54,23.4,DOWN,515,116,117998.88,23.6,300.0,1.0,True,1,11390.43,0,0.0,11390.43,58.6,0.321,0.768,1.0,1.0,281482.35,256731.11,24751.25,4.6,52.3,59.3,UP,1956,421,538213.46,69.6,900.0,1.0,True,7,142676.24,4,63650.24,79026.0,78.9,0.582,0.933,1.0,1.0,-9209.35,6984.65,-52057.29,-26.24,2.05,1.0,523.42,0.0304,-4855.45,-0.2057,-0.2434,UP,1789714153081,BUY,11390.43,54.94313361921346,1789714140000,ok,1.0,1.0,1.0,continuous,1,20,0,,0,0,0,0,False,56,54.93,54.94,1.82,-0.247,0.1781,0.0679,939023.07,655044.35,35.5,1789714263476,165,False,,,,
2,v2,v1.2,REALF_PY_V4_2_DERIVED,ZPTDIFAT_PY_V1_4_DERIVED,fc-v1,native,,058e38aec59f4c35,20260918_064430,128,AVAX_20260918_065106_724,AVAXUSDT,BINANCE,FUTURES,TOP100,31,5000,1789714266724,2026-09-18T06:51:06.724+00:00,17,True,1789714266302,1789714266724,65.2,1789714260000,1789714319999,False,6.3,7.905,0.0,47.2,FAIR (DENGE),True,500,46.8,44.1,50.8,50.0,0.00175,0.16,0.39,0.00116,0.552,0.0,0.3,45.0,-14.5,YOK,6.7,0.899,7.918825284829459,0.175,CLV_PROXY_1M,0,0.0,100.0,47.2,49.2,52.7,52.6,-2.0,-5.5,-5.4,0.00175,-7e-05,9e-05,-7e-05,77.61,77.15,74.47,75.8,0.46,3.14,1.81,78.71,78.67,500,native,77.61,YORGUN,78.71,78.67,True,300,74.0,BEAR,BOS DN,HH/HL,HH/HL,SQZ,86.9,True,True,499,71,64.9,1789710000000,HIGH,7.93,4.39,7.9415,6.4,2,,,,1,0,7.9415,7.893,LOW_SWEEP,30,7.873,False,False,0.0721,499,native,76.28,YORGUN,78.53,80.67,True,300,75.4,BULL,BOS UP,MIX/HL,HH/MIX,RANGE,73.4,True,True,498,1,42.4,1789714080000,LOW,7.871,2.47,,,,7.6285,20.09,2,0,1,7.903,7.6285,HIGH_SWEEP,2,7.903,False,False,0.1741,499,native,55.18,NORMAL,68.99,65.33,True,300,61.4,BULL,BOS UP,MIX/HL,MIX/HL,RANGE,76.2,True,True,498,45,66.0,1789700700000,LOW,7.677,10.7,,,,,,,0,0,7.942,7.871,HIGH_SWEEP,50,7.723,False,False,0.2694,499,native,55.44,NORMAL,55.11,51.0,True,300,79.1,BULL,BOS UP,HH/HL,MIX/HL,TR UP,85.4,True,True,498,24,54.9,1789692300000,LOW,7.545,8.82,,,,,,,0,0,7.968,7.584,EQH_SWEEP,24,7.648,False,False,0.5161,499,native,87.87,ASIRI,82.95,90.33,True,300,91.4,TR-UP,CHOCH UP,HH/HL,LH/LL,TR-UP,94.6,True,True,498,3,96.7,1789700400000,LOW,7.545,4.47,8.192,3.56,3,7.186,8.93,2,1,1,8.192,7.186,EQL_SWEEP,37,7.186,False,False,1.023,499,native,84.89,ASIRI,91.23,93.33,True,300,78.7,BULL,BOS UP,HH/MIX,HH/MIX,RANGE,76.8,True,True,498,1,80.2,1789689600000,LOW,7.171,4.83,,,,7.173500000000001,4.82,2,0,1,7.8,7.173500000000001,LOW_SWEEP,15,7.243,False,False,1.9116,4031,639,8340.14,3375.41,4964.73,42.38,71.19,93.1,UP,94,28,11715.55,6.1,60.0,1.0,True,0,0.0,0,0.0,0.0,33.5,0.108,0.517,1.0,0.933,120785.82,102928.21,17857.62,7.98,53.99,65.6,UP,840,147,223714.03,28.1,300.0,1.0,True,9,68324.5,6,70159.36,-1834.86,62.9,0.36,0.837,1.0,0.987,315244.78,307026.65,8218.13,1.32,50.66,52.7,FLAT,3040,535,622271.42,100.9,900.0,1.0,True,18,146499.94,21,182658.52,-36158.58,83.8,0.669,0.948,1.0,0.996,-522.06,26818.15,-32237.3,12.52,5.74,1.0,-593.48,-0.0257,2863.54,0.064,0.0059,NONE,1789714199174,BUY,6861.54,7.905,1789714140000,ok,1.0,1.0,1.0,continuous,1,31,0,,0,0,0,0,False,90,7.904,7.905,1.265,0.322,0.2552,-0.0902,354008.11,210077.48,24.67,1789714266132,592,False,,AGGRESSIVE_BUYER,,
2,v2,v1.2,REALF_PY_V4_2_DERIVED,ZPTDIFAT_PY_V1_4_DERIVED,fc-v1,native,,058e38aec59f4c35,20260918_064430,129,SUI_20260918_065109_494,SUIUSDT,BINANCE,FUTURES,TOP100,35,5000,1789714269494,2026-09-18T06:51:09.494+00:00,17,True,1789714269291,1789714269494,64.8,1789714260000,1789714319999,False,9.3,0.7781,0.0129,45.0,FAIR (DENGE),True,500,42.2,47.6,45.5,50.0,0.00107,-0.24,0.39,0.00184,0.566,0.0,0.3,35.0,-3.9,YOK,5.4,1.0,0.7789341603359676,0.107,CLV_PROXY_1M,0,0.0,100.0,45.0,48.0,51.0,51.6,-3.0,-6.0,-6.6,0.00107,-0.0001,0.00066,0.00118,50.2,54.69,62.73,70.43,-4.49,-12.53,-20.23,43.32,31.33,500,native,50.2,NORMAL,43.32,31.33,True,300,69.4,BULL,BOS UP,MIX/HL,MIX/HL,SQZ,69.3,True,True,499,13,20.7,1789713480000,LOW,0.775,3.42,,,,,,,0,0,0.7795,0.7778,HIGH_SWEEP,29,0.777,False,False,0.1165,499,native,71.87,NORMAL,67.03,62.0,True,300,84.3,BULL,BOS UP,HH/HL,HH/HL,RANGE,80.2,True,True,498,5,18.5,1789713360000,LOW,0.7738,2.16,,,,0.7292,25.13,2,0,3,0.7798,0.7292,HIGH_SWEEP,56,0.7849,False,False,0.2496,499,native,64.66,NORMAL,72.44,69.33,True,300,60.8,BULL,BOS UP,MIX/HL,HH/HL,RANGE,74.3,True,True,498,44,48.0,1789701000000,LOW,0.7643,4.86,,,,0.71575,21.71,2,0,2,0.7849,0.71575,HIGH_SWEEP,94,0.7365,False,False,0.3701,499,native,47.47,NORMAL,49.81,38.67,True,300,78.1,BULL,BOS UP,HH/HL,MIX/HL,TR UP,90.8,True,True,498,30,53.6,1789686900000,LOW,0.7287,8.58,,,,0.7289,8.54,2,0,1,0.7899,0.7289,HIGH_SWEEP,59,0.7351,False,False,0.7395,499,native,87.97,ASIRI,76.35,85.67,True,300,83.0,TR-UP,CHOCH UP,HH/HL,HH/MIX,TR-UP,88.9,True,True,498,6,40.0,1789689600000,LOW,0.7157,5.69,0.8336,5.03,2,,,,2,0,0.8336,0.7157,LOW_SWEEP,37,0.6814,False,False,1.4211,499,native,86.38,ASIRI,91.15,95.33,True,300,89.3,TR-UP,CHOCH UP,HH/HL,MIX/HL,TR-UP,85.4,True,True,498,1,97.1,1789689600000,LOW,0.6773,5.34,,,,,,,0,0,0.7479,0.6773,LOW_SWEEP,16,0.692,False,False,2.3923,1465,1511,55903.73,27330.1,28573.63,34.33,67.16,91.2,UP,317,54,83233.83,8.9,60.0,1.0,True,2,37543.41,2,20983.04,16560.37,42.7,0.152,0.73,1.0,0.976,263777.01,178813.9,84963.11,19.2,59.6,81.6,UP,2181,378,442590.91,72.1,300.0,1.0,True,13,140461.38,10,99389.09,41072.29,78.7,0.59,0.912,1.0,0.995,843122.12,783647.77,59474.35,3.66,51.83,57.4,UP,7978,1389,1626769.89,219.3,900.0,1.0,True,41,471768.66,43,509427.35,-37658.68,92.1,0.814,1.0,1.0,0.998,32013.24,58897.08,-107982.43,19.41,6.86,0.9593,10074.21,0.1465,12254.27,0.1384,0.1005,NONE,1789714268029,SELL,7808.5,0.7783666972358179,1789714140000,ok,1.0,1.0,1.0,continuous,1,61,0,,0,0,0,0,False,124,0.7783,0.7784,1.285,-0.617,-0.078,0.0234,356384.75,416717.86,25.05,1789714269153,341,False,,,,
2,v2,v1.2,REALF_PY_V4_2_DERIVED,ZPTDIFAT_PY_V1_4_DERIVED,fc-v1,native,,058e38aec59f4c35,20260918_064430,130,AKE_20260918_065112_082,AKEUSDT,BINANCE,FUTURES,TOP100,94,2000,1789714272082,2026-09-18T06:51:12.082+00:00,17,True,1789714272082,1789714272082,63.5,1789714260000,1789714319999,False,12.1,0.022945,-0.0087,46.8,FAIR (DENGE),True,500,42.0,62.4,36.8,50.0,-0.02242,-1.5,-0.61,0.00748,0.562,0.02,0.3,60.0,2.3,YOK,25.6,0.336,0.022436270994026647,-2.217,CLV_PROXY_1M,0,0.0,100.0,46.8,50.1,51.5,65.8,-3.3,-4.7,-19.0,-0.02242,0.00085,-0.00108,0.01276,33.69,35.4,46.07,59.75,-1.71,-12.38,-26.06,31.85,24.67,500,native,33.69,NORMAL,31.85,24.67,True,300,66.3,BULL,BOS UP,MIX/HL,HH/MIX,TR UP,78.7,True,True,499,28,90.2,1789712580000,LOW,0.021423,7.95,,,,0.021402499999999998,8.06,2,0,1,0.0234,0.021402499999999998,HIGH_SWEEP,49,0.021605,False,False,0.8343,499,native,71.83,NORMAL,61.57,64.0,True,300,89.8,BULL,BOS UP,HH/HL,HH/HL,EXP UP,94.4,True,True,498,10,71.4,1789712460000,LOW,0.021423,5.13,,,,,,,0,0,0.023636,0.021646,LOW_SWEEP,39,0.021228,False,False,1.2929,499,native,81.71,YORGUN,71.16,82.0,True,300,76.3,BULL,BOS UP,MIX/HL,HH/HL,EXP UP,79.7,True,True,498,9,67.7,1789711500000,LOW,0.0214,4.64,,,,,,,0,0,0.02168,0.021423,EQH_SWEEP,37,0.021653,False,False,1.4566,499,native,83.29,ASIRI,84.63,89.0,True,300,42.0,BEAR,BOS DN,LH/MIX,MIX/HL,TR DN,66.1,True,True,498,154,97.0,1789575300000,HIGH,0.028247,11.62,0.029421000000000003,14.19,2,0.0209945,4.28,2,1,3,0.029421000000000003,0.0209945,EQL_SWEEP,57,0.020765,False,False,1.973,499,native,75.8,YORGUN,95.04,98.0,True,300,70.7,BULL,BOS UP,HH/HL,HH/MIX,RANGE,69.6,True,True,498,74,56.3,1789444800000,LOW,0.014658,9.6,0.029844000000000002,8.03,2,0.012500500000000001,12.11,3,1,2,0.029844000000000002,0.012500500000000001,HIGH_SWEEP,75,0.0165,False,False,3.9837,499,native,41.25,NORMAL,44.85,44.67,True,300,84.7,BULL,BOS UP,HH/HL,MIX/HL,TR UP,90.5,True,True,498,18,80.8,1789444800000,LOW,0.013069,3.88,,,,0.0128725,3.95,2,0,3,0.029888,0.0128725,EQL_SWEEP,67,0.0128725,False,False,11.7969,16,8138,12363.83,22213.58,-9849.76,-28.49,35.76,11.3,DOWN,1377,668,34577.41,117.1,60.0,1.0,True,0,0.0,2,9155.51,-9155.51,75.7,0.701,0.635,1.0,1.0,165850.57,203403.66,-37553.08,-10.17,44.92,30.6,DOWN,11683,5608,369254.23,416.2,300.0,1.0,True,14,55164.97,15,78669.13,-23504.16,92.3,0.893,0.892,1.0,1.0,268797.25,277743.41,-8946.16,-1.64,49.18,46.7,FLAT,17146,8138,546540.66,481.7,483.6,0.5373,False,21,88522.43,17,95962.05,-7439.62,83.2,0.906,0.934,0.537,1.0,-14703.98,-54051.81,,-18.81,-7.03,0.4706,-3411.29,-0.0642,-8769.69,-0.1187,0.0685,DOWN,1789714217451,SELL,6558.89,0.022894441141564626,1789714200000,ok,1.0,1.0,1.0,continuous,1,703,0,,0,0,0,0,False,158,0.022938,0.022939,0.436,-0.179,-0.4595,0.0281,1418.9,3831.26,8.5,1789714271954,128,False,,FATIGUE_EXTREME,,
2,v2,v1.2,REALF_PY_V4_2_DERIVED,ZPTDIFAT_PY_V1_4_DERIVED,fc-v1,native,,058e38aec59f4c35,20260918_064430,131,PONS_20260918_065114_662,PONSUSDT,BINANCE,FUTURES,OUTSIDE100,112,2000,1789714274662,2026-09-18T06:51:14.662+00:00,17,True,1789714274662,1789714274662,62.9,1789714260000,1789714319999,False,14.7,0.7264,0.0551,46.2,FAIR (DENGE),True,500,43.7,50.9,44.1,49.9,-0.00085,-0.61,-0.13,0.0047,0.599,0.19,0.3,60.0,-10.1,YOK,7.3,0.891,0.7257795522463881,-0.085,CLV_PROXY_1M,0,0.0,100.0,46.2,44.9,53.9,55.3,1.3,-7.7,-9.1,-0.00085,-0.00043,0.00373,0.00463,23.09,25.91,34.41,43.69,-2.82,-11.32,-20.6,19.3,10.0,500,native,23.09,DINLENMIS,19.3,10.0,True,300,12.1,BEAR,BOS DN,LH/LL,LH/LL,SQZ,93.2,True,True,499,12,65.6,1789713540000,HIGH,0.7364,4.86,,,,0.7134,6.32,2,0,1,0.7316,0.7134,EQL_SWEEP,21,0.73295,False,False,0.2834,499,native,22.74,DINLENMIS,18.81,10.33,True,300,26.2,BULL,BOS UP,LH/LL,LH/LL,RANGE,86.5,True,True,498,80,26.3,1789699860000,LOW,0.6834,9.55,0.7777000000000001,11.2,3,0.63845,19.44,2,1,1,0.7777000000000001,0.63845,HIGH_SWEEP,95,0.6964,False,False,0.6259,499,native,30.87,NORMAL,27.92,19.33,True,300,14.8,BEAR,BOS DN,LH/LL,MIX/HL,RANGE,88.2,True,True,498,13,56.1,1789710300000,HIGH,0.7473,2.9,0.7778,7.18,2,,,,1,0,0.7778,0.7235,LOW_SWEEP,11,0.729,False,False,0.9794,499,native,41.0,NORMAL,34.16,28.33,True,300,85.7,BULL,BOS UP,HH/HL,MIX/LL,TR UP,93.8,True,True,498,18,77.8,1789697700000,LOW,0.6551,5.19,,,,,,,0,0,0.7781,0.6551,HIGH_SWEEP,19,0.6959,False,False,1.8909,289,native,80.59,YORGUN,67.97,75.84,False,269,88.1,BULL,BOS UP,HH/HL,HH/HL,TR UP,88.8,True,True,288,7,54.7,1789686000000,LOW,0.6099,3.86,,,,,,,0,0,0.6721,0.6099,HIGH_SWEEP,6,0.6721,False,False,4.1259,73,native,83.49,ASIRI,82.4,96.23,False,53,74.7,TR-UP,CHOCH UP,HH/MIX,HH/HL,TR-UP,76.3,True,False,72,1,84.3,1789689600000,LOW,0.5483,3.33,,,,,,,0,0,0.6992,0.5483,LOW_SWEEP,12,0.5821,False,False,6.9476,2109,1968,17616.81,49142.21,-31525.4,-47.22,26.39,6.2,DOWN,725,198,66759.03,28.9,60.0,1.0,True,1,3130.64,4,38945.29,-35814.65,60.1,0.366,0.706,1.0,0.965,79272.38,146909.6,-67637.22,-29.9,35.05,10.6,DOWN,2574,811,226181.97,104.1,300.0,1.0,True,5,17636.33,14,93850.19,-76213.87,81.0,0.676,0.839,1.0,0.993,258738.17,411268.4,-152530.23,-22.77,38.62,15.1,DOWN,6373,1968,670006.57,301.1,730.3,0.8115,False,23,108737.19,39,252729.21,-143992.02,89.0,0.858,0.957,0.811,0.998,-16204.31,-30513.02,,-12.54,-4.56,0.7448,-18444.3,-0.3494,-12170.54,-0.269,-0.1615,NONE,1789714266799,SELL,2333.78,0.7263567071272953,1789714200000,ok,1.0,1.0,1.0,continuous,1,201,0,,0,0,0,0,False,192,0.7266,0.7267,1.376,-0.678,0.2219,-0.162,42506.62,27066.86,26.84,1789714274523,139,False,,FATIGUE_RESTED_1M|AGGRESSIVE_SELLER,,
2,v2,v1.2,REALF_PY_V4_2_DERIVED,ZPTDIFAT_PY_V1_4_DERIVED,fc-v1,native,,058e38aec59f4c35,20260918_064430,132,SKR_20260918_065117_438,SKRUSDT,BINANCE,FUTURES,OUTSIDE100,227,500,1789714277438,2026-09-18T06:51:17.438+00:00,17,True,1789714277221,1789714277438,62.6,1789714260000,1789714319999,False,17.2,0.019112,0.0262,49.5,FAIR (DENGE),True,500,50.0,46.3,52.0,50.0,0.00184,-0.78,-1.02,0.00144,0.348,0.11,8.0,40.0,-0.2,YOK,5.7,0.375,0.019147236156642652,0.184,CLV_PROXY_1M,0,0.0,100.0,49.5,51.9,62.1,44.6,-2.4,-12.6,4.9,0.00184,-0.00011,0.00265,-0.0022,32.88,37.94,50.35,62.05,-5.06,-17.47,-29.17,24.1,14.0,500,native,32.88,NORMAL,24.1,14.0,True,300,84.3,BULL,BOS UP,HH/HL,MIX/HL,TR UP,92.0,True,True,499,15,33.7,1789713360000,LOW,0.019028,2.87,0.019363,8.57,2,,,,1,0,0.019363,0.019132,EQH_SWEEP,60,0.0189665,False,False,0.1533,499,native,62.84,NORMAL,54.37,54.33,True,300,72.8,BULL,BOS UP,HH/MIX,HH/HL,TR UP,73.8,True,True,498,5,30.5,1789713360000,LOW,0.018839,4.77,0.020296500000000002,20.68,2,0.0188425,4.71,2,1,1,0.020296500000000002,0.0188425,LOW_SWEEP,28,0.018846,False,False,0.2998,499,native,76.9,YORGUN,67.91,73.33,True,300,86.1,BULL,BOS UP,HH/HL,HH/MIX,RANGE,83.4,True,True,498,3,34.0,1789713300000,LOW,0.018839,3.67,0.020296500000000002,15.92,2,,,,1,0,0.020296500000000002,0.018839,LOW_SWEEP,28,0.018732,False,False,0.389,499,native,80.98,YORGUN,83.26,85.0,True,300,74.2,BULL,BOS UP,MIX/HL,MIX/HL,SQZ,69.3,True,True,498,2,49.0,1789712100000,LOW,0.018719,2.68,,,,0.017547,10.66,2,0,2,0.019011,0.017547,HIGH_SWEEP,36,0.019329,False,False,0.7664,499,native,43.68,NORMAL,52.37,60.67,True,300,39.3,BULL,BOS UP,LH/LL,HH/MIX,RANGE,84.4,True,True,498,21,72.8,1789635600000,LOW,0.017378,4.57,0.025375500000000002,16.49,2,,,,1,0,0.025375500000000002,0.018321,LOW_SWEEP,6,0.018554,False,False,2.0012,499,native,73.37,YORGUN,68.95,78.0,True,300,72.9,BULL,BOS UP,HH/HL,HH/HL,TR UP,83.6,True,True,498,114,36.2,1788062400000,LOW,0.008858,11.56,,,,0.017043000000000003,2.33,2,0,1,0.020299,0.017043000000000003,HIGH_SWEEP,4,0.019684,False,False,4.7097,3465,531,568.39,145.07,423.33,59.33,79.67,94.6,UP,20,15,713.46,4.8,60.0,1.0,True,0,0.0,0,0.0,0.0,23.6,0.088,0.213,1.0,0.942,12622.03,12384.04,237.99,0.95,50.48,51.9,FLAT,328,213,25006.08,55.0,300.0,1.0,True,6,9767.38,2,6694.73,3072.65,66.1,0.524,0.6,1.0,0.988,18149.16,31242.23,-13093.07,-26.51,36.75,12.4,DOWN,695,463,49391.39,53.6,900.0,1.0,True,6,9767.38,8,21658.53,-11891.15,68.2,0.517,0.673,1.0,0.996,-945.68,344.37,-1244.19,19.24,0.69,1.0,126.17,0.041,6.61,0.0013,0.011,NONE,1789714192986,BUY,1223.27,0.01910440488201028,1789714200000,ok,1.0,1.0,1.0,continuous,1,15,0,,0,0,0,0,False,226,0.019107,0.019112,2.616,-0.7,0.2754,0.1869,3218.57,1828.49,15.44,1789714276875,563,False,,,,
2,v2,v1.2,REALF_PY_V4_2_DERIVED,ZPTDIFAT_PY_V1_4_DERIVED,fc-v1,native,,058e38aec59f4c35,20260918_064430,133,PROM_20260918_065120_004,PROMUSDT,BINANCE,FUTURES,OUTSIDE100,266,1000,1789714280004,2026-09-18T06:51:20.004+00:00,17,True,1789714279998,1789714280004,62.0,1789714260000,1789714319999,False,20.0,5.388,0.0186,57.0,FAIR (DENGE),True,500,59.1,55.5,57.6,50.1,-0.00255,-0.12,-0.49,0.00224,0.469,0.05,0.3,70.0,-17.4,YOK,3.6,1.0,5.374259380247569,-0.255,CLV_PROXY_1M,0,0.0,100.0,57.0,59.8,62.9,57.6,-2.8,-5.9,-0.6,-0.00255,-9e-05,0.00106,-0.00061,32.71,31.37,27.58,19.36,1.34,5.13,13.35,34.59,38.67,500,native,32.71,NORMAL,34.59,38.67,True,300,12.3,BEAR,BOS DN,LH/LL,MIX/HL,TR DN,92.7,True,True,499,11,57.3,1789713600000,HIGH,5.424,3.76,,,,,,,0,0,5.424,5.378,LOW_SWEEP,36,5.427,False,False,0.1778,499,native,22.99,DINLENMIS,25.63,19.33,True,300,10.8,BEAR,BOS DN,LH/LL,LH/LL,TR DN,90.3,True,True,498,4,47.1,1789713540000,HIGH,5.541,7.99,,,,,,,0,0,5.541,5.41,EQL_SWEEP,4,5.3934999999999995,False,False,0.3556,499,native,14.11,DINLENMIS,16.75,10.67,True,300,45.5,TR-DN,CHOCH DN,MIX/HL,LH/LL,TR-DN,75.6,True,True,498,8,58.5,1789711800000,HIGH,5.541,6.39,,,,5.2165,7.17,2,0,1,5.541,5.2165,HIGH_SWEEP,31,5.589,False,False,0.444,499,native,22.36,DINLENMIS,14.29,7.0,True,300,60.0,TR-DN,CHOCH DN,HH/HL,MIX/HL,TR-DN,88.0,True,True,498,3,54.5,1789711200000,HIGH,5.594,4.76,5.7285,7.87,2,,,,2,0,5.7285,5.43,LOW_SWEEP,172,5.332,False,False,0.8035,499,native,51.63,NORMAL,24.33,16.0,True,300,59.0,BEAR,BOS DN,MIX/HL,MIX/HL,SQZ,69.1,True,True,498,46,75.0,1789545600000,HIGH,5.729,4.05,5.8375,5.34,3,4.906499999999999,5.72,2,2,1,5.8375,4.906499999999999,EQL_SWEEP,94,5.5815,False,False,1.5355,499,native,46.85,NORMAL,44.75,34.67,True,300,26.5,BULL,BOS UP,LH/LL,MIX/HL,SQZ,85.6,True,True,498,58,11.5,1788868800000,LOW,4.913,2.59,,,,4.4025,5.36,2,0,2,5.659,4.4025,HIGH_SWEEP,57,5.986,False,False,3.3065,1219,922,1855.18,2927.17,-1071.99,-22.42,38.79,15.4,DOWN,112,46,4782.34,14.0,60.0,1.0,True,0,0.0,1,1972.22,-1972.22,41.8,0.218,0.42,1.0,0.98,19162.39,23200.53,-4038.14,-9.53,45.23,31.6,DOWN,596,265,42362.92,30.8,300.0,1.0,True,8,10605.2,5,14923.47,-4318.27,59.9,0.381,0.657,1.0,0.996,59868.17,116997.77,-57129.6,-32.3,33.85,9.5,DOWN,2055,844,176865.94,91.9,900.0,1.0,True,17,29477.58,12,80363.24,-50885.66,79.0,0.648,0.812,1.0,0.999,-422.22,-7226.65,-2423.85,-6.49,-8.27,1.0,12.72,0.0024,-238.9,-0.0282,-0.0059,NONE,1789714278485,SELL,1972.22,5.385637083560896,1789714200000,ok,1.0,1.0,1.0,continuous,1,46,0,,0,0,0,0,False,260,5.385,5.387,3.713,-1.669,0.1508,-0.2208,34511.38,25467.96,37.13,1789714279676,328,False,,,,
2,v2,v1.2,REALF_PY_V4_2_DERIVED,ZPTDIFAT_PY_V1_4_DERIVED,fc-v1,native,,058e38aec59f4c35,20260918_064430,134,UAI_20260918_065122_580,UAIUSDT,BINANCE,FUTURES,OUTSIDE100,296,2000,1789714282580,2026-09-18T06:51:22.580+00:00,17,True,1789714282565,1789714282580,61.5,1789714260000,1789714319999,False,22.6,0.4178,0.0239,56.8,FAIR (DENGE),True,500,58.8,55.4,57.4,50.2,-0.00443,0.05,-0.36,0.00437,0.677,0.17,1.0,60.0,15.7,YOK,3.4,1.0,0.41595414009147574,-0.442,CLV_PROXY_1M,0,0.0,100.0,56.8,53.3,54.2,51.2,3.5,2.6,5.6,-0.00443,-0.00074,-0.00049,-0.00132,58.21,55.76,62.2,73.49,2.45,-3.99,-15.28,60.59,71.67,500,native,58.21,NORMAL,60.59,71.67,True,300,48.6,BEAR,BOS DN,MIX/HL,HH/HL,SQZ,78.5,True,True,499,26,90.8,1789712700000,HIGH,0.4198,1.98,0.42315,5.29,2,0.40785,9.84,3,1,1,0.42315,0.40785,HIGH_SWEEP,104,0.4247,False,False,0.2421,499,native,50.52,NORMAL,59.88,57.0,True,300,28.6,BULL,BOS UP,LH/LL,LH/LL,SQZ,79.1,True,True,498,70,61.1,1789701660000,LOW,0.4075,4.7,0.43455,7.64,2,,,,1,0,0.43455,0.4129,LOW_SWEEP,6,0.4166,False,False,0.5251,499,native,34.1,NORMAL,45.06,29.33,True,300,58.1,TR-DN,CHOCH DN,MIX/HL,LH/LL,TR-DN,66.3,True,True,498,51,58.0,1789698900000,HIGH,0.4354,5.3,,,,0.3559,18.65,3,0,1,0.4232,0.3559,HIGH_SWEEP,104,0.4106,False,False,0.7961,499,native,36.26,NORMAL,37.94,32.0,True,300,68.6,BULL,BOS UP,MIX/HL,MIX/HL,RANGE,79.5,True,True,498,21,30.6,1789695000000,LOW,0.3901,3.8,0.43505,2.36,2,0.3838,4.66,2,2,2,0.43505,0.3838,LOW_SWEEP,174,0.3294,False,False,1.7465,499,native,65.8,NORMAL,57.33,58.33,True,300,86.6,BULL,BOS UP,HH/HL,HH/HL,SQZ,87.3,True,True,498,6,38.6,1789689600000,LOW,0.3838,2.1,,,,,,,0,0,0.4354,0.3838,HIGH_SWEEP,4,0.418,False,False,3.8614,499,native,65.2,NORMAL,73.17,77.33,True,300,18.4,BEAR,BOS DN,LH/LL,HH/HL,RANGE,87.8,True,True,498,19,42.0,1789430400000,HIGH,0.5943,4.03,,,,,,,0,0,0.5943,0.322,LOW_SWEEP,20,0.4503,False,False,10.3453,231,720,2430.23,846.57,1583.66,48.33,74.16,93.9,UP,90,38,3276.8,7.4,60.0,1.0,True,1,2198.2,0,0.0,2198.2,33.0,0.129,0.379,1.0,0.996,18426.08,7560.51,10865.58,41.81,70.91,93.0,UP,451,211,25986.59,22.4,300.0,1.0,True,3,10598.27,0,0.0,10598.27,53.8,0.309,0.604,1.0,0.999,31141.12,29765.22,1375.9,2.26,51.13,54.6,FLAT,1386,592,60906.33,79.5,900.0,1.0,True,3,10598.27,3,9331.39,1266.88,73.8,0.614,0.696,1.0,1.0,-7683.26,7532.94,-611.09,-15.54,15.31,1.0,4771.13,0.7153,2384.71,0.4588,-0.5406,UP,1789714282349,BUY,2198.2,0.4181477458626593,1789714200000,ok,1.0,1.0,1.0,continuous,1,40,0,,0,0,0,0,False,294,0.418,0.4183,7.174,-1.807,0.0644,0.167,14352.31,12615.6,49.03,1789714282434,146,False,,AGGRESSIVE_BUYER,,
2,v2,v1.2,REALF_PY_V4_2_DERIVED,ZPTDIFAT_PY_V1_4_DERIVED,fc-v1,native,,058e38aec59f4c35,20260918_064430,135,BULLA_20260918_065125_585,BULLAUSDT,BINANCE,FUTURES,OUTSIDE100,339,5000,1789714285585,2026-09-18T06:51:25.585+00:00,17,True,1789714285151,1789714285585,61.8,1789714260000,1789714319999,False,25.2,0.10155,0.1677,58.5,PRICE AHEAD,True,500,63.0,53.2,59.1,50.8,-0.00435,0.44,-0.33,0.00578,0.564,0.22,7.0,35.0,-17.6,YOK,9.8,1.0,0.10110955305459508,-0.434,CLV_PROXY_1M,0,0.0,100.0,58.5,58.1,56.0,51.4,0.4,2.5,7.1,-0.00435,-0.0005,-0.0017,-0.00482,55.28,49.59,42.26,35.58,5.69,13.02,19.7,65.22,76.33,500,native,55.28,NORMAL,65.22,76.33,True,300,48.3,TR-DN,CHOCH DN,HH/MIX,LH/LL,TR-DN,73.3,True,True,499,11,44.8,1789713600000,HIGH,0.10172,0.45,0.10206,1.36,3,0.100455,2.91,2,1,2,0.10206,0.100455,EQL_SWEEP,54,0.100455,False,False,0.3712,499,native,54.34,NORMAL,64.3,74.0,True,300,41.4,BULL,BOS UP,MIX/LL,MIX/LL,RANGE,67.9,True,True,498,42,89.1,1789706700000,LOW,0.096433,6.21,0.102005,0.54,2,0.0964015,6.25,2,1,2,0.102005,0.0964015,HIGH_SWEEP,28,0.10206,False,False,0.8137,499,native,54.33,NORMAL,57.37,60.0,True,300,46.9,BULL,BOS UP,LH/MIX,MIX/LL,TR UP,64.3,True,True,498,25,22.3,1789706700000,LOW,0.09539,5.3,,,,0.10001,1.33,2,0,1,0.10203,0.10001,HIGH_SWEEP,23,0.10114,False,False,1.1473,499,native,71.18,NORMAL,65.86,70.67,True,300,74.6,BEAR,BOS DN,HH/HL,HH/HL,TR DN,88.7,True,True,498,65,27.4,1789655400000,HIGH,0.10999,3.66,0.109785,3.57,2,,,,1,0,0.109785,0.094,LOW_SWEEP,67,0.1007,False,False,2.2834,499,native,65.81,NORMAL,73.27,88.0,True,300,26.8,BULL,BOS UP,LH/LL,MIX/HL,RANGE,84.5,True,True,498,44,42.2,1789552800000,LOW,0.060024,6.38,,,,0.060025499999999996,6.38,2,0,1,0.121362,0.060025499999999996,HIGH_SWEEP,45,0.076341,False,False,6.4384,499,native,57.87,NORMAL,58.01,59.0,True,300,75.0,BULL,BOS UP,HH/MIX,HH/HL,EXP UP,78.0,True,True,498,11,96.7,1789545600000,LOW,0.0675,2.28,,,,0.0154205,5.77,2,0,1,0.139078,0.0154205,HIGH_SWEEP,52,0.085989,False,False,15.2143,3484,1499,1533.64,1131.48,402.16,15.09,57.54,76.8,UP,97,42,2665.13,20.0,60.0,1.0,True,0,0.0,0,0.0,0.0,44.2,0.286,0.356,1.0,0.942,8522.77,9593.41,-1070.64,-5.91,47.05,38.2,DOWN,586,323,18116.18,29.5,300.0,1.0,True,0,0.0,0,0.0,0.0,56.6,0.371,0.565,1.0,0.988,57910.18,71790.05,-13879.87,-10.7,44.65,29.7,DOWN,2783,1499,129700.24,224.1,765.3,0.8503,False,1,5200.14,2,35515.93,-30315.79,82.8,0.818,0.778,0.85,0.996,851.2,-4469.64,,29.54,-10.26,0.7836,-1301.09,-0.3905,-341.16,-0.0942,0.4385,DOWN,1789713918675,BUY,5200.14,0.10101665651346205,1789714200000,ok,1.0,1.0,1.0,continuous,1,43,0,,0,0,0,0,False,328,0.10155,0.10156,0.985,-0.013,-0.0986,-0.1567,1892.76,2306.81,22.16,1789714285011,574,False,,,,
2,v2,v1.2,REALF_PY_V4_2_DERIVED,ZPTDIFAT_PY_V1_4_DERIVED,fc-v1,native,,058e38aec59f4c35,20260918_064430,136,OG_20260918_065128_366,OGUSDT,BINANCE,FUTURES,OUTSIDE100,523,500,1789714288366,2026-09-18T06:51:28.366+00:00,17,True,1789714288146,1789714288366,61.9,1789714260000,1789714319999,False,28.1,2.752,0.0,35.3,PRICE LAG,True,500,30.4,35.8,38.4,50.0,0.0048,-0.0,0.57,0.00064,0.226,0.0,0.3,45.0,56.3,YOK,7.9,1.0,2.765232961636506,0.481,CLV_PROXY_1M,0,0.0033,99.7,35.3,34.6,28.8,37.2,0.7,6.5,-1.9,0.0048,-0.00013,-0.00113,-0.00052,45.13,45.15,53.18,58.0,-0.02,-8.05,-12.87,48.83,36.33,500,native,45.13,NORMAL,48.83,36.33,True,300,89.3,BULL,BOS UP,HH/HL,HH/HL,SQZ,88.8,True,True,499,7,69.0,1789713840000,LOW,2.749,1.41,,,,2.748,1.88,2,0,3,2.757,2.748,HIGH_SWEEP,76,2.76,False,False,0.0772,499,native,50.4,NORMAL,47.67,33.0,True,300,75.6,BULL,BOS UP,MIX/HL,HH/HL,RANGE,64.5,True,True,498,3,60.2,1789713720000,LOW,2.746,1.35,,,,2.746,1.35,2,0,3,2.754,2.746,HIGH_SWEEP,57,2.746,False,False,0.1612,499,native,41.89,NORMAL,46.72,33.33,True,300,67.4,BULL,BOS UP,MIX/HL,MIX/HL,TR UP,73.6,True,True,498,20,39.4,1789708200000,LOW,2.732,3.21,,,,2.679,11.7,2,0,2,2.756,2.679,HIGH_SWEEP,22,2.759,False,False,0.2269,499,native,60.1,NORMAL,54.67,50.0,True,300,85.9,BULL,BOS UP,HH/HL,HH/HL,TR UP,87.3,True,True,498,7,35.2,1789707600000,LOW,2.679,7.28,,,,2.6635,8.83,2,0,1,2.769,2.6635,HIGH_SWEEP,6,2.759,False,False,0.3636,499,native,90.61,ASIRI,88.69,94.0,True,300,74.4,BULL,BOS UP,MIX/HL,MIX/HL,RANGE,73.4,True,True,498,7,58.0,1789686000000,LOW,2.662,4.55,,,,2.6,7.69,2,0,1,2.7,2.6,HIGH_SWEEP,30,2.712,False,False,0.7193,499,native,78.92,YORGUN,88.04,93.67,True,300,75.1,BULL,BOS UP,MIX/HL,HH/HL,SQZ,73.2,True,True,498,1,52.4,1789689600000,LOW,2.61,3.2,2.9825,5.2,3,2.5975,3.48,2,2,2,2.9825,2.5975,EQH_SWEEP,87,2.9425,False,False,1.6159,44295,89,6.88,0.0,6.88,100.0,100.0,95.0,UP,1,1,6.88,1.0,60.0,1.0,True,0,0.0,0,0.0,0.0,0.0,0.02,0.0,1.0,0.262,359.34,809.1,-449.77,-38.49,30.75,7.6,DOWN,33,16,1168.44,5.4,300.0,1.0,True,0,0.0,0,0.0,0.0,26.1,0.098,0.267,1.0,0.852,4802.12,1595.99,3206.13,50.11,75.06,94.1,UP,259,80,6398.1,16.6,900.0,1.0,True,3,2128.37,1,554.36,1574.01,45.0,0.25,0.452,1.0,0.951,-44.6,121.39,-7.16,39.4,3.13,1.0,-147.46,-0.4114,-124.65,-0.5334,-0.1559,NONE,1789713888940,SELL,554.36,2.751160297766749,1789714200000,ok,1.0,1.0,1.0,continuous,1,2,0,,0,0,0,0,False,362,2.75,2.752,7.27,-0.458,0.2006,-0.1667,23434.84,15605.27,72.7,1789714278819,9547,True,,,,
2,v2,v1.2,REALF_PY_V4_2_DERIVED,ZPTDIFAT_PY_V1_4_DERIVED,fc-v1,native,,058e38aec59f4c35,20260918_064430,137,ZORA_20260918_065131_137,ZORAUSDT,BINANCE,FUTURES,OUTSIDE100,612,500,1789714291137,2026-09-18T06:51:31.137+00:00,17,True,1789714291137,1789714291137,61.5,1789714260000,1789714319999,False,31.1,0.007888,0.038,47.5,FAIR (DENGE),True,500,46.4,48.6,47.6,49.8,0.00056,-0.28,-0.04,0.00157,0.521,0.14,6.7,55.0,11.7,YOK,2.2,1.0,0.007892452295594604,0.056,CLV_PROXY_1M,0,0.0,100.0,47.5,46.2,48.6,47.2,1.3,-1.1,0.3,0.00056,-0.00021,-0.0002,0.00027,54.02,56.93,66.12,71.12,-2.91,-12.1,-17.1,48.32,44.67,500,native,54.02,NORMAL,48.32,44.67,True,300,82.6,TR-UP,CHOCH UP,HH/HL,HH/HL,TR-UP,86.9,True,True,499,11,64.1,1789713600000,LOW,0.007851,3.97,,,,0.007775499999999999,12.07,2,0,1,0.007903,0.007775499999999999,HIGH_SWEEP,3,0.007903,False,False,0.1182,499,native,66.35,NORMAL,65.25,65.33,True,300,89.2,BULL,BOS UP,HH/HL,HH/HL,RANGE,87.7,True,True,498,4,56.3,1789713540000,LOW,0.007842,2.39,,,,,,,0,0,0.007897,0.007842,HIGH_SWEEP,3,0.007897,False,False,0.2444,499,native,71.36,NORMAL,75.34,78.33,True,300,86.0,BULL,BOS UP,HH/HL,HH/HL,RANGE,84.8,True,True,498,10,63.8,1789711200000,LOW,0.007813,2.94,,,,,,,0,0,0.007897,0.007842,HIGH_SWEEP,2,0.007897,False,False,0.3238,499,native,43.91,NORMAL,45.32,42.0,True,300,81.8,BULL,BOS UP,HH/HL,MIX/HL,RANGE,87.5,True,True,498,21,74.9,1789695000000,LOW,0.007527,6.8,,,,,,,0,0,0.00802,0.007813,LOW_SWEEP,25,0.007571,False,False,0.6689,499,native,79.29,YORGUN,73.22,85.33,True,300,73.8,BEAR,BOS DN,HH/HL,HH/MIX,TR DN,86.4,True,True,498,69,59.5,1789462800000,HIGH,0.007987,0.83,0.009008,9.19,2,0.007187,5.71,2,1,1,0.009008,0.007187,LOW_SWEEP,126,0.008102,False,False,1.5567,499,native,71.65,NORMAL,77.66,86.33,True,300,18.0,TR-DN,CHOCH DN,LH/LL,LH/LL,TR-DN,90.3,True,True,498,16,65.9,1789473600000,HIGH,0.008968,4.09,,,,0.0058755000000000005,7.59,2,0,2,0.008336,0.0058755000000000005,HIGH_SWEEP,29,0.008437,False,False,3.3227,976,278,189.9,475.98,-286.08,-42.96,28.52,6.8,DOWN,23,15,665.88,7.9,60.0,1.0,True,0,0.0,0,0.0,0.0,28.1,0.137,0.206,1.0,0.984,1449.29,3085.56,-1636.26,-36.08,31.96,8.3,DOWN,165,97,4534.85,25.7,300.0,1.0,True,0,0.0,1,1082.25,-1082.25,49.8,0.339,0.414,1.0,0.997,8757.56,8779.15,-21.59,-0.12,49.94,49.7,FLAT,511,245,17536.71,57.6,900.0,1.0,True,4,3496.89,4,3558.46,-61.57,65.5,0.535,0.561,1.0,0.999,-141.44,-573.87,-5693.21,19.43,-5.47,1.0,-465.67,-0.7175,-351.14,-0.3872,0.0131,NONE,1789714134161,SELL,1082.25,0.007884578095744603,1789714200000,ok,1.0,1.0,1.0,continuous,1,15,0,,0,0,0,0,False,396,0.007886,0.007888,2.536,0.416,-0.0795,-0.0905,19078.94,22373.14,25.36,1789714290722,415,False,,,,
2,v2,v1.2,REALF_PY_V4_2_DERIVED,ZPTDIFAT_PY_V1_4_DERIVED,fc-v1,native,,058e38aec59f4c35,20260918_064430,138,TNSR_20260918_065133_734,TNSRUSDT,BINANCE,FUTURES,OUTSIDE100,738,200,1789714293734,2026-09-18T06:51:33.734+00:00,17,True,1789714293734,1789714293734,61.2,1789714260000,1789714319999,False,33.7,0.03524,0.0,60.1,PRICE AHEAD,True,500,64.5,55.8,59.5,51.9,-0.00269,0.83,0.15,0.00132,0.542,0.33,19.0,30.0,3.1,YOK,8.7,1.0,0.035145213138621956,-0.269,CLV_PROXY_1M,0,0.0,100.0,60.1,58.5,57.4,52.9,1.6,2.7,7.2,-0.00269,-0.00035,-9e-05,-0.00102,82.13,78.98,70.82,51.16,3.15,11.31,30.97,88.25,92.33,500,native,82.13,YORGUN,88.25,92.33,True,300,75.7,BULL,BOS UP,MIX/HL,LH/MIX,SQZ,73.3,True,True,499,4,58.2,1789714020000,LOW,0.03512,4.0,,,,0.03507,5.67,2,0,1,0.03518,0.03507,HIGH_SWEEP,23,0.03515,False,False,0.0851,499,native,73.73,YORGUN,85.08,88.0,True,300,75.8,BULL,BOS UP,HH/MIX,HH/HL,RANGE,68.2,True,True,498,1,47.6,1789714080000,LOW,0.03507,2.61,,,,0.03507,2.61,3,0,1,0.03521,0.03507,HIGH_SWEEP,8,0.03517,False,False,0.1846,499,native,60.95,NORMAL,82.31,86.0,True,300,29.0,BULL,BOS UP,LH/LL,HH/HL,RANGE,78.1,True,True,498,45,51.5,1789700700000,LOW,0.03481,4.89,,,,0.03454,7.96,2,0,2,0.03536,0.03454,HIGH_SWEEP,50,0.03498,False,False,0.2498,499,native,40.86,NORMAL,45.13,47.0,True,300,83.8,BULL,BOS UP,HH/HL,MIX/HL,RANGE,93.4,True,True,498,20,59.8,1789695900000,LOW,0.03454,4.07,,,,0.034375,5.03,2,0,1,0.03583,0.034375,HIGH_SWEEP,17,0.03497,False,False,0.4898,499,native,75.9,YORGUN,63.47,75.33,True,300,74.8,BULL,BOS UP,MIX/HL,MIX/HL,TR UP,73.8,True,True,498,5,52.8,1789693200000,LOW,0.03405,3.04,,,,,,,0,0,0.03497,0.03438,LOW_SWEEP,36,0.03304,False,False,1.1171,499,native,78.68,YORGUN,79.57,88.33,True,300,76.4,BULL,BOS UP,HH/MIX,HH/HL,RANGE,71.9,True,True,498,1,56.6,1789689600000,LOW,0.03258,3.42,0.037065,2.35,2,0.029225,7.74,2,1,1,0.037065,0.029225,EQH_SWEEP,59,0.037065,False,False,2.178,1058,108,342.4,976.96,-634.56,-48.1,25.95,6.1,DOWN,20,12,1319.36,2.6,60.0,1.0,True,1,203.98,1,802.31,-598.33,20.3,0.049,0.28,1.0,0.982,2323.59,1222.29,1101.3,31.06,65.53,90.0,UP,99,42,3545.88,9.4,300.0,1.0,True,3,1637.08,1,802.31,834.76,35.9,0.158,0.387,1.0,0.996,4388.2,2262.36,2125.84,31.96,65.98,90.3,UP,211,92,6650.57,22.6,900.0,1.0,True,6,2752.58,3,1403.63,1348.95,49.5,0.311,0.456,1.0,0.999,-2278.24,-1290.83,-1685.62,-74.02,-25.17,1.0,442.77,0.4101,287.59,0.4055,0.7885,NONE,1789714243516,SELL,802.31,0.03526,1789714200000,ok,1.0,1.0,1.0,continuous,1,12,0,,0,0,0,0,False,430,0.03522,0.03524,5.677,1.707,-0.1121,0.029,14848.57,18596.09,56.77,1789714293456,278,False,,,,
2,v2,v1.2,REALF_PY_V4_2_DERIVED,ZPTDIFAT_PY_V1_4_DERIVED,fc-v1,native,,058e38aec59f4c35,20260918_064430,139,VELVET_20260918_065136_307,VELVETUSDT,BINANCE,FUTURES,OUTSIDE100,761,200,1789714296307,2026-09-18T06:51:36.307+00:00,17,True,1789714296293,1789714296307,61.1,1789714260000,1789714319999,False,36.3,0.05526,-0.0181,36.5,PRICE LAG,True,500,31.5,45.4,34.3,41.5,0.00262,-1.55,-0.61,0.00199,0.367,0.88,82.3,60.0,-2.7,YOK,14.0,1.0,0.055404844525225296,0.262,CLV_PROXY_1M,0,0.0,100.0,36.5,35.2,36.0,39.0,1.3,0.5,-2.5,0.00262,8e-05,0.00133,0.0032,16.0,18.21,23.49,44.2,-2.21,-7.49,-28.2,13.35,5.0,500,native,16.0,DINLENMIS,13.35,5.0,True,300,40.0,BEAR,BOS DN,MIX/HL,LH/LL,EXP DN,74.9,True,True,499,4,70.0,1789714020000,HIGH,0.05589,3.96,0.056855,10.02,2,,,,1,0,0.056855,0.05553,EQL_SWEEP,79,0.055625,False,False,0.288,499,native,20.06,DINLENMIS,8.61,2.67,True,300,39.9,BEAR,BOS DN,HH/MIX,LH/LL,RANGE,73.8,True,True,498,2,51.7,1789713900000,HIGH,0.05615,3.44,,,,,,,0,0,0.05615,0.05544,LOW_SWEEP,8,0.05556,False,False,0.4683,499,native,28.7,DINLENMIS,13.89,4.0,True,300,17.5,BEAR,BOS DN,LH/LL,LH/LL,RANGE,86.8,True,True,498,17,49.3,1789709100000,HIGH,0.05671,4.54,,,,0.0515,11.77,2,0,1,0.05615,0.0515,HIGH_SWEEP,29,0.05618,False,False,0.5759,499,native,28.07,DINLENMIS,17.73,5.33,True,300,70.9,BULL,BOS UP,HH/MIX,HH/MIX,RANGE,71.4,True,True,498,9,44.5,1789705800000,LOW,0.05548,-0.4,,,,0.0515,6.79,3,0,1,0.05671,0.0515,HIGH_SWEEP,8,0.05649,False,False,0.9931,499,native,32.42,NORMAL,23.85,20.33,True,300,70.4,BULL,BOS UP,HH/MIX,LH/LL,TR UP,75.1,True,True,498,14,40.8,1789660800000,LOW,0.0494,4.39,,,,,,,0,0,0.06014,0.0494,HIGH_SWEEP,13,0.05886,False,False,2.3885,499,native,78.3,YORGUN,64.2,84.33,True,300,48.0,BEAR,BOS DN,MIX/HL,HH/HL,TR DN,65.7,True,True,498,16,34.6,1789473600000,HIGH,0.0633,3.14,,,,,,,0,0,0.0536,0.0494,HIGH_SWEEP,6,0.0536,False,False,4.6002,2259,1118,2568.94,4230.62,-1661.68,-24.44,37.78,13.8,DOWN,226,100,6799.56,27.5,60.0,1.0,True,3,1378.02,2,3594.74,-2216.72,52.1,0.355,0.458,1.0,0.962,7903.05,22742.14,-14839.09,-48.42,25.79,6.1,DOWN,792,351,30645.19,53.7,300.0,1.0,True,7,4133.88,17,19257.24,-15123.36,66.6,0.518,0.622,1.0,0.992,36655.1,63386.73,-26731.63,-26.72,36.64,12.3,DOWN,2178,918,100041.83,115.3,900.0,1.0,True,41,29634.89,39,55845.98,-26211.09,79.4,0.697,0.75,1.0,0.997,593.56,-315.25,-2254.2,26.94,4.19,1.0,-1677.41,-0.4587,-2491.79,-0.4066,-0.6053,NONE,1789714269024,BUY,548.48,0.05529620425446113,1789714200000,ok,1.0,1.0,1.0,continuous,1,102,0,,0,0,0,0,False,464,0.05524,0.05525,1.81,0.164,0.057,0.1015,8164.02,7283.09,35.3,1789714296155,152,False,,FATIGUE_RESTED_1M,,
2,v2,v1.2,REALF_PY_V4_2_DERIVED,ZPTDIFAT_PY_V1_4_DERIVED,fc-v1,native,,058e38aec59f4c35,20260918_064430,140,ZKC_20260918_065138_876,ZKCUSDT,BINANCE,FUTURES,OUTSIDE100,1142,200,1789714298876,2026-09-18T06:51:38.876+00:00,17,True,1789714298876,1789714298876,60.9,1789714260000,1789714319999,False,38.9,0.03855,0.0259,34.5,PRICE LAG,True,500,29.8,37.7,33.8,48.8,0.00429,1.04,1.9,0.00147,0.433,0.22,4.7,70.0,53.4,YOK,7.9,1.0,0.03871581176316435,0.43,CLV_PROXY_1M,0,0.0,100.0,34.5,36.0,40.4,43.9,-1.5,-5.9,-9.4,0.00429,-0.00019,0.0009,0.00135,86.08,86.72,84.5,73.14,-0.64,1.58,12.94,81.84,91.0,500,native,86.08,ASIRI,81.84,91.0,True,300,80.7,BULL,BOS UP,MIX/HL,HH/HL,TR UP,77.3,True,True,499,3,100.0,1789714080000,LOW,0.0383,5.24,,,,,,,0,0,0.03846,0.03836,LOW_SWEEP,16,0.03835,False,False,0.1237,499,native,75.57,YORGUN,93.01,97.33,True,300,42.0,BULL,BOS UP,LH/MIX,EQ/RANGE,RANGE,74.7,True,True,498,38,58.8,1789707420000,LOW,0.03801,6.23,,,,0.038305,2.82,2,0,2,0.03855,0.038305,HIGH_SWEEP,1,0.03855,True,False,0.2251,499,native,58.03,NORMAL,80.47,85.67,True,300,66.7,BULL,BOS UP,MIX/HL,LH/MIX,RANGE,74.3,True,True,498,23,50.4,1789707300000,LOW,0.03801,4.14,,,,,,,0,0,0.03855,0.03831,HIGH_SWEEP,1,0.03855,True,False,0.3383,499,native,52.49,NORMAL,57.95,77.0,True,300,87.9,BULL,BOS UP,HH/HL,HH/HL,RANGE,90.3,True,True,498,8,52.3,1789706700000,LOW,0.03789,2.54,0.049025,40.31,2,0.037065,5.72,2,1,1,0.049025,0.037065,LOW_SWEEP,153,0.03752,False,False,0.6768,499,native,75.78,YORGUN,70.39,82.33,True,300,58.0,BEAR,BOS DN,MIX/HL,HH/HL,TR DN,64.1,True,True,498,53,61.2,1789520400000,HIGH,0.04772,16.37,0.05792,34.58,2,,,,1,0,0.05792,0.03718,EQH_SWEEP,6,0.03827,False,False,1.4589,499,native,44.07,NORMAL,52.35,58.67,True,300,15.6,BEAR,BOS DN,LH/LL,LH/MIX,TR DN,90.7,True,True,498,18,73.5,1789444800000,HIGH,0.04904,8.33,,,,0.036074999999999996,1.97,2,0,1,0.03878,0.036074999999999996,HIGH_SWEEP,1,0.03878,True,False,3.2744,4344,383,367.43,14.83,352.6,92.24,96.12,95.0,UP,25,17,382.26,5.0,60.0,1.0,True,0,0.0,0,0.0,0.0,21.3,0.09,0.146,1.0,0.928,5418.25,3880.96,1537.29,16.53,58.27,78.6,UP,279,160,9299.22,30.3,300.0,1.0,True,5,2251.02,5,3107.87,-856.84,54.7,0.377,0.492,1.0,0.986,10788.81,7415.5,3373.31,18.53,59.27,80.9,UP,548,311,18204.31,68.4,900.0,1.0,True,11,5182.55,8,5055.23,127.32,67.6,0.578,0.565,1.0,0.995,-3.46,-758.77,-1635.05,9.21,-3.09,1.0,125.86,0.0547,247.59,0.1331,0.6487,NONE,1789714152365,SELL,932.28,0.0385367720734127,1789714200000,ok,1.0,1.0,1.0,continuous,1,17,0,,0,0,0,0,False,498,0.03854,0.03855,2.594,0.54,-0.3618,-0.3589,12049.08,25711.37,50.59,1789714297892,984,False,,FATIGUE_EXTREME,,
2,v2,v1.2,REALF_PY_V4_2_DERIVED,ZPTDIFAT_PY_V1_4_DERIVED,fc-v1,native,,058e38aec59f4c35,20260918_064430,141,ETH_20260918_065144_444,ETHUSDT,BINANCE,FUTURES,TOP100,2,75000,1789714304444,2026-09-18T06:51:44.444+00:00,17,True,1789714304444,1789714304444,60.0,1789714260000,1789714319999,False,44.4,2483.99,0.0004,59.7,PRICE AHEAD,True,500,62.0,58.0,61.5,50.2,-0.00157,-0.31,-0.98,0.00107,0.683,0.24,0.3,60.0,-7.9,YOK,3.9,1.0,2480.0949490758912,-0.157,CLV_PROXY_1M,0,0.0,100.0,59.7,61.8,61.4,54.5,-2.1,-1.7,5.2,-0.00157,-2e-05,0.00046,-0.00057,57.41,62.64,65.55,66.46,-5.23,-8.14,-9.05,47.29,40.33,500,native,57.41,NORMAL,47.29,40.33,True,300,32.9,BULL,BOS UP,LH/LL,MIX/HL,SQZ,89.1,True,True,499,29,63.9,1789712520000,LOW,2481.26,1.94,,,,2469.0299999999997,10.61,2,0,2,2485.92,2469.0299999999997,HIGH_SWEEP,28,2486.11,False,False,0.0568,499,native,57.34,NORMAL,55.11,55.0,True,300,58.8,BULL,BOS UP,MIX/HL,LH/MIX,RANGE,74.3,True,True,498,39,76.1,1789707240000,LOW,2469.0,4.92,2486.685,0.88,2,,,,1,0,2486.685,2480.9,HIGH_SWEEP,10,2486.49,False,False,0.1226,499,native,53.46,NORMAL,54.68,50.67,True,300,68.7,BULL,BOS UP,MIX/HL,MIX/HL,TR UP,75.1,True,True,498,20,61.2,1789708200000,LOW,2469.0,3.34,,,,2365.835,26.31,2,0,1,2486.88,2365.835,HIGH_SWEEP,21,2482.2,False,False,0.1807,499,native,64.59,NORMAL,60.09,60.67,True,300,72.9,BULL,BOS UP,HH/MIX,HH/HL,TR UP,74.1,True,True,498,7,39.9,1789707600000,LOW,2435.39,6.11,,,,2435.74,6.06,2,0,1,2492.55,2435.74,HIGH_SWEEP,6,2484.99,False,False,0.3202,499,native,79.67,YORGUN,87.05,96.67,True,300,73.3,BEAR,BOS DN,HH/HL,HH/MIX,TR DN,84.8,True,True,498,65,44.7,1789477200000,HIGH,2614.99,7.67,,,,,,,0,0,2484.0,2435.39,HIGH_SWEEP,1,2484.0,True,True,0.6888,499,native,65.57,NORMAL,76.83,88.0,True,300,51.7,TR-DN,CHOCH DN,MIX/HL,MIX/HL,TR-DN,70.6,True,True,498,14,32.7,1789502400000,HIGH,2614.99,3.29,,,,1862.655,15.59,2,0,2,2614.99,1862.655,HIGH_SWEEP,38,2522.75,False,False,1.6086,343,4393,323152.94,1116680.24,-793527.3,-55.11,22.44,5.6,DOWN,1525,352,1439833.18,19.8,60.0,1.0,True,1,100843.04,4,526032.86,-425189.81,60.4,0.284,1.0,1.0,0.994,4493648.57,5889343.91,-1395695.34,-13.44,43.28,25.5,DOWN,10217,2313,10382992.48,64.8,300.0,1.0,True,10,2298144.32,20,3268610.51,-970466.19,79.5,0.564,1.0,1.0,0.999,10878101.71,12168628.32,-1290526.61,-5.6,47.2,38.8,DOWN,19086,4393,23046730.03,126.3,598.8,0.6653,False,24,6790183.15,40,6483373.99,306809.16,80.7,0.716,1.0,0.665,1.0,-827742.55,-2010175.94,,-28.67,-8.88,0.5986,-436573.9,-0.2881,-302415.84,-0.1456,0.1141,DOWN,1789714301688,SELL,219859.55,2483.98,1789714200000,ok,1.0,1.0006,1.0,continuous,1,352,0,,0,0,0,0,False,532,2483.98,2483.99,0.04,-0.015,-0.7306,-0.7623,175423.21,1126669.08,0.87,1789714304295,149,False,,AGGRESSIVE_SELLER,,
2,v2,v1.2,REALF_PY_V4_2_DERIVED,ZPTDIFAT_PY_V1_4_DERIVED,fc-v1,native,,058e38aec59f4c35,20260918_064430,142,BNB_20260918_065147_234,BNBUSDT,BINANCE,FUTURES,TOP100,4,25000,1789714307234,2026-09-18T06:51:47.234+00:00,17,True,1789714307031,1789714307234,59.6,1789714260000,1789714319999,False,47.0,754.39,0.0371,47.4,FAIR (DENGE),True,500,47.4,43.0,51.9,49.4,0.00137,0.47,0.17,0.00095,0.674,0.66,11.7,60.0,18.8,YOK,8.9,0.77,755.4237198873278,0.137,CLV_PROXY_1M,0,0.0,100.0,47.4,46.6,40.0,36.8,0.8,7.4,10.6,0.00137,9e-05,-0.00027,-0.00069,68.84,63.64,58.45,67.5,5.2,10.39,1.34,80.08,83.0,500,native,68.84,NORMAL,80.08,83.0,True,300,19.4,BEAR,BOS DN,LH/LL,MIX/HL,RANGE,87.5,True,True,499,22,52.5,1789712940000,HIGH,754.74,0.91,,,,735.76,48.68,2,0,1,754.18,735.76,HIGH_SWEEP,29,754.62,False,False,0.0507,499,native,47.73,NORMAL,61.73,51.0,True,300,83.2,BULL,BOS UP,HH/HL,MIX/HL,RANGE,86.8,True,True,498,16,53.9,1789711380000,LOW,751.67,3.04,,,,733.985,22.87,2,0,2,755.98,733.985,HIGH_SWEEP,31,753.4,False,False,0.1182,499,native,55.03,NORMAL,66.53,62.0,True,300,70.1,BULL,BOS UP,HH/MIX,HH/HL,TR UP,80.5,True,True,498,20,50.9,1789708200000,LOW,749.39,3.72,,,,751.405,2.22,2,0,2,755.98,751.405,HIGH_SWEEP,9,755.08,False,False,0.1782,499,native,58.83,NORMAL,63.22,59.0,True,300,78.2,BULL,BOS UP,HH/HL,HH/HL,TR UP,91.5,True,True,498,30,31.8,1789686900000,LOW,733.95,8.16,,,,,,,0,0,754.71,733.95,HIGH_SWEEP,6,754.71,False,False,0.3323,499,native,94.26,ASIRI,91.52,95.33,True,300,72.9,BULL,BOS UP,HH/MIX,HH/MIX,TR UP,76.1,True,True,498,10,47.2,1789675200000,LOW,721.24,7.21,,,,,,,0,0,732.95,721.24,HIGH_SWEEP,18,729.58,False,False,0.6104,499,native,89.21,ASIRI,96.79,97.0,True,300,40.4,BULL,BOS UP,LH/LL,HH/HL,RANGE,86.1,True,True,498,4,31.3,1789646400000,LOW,704.34,5.32,,,,,,,0,0,725.94,704.34,HIGH_SWEEP,6,725.94,False,False,1.2519,170,1897,108645.58,52369.32,56276.26,34.95,67.48,91.4,UP,691,126,161014.91,26.3,60.0,1.0,True,0,0.0,0,0.0,0.0,61.1,0.344,0.802,1.0,0.997,365538.84,462506.1,-96967.25,-11.71,44.14,28.1,DOWN,3134,579,828044.94,86.0,300.0,1.0,True,0,0.0,3,106527.62,-106527.62,82.7,0.632,0.98,1.0,0.999,1347469.2,1481599.31,-134130.11,-4.74,47.63,40.4,DOWN,9025,1844,2829068.51,219.2,900.0,1.0,True,5,200004.49,14,608743.73,-408739.23,92.1,0.814,1.0,1.0,1.0,21074.75,-9655.32,,7.21,-1.36,0.9452,30036.32,0.1794,-10297.2,-0.0622,-0.2639,UP,1789714245246,SELL,32933.47,754.1439523700482,1789714200000,ok,1.0,1.0,1.0,continuous,1,126,0,,0,0,0,0,False,566,754.42,754.43,0.133,0.003,0.0041,0.2371,120160.6,119183.28,2.72,1789714306867,367,False,,,,
2,v2,v1.2,REALF_PY_V4_2_DERIVED,ZPTDIFAT_PY_V1_4_DERIVED,fc-v1,native,,058e38aec59f4c35,20260918_064430,143,XRP_20260918_065149_809,XRPUSDT,BINANCE,FUTURES,TOP100,5,25000,1789714309809,2026-09-18T06:51:49.809+00:00,17,True,1789714309793,1789714309809,59.1,1789714260000,1789714319999,False,49.8,1.3218,0.0,49.2,FAIR (DENGE),True,500,48.6,53.5,45.0,49.9,-0.00099,-0.98,-0.45,0.00148,0.703,0.29,5.7,60.0,-1.5,YOK,8.5,0.299,1.3204970184055138,-0.099,CLV_PROXY_1M,0,0.0,100.0,49.2,46.8,51.9,50.3,2.4,-2.7,-1.1,-0.00099,-0.00012,0.00107,0.00106,44.63,52.58,66.79,71.38,-7.95,-22.16,-26.75,29.54,18.0,500,native,44.63,NORMAL,29.54,18.0,True,300,85.9,TR-UP,CHOCH UP,HH/HL,MIX/HL,SQZ,93.0,True,True,499,5,53.1,1789713960000,LOW,1.3208,0.81,,,,1.3032,15.14,2,0,2,1.3245,1.3032,HIGH_SWEEP,15,1.3232,False,False,0.0929,499,native,67.79,NORMAL,57.32,59.33,True,300,40.3,BULL,BOS UP,LH/LL,HH/HL,RANGE,87.7,True,True,498,4,29.6,1789713540000,LOW,1.3164,2.19,,,,,,,0,0,1.3228,1.3164,HIGH_SWEEP,8,1.3228,False,False,0.1827,499,native,68.59,NORMAL,67.43,69.67,True,300,59.9,BULL,BOS UP,MIX/HL,LH/LL,TR UP,74.0,True,True,498,37,67.7,1789703100000,LOW,1.3045,5.29,,,,,,,0,0,1.3228,1.3164,HIGH_SWEEP,5,1.3228,False,False,0.2485,499,native,57.68,NORMAL,55.17,59.0,True,300,76.5,TR-UP,CHOCH UP,HH/HL,MIX/HL,TR-UP,84.3,True,True,498,23,25.8,1789693200000,LOW,1.2867,6.34,,,,,,,0,0,1.3286,1.3133,HIGH_SWEEP,24,1.3002,False,False,0.4171,499,native,80.62,YORGUN,79.98,92.0,True,300,74.1,TR-UP,CHOCH UP,HH/MIX,HH/MIX,TR-UP,74.3,True,True,498,3,82.2,1789700400000,LOW,1.2867,2.91,,,,,,,0,0,1.3201,1.2867,HIGH_SWEEP,1,1.3201,True,False,0.9194,499,native,49.54,NORMAL,58.48,74.67,True,300,47.1,TR-DN,CHOCH DN,HH/MIX,MIX/LL,TR-DN,75.8,True,True,498,15,73.1,1789488000000,HIGH,1.4916,5.34,1.5507,7.2,2,0.98775,10.5,2,1,1,1.5507,0.98775,EQH_SWEEP,57,1.43175,False,False,2.3989,532,2081,48506.1,218695.73,-170189.64,-63.69,18.15,5.3,DOWN,785,112,267201.83,12.0,60.0,1.0,True,0,0.0,3,121724.57,-121724.57,49.4,0.193,0.857,1.0,0.991,629094.36,1252357.65,-623263.29,-33.13,33.44,9.2,DOWN,4721,623,1881452.01,58.1,300.0,1.0,True,5,244913.22,11,631706.61,-386793.39,78.0,0.538,1.0,1.0,0.998,4384527.46,3368491.5,1016035.96,13.11,56.55,74.0,UP,15752,1936,7753018.96,160.1,900.0,1.0,True,42,2786938.6,37,1799294.94,987643.66,89.7,0.762,1.0,1.0,0.999,-101771.05,-840092.32,330432.82,-22.25,-20.49,0.9583,-76155.93,-0.2718,-101253.85,-0.2691,0.0721,DOWN,1789714301174,SELL,39888.42,1.3217845664182495,1789714200000,ok,1.0,1.0,1.0,continuous,1,111,0,,0,0,0,0,False,600,1.3218,1.3219,0.757,-0.234,0.0577,-0.2799,1128612.19,1005564.37,14.75,1789714309652,157,False,,AGGRESSIVE_SELLER,,
2,v2,v1.2,REALF_PY_V4_2_DERIVED,ZPTDIFAT_PY_V1_4_DERIVED,fc-v1,native,,058e38aec59f4c35,20260918_064430,144,DOGE_20260918_065152_373,DOGEUSDT,BINANCE,FUTURES,TOP100,12,15000,1789714312373,2026-09-18T06:51:52.373+00:00,17,True,1789714312373,1789714312373,58.1,1789714260000,1789714319999,False,52.4,0.0842,0.0,53.1,FAIR (DENGE),True,500,53.3,53.6,53.3,50.2,-0.00092,-0.39,-0.47,0.0013,0.662,0.24,1.7,55.0,-11.2,YOK,0.3,1.0,0.08412227394567544,-0.092,CLV_PROXY_1M,0,0.0,100.0,53.1,51.5,52.9,51.8,1.6,0.2,1.3,-0.00092,-0.00025,0.00046,0.0003,26.77,28.05,30.7,41.92,-1.28,-3.93,-15.15,28.24,13.33,500,native,26.77,DINLENMIS,28.24,13.33,True,300,58.7,BEAR,BOS DN,HH/HL,MIX/HL,SQZ,88.5,True,True,499,3,35.4,1789714080000,HIGH,0.08442,3.32,0.084395,2.94,2,0.08135,42.95,2,1,1,0.084395,0.08135,EQH_SWEEP,15,0.084395,False,False,0.0788,499,native,36.49,NORMAL,29.37,22.0,True,300,58.0,BULL,BOS UP,MIX/HL,HH/HL,RANGE,70.5,True,True,498,38,48.5,1789707420000,LOW,0.08373,3.45,0.08449000000000001,2.13,2,,,,1,0,0.08449000000000001,0.08417,LOW_SWEEP,17,0.08419,False,False,0.1617,499,native,38.54,NORMAL,34.71,24.67,True,300,61.4,BULL,BOS UP,MIX/HL,MIX/HL,TR UP,80.0,True,True,498,37,93.1,1789703100000,LOW,0.08223,9.46,,,,0.07986,20.84,2,0,1,0.08448,0.07986,HIGH_SWEEP,21,0.08459,False,False,0.2472,499,native,57.7,NORMAL,51.5,51.0,True,300,79.4,BULL,BOS UP,HH/HL,HH/HL,TR UP,84.7,True,True,498,22,43.6,1789694100000,LOW,0.08114,8.69,,,,0.080555,10.35,2,0,1,0.08469,0.080555,HIGH_SWEEP,65,0.08179,False,False,0.4181,499,native,88.75,ASIRI,84.47,96.33,True,300,89.8,BULL,BOS UP,HH/HL,LH/LL,TR UP,90.7,True,True,498,4,51.5,1789696800000,LOW,0.08114,4.22,,,,,,,0,0,0.08253,0.08114,HIGH_SWEEP,21,0.08134,False,False,0.8609,499,native,72.78,YORGUN,85.31,92.33,True,300,47.5,BEAR,BOS DN,HH/MIX,LH/MIX,TR DN,73.2,True,True,498,16,26.7,1789473600000,HIGH,0.08616,1.28,,,,0.07835,3.83,2,0,1,0.08616,0.07835,HIGH_SWEEP,20,0.08534,False,False,1.8093,499,1374,18112.69,30836.54,-12723.85,-25.99,37.0,12.7,DOWN,386,80,48949.23,8.9,60.0,1.0,True,0,0.0,0,0.0,0.0,41.6,0.151,0.672,1.0,0.992,473936.56,219029.63,254906.93,36.78,68.39,91.9,UP,2292,367,692966.2,10.5,300.0,1.0,True,6,341616.33,2,53303.86,288312.48,49.0,0.174,0.96,1.0,0.998,1045199.06,801714.4,243484.66,13.18,56.59,74.1,UP,7796,1092,1846913.46,53.2,900.0,1.0,True,18,613171.83,10,286571.53,326600.3,76.7,0.516,1.0,1.0,0.999,-252764.85,-68763.5,-291237.49,-52.15,-0.92,1.0,116991.86,0.7043,64916.27,0.4684,-0.0265,UP,1789714236398,BUY,16315.1,0.08424,1789714200000,ok,1.0,1.0,1.0,continuous,1,76,0,,0,0,0,0,False,634,0.0842,0.08421,1.188,0.454,0.2273,0.1856,1030834.48,648984.99,23.16,1789714312231,142,False,,FATIGUE_RESTED_1M,,
2,v2,v1.2,REALF_PY_V4_2_DERIVED,ZPTDIFAT_PY_V1_4_DERIVED,fc-v1,native,,058e38aec59f4c35,20260918_064430,145,LINK_20260918_065154_945,LINKUSDT,BINANCE,FUTURES,TOP100,17,10000,1789714314945,2026-09-18T06:51:54.945+00:00,17,True,1789714314945,1789714314945,57.5,1789714260000,1789714319999,False,54.9,11.816,0.0169,58.8,PRICE AHEAD,True,500,61.0,57.6,57.7,54.5,-0.00311,-0.08,-0.39,0.00163,0.665,0.94,48.7,45.0,-1.9,YOK,3.3,1.0,11.779284518149584,-0.311,CLV_PROXY_1M,0,0.0,100.0,58.8,62.1,65.6,59.8,-3.3,-6.8,-1.0,-0.00311,-0.0001,0.00083,-0.0004,46.2,47.52,54.93,69.7,-1.32,-8.73,-23.5,46.43,35.33,500,native,46.2,NORMAL,46.43,35.33,True,300,86.0,BULL,BOS UP,HH/HL,HH/HL,SQZ,93.7,True,True,499,15,55.7,1789713360000,LOW,11.772,3.59,,,,11.377500000000001,35.77,2,0,1,11.837,11.377500000000001,HIGH_SWEEP,34,11.779,False,False,0.1038,499,native,73.66,YORGUN,66.57,63.67,True,300,43.1,BULL,BOS UP,LH/LL,HH/MIX,RANGE,88.3,True,True,498,10,67.9,1789712460000,LOW,11.705,4.24,,,,,,,0,0,11.776,11.705,HIGH_SWEEP,15,11.776,False,False,0.2217,499,native,76.76,YORGUN,75.99,75.0,True,300,75.8,BULL,BOS UP,HH/MIX,LH/LL,TR UP,75.7,True,True,498,3,46.5,1789713300000,LOW,11.705,2.9,,,,,,,0,0,11.817,11.705,HIGH_SWEEP,1,11.817,True,False,0.3238,499,native,65.89,NORMAL,66.61,70.0,True,300,91.2,BULL,BOS UP,HH/HL,HH/HL,TR UP,88.4,True,True,498,1,59.4,1789713000000,LOW,11.647,2.64,,,,11.0905,11.34,2,0,1,11.817,11.0905,HIGH_SWEEP,65,11.34,False,True,0.5406,499,native,90.61,ASIRI,88.53,95.33,True,300,83.3,TR-UP,CHOCH UP,HH/HL,MIX/LL,TR-UP,86.0,True,True,498,5,51.0,1789693200000,LOW,11.089,6.03,12.7855,8.04,2,,,,1,0,12.7855,11.25,LOW_SWEEP,37,10.67,False,False,1.0287,499,native,75.91,YORGUN,88.84,92.67,True,300,17.7,BEAR,BOS DN,LH/LL,HH/MIX,RANGE,86.2,True,True,498,15,24.8,1789488000000,HIGH,11.961,0.58,,,,8.062,14.97,2,0,1,11.961,8.062,EQH_SWEEP,83,12.035499999999999,False,False,2.133,1190,1248,17823.25,95326.99,-77503.74,-68.5,15.75,5.2,DOWN,330,63,113150.25,8.7,60.0,1.0,True,0,0.0,2,70031.1,-70031.1,42.9,0.148,0.763,1.0,0.98,138523.82,291560.93,-153037.11,-35.58,32.21,8.4,DOWN,1437,274,430084.75,47.0,300.0,1.0,True,0,0.0,9,207284.34,-207284.34,72.7,0.485,0.908,1.0,0.996,677460.09,741762.52,-64302.44,-4.53,47.73,40.9,DOWN,5280,968,1419222.61,221.2,900.0,1.0,True,11,159524.75,16,344886.86,-185362.11,92.2,0.816,1.0,1.0,0.999,-97126.59,-129650.14,-404017.76,-60.73,-15.13,1.0,-28918.79,-0.3536,-26487.03,-0.3079,-0.0298,NONE,1789714311240,SELL,18478.9,11.813039372746566,1789714200000,ok,1.0,1.0,1.0,continuous,1,60,0,,0,0,0,0,False,668,11.816,11.817,0.846,-0.158,-0.0954,-0.2029,179893.59,217852.54,16.5,1789714314696,249,False,,AGGRESSIVE_SELLER,,
2,v2,v1.2,REALF_PY_V4_2_DERIVED,ZPTDIFAT_PY_V1_4_DERIVED,fc-v1,native,,058e38aec59f4c35,20260918_064430,146,ADA_20260918_065157_542,ADAUSDT,BINANCE,FUTURES,TOP100,19,10000,1789714317542,2026-09-18T06:51:57.542+00:00,17,True,1789714317527,1789714317542,57.0,1789714260000,1789714319999,False,57.5,0.2134,0.0,45.0,FAIR (DENGE),True,500,41.7,47.1,47.2,49.8,0.0012,-1.12,-0.8,0.0015,0.614,0.22,1.7,40.0,-8.7,YOK,5.5,1.0,0.2136552458460271,0.12,CLV_PROXY_1M,0,0.0,100.0,45.0,46.4,51.7,54.7,-1.4,-6.7,-9.7,0.0012,-5e-05,0.00018,0.00041,41.68,49.17,63.09,74.84,-7.49,-21.41,-33.16,25.89,20.33,500,native,41.68,NORMAL,25.89,20.33,True,300,75.1,TR-UP,CHOCH UP,HH/HL,HH/HL,SQZ,91.4,True,True,499,36,50.5,1789712100000,LOW,0.2126,2.83,0.2151,6.02,2,,,,1,0,0.2151,0.2132,EQH_SWEEP,15,0.2138,False,False,0.1324,499,native,60.04,NORMAL,45.9,37.0,True,300,53.8,BEAR,BOS DN,MIX/HL,MIX/HL,TR DN,74.5,True,True,498,31,70.8,1789708680000,HIGH,0.2173,7.57,,,,,,,0,0,0.2151,0.2132,LOW_SWEEP,51,0.2143,False,False,0.2475,499,native,60.38,NORMAL,58.28,53.0,True,300,20.5,TR-DN,CHOCH DN,LH/LL,MIX/HL,TR-DN,85.4,True,True,498,12,28.1,1789710600000,HIGH,0.2151,2.33,,,,0.1903,31.61,3,0,1,0.2151,0.1903,HIGH_SWEEP,36,0.2159,False,False,0.3419,499,native,42.97,NORMAL,37.33,30.33,True,300,66.3,BULL,BOS UP,MIX/HL,LH/LL,TR UP,78.2,True,True,498,27,55.4,1789689600000,LOW,0.1997,9.17,0.21739999999999998,2.77,2,0.1972,10.86,2,1,2,0.21739999999999998,0.1972,HIGH_SWEEP,28,0.2027,False,False,0.6932,499,native,85.87,ASIRI,75.57,88.0,True,300,87.0,BULL,BOS UP,HH/HL,HH/HL,EXP UP,84.6,True,True,498,6,53.5,1789689600000,LOW,0.1901,7.49,,,,,,,0,0,0.2042,0.1997,EQH_SWEEP,29,0.19690000000000002,False,False,1.4575,499,native,75.67,YORGUN,87.75,90.0,True,300,41.5,TR-UP,CHOCH UP,LH/LL,LH/LL,TR-UP,84.5,True,True,498,1,52.5,1789689600000,LOW,0.1901,4.28,,,,,,,0,0,0.2159,0.1901,LOW_SWEEP,52,0.2148,False,True,2.5151,628,1059,13581.47,13673.57,-92.1,-0.34,49.83,49.3,FLAT,144,54,27255.03,3.7,60.0,1.0,True,1,11701.72,0,0.0,11701.72,29.4,0.068,0.609,1.0,0.99,118966.54,183433.01,-64466.47,-21.32,39.34,16.3,DOWN,1142,329,302399.55,20.4,300.0,1.0,True,6,91735.69,7,121465.66,-29729.97,58.4,0.29,0.87,1.0,0.998,886658.63,572627.35,314031.29,21.52,60.76,83.9,UP,3493,919,1459285.98,39.7,900.0,1.0,True,23,736292.7,16,415584.71,320707.99,72.2,0.443,1.0,1.0,0.999,59088.48,-78590.27,-18249.36,39.72,-11.94,1.0,-12665.38,-0.2265,-8268.16,-0.1367,0.0338,DOWN,1789714263104,BUY,11701.72,0.2135,1789714200000,ok,1.0,1.0,1.0,continuous,1,52,0,,0,0,0,0,False,702,0.2133,0.2134,4.687,0.202,0.1618,0.1526,2856419.35,2060662.77,91.4,1789714317358,184,False,,,,
2,v2,v1.2,REALF_PY_V4_2_DERIVED,ZPTDIFAT_PY_V1_4_DERIVED,fc-v1,native,,058e38aec59f4c35,20260918_064430,147,LTC_20260918_065200_116,LTCUSDT,BINANCE,FUTURES,TOP100,25,10000,1789714320116,2026-09-18T06:52:00.116+00:00,17,True,1789714320116,1789714320116,56.5,1789714260000,1789714319999,True,60.1,54.95,0.0364,56.1,FAIR (DENGE),True,500,56.3,58.4,55.0,51.1,-0.00253,-0.31,-0.51,0.00119,0.592,0.35,15.3,55.0,-17.1,YOK,3.3,1.0,54.81120211634442,-0.253,CLV_PROXY_1M,0,0.0,100.0,56.1,56.3,51.6,55.8,-0.2,4.5,0.3,-0.00253,9e-05,-8e-05,0.0,49.39,49.53,57.74,71.96,-0.14,-8.35,-22.57,48.26,51.0,500,native,49.39,NORMAL,48.26,51.0,True,300,67.2,BULL,BOS UP,MIX/HL,HH/HL,SQZ,76.2,True,True,499,24,64.2,1789712820000,LOW,54.78,3.65,55.02,1.5,2,54.76,4.08,2,1,2,55.02,54.76,HIGH_SWEEP,48,54.92,False,False,0.0847,499,native,68.19,NORMAL,66.98,70.0,True,300,74.4,BULL,BOS UP,HH/HL,MIX/HL,TR UP,91.8,True,True,498,39,50.6,1789707240000,LOW,54.29,6.86,55.0,0.52,2,,,,1,0,55.0,54.78,EQH_SWEEP,8,55.0,False,False,0.1753,499,native,67.62,NORMAL,68.97,64.67,True,300,75.7,BULL,BOS UP,HH/HL,HH/HL,TR UP,87.5,True,True,498,37,51.2,1789703100000,LOW,54.32,4.63,,,,53.86,8.07,2,0,2,55.0,53.86,HIGH_SWEEP,5,55.0,False,False,0.2436,499,native,75.42,YORGUN,74.55,80.33,True,300,70.5,BULL,BOS UP,MIX/HL,HH/MIX,TR UP,85.7,True,True,498,25,95.3,1789691400000,LOW,53.59,6.15,,,,,,,0,0,53.98,54.29,EQH_SWEEP,27,53.989999999999995,False,False,0.402,499,native,87.71,ASIRI,88.07,95.33,True,300,88.0,BULL,BOS UP,HH/HL,HH/HL,TR UP,83.5,True,True,498,6,68.8,1789689600000,LOW,52.46,5.71,,,,,,,0,0,54.0,52.46,HIGH_SWEEP,21,52.81,False,False,0.7963,499,native,81.37,YORGUN,89.37,93.33,True,300,51.6,TR-DN,CHOCH DN,HH/MIX,LH/LL,TR-DN,72.3,True,True,498,14,38.2,1789502400000,HIGH,55.24,0.34,,,,,,,0,0,55.24,50.13,HIGH_SWEEP,30,54.28,False,False,1.559,2044,485,9573.63,5290.59,4283.04,28.81,64.41,88.9,UP,85,27,14864.22,2.8,60.0,1.0,True,0,0.0,0,0.0,0.0,25.6,0.053,0.543,1.0,0.966,38625.49,61360.31,-22734.82,-22.74,38.63,15.1,DOWN,473,109,99985.8,19.3,300.0,1.0,True,1,11390.43,0,0.0,11390.43,55.0,0.279,0.75,1.0,0.993,283148.55,240441.51,42707.04,8.16,54.08,66.0,UP,1907,421,523590.06,67.6,900.0,1.0,True,7,142676.24,4,63650.24,79026.0,78.4,0.575,0.93,1.0,0.998,5958.18,-5127.27,-30756.55,28.24,-3.91,1.0,2810.79,0.1534,-3104.21,-0.1552,-0.3698,UP,1789714153081,BUY,11390.43,54.94313361921346,1789714200000,ok,1.0,1.0,1.0,continuous,1,26,0,,0,0,0,0,False,20,54.94,54.95,1.82,-0.851,0.0765,-0.067,912661.55,782884.51,35.49,1789714319882,234,False,,,,
2,v2,v1.2,REALF_PY_V4_2_DERIVED,ZPTDIFAT_PY_V1_4_DERIVED,fc-v1,native,,058e38aec59f4c35,20260918_064430,148,AVAX_20260918_065203_131,AVAXUSDT,BINANCE,FUTURES,TOP100,31,5000,1789714323131,2026-09-18T06:52:03.131+00:00,17,True,1789714323131,1789714323131,56.4,1789714260000,1789714319999,True,63.1,7.904,-0.0127,49.4,FAIR (DENGE),True,500,50.0,44.9,53.5,49.9,0.00142,0.08,0.11,0.00116,0.549,0.41,5.0,50.0,-16.3,YOK,8.6,0.286,7.915243400198417,0.142,CLV_PROXY_1M,0,0.0,100.0,49.4,49.2,52.7,52.6,0.2,-3.3,-3.2,0.00142,-0.0004,-0.00024,-0.0004,76.53,77.15,74.47,75.8,-0.62,2.06,0.73,75.01,75.33,500,native,76.53,YORGUN,75.01,75.33,True,300,74.0,BEAR,BOS DN,HH/HL,HH/HL,SQZ,86.9,True,True,499,71,64.9,1789710000000,HIGH,7.93,4.56,7.9415,6.58,2,,,,1,0,7.9415,7.893,LOW_SWEEP,30,7.873,False,False,0.0721,499,native,75.8,YORGUN,76.96,79.0,True,300,75.4,BULL,BOS UP,MIX/HL,HH/MIX,RANGE,73.4,True,True,498,1,42.4,1789714080000,LOW,7.871,2.4,,,,7.6285,20.02,2,0,1,7.903,7.6285,HIGH_SWEEP,2,7.903,False,False,0.1741,499,native,54.93,NORMAL,67.97,65.0,True,300,61.4,BULL,BOS UP,MIX/HL,MIX/HL,RANGE,76.2,True,True,498,45,66.0,1789700700000,LOW,7.677,10.66,,,,,,,0,0,7.942,7.871,HIGH_SWEEP,50,7.723,False,False,0.2694,499,native,55.34,NORMAL,54.9,50.33,True,300,79.1,BULL,BOS UP,HH/HL,MIX/HL,TR UP,85.4,True,True,498,24,54.9,1789692300000,LOW,7.545,8.8,,,,,,,0,0,7.968,7.584,EQH_SWEEP,24,7.648,False,False,0.5161,499,native,87.82,ASIRI,82.85,90.0,True,300,91.4,TR-UP,CHOCH UP,HH/HL,LH/LL,TR-UP,94.6,True,True,498,3,96.7,1789700400000,LOW,7.545,4.46,8.192,3.58,3,7.186,8.91,2,1,1,8.192,7.186,EQL_SWEEP,37,7.186,False,False,1.023,499,native,84.87,ASIRI,91.15,93.33,True,300,78.7,BULL,BOS UP,HH/MIX,HH/MIX,RANGE,76.8,True,True,498,1,80.2,1789689600000,LOW,7.171,4.83,,,,7.173500000000001,4.81,2,0,1,7.8,7.173500000000001,LOW_SWEEP,15,7.243,False,False,1.9116,72,631,7645.49,11108.41,-3462.92,-18.47,40.77,19.2,DOWN,123,28,18753.89,4.3,60.0,1.0,True,0,0.0,1,6119.24,-6119.24,30.6,0.079,0.568,1.0,0.999,71882.3,61927.0,9955.3,7.44,53.72,64.7,UP,640,131,133809.3,21.2,300.0,1.0,True,6,37313.93,3,34088.75,3225.18,57.2,0.298,0.782,1.0,1.0,272474.28,247716.57,24757.71,4.76,52.38,59.6,UP,2657,501,520190.84,89.3,900.0,1.0,True,16,119222.06,16,147774.51,-28552.45,81.9,0.641,0.929,1.0,1.0,-6744.1,-7902.32,16539.58,-21.45,-0.27,1.0,2718.69,0.1293,1833.32,0.0685,0.0512,NONE,1789714302997,SELL,6119.24,7.906,1789714200000,ok,1.0,1.0,1.0,continuous,1,28,0,,0,0,0,0,False,54,7.904,7.905,1.265,0.098,0.0683,-0.2691,403055.87,351516.96,24.67,1789714322510,621,False,,,,
2,v2,v1.2,REALF_PY_V4_2_DERIVED,ZPTDIFAT_PY_V1_4_DERIVED,fc-v1,native,,058e38aec59f4c35,20260918_064430,149,SUI_20260918_065206_255,SUIUSDT,BINANCE,FUTURES,TOP100,35,5000,1789714326255,2026-09-18T06:52:06.255+00:00,17,True,1789714325802,1789714326255,56.8,1789714260000,1789714319999,True,65.8,0.7782,0.0257,46.4,FAIR (DENGE),True,500,44.5,48.2,46.9,49.3,0.00076,-0.18,0.3,0.00183,0.564,0.57,12.0,40.0,-4.4,YOK,3.8,1.0,0.778789409854538,0.076,CLV_PROXY_1M,0,0.0,100.0,46.4,48.0,51.0,51.6,-1.6,-4.6,-5.2,0.00076,-0.00041,0.00035,0.00087,51.12,54.69,62.73,70.43,-3.57,-11.61,-19.31,45.73,36.0,500,native,51.12,NORMAL,45.73,36.0,True,300,69.4,BULL,BOS UP,MIX/HL,MIX/HL,SQZ,69.3,True,True,499,13,20.7,1789713480000,LOW,0.775,3.53,,,,,,,0,0,0.7795,0.7778,HIGH_SWEEP,29,0.777,False,False,0.1165,499,native,72.64,YORGUN,68.99,66.0,True,300,84.3,BULL,BOS UP,HH/HL,HH/HL,RANGE,80.2,True,True,498,5,18.5,1789713360000,LOW,0.7738,2.27,,,,0.7292,25.23,2,0,3,0.7798,0.7292,HIGH_SWEEP,56,0.7849,False,False,0.2496,499,native,63.94,NORMAL,70.55,65.67,True,300,60.8,BULL,BOS UP,MIX/HL,HH/HL,RANGE,74.3,True,True,498,44,48.0,1789701000000,LOW,0.7643,4.79,,,,0.71575,21.64,2,0,2,0.7849,0.71575,HIGH_SWEEP,94,0.7365,False,False,0.3701,499,native,47.55,NORMAL,50.08,39.0,True,300,78.1,BULL,BOS UP,HH/HL,MIX/HL,TR UP,90.8,True,True,498,30,53.6,1789686900000,LOW,0.7287,8.6,,,,0.7289,8.56,2,0,1,0.7899,0.7289,HIGH_SWEEP,59,0.7351,False,False,0.7395,499,native,87.93,ASIRI,76.28,85.33,True,300,83.0,TR-UP,CHOCH UP,HH/HL,HH/MIX,TR-UP,88.9,True,True,498,6,40.0,1789689600000,LOW,0.7157,5.68,0.8336,5.03,2,,,,2,0,0.8336,0.7157,LOW_SWEEP,37,0.6814,False,False,1.4211,499,native,86.39,ASIRI,91.2,95.33,True,300,89.3,TR-UP,CHOCH UP,HH/HL,MIX/HL,TR-UP,85.4,True,True,498,1,97.1,1789689600000,LOW,0.6773,5.35,,,,,,,0,0,0.7479,0.6773,LOW_SWEEP,16,0.692,False,False,2.3923,111,1563,42673.41,35886.72,6786.69,8.64,54.32,66.8,UP,345,59,78560.13,9.3,60.0,1.0,True,2,28400.41,3,24895.17,3505.25,43.3,0.157,0.724,1.0,0.998,190715.93,166444.9,24271.04,6.8,53.4,63.5,UP,1884,325,357160.83,63.5,300.0,1.0,True,9,89689.4,10,102112.98,-12423.58,76.5,0.559,0.888,1.0,1.0,678778.31,609748.83,69029.48,5.36,52.68,60.7,UP,6898,1242,1288527.14,181.3,900.0,1.0,True,36,356682.96,32,380417.24,-23734.27,90.7,0.784,1.0,1.0,1.0,-2882.8,-53166.56,28255.17,-5.61,-5.76,1.0,4868.4,0.0716,4724.63,0.0661,0.2171,NONE,1789714296641,SELL,6083.96,0.7781,1789714200000,ok,1.0,1.0,1.0,continuous,1,52,0,,0,0,0,0,False,88,0.7782,0.7783,1.285,-0.058,-0.0045,0.0578,394028.95,397556.05,25.06,1789714325657,598,False,,,,
2,v2,v1.2,REALF_PY_V4_2_DERIVED,ZPTDIFAT_PY_V1_4_DERIVED,fc-v1,native,,058e38aec59f4c35,20260918_064430,150,AKE_20260918_065208_836,AKEUSDT,BINANCE,FUTURES,TOP100,94,2000,1789714328836,2026-09-18T06:52:08.836+00:00,17,True,1789714328836,1789714328836,56.8,1789714320000,1789714379999,False,8.8,0.022995,-0.0999,52.4,FAIR (DENGE),True,500,50.8,60.5,47.0,50.0,-0.02178,-0.07,-0.08,0.00752,0.564,0.06,0.7,45.0,-2.6,YOK,13.5,0.666,0.022499637779191072,-2.154,CLV_PROXY_1M,0,0.0,100.0,52.4,47.7,49.8,53.0,4.7,2.6,-0.6,-0.02178,0.00156,0.00087,0.00267,36.82,36.34,38.53,53.76,0.48,-1.71,-16.94,39.89,33.33,500,native,36.82,NORMAL,39.89,33.33,True,300,65.7,BULL,BOS UP,MIX/HL,HH/MIX,TR UP,78.7,True,True,499,29,90.2,1789712580000,LOW,0.021423,8.34,,,,0.021402499999999998,8.45,2,0,1,0.0234,0.021402499999999998,HIGH_SWEEP,50,0.021605,False,False,0.8189,499,native,72.25,YORGUN,62.45,66.67,True,300,89.8,BULL,BOS UP,HH/HL,HH/HL,EXP UP,94.4,True,True,498,10,71.4,1789712460000,LOW,0.021423,5.25,,,,,,,0,0,0.023636,0.021646,LOW_SWEEP,39,0.021228,False,False,1.2929,499,native,82.0,YORGUN,72.13,83.0,True,300,76.3,BULL,BOS UP,MIX/HL,HH/HL,EXP UP,79.7,True,True,498,9,67.7,1789711500000,LOW,0.0214,4.78,,,,,,,0,0,0.02168,0.021423,EQH_SWEEP,37,0.021653,False,False,1.4566,499,native,83.57,ASIRI,85.83,89.33,True,300,42.0,BEAR,BOS DN,LH/MIX,MIX/HL,TR DN,66.1,True,True,498,154,97.0,1789575300000,HIGH,0.028247,11.51,0.029421000000000003,14.09,2,0.0209945,4.38,2,1,3,0.029421000000000003,0.0209945,EQL_SWEEP,57,0.020765,False,False,1.973,499,native,75.83,YORGUN,95.18,98.0,True,300,70.7,BULL,BOS UP,HH/HL,HH/MIX,RANGE,69.6,True,True,498,74,56.3,1789444800000,LOW,0.014658,9.67,0.029844000000000002,7.96,2,0.012500500000000001,12.18,3,1,2,0.029844000000000002,0.012500500000000001,HIGH_SWEEP,75,0.0165,False,False,3.9837,499,native,41.31,NORMAL,44.99,45.0,True,300,84.7,BULL,BOS UP,HH/HL,MIX/HL,TR UP,90.5,True,True,498,18,80.8,1789444800000,LOW,0.013069,3.89,,,,0.0128725,3.97,2,0,3,0.029888,0.0128725,EQL_SWEEP,67,0.0128725,False,False,11.7969,790,8872,20853.35,14742.28,6111.07,17.17,58.58,79.4,UP,1435,746,35595.63,79.8,60.0,1.0,True,3,7031.67,0,0.0,7031.67,71.8,0.615,0.638,1.0,0.987,123998.14,167537.41,-43539.27,-14.93,42.53,23.4,DOWN,10083,4957,291535.55,441.6,300.0,1.0,True,10,25872.74,11,57371.49,-31498.75,91.7,0.898,0.866,1.0,0.997,289600.56,292132.31,-2531.75,-0.44,49.78,49.1,FLAT,18557,8872,581732.87,532.1,540.3,0.6004,False,24,95554.1,17,95962.05,-407.95,85.5,0.914,0.941,0.6,0.999,15590.51,-4239.95,,22.24,-2.21,0.5337,-1560.91,-0.0368,-7395.41,-0.1268,-0.1371,NONE,1789714308518,BUY,2574.09,0.022937685183700016,1789714200000,ok,1.0,1.0,1.0,continuous,1,734,0,,0,0,0,0,False,122,0.022998,0.023003,2.174,0.777,-0.372,-0.1391,1431.7,3127.54,9.35,1789714328644,192,False,,FATIGUE_EXTREME,,
2,v2,v1.2,REALF_PY_V4_2_DERIVED,ZPTDIFAT_PY_V1_4_DERIVED,fc-v1,native,,058e38aec59f4c35,20260918_064430,151,PONS_20260918_065211_640,PONSUSDT,BINANCE,FUTURES,OUTSIDE100,112,2000,1789714331640,2026-09-18T06:52:11.640+00:00,17,True,1789714331640,1789714331640,57.0,1789714320000,1789714379999,False,11.6,0.726,0.0138,46.6,FAIR (DENGE),True,500,43.8,51.6,44.8,49.9,-0.00155,-0.39,-0.02,0.00467,0.596,0.16,0.3,55.0,-6.7,YOK,7.8,0.808,0.7248723653528903,-0.155,CLV_PROXY_1M,0,0.0,100.0,46.6,48.1,44.3,56.6,-1.5,2.3,-10.0,-0.00155,0.00019,-0.00135,0.00412,19.59,21.92,32.04,38.52,-2.33,-12.45,-18.93,16.36,9.0,500,native,19.59,DINLENMIS,16.36,9.0,True,300,12.6,BEAR,BOS DN,LH/LL,LH/LL,SQZ,93.2,True,True,499,13,65.6,1789713540000,HIGH,0.7364,5.08,,,,0.7134,6.16,2,0,1,0.7316,0.7134,EQL_SWEEP,22,0.73295,False,False,0.2819,499,native,21.41,DINLENMIS,14.3,6.0,True,300,26.2,BULL,BOS UP,LH/LL,LH/LL,RANGE,86.5,True,True,498,80,26.3,1789699860000,LOW,0.6834,9.33,0.7777000000000001,11.42,3,0.63845,19.22,2,1,1,0.7777000000000001,0.63845,HIGH_SWEEP,95,0.6964,False,False,0.6259,499,native,30.01,NORMAL,25.44,15.67,True,300,14.8,BEAR,BOS DN,LH/LL,MIX/HL,RANGE,88.2,True,True,498,13,56.1,1789710300000,HIGH,0.7473,3.02,0.7778,7.29,2,,,,1,0,0.7778,0.7235,LOW_SWEEP,11,0.729,False,False,0.9794,499,native,40.68,NORMAL,33.38,26.67,True,300,85.7,BULL,BOS UP,HH/HL,MIX/LL,TR UP,93.8,True,True,498,18,77.8,1789697700000,LOW,0.6551,5.12,,,,,,,0,0,0.7781,0.6551,HIGH_SWEEP,19,0.6959,False,False,1.8909,289,native,80.54,YORGUN,67.73,75.84,False,269,88.1,BULL,BOS UP,HH/HL,HH/HL,TR UP,88.8,True,True,288,7,54.7,1789686000000,LOW,0.6099,3.84,,,,,,,0,0,0.6721,0.6099,HIGH_SWEEP,6,0.6721,False,False,4.1259,73,native,83.44,ASIRI,82.16,96.23,False,53,74.7,TR-UP,CHOCH UP,HH/MIX,HH/HL,TR-UP,76.3,True,False,72,1,84.3,1789689600000,LOW,0.5483,3.32,,,,,,,0,0,0.6992,0.5483,LOW_SWEEP,12,0.5821,False,False,6.9476,1440,2092,20824.16,27107.64,-6283.49,-13.11,43.45,26.0,DOWN,428,127,47931.8,32.3,60.0,1.0,True,3,8917.31,3,15141.31,-6223.99,60.8,0.392,0.67,1.0,0.976,83340.05,146823.51,-63483.46,-27.58,36.21,11.8,DOWN,2525,775,230163.56,141.2,300.0,1.0,True,7,23983.47,16,96147.51,-72164.04,84.0,0.739,0.841,1.0,0.995,279377.75,438151.53,-158773.78,-22.13,38.94,15.6,DOWN,6796,2092,717529.27,329.6,787.3,0.8748,False,26,117654.51,42,267870.52,-150216.01,91.0,0.868,0.964,0.875,0.998,25097.9,3793.9,,16.99,1.09,0.8081,-18973.64,-0.3093,-14252.36,-0.3096,-0.2136,NONE,1789714326869,BUY,3160.86,0.7258,1789714260000,ok,1.0,1.0,1.0,continuous,1,124,0,,0,0,0,0,False,156,0.7257,0.7259,2.756,0.015,0.2864,0.3639,46680.3,25897.46,27.56,1789714331277,363,False,,FATIGUE_RESTED_1M,,
2,v2,v1.2,REALF_PY_V4_2_DERIVED,ZPTDIFAT_PY_V1_4_DERIVED,fc-v1,native,,058e38aec59f4c35,20260918_064430,152,SKR_20260918_065214_424,SKRUSDT,BINANCE,FUTURES,OUTSIDE100,227,500,1789714334424,2026-09-18T06:52:14.424+00:00,17,True,1789714334205,1789714334424,57.0,1789714320000,1789714379999,False,14.2,0.019103,0.0,42.8,FAIR (DENGE),True,500,39.5,46.2,42.4,50.0,0.00178,-0.64,-0.01,0.00141,0.344,0.0,0.3,45.0,-6.3,YOK,6.7,1.0,0.019136965634301895,0.178,CLV_PROXY_1M,0,0.0033,99.7,42.8,49.4,53.8,55.2,-6.6,-11.0,-12.4,0.00178,-8e-05,0.00078,0.00093,26.68,30.98,45.74,55.73,-4.3,-19.06,-29.05,20.22,8.33,500,native,26.68,DINLENMIS,20.22,8.33,True,300,69.0,BULL,BOS UP,MIX/HL,LH/LL,SQZ,73.8,True,True,499,16,33.7,1789713360000,LOW,0.019028,2.69,0.019363,9.34,2,,,,1,0,0.019363,0.019132,EQH_SWEEP,61,0.0189665,False,False,0.1458,499,native,61.62,NORMAL,50.67,49.33,True,300,72.8,BULL,BOS UP,HH/MIX,HH/HL,TR UP,73.8,True,True,498,5,30.5,1789713360000,LOW,0.018839,4.56,0.020296500000000002,20.89,2,0.0188425,4.5,2,1,1,0.020296500000000002,0.0188425,LOW_SWEEP,28,0.018846,False,False,0.2998,499,native,76.18,YORGUN,65.65,70.67,True,300,86.1,BULL,BOS UP,HH/HL,HH/MIX,RANGE,83.4,True,True,498,3,34.0,1789713300000,LOW,0.018839,3.53,0.020296500000000002,16.05,2,,,,1,0,0.020296500000000002,0.018839,LOW_SWEEP,28,0.018732,False,False,0.389,499,native,80.58,YORGUN,82.05,83.33,True,300,74.2,BULL,BOS UP,MIX/HL,MIX/HL,SQZ,69.3,True,True,498,2,49.0,1789712100000,LOW,0.018719,2.62,,,,0.017547,10.6,2,0,2,0.019011,0.017547,HIGH_SWEEP,36,0.019329,False,False,0.7664,499,native,43.48,NORMAL,51.81,59.67,True,300,39.3,BULL,BOS UP,LH/LL,HH/MIX,RANGE,84.4,True,True,498,21,72.8,1789635600000,LOW,0.017378,4.54,0.025375500000000002,16.51,2,,,,1,0,0.025375500000000002,0.018321,LOW_SWEEP,6,0.018554,False,False,2.0012,499,native,73.28,YORGUN,68.69,77.67,True,300,72.9,BULL,BOS UP,HH/HL,HH/HL,TR UP,83.6,True,True,498,114,36.2,1788062400000,LOW,0.008858,11.55,,,,0.017043000000000003,2.32,2,0,1,0.020299,0.017043000000000003,HIGH_SWEEP,4,0.019684,False,False,4.7097,1970,522,8.24,512.76,-504.52,-96.84,1.58,5.0,DOWN,15,13,521.0,3.1,60.0,1.0,True,0,0.0,0,0.0,0.0,19.0,0.058,0.179,1.0,0.967,12454.87,12673.61,-218.74,-0.87,49.56,48.2,FLAT,323,210,25128.48,55.2,300.0,1.0,True,6,9767.38,2,6694.73,3072.65,66.2,0.525,0.6,1.0,0.993,17339.65,25347.45,-8007.81,-18.76,40.62,18.8,DOWN,664,443,42687.1,71.6,900.0,1.0,True,6,9767.38,6,15947.99,-6180.61,71.3,0.589,0.658,1.0,0.998,-927.85,-456.73,5197.34,-78.09,-0.91,1.0,428.67,0.1648,4.8,0.001,-0.0735,UP,1789714192986,BUY,1223.27,0.01910440488201028,1789714260000,ok,1.0,1.0,1.0,continuous,1,13,0,,0,0,0,0,False,190,0.019102,0.019106,2.094,0.299,0.3215,0.5652,4093.65,2101.74,15.7,1789714333868,556,False,,FATIGUE_RESTED_1M,,
2,v2,v1.2,REALF_PY_V4_2_DERIVED,ZPTDIFAT_PY_V1_4_DERIVED,fc-v1,native,,058e38aec59f4c35,20260918_064430,153,PROM_20260918_065217_009,PROMUSDT,BINANCE,FUTURES,OUTSIDE100,266,1000,1789714337009,2026-09-18T06:52:17.009+00:00,17,True,1789714336994,1789714337009,57.0,1789714320000,1789714379999,False,17.0,5.384,-0.0186,55.5,FAIR (DENGE),True,500,56.4,56.9,54.4,50.8,-0.00307,-0.36,-0.42,0.00231,0.471,0.19,18.7,75.0,-19.8,YOK,2.4,1.0,5.367517513567735,-0.306,CLV_PROXY_1M,0,0.0,100.0,55.5,56.8,62.2,60.2,-1.3,-6.7,-4.7,-0.00307,-0.00064,-0.00049,-0.0001,30.54,31.14,29.92,21.78,-0.6,0.62,8.76,29.48,28.33,500,native,30.54,NORMAL,29.48,28.33,True,300,12.8,BEAR,BOS DN,LH/LL,MIX/HL,TR DN,92.7,True,True,499,12,57.3,1789713600000,HIGH,5.424,4.26,,,,,,,0,0,5.424,5.378,LOW_SWEEP,37,5.427,False,False,0.1744,499,native,22.04,DINLENMIS,22.94,15.0,True,300,10.8,BEAR,BOS DN,LH/LL,LH/LL,TR DN,90.3,True,True,498,4,47.1,1789713540000,HIGH,5.541,8.2,,,,,,,0,0,5.541,5.41,EQL_SWEEP,4,5.3934999999999995,False,False,0.3556,499,native,13.62,DINLENMIS,15.46,8.33,True,300,45.5,TR-DN,CHOCH DN,MIX/HL,LH/LL,TR-DN,75.6,True,True,498,8,58.5,1789711800000,HIGH,5.541,6.56,,,,5.2165,7.0,2,0,1,5.541,5.2165,HIGH_SWEEP,31,5.589,False,False,0.444,499,native,22.09,DINLENMIS,13.43,6.0,True,300,60.0,TR-DN,CHOCH DN,HH/HL,MIX/HL,TR-DN,88.0,True,True,498,3,54.5,1789711200000,HIGH,5.594,4.85,5.7285,7.96,2,,,,2,0,5.7285,5.43,LOW_SWEEP,172,5.332,False,False,0.8035,499,native,51.43,NORMAL,23.65,15.33,True,300,59.0,BEAR,BOS DN,MIX/HL,MIX/HL,SQZ,69.1,True,True,498,46,75.0,1789545600000,HIGH,5.729,4.09,5.8375,5.38,3,4.906499999999999,5.69,2,2,1,5.8375,4.906499999999999,EQL_SWEEP,94,5.5815,False,False,1.5355,499,native,46.7,NORMAL,44.17,34.33,True,300,26.5,BULL,BOS UP,LH/LL,MIX/HL,SQZ,85.6,True,True,498,58,11.5,1788868800000,LOW,4.913,2.56,,,,4.4025,5.33,2,0,2,5.659,4.4025,HIGH_SWEEP,57,5.986,False,False,3.3065,3456,930,3013.61,3897.16,-883.55,-12.79,43.61,26.4,DOWN,147,56,6910.77,19.1,60.0,1.0,True,0,0.0,1,1972.22,-1972.22,47.1,0.276,0.46,1.0,0.942,15326.89,12156.78,3170.11,11.53,55.77,71.6,UP,519,229,27483.67,53.9,300.0,1.0,True,5,6513.71,3,4732.65,1781.06,66.2,0.519,0.61,1.0,0.988,60725.06,115891.1,-55166.04,-31.23,34.38,10.0,DOWN,2066,835,176616.16,91.5,900.0,1.0,True,17,29477.58,12,80363.24,-50885.66,78.9,0.647,0.812,1.0,0.996,-1660.36,5374.57,264.29,-21.2,8.51,1.0,-136.01,-0.0248,615.59,0.112,-0.0506,NONE,1789714278485,SELL,1972.22,5.385637083560896,1789714260000,ok,1.0,1.0,1.0,continuous,1,47,0,,0,0,0,0,False,224,5.385,5.386,1.857,-0.878,0.2541,-0.0944,42637.55,25360.16,36.21,1789714336814,195,False,,,,
2,v2,v1.2,REALF_PY_V4_2_DERIVED,ZPTDIFAT_PY_V1_4_DERIVED,fc-v1,native,,058e38aec59f4c35,20260918_064430,154,UAI_20260918_065219_790,UAIUSDT,BINANCE,FUTURES,OUTSIDE100,296,2000,1789714339790,2026-09-18T06:52:19.790+00:00,17,True,1789714339587,1789714339790,57.2,1789714320000,1789714379999,False,19.6,0.4194,0.3589,61.4,PRICE AHEAD,True,500,63.7,57.7,61.7,59.3,-0.00633,1.07,0.33,0.00446,0.67,2.7,64.3,60.0,14.8,YOK,6.0,1.0,0.416752113312321,-0.631,CLV_PROXY_1M,0,0.0,100.0,61.4,58.0,54.8,52.9,3.4,6.6,8.5,-0.00633,-0.00146,-0.0023,-0.00308,70.4,58.92,55.66,68.78,11.48,14.74,1.62,96.27,99.33,500,native,70.4,NORMAL,96.27,99.33,True,300,49.1,BEAR,BOS DN,MIX/HL,HH/MIX,SQZ,78.5,True,True,499,27,90.8,1789712700000,HIGH,0.4198,0.4,0.42315,3.79,2,0.40785,11.68,3,1,1,0.42315,0.40785,HIGH_SWEEP,105,0.4247,False,False,0.2366,499,native,52.16,NORMAL,63.41,67.0,True,300,28.6,BULL,BOS UP,LH/LL,LH/LL,SQZ,79.1,True,True,498,70,61.1,1789701660000,LOW,0.4075,4.88,0.43455,7.45,2,,,,1,0,0.43455,0.4129,LOW_SWEEP,6,0.4166,False,False,0.5251,499,native,35.71,NORMAL,48.87,38.33,True,300,58.1,TR-DN,CHOCH DN,MIX/HL,LH/LL,TR-DN,66.3,True,True,498,51,58.0,1789698900000,HIGH,0.4354,5.15,,,,0.3559,18.8,3,0,1,0.4232,0.3559,HIGH_SWEEP,104,0.4106,False,False,0.7961,499,native,37.84,NORMAL,42.6,38.67,True,300,68.6,BULL,BOS UP,MIX/HL,MIX/HL,RANGE,79.5,True,True,498,21,30.6,1789695000000,LOW,0.3901,4.02,0.43505,2.14,2,0.3838,4.88,2,2,2,0.43505,0.3838,LOW_SWEEP,174,0.3294,False,False,1.7465,499,native,66.55,NORMAL,59.49,61.67,True,300,86.6,BULL,BOS UP,HH/HL,HH/HL,SQZ,87.3,True,True,498,6,38.6,1789689600000,LOW,0.3838,2.2,,,,,,,0,0,0.4354,0.3838,HIGH_SWEEP,4,0.418,False,False,3.8614,499,native,65.47,NORMAL,74.05,78.33,True,300,18.4,BEAR,BOS DN,LH/LL,HH/HL,RANGE,87.8,True,True,498,19,42.0,1789430400000,HIGH,0.5943,3.99,,,,,,,0,0,0.5943,0.322,LOW_SWEEP,20,0.4503,False,False,10.3453,2031,714,16316.1,641.61,15674.49,92.43,96.22,95.0,UP,262,63,16957.71,21.3,60.0,1.0,True,2,14364.28,0,0.0,14364.28,51.6,0.299,0.557,1.0,0.966,31614.5,7543.72,24070.78,61.47,80.74,94.7,UP,613,222,39158.23,36.4,300.0,1.0,True,4,22764.35,0,0.0,22764.35,62.1,0.421,0.648,1.0,0.993,44764.09,26910.98,17853.11,24.91,62.45,86.5,UP,1521,610,71675.08,89.0,900.0,1.0,True,4,22764.35,3,9331.39,13432.96,75.6,0.64,0.714,1.0,0.998,16351.64,21010.48,18568.4,75.88,25.54,1.0,7241.5,0.7322,4619.48,0.5898,-0.3432,UP,1789714334917,BUY,12166.08,0.41921637090382824,1789714260000,ok,1.0,1.0,1.0,continuous,1,57,0,,0,0,0,0,False,258,0.4192,0.4194,4.77,-1.866,-0.0053,-0.0501,11461.75,11584.72,47.7,1789714339446,344,False,,AGGRESSIVE_BUYER,,
2,v2,v1.2,REALF_PY_V4_2_DERIVED,ZPTDIFAT_PY_V1_4_DERIVED,fc-v1,native,,058e38aec59f4c35,20260918_064430,155,BULLA_20260918_065222_582,BULLAUSDT,BINANCE,FUTURES,OUTSIDE100,339,5000,1789714342582,2026-09-18T06:52:22.582+00:00,17,True,1789714342356,1789714342582,57.0,1789714320000,1789714379999,False,22.4,0.10146,0.0,60.4,PRICE AHEAD,True,500,65.9,53.9,61.0,50.6,-0.00538,0.35,-0.63,0.0058,0.568,0.18,3.3,35.0,-13.3,YOK,12.0,1.0,0.1009158051057324,-0.536,CLV_PROXY_1M,0,0.0,100.0,60.4,58.6,57.0,49.9,1.8,3.4,10.5,-0.00538,-0.001,-0.00225,-0.00617,57.29,54.01,45.3,39.7,3.28,11.99,17.59,62.33,71.0,500,native,57.29,NORMAL,62.33,71.0,True,300,48.6,TR-DN,CHOCH DN,HH/MIX,MIX/HL,TR-DN,73.3,True,True,499,12,44.8,1789713600000,HIGH,0.10172,0.71,0.10206,1.64,3,0.100455,2.75,2,1,2,0.10206,0.100455,EQL_SWEEP,55,0.100455,False,False,0.3599,499,native,54.44,NORMAL,64.64,74.33,True,300,41.4,BULL,BOS UP,MIX/LL,MIX/LL,RANGE,67.9,True,True,498,42,89.1,1789706700000,LOW,0.096433,6.23,0.102005,0.53,2,0.0964015,6.27,2,1,2,0.102005,0.0964015,HIGH_SWEEP,28,0.10206,False,False,0.8137,499,native,53.21,NORMAL,54.32,54.67,True,300,46.9,BULL,BOS UP,LH/MIX,MIX/LL,TR UP,64.3,True,True,498,25,22.3,1789706700000,LOW,0.09539,5.22,,,,0.10001,1.25,2,0,1,0.10203,0.10001,HIGH_SWEEP,23,0.10114,False,False,1.1473,499,native,71.08,NORMAL,65.52,70.33,True,300,74.6,BEAR,BOS DN,HH/HL,HH/HL,TR DN,88.7,True,True,498,65,27.4,1789655400000,HIGH,0.10999,3.68,0.109785,3.59,2,,,,1,0,0.109785,0.094,LOW_SWEEP,67,0.1007,False,False,2.2834,499,native,65.77,NORMAL,73.03,88.0,True,300,26.8,BULL,BOS UP,LH/LL,MIX/HL,RANGE,84.5,True,True,498,44,42.2,1789552800000,LOW,0.060024,6.37,,,,0.060025499999999996,6.37,2,0,1,0.121362,0.060025499999999996,HIGH_SWEEP,45,0.076341,False,False,6.4384,499,native,57.86,NORMAL,57.93,59.0,True,300,75.0,BULL,BOS UP,HH/MIX,HH/HL,EXP UP,78.0,True,True,498,11,96.7,1789545600000,LOW,0.0675,2.28,,,,0.0154205,5.76,2,0,1,0.139078,0.0154205,HIGH_SWEEP,52,0.085989,False,False,15.2143,2302,1555,236.2,2219.37,-1983.17,-80.76,9.62,5.1,DOWN,105,56,2455.57,24.7,60.0,1.0,True,0,0.0,0,0.0,0.0,46.6,0.331,0.348,1.0,0.962,8110.38,10662.36,-2551.98,-13.59,43.2,25.3,DOWN,598,321,18772.73,31.5,300.0,1.0,True,0,0.0,0,0.0,0.0,57.7,0.387,0.568,1.0,0.992,58146.38,74009.43,-15863.05,-12.0,44.0,27.6,DOWN,2888,1555,132155.81,231.9,822.3,0.9136,False,1,5200.14,2,35515.93,-30315.79,84.3,0.823,0.78,0.914,0.997,-2359.58,-1481.34,,-47.38,-3.84,0.847,-574.72,-0.2802,-761.73,-0.2029,0.0184,NONE,1789713918675,BUY,5200.14,0.10101665651346205,1789714260000,ok,1.0,1.0,1.0,continuous,1,56,0,,0,0,0,0,False,292,0.10151,0.10154,2.955,1.359,0.0358,0.6752,2689.39,2503.39,21.18,1789714342208,374,False,,AGGRESSIVE_SELLER,,
2,v2,v1.2,REALF_PY_V4_2_DERIVED,ZPTDIFAT_PY_V1_4_DERIVED,fc-v1,native,,058e38aec59f4c35,20260918_064430,156,OG_20260918_065225_141,OGUSDT,BINANCE,FUTURES,OUTSIDE100,523,500,1789714345141,2026-09-18T06:52:25.141+00:00,17,True,1789714345141,1789714345141,56.8,1789714320000,1789714379999,False,25.1,2.751,-0.0363,30.8,PRICE LAG,True,500,24.1,35.2,33.7,44.3,0.00494,-0.44,0.57,0.00063,0.232,0.3,51.3,45.0,55.7,YOK,11.1,1.0,2.764622906107293,0.495,CLV_PROXY_1M,0,0.0033,99.7,30.8,35.3,29.1,40.0,-4.5,1.7,-9.2,0.00494,0.00014,-0.00048,8e-05,42.46,45.13,45.59,59.55,-2.67,-3.13,-17.09,41.21,24.67,500,native,42.46,NORMAL,41.21,24.67,True,300,88.7,BULL,BOS UP,HH/HL,HH/HL,SQZ,88.8,True,True,499,8,69.0,1789713840000,LOW,2.749,1.01,,,,2.748,1.52,2,0,3,2.757,2.748,HIGH_SWEEP,77,2.76,False,False,0.0717,499,native,47.59,NORMAL,39.89,20.0,True,300,75.6,BULL,BOS UP,MIX/HL,HH/HL,RANGE,64.5,True,True,498,3,60.2,1789713720000,LOW,2.746,1.13,,,,2.746,1.13,2,0,3,2.754,2.746,HIGH_SWEEP,57,2.746,False,False,0.1612,499,native,40.15,NORMAL,41.43,26.33,True,300,67.4,BULL,BOS UP,MIX/HL,MIX/HL,TR UP,73.6,True,True,498,20,39.4,1789708200000,LOW,2.732,3.05,,,,2.679,11.54,2,0,2,2.756,2.679,HIGH_SWEEP,22,2.759,False,False,0.2269,499,native,59.59,NORMAL,53.37,47.33,True,300,85.9,BULL,BOS UP,HH/HL,HH/HL,TR UP,87.3,True,True,498,7,35.2,1789707600000,LOW,2.679,7.18,,,,2.6635,8.73,2,0,1,2.769,2.6635,HIGH_SWEEP,6,2.759,False,False,0.3636,499,native,90.51,ASIRI,88.19,94.0,True,300,74.4,BULL,BOS UP,MIX/HL,MIX/HL,RANGE,73.4,True,True,498,7,58.0,1789686000000,LOW,2.662,4.5,,,,2.6,7.64,2,0,1,2.7,2.6,HIGH_SWEEP,30,2.712,False,False,0.7193,499,native,78.77,YORGUN,87.74,92.67,True,300,75.1,BULL,BOS UP,MIX/HL,HH/HL,SQZ,73.2,True,True,498,1,52.4,1789689600000,LOW,2.61,3.18,2.9825,5.22,3,2.5975,3.46,2,2,2,2.9825,2.5975,EQH_SWEEP,87,2.9425,False,False,1.6159,14417,89,113.07,10.18,102.89,83.48,91.74,95.0,UP,5,3,123.24,2.2,60.0,1.0,True,0,0.0,0,0.0,0.0,8.8,0.042,0.023,1.0,0.76,396.42,802.22,-405.8,-33.85,33.07,9.0,DOWN,34,16,1198.64,5.6,300.0,1.0,True,0,0.0,0,0.0,0.0,26.9,0.101,0.27,1.0,0.952,4883.0,1582.24,3300.76,51.05,75.53,94.1,UP,257,77,6465.24,16.9,900.0,1.0,True,3,2128.37,1,554.36,1574.01,45.4,0.253,0.453,1.0,0.984,103.98,43.97,94.63,45.43,2.32,1.0,48.26,0.3882,-99.87,-0.4166,-0.4978,UP,1789713888940,SELL,554.36,2.751160297766749,1789714260000,ok,,,,continuous,1,3,0,,0,0,0,0,False,326,2.75,2.752,7.27,0.62,0.2091,-0.0699,24237.32,15853.25,72.7,1789714343293,1848,False,,,,
2,v2,v1.2,REALF_PY_V4_2_DERIVED,ZPTDIFAT_PY_V1_4_DERIVED,fc-v1,native,,058e38aec59f4c35,20260918_064430,157,ZORA_20260918_065227_719,ZORAUSDT,BINANCE,FUTURES,OUTSIDE100,612,500,1789714347719,2026-09-18T06:52:27.719+00:00,17,True,1789714347719,1789714347719,56.6,1789714320000,1789714379999,False,27.7,0.007891,-0.038,51.5,FAIR (DENGE),True,500,52.5,49.2,52.6,50.2,0.00035,-0.28,-0.36,0.00158,0.528,0.25,15.0,50.0,6.9,YOK,3.4,0.772,0.007893743316264848,0.035,CLV_PROXY_1M,0,0.0,100.0,51.5,48.5,49.4,46.0,3.0,2.1,5.5,0.00035,-2e-05,2e-05,-0.00048,55.26,56.81,62.48,70.96,-1.55,-7.22,-15.7,51.77,51.33,500,native,55.26,NORMAL,51.77,51.33,True,300,82.2,TR-UP,CHOCH UP,HH/HL,HH/HL,TR-UP,86.9,True,True,499,12,64.1,1789713600000,LOW,0.007851,4.3,,,,0.007775499999999999,12.43,2,0,1,0.007903,0.007775499999999999,HIGH_SWEEP,4,0.007903,False,False,0.1177,499,native,67.0,NORMAL,67.77,66.67,True,300,89.2,BULL,BOS UP,HH/HL,HH/HL,RANGE,87.7,True,True,498,4,56.3,1789713540000,LOW,0.007842,2.54,,,,,,,0,0,0.007897,0.007842,HIGH_SWEEP,3,0.007897,False,False,0.2444,499,native,71.98,NORMAL,76.87,81.67,True,300,86.0,BULL,BOS UP,HH/HL,HH/HL,RANGE,84.8,True,True,498,10,63.8,1789711200000,LOW,0.007813,3.01,,,,,,,0,0,0.007897,0.007842,HIGH_SWEEP,2,0.007897,False,False,0.3238,499,native,44.55,NORMAL,46.92,45.33,True,300,81.8,BULL,BOS UP,HH/HL,MIX/HL,RANGE,87.5,True,True,498,21,74.9,1789695000000,LOW,0.007527,6.9,,,,,,,0,0,0.00802,0.007813,LOW_SWEEP,25,0.007571,False,False,0.6689,499,native,79.53,YORGUN,73.8,86.67,True,300,73.8,BEAR,BOS DN,HH/HL,HH/MIX,TR DN,86.4,True,True,498,69,59.5,1789462800000,HIGH,0.007987,0.79,0.009008,9.15,2,0.007187,5.75,2,1,1,0.009008,0.007187,LOW_SWEEP,126,0.008102,False,False,1.5567,499,native,71.72,NORMAL,77.97,86.33,True,300,18.0,TR-DN,CHOCH DN,LH/LL,LH/LL,TR-DN,90.3,True,True,498,16,65.9,1789473600000,HIGH,0.008968,4.07,,,,0.0058755000000000005,7.61,2,0,2,0.008336,0.0058755000000000005,HIGH_SWEEP,29,0.008437,False,False,3.3227,606,280,492.46,1186.8,-694.34,-41.35,29.33,7.1,DOWN,35,21,1679.26,8.7,60.0,1.0,True,0,0.0,0,0.0,0.0,32.6,0.148,0.306,1.0,0.99,1251.9,3232.44,-1980.54,-44.17,27.92,6.6,DOWN,147,86,4484.34,21.4,300.0,1.0,True,0,0.0,1,1082.25,-1082.25,47.3,0.299,0.413,1.0,0.998,9103.26,7553.38,1549.89,9.3,54.65,68.0,UP,499,248,16656.64,61.9,900.0,1.0,True,4,3496.89,3,2716.25,780.64,66.1,0.553,0.555,1.0,0.999,-414.34,-350.36,1565.4,6.93,-3.46,1.0,-363.69,-0.4617,-413.2,-0.4607,-0.2788,NONE,1789714134161,SELL,1082.25,0.007884578095744603,1789714260000,ok,1.0,1.0,1.0,continuous,1,17,0,,0,0,0,0,False,360,0.00789,0.007892,2.535,0.662,-0.0176,-0.2359,18719.36,19389.36,25.35,1789714347411,308,False,,,,
2,v2,v1.2,REALF_PY_V4_2_DERIVED,ZPTDIFAT_PY_V1_4_DERIVED,fc-v1,native,,058e38aec59f4c35,20260918_064430,158,TNSR_20260918_065230_310,TNSRUSDT,BINANCE,FUTURES,OUTSIDE100,738,200,1789714350310,2026-09-18T06:52:30.310+00:00,17,True,1789714350301,1789714350310,56.6,1789714320000,1789714379999,False,30.3,0.0352,0.0,54.9,FAIR (DENGE),True,500,56.9,54.1,53.8,50.0,-0.00189,0.0,-0.13,0.00133,0.558,0.0,0.3,30.0,1.5,YOK,3.1,1.0,0.03513345957857577,-0.189,CLV_PROXY_1M,0,0.0033,99.7,54.9,56.3,56.7,55.2,-1.4,-1.8,-0.3,-0.00189,2e-05,6e-05,1e-05,75.36,77.22,71.89,62.66,-1.86,3.47,12.7,69.06,75.67,500,native,75.36,YORGUN,69.06,75.67,True,300,75.3,BULL,BOS UP,MIX/HL,LH/MIX,RANGE,73.3,True,True,499,5,58.2,1789714020000,LOW,0.03512,2.49,,,,0.03507,4.05,2,0,1,0.03518,0.03507,HIGH_SWEEP,24,0.03515,False,False,0.0912,499,native,70.55,NORMAL,74.34,77.67,True,300,75.8,BULL,BOS UP,HH/MIX,HH/HL,RANGE,68.2,True,True,498,1,47.6,1789714080000,LOW,0.03507,2.0,,,,0.03507,2.0,3,0,1,0.03521,0.03507,HIGH_SWEEP,8,0.03517,False,True,0.1846,499,native,57.68,NORMAL,72.33,73.0,True,300,29.0,BULL,BOS UP,LH/LL,HH/HL,RANGE,78.1,True,True,498,45,51.5,1789700700000,LOW,0.03481,4.44,,,,0.03454,7.51,2,0,2,0.03536,0.03454,HIGH_SWEEP,50,0.03498,False,False,0.2498,499,native,39.73,NORMAL,42.04,41.67,True,300,83.8,BULL,BOS UP,HH/HL,MIX/HL,RANGE,93.4,True,True,498,20,59.8,1789695900000,LOW,0.03454,3.84,,,,0.034375,4.79,2,0,1,0.03583,0.034375,HIGH_SWEEP,17,0.03497,False,False,0.4898,499,native,75.25,YORGUN,61.92,71.67,True,300,74.8,BULL,BOS UP,MIX/HL,MIX/HL,TR UP,73.8,True,True,498,5,52.8,1789693200000,LOW,0.03405,2.93,,,,,,,0,0,0.03497,0.03438,LOW_SWEEP,36,0.03304,False,False,1.1171,499,native,78.45,YORGUN,78.74,87.67,True,300,76.4,BULL,BOS UP,HH/MIX,HH/HL,RANGE,71.9,True,True,498,1,56.6,1789689600000,LOW,0.03258,3.37,0.037065,2.4,2,0.029225,7.69,2,1,1,0.037065,0.029225,EQH_SWEEP,59,0.037065,False,False,2.178,37169,104,0.0,161.92,-161.92,-100.0,0.0,5.0,DOWN,2,2,161.92,1.5,60.0,1.0,True,0,0.0,0,0.0,0.0,9.2,0.03,0.052,1.0,0.381,2196.17,1310.25,885.92,25.27,62.63,86.8,UP,87,36,3506.42,9.1,300.0,1.0,True,3,1637.08,1,802.31,834.76,35.1,0.154,0.386,1.0,0.876,4276.78,1995.16,2281.62,36.38,68.19,91.8,UP,195,86,6271.94,20.9,900.0,1.0,True,6,2752.58,2,1145.9,1606.68,48.0,0.294,0.449,1.0,0.959,386.83,-251.19,119.98,-29.43,-3.56,1.0,210.03,0.2039,254.71,0.3632,0.1858,NONE,1789714243516,SELL,802.31,0.03526,1789714260000,ok,1.0,1.0,1.0,continuous,1,1,0,,0,0,0,0,False,394,0.03518,0.03519,2.842,0.657,0.0453,0.1652,19573.2,17875.87,55.42,1789714347155,3155,False,,,,
2,v2,v1.2,REALF_PY_V4_2_DERIVED,ZPTDIFAT_PY_V1_4_DERIVED,fc-v1,native,,058e38aec59f4c35,20260918_064430,159,VELVET_20260918_065233_093,VELVETUSDT,BINANCE,FUTURES,OUTSIDE100,761,200,1789714353093,2026-09-18T06:52:33.093+00:00,17,True,1789714352890,1789714353093,56.8,1789714320000,1789714379999,False,32.9,0.05528,-0.0542,38.7,PRICE LAG,True,500,33.7,44.7,39.3,44.9,0.00353,-0.36,0.12,0.00198,0.363,0.55,66.7,45.0,4.3,YOK,11.0,1.0,0.055475578105499225,0.354,CLV_PROXY_1M,0,0.0,100.0,38.7,37.1,41.7,33.7,1.6,-3.0,5.0,0.00353,0.00087,0.00382,0.00168,16.61,17.43,22.86,31.49,-0.82,-6.25,-14.88,17.29,8.67,500,native,16.61,DINLENMIS,17.29,8.67,True,300,40.5,BEAR,BOS DN,MIX/HL,LH/LL,EXP DN,74.9,True,True,499,5,70.0,1789714020000,HIGH,0.05589,3.81,0.056855,9.85,2,,,,1,0,0.056855,0.05553,EQL_SWEEP,80,0.055625,False,False,0.2892,499,native,19.28,DINLENMIS,5.64,1.0,True,300,39.9,BEAR,BOS DN,HH/MIX,LH/LL,RANGE,73.8,True,True,498,2,51.7,1789713900000,HIGH,0.05615,3.67,,,,,,,0,0,0.05615,0.05544,LOW_SWEEP,8,0.05556,False,False,0.4683,499,native,27.99,DINLENMIS,11.33,2.0,True,300,17.5,BEAR,BOS DN,LH/LL,LH/LL,RANGE,86.8,True,True,498,17,49.3,1789709100000,HIGH,0.05671,4.73,,,,0.0515,11.58,2,0,1,0.05615,0.0515,HIGH_SWEEP,29,0.05618,False,False,0.5759,499,native,28.26,DINLENMIS,18.35,6.0,True,300,70.9,BULL,BOS UP,HH/MIX,HH/MIX,RANGE,71.4,True,True,498,9,44.5,1789705800000,LOW,0.05548,-0.36,,,,0.0515,6.83,3,0,1,0.05671,0.0515,HIGH_SWEEP,8,0.05649,False,False,0.9931,499,native,32.58,NORMAL,24.3,21.0,True,300,70.4,BULL,BOS UP,HH/MIX,LH/LL,TR UP,75.1,True,True,498,14,40.8,1789660800000,LOW,0.0494,4.42,,,,,,,0,0,0.06014,0.0494,HIGH_SWEEP,13,0.05886,False,False,2.3885,499,native,78.32,YORGUN,64.32,84.33,True,300,48.0,BEAR,BOS DN,MIX/HL,HH/HL,TR DN,65.7,True,True,498,16,34.6,1789473600000,HIGH,0.0633,3.13,,,,,,,0,0,0.0536,0.0494,HIGH_SWEEP,6,0.0536,False,False,4.6002,3766,1081,1224.68,3598.65,-2373.97,-49.22,25.39,6.0,DOWN,157,63,4823.33,17.7,60.0,1.0,True,2,828.49,3,3418.4,-2589.91,44.8,0.262,0.421,1.0,0.937,5483.97,13698.38,-8214.41,-42.82,28.59,6.8,DOWN,656,290,19182.35,68.6,300.0,1.0,True,6,3164.5,9,11215.19,-8050.69,67.8,0.578,0.571,1.0,0.987,34099.15,62245.74,-28146.59,-29.21,35.39,10.9,DOWN,2231,931,96344.89,119.7,900.0,1.0,True,38,26898.04,40,54788.32,-27890.28,79.6,0.705,0.746,1.0,0.996,-615.72,6644.47,-1382.24,-11.76,2.85,1.0,-2071.03,-0.4292,-1648.3,-0.4296,-0.4831,NONE,1789714339458,SELL,1074.9,0.05523648715313463,1789714260000,ok,1.0,1.0,1.0,continuous,1,61,0,,0,0,0,0,False,428,0.05526,0.05528,3.619,0.155,0.2644,-0.4603,18812.08,10943.86,36.19,1789714352409,684,False,,FATIGUE_RESTED_1M|AGGRESSIVE_SELLER,,
2,v2,v1.2,REALF_PY_V4_2_DERIVED,ZPTDIFAT_PY_V1_4_DERIVED,fc-v1,native,,058e38aec59f4c35,20260918_064430,160,ZKC_20260918_065235_667,ZKCUSDT,BINANCE,FUTURES,OUTSIDE100,1142,200,1789714355667,2026-09-18T06:52:35.667+00:00,17,True,1789714355667,1789714355667,56.8,1789714320000,1789714379999,False,35.7,0.03856,0.0519,41.9,PRICE LAG,True,500,41.1,40.7,44.1,44.0,0.00298,1.3,1.52,0.00133,0.44,1.7,61.0,65.0,46.5,YOK,3.4,1.0,0.03867491946705478,0.298,CLV_PROXY_1M,0,0.0,100.0,41.9,34.2,36.3,41.0,7.7,5.6,0.9,0.00298,-0.00136,-0.00109,-0.00062,85.2,85.6,86.61,77.88,-0.4,-1.41,7.32,81.51,90.67,500,native,85.2,ASIRI,81.51,90.67,True,300,80.1,BULL,BOS UP,MIX/HL,HH/HL,TR UP,77.3,True,True,499,4,100.0,1789714080000,LOW,0.0383,5.6,,,,,,,0,0,0.03846,0.03836,LOW_SWEEP,17,0.03835,False,False,0.1204,499,native,76.01,YORGUN,94.54,98.67,True,300,42.0,BULL,BOS UP,LH/MIX,EQ/RANGE,RANGE,74.7,True,True,498,38,58.8,1789707420000,LOW,0.03801,6.34,,,,0.038305,2.94,2,0,2,0.03855,0.038305,HIGH_SWEEP,1,0.03855,True,False,0.2251,499,native,58.46,NORMAL,81.94,87.0,True,300,66.7,BULL,BOS UP,MIX/HL,LH/MIX,RANGE,74.3,True,True,498,23,50.4,1789707300000,LOW,0.03801,4.22,,,,,,,0,0,0.03855,0.03831,HIGH_SWEEP,1,0.03855,True,False,0.3383,499,native,52.8,NORMAL,58.88,78.33,True,300,87.9,BULL,BOS UP,HH/HL,HH/HL,RANGE,90.3,True,True,498,8,52.3,1789706700000,LOW,0.03789,2.58,0.049025,40.28,2,0.037065,5.75,2,1,1,0.049025,0.037065,LOW_SWEEP,153,0.03752,False,False,0.6768,499,native,75.86,YORGUN,70.73,82.33,True,300,58.0,BEAR,BOS DN,MIX/HL,HH/HL,TR DN,64.1,True,True,498,53,61.2,1789520400000,HIGH,0.04772,16.35,0.05792,34.56,2,,,,1,0,0.05792,0.03718,EQH_SWEEP,6,0.03827,False,False,1.4589,499,native,44.08,NORMAL,52.42,58.67,True,300,15.6,BEAR,BOS DN,LH/LL,LH/MIX,TR DN,90.7,True,True,498,18,73.5,1789444800000,HIGH,0.04904,8.32,,,,0.036074999999999996,1.97,2,0,1,0.03878,0.036074999999999996,HIGH_SWEEP,1,0.03878,True,False,3.2744,1285,386,2350.07,480.04,1870.03,66.08,83.04,94.8,UP,56,28,2830.11,10.2,60.0,1.0,True,3,1667.7,1,359.75,1307.95,36.2,0.17,0.363,1.0,0.979,7040.39,4260.83,2779.56,24.6,62.3,86.3,UP,299,166,11301.21,36.0,300.0,1.0,True,8,3918.73,6,3467.62,451.11,57.8,0.419,0.513,1.0,0.996,12410.93,7743.59,4667.34,23.16,61.58,85.2,UP,572,322,20154.52,73.8,900.0,1.0,True,13,6349.82,9,5414.98,934.84,68.9,0.596,0.576,1.0,0.999,1517.43,1282.5,1572.42,-13.08,4.28,1.0,804.6,0.6485,434.87,0.1924,0.1062,NONE,1789714353135,SELL,359.75,0.03855,1789714260000,ok,1.0,1.0,1.0,continuous,1,28,0,,0,0,0,0,False,462,0.03855,0.03857,5.187,0.236,-0.3486,-0.1691,12144.88,25145.24,51.87,1789714354759,908,False,,FATIGUE_EXTREME|AGGRESSIVE_BUYER,,
2,v2,v1.2,REALF_PY_V4_2_DERIVED,ZPTDIFAT_PY_V1_4_DERIVED,fc-v1,native,,058e38aec59f4c35,20260918_064430,161,ETH_20260918_065241_666,ETHUSDT,BINANCE,FUTURES,TOP100,2,75000,1789714361666,2026-09-18T06:52:41.666+00:00,17,True,1789714361229,1789714361666,57.2,1789714320000,1789714379999,False,41.2,2483.81,-0.0072,56.1,FAIR (DENGE),True,500,56.5,58.5,55.5,50.1,-0.00166,-0.29,-0.41,0.00107,0.682,0.16,0.3,60.0,-8.5,YOK,3.0,1.0,2479.6898122164353,-0.166,CLV_PROXY_1M,0,0.0,100.0,56.1,60.2,61.2,61.3,-4.1,-5.1,-5.2,-0.00166,-5e-05,0.00011,0.00034,50.85,57.41,68.07,67.49,-6.56,-17.22,-16.64,38.21,29.33,500,native,50.85,NORMAL,38.21,29.33,True,300,32.4,BULL,BOS UP,LH/LL,MIX/HL,SQZ,89.1,True,True,499,30,63.9,1789712520000,LOW,2481.26,1.89,,,,2469.0299999999997,10.94,2,0,2,2485.92,2469.0299999999997,HIGH_SWEEP,29,2486.11,False,False,0.0544,499,native,56.83,NORMAL,53.65,52.67,True,300,58.8,BULL,BOS UP,MIX/HL,LH/MIX,RANGE,74.3,True,True,498,39,76.1,1789707240000,LOW,2469.0,4.86,2486.685,0.94,2,,,,1,0,2486.685,2480.9,HIGH_SWEEP,10,2486.49,False,False,0.1226,499,native,52.81,NORMAL,53.31,46.67,True,300,68.7,BULL,BOS UP,MIX/HL,MIX/HL,TR UP,75.1,True,True,498,20,61.2,1789708200000,LOW,2469.0,3.3,,,,2365.835,26.27,2,0,1,2486.88,2365.835,HIGH_SWEEP,21,2482.2,False,False,0.1807,499,native,64.5,NORMAL,59.67,60.67,True,300,72.9,BULL,BOS UP,HH/MIX,HH/HL,TR UP,74.1,True,True,498,7,39.9,1789707600000,LOW,2435.39,6.09,,,,2435.74,6.04,2,0,1,2492.55,2435.74,HIGH_SWEEP,6,2484.99,False,False,0.3202,499,native,79.63,YORGUN,86.88,96.67,True,300,73.3,BEAR,BOS DN,HH/HL,HH/MIX,TR DN,84.8,True,True,498,65,44.7,1789477200000,HIGH,2614.99,7.68,,,,,,,0,0,2484.0,2435.39,HIGH_SWEEP,1,2484.0,True,True,0.6888,499,native,65.56,NORMAL,76.77,88.0,True,300,51.7,TR-DN,CHOCH DN,MIX/HL,MIX/HL,TR-DN,70.6,True,True,498,14,32.7,1789502400000,HIGH,2614.99,3.29,,,,1862.655,15.58,2,0,2,2614.99,1862.655,HIGH_SWEEP,38,2522.75,False,False,1.6086,117,4535,133958.02,680552.61,-546594.58,-67.11,16.45,5.2,DOWN,379,150,814510.63,9.7,60.0,1.0,True,0,0.0,2,332912.94,-332912.94,48.1,0.163,0.978,1.0,0.998,2030506.34,4144696.4,-2114190.06,-34.24,32.88,8.8,DOWN,7486,1792,6175202.74,111.3,300.0,1.0,True,4,363223.67,11,1712812.79,-1349589.12,86.2,0.69,1.0,1.0,1.0,11000079.45,12599009.37,-1598929.92,-6.78,46.61,36.6,DOWN,19417,4535,23599088.82,131.9,656.0,0.7289,False,24,6790183.15,41,6596427.37,193755.78,82.5,0.725,1.0,0.729,1.0,14023.38,-1059659.81,,-9.86,-12.0,0.6622,-378653.15,-0.3209,-406562.87,-0.3292,-0.0759,NONE,1789714341620,SELL,113053.38,2483.98,1789714260000,ok,1.0,1.0021,1.0,continuous,1,142,0,,0,0,0,0,False,496,2483.8,2483.81,0.04,-0.005,-0.258,-0.2717,522788.11,886351.14,0.83,1789714361086,580,False,,AGGRESSIVE_SELLER,,
2,v2,v1.2,REALF_PY_V4_2_DERIVED,ZPTDIFAT_PY_V1_4_DERIVED,fc-v1,native,,058e38aec59f4c35,20260918_064430,162,BNB_20260918_065244_234,BNBUSDT,BINANCE,FUTURES,TOP100,4,25000,1789714364234,2026-09-18T06:52:44.234+00:00,17,True,1789714364234,1789714364234,57.0,1789714320000,1789714379999,False,44.2,754.41,0.0066,43.0,FAIR (DENGE),True,500,41.7,40.5,46.9,47.1,0.00179,1.07,1.03,0.00094,0.663,0.97,30.3,65.0,24.2,YOK,6.4,1.0,755.75895974022,0.179,CLV_PROXY_1M,0,0.0,100.0,43.0,46.7,41.7,36.4,-3.7,1.3,6.6,0.00179,0.00037,0.0005,-0.00039,72.27,68.64,60.57,63.26,3.63,11.7,9.01,79.8,83.0,500,native,72.27,YORGUN,79.8,83.0,True,300,19.9,BEAR,BOS DN,LH/LL,LH/MIX,RANGE,87.5,True,True,499,23,52.5,1789712940000,HIGH,754.74,0.87,,,,735.76,49.03,2,0,1,754.18,735.76,HIGH_SWEEP,30,754.62,False,False,0.0504,499,native,47.86,NORMAL,62.18,51.33,True,300,83.2,BULL,BOS UP,HH/HL,MIX/HL,RANGE,86.8,True,True,498,16,53.9,1789711380000,LOW,751.67,3.07,,,,733.985,22.91,2,0,2,755.98,733.985,HIGH_SWEEP,31,753.4,False,False,0.1182,499,native,55.16,NORMAL,66.85,62.67,True,300,70.1,BULL,BOS UP,HH/MIX,HH/HL,TR UP,80.5,True,True,498,20,50.9,1789708200000,LOW,749.39,3.74,,,,751.405,2.24,2,0,2,755.98,751.405,HIGH_SWEEP,9,755.08,False,False,0.1782,499,native,58.9,NORMAL,63.42,59.33,True,300,78.2,BULL,BOS UP,HH/HL,HH/HL,TR UP,91.5,True,True,498,30,31.8,1789686900000,LOW,733.95,8.17,,,,,,,0,0,754.71,733.95,HIGH_SWEEP,6,754.71,False,False,0.3323,499,native,94.27,ASIRI,91.54,95.33,True,300,72.9,BULL,BOS UP,HH/MIX,HH/MIX,TR UP,76.1,True,True,498,10,47.2,1789675200000,LOW,721.24,7.22,,,,,,,0,0,732.95,721.24,HIGH_SWEEP,18,729.58,False,False,0.6104,499,native,89.21,ASIRI,96.8,97.0,True,300,40.4,BULL,BOS UP,LH/LL,HH/HL,RANGE,86.1,True,True,498,4,31.3,1789646400000,LOW,704.34,5.32,,,,,,,0,0,725.94,704.34,HIGH_SWEEP,6,725.94,False,False,1.2519,264,2048,101488.1,340863.83,-239375.72,-54.11,22.94,5.7,DOWN,899,161,442351.93,34.8,60.0,1.0,True,1,40799.73,3,181066.63,-140266.9,68.1,0.41,0.911,1.0,0.996,442691.62,594527.9,-151836.28,-14.64,42.68,23.8,DOWN,3346,608,1037219.51,96.4,300.0,1.0,True,1,40799.73,4,214000.09,-173200.37,84.6,0.658,1.0,1.0,0.999,1381269.85,1778120.99,-396851.14,-12.56,43.72,26.8,DOWN,9297,1867,3159390.84,242.0,900.0,1.0,True,6,240804.22,17,789810.36,-549006.14,92.8,0.829,1.0,1.0,1.0,-246049.1,-45763.57,-253713.55,-28.77,-0.78,1.0,-45393.64,-0.1786,-12612.12,-0.0608,-0.3469,NONE,1789714345433,BUY,40799.73,754.293335182104,1789714260000,ok,1.0,1.0,1.0,continuous,1,151,0,,0,0,0,0,False,530,754.41,754.42,0.133,0.041,0.3975,0.8303,177379.5,76479.73,2.58,1789714364085,149,False,,AGGRESSIVE_SELLER,,
2,v2,v1.2,REALF_PY_V4_2_DERIVED,ZPTDIFAT_PY_V1_4_DERIVED,fc-v1,native,,058e38aec59f4c35,20260918_064430,163,XRP_20260918_065247_237,XRPUSDT,BINANCE,FUTURES,TOP100,5,25000,1789714367237,2026-09-18T06:52:47.237+00:00,17,True,1789714366799,1789714367237,57.4,1789714320000,1789714379999,False,46.8,1.3216,-0.0227,48.5,FAIR (DENGE),True,500,47.4,53.6,44.1,49.6,-0.00099,-0.58,-0.04,0.00147,0.701,0.56,28.0,60.0,-2.6,YOK,9.5,0.447,1.3202897135516012,-0.099,CLV_PROXY_1M,0,0.0,100.0,48.5,47.5,46.7,51.4,1.0,1.8,-2.9,-0.00099,-0.00026,0.0004,0.00112,38.66,45.26,62.29,68.8,-6.6,-23.63,-30.14,26.52,15.67,500,native,38.66,NORMAL,26.52,15.67,True,300,70.8,TR-UP,CHOCH UP,MIX/HL,MIX/HL,SQZ,75.7,True,True,499,6,53.1,1789713960000,LOW,1.3208,0.69,,,,1.3032,15.83,2,0,2,1.3242,1.3032,HIGH_SWEEP,16,1.3232,False,False,0.0879,499,native,67.46,NORMAL,56.34,58.0,True,300,40.3,BULL,BOS UP,LH/LL,HH/HL,RANGE,87.7,True,True,498,4,29.6,1789713540000,LOW,1.3164,2.15,,,,,,,0,0,1.3228,1.3164,HIGH_SWEEP,8,1.3228,False,False,0.1827,499,native,67.84,NORMAL,64.89,67.33,True,300,59.9,BULL,BOS UP,MIX/HL,LH/LL,TR UP,74.0,True,True,498,37,67.7,1789703100000,LOW,1.3045,5.2,,,,,,,0,0,1.3228,1.3164,HIGH_SWEEP,5,1.3228,False,False,0.2485,499,native,57.59,NORMAL,54.89,58.67,True,300,76.5,TR-UP,CHOCH UP,HH/HL,MIX/HL,TR-UP,84.3,True,True,498,23,25.8,1789693200000,LOW,1.2867,6.32,,,,,,,0,0,1.3286,1.3133,HIGH_SWEEP,24,1.3002,False,False,0.4171,499,native,80.55,YORGUN,79.61,92.0,True,300,74.1,TR-UP,CHOCH UP,HH/MIX,HH/MIX,TR-UP,74.3,True,True,498,3,82.2,1789700400000,LOW,1.2867,2.88,,,,,,,0,0,1.3201,1.2867,HIGH_SWEEP,1,1.3201,True,False,0.9194,499,native,49.53,NORMAL,58.43,74.67,True,300,47.1,TR-DN,CHOCH DN,HH/MIX,MIX/LL,TR-DN,75.8,True,True,498,15,73.1,1789488000000,HIGH,1.4916,5.34,1.5507,7.2,2,0.98775,10.5,2,1,1,1.5507,0.98775,EQH_SWEEP,57,1.43175,False,False,2.3989,603,2173,397320.77,82855.18,314465.59,65.49,82.74,94.8,UP,828,101,480175.95,13.7,60.0,1.0,True,4,377474.77,0,0.0,377474.77,52.8,0.216,0.92,1.0,0.99,765032.8,740457.55,24575.25,1.63,50.82,53.3,FLAT,4127,527,1505490.35,63.6,300.0,1.0,True,7,465008.1,5,208229.98,256778.12,79.3,0.56,1.0,1.0,0.998,4610739.0,3265776.35,1344962.65,17.08,58.54,79.3,UP,15626,1922,7876515.35,161.2,900.0,1.0,True,45,3111796.77,35,1726078.14,1385718.63,89.8,0.763,1.0,1.0,0.999,477108.64,586751.68,304922.16,63.68,13.59,1.0,28755.07,0.0756,-16641.1,-0.0553,-0.2435,UP,1789714353752,BUY,34344.33,1.3218,1789714260000,ok,1.0,1.0,1.0,continuous,1,92,0,,0,0,0,0,False,564,1.3216,1.3217,0.757,0.22,0.0448,0.0965,1138716.7,1041000.43,14.75,1789714366655,582,False,,AGGRESSIVE_BUYER,,
2,v2,v1.2,REALF_PY_V4_2_DERIVED,ZPTDIFAT_PY_V1_4_DERIVED,fc-v1,native,,058e38aec59f4c35,20260918_064430,164,DOGE_20260918_065250_037,DOGEUSDT,BINANCE,FUTURES,TOP100,12,15000,1789714370037,2026-09-18T06:52:50.037+00:00,17,True,1789714369818,1789714370037,57.7,1789714320000,1789714379999,False,49.8,0.0842,0.0,55.1,FAIR (DENGE),True,500,56.0,54.5,56.2,50.5,-0.00112,-0.08,-0.39,0.0013,0.66,0.37,4.7,60.0,-12.9,YOK,1.7,1.0,0.08410603928546925,-0.112,CLV_PROXY_1M,0,0.0,100.0,55.1,53.4,49.5,51.5,1.7,5.6,3.6,-0.00112,-0.00016,-0.00034,-6e-05,25.76,26.77,30.76,36.41,-1.01,-5.0,-10.65,27.86,13.0,500,native,25.76,DINLENMIS,27.86,13.0,True,300,59.1,BEAR,BOS DN,HH/HL,LH/LL,SQZ,88.5,True,True,499,4,35.4,1789714080000,HIGH,0.08442,3.45,0.084395,3.06,2,0.08135,44.7,2,1,1,0.084395,0.08135,EQH_SWEEP,16,0.084395,False,False,0.0757,499,native,36.03,NORMAL,27.91,20.33,True,300,58.0,BULL,BOS UP,MIX/HL,HH/HL,RANGE,70.5,True,True,498,38,48.5,1789707420000,LOW,0.08373,3.38,0.08449000000000001,2.2,2,,,,1,0,0.08449000000000001,0.08417,LOW_SWEEP,17,0.08419,False,False,0.1617,499,native,38.06,NORMAL,33.45,22.33,True,300,61.4,BULL,BOS UP,MIX/HL,MIX/HL,TR UP,80.0,True,True,498,37,93.1,1789703100000,LOW,0.08223,9.41,,,,0.07986,20.79,2,0,1,0.08448,0.07986,HIGH_SWEEP,21,0.08459,False,False,0.2472,499,native,57.65,NORMAL,51.23,51.0,True,300,79.4,BULL,BOS UP,HH/HL,HH/HL,TR UP,84.7,True,True,498,22,43.6,1789694100000,LOW,0.08114,8.66,,,,0.080555,10.32,2,0,1,0.08469,0.080555,HIGH_SWEEP,65,0.08179,False,False,0.4181,499,native,88.81,ASIRI,84.59,96.67,True,300,89.8,BULL,BOS UP,HH/HL,LH/LL,TR UP,90.7,True,True,498,4,51.5,1789696800000,LOW,0.08114,4.24,,,,,,,0,0,0.08253,0.08114,HIGH_SWEEP,21,0.08134,False,False,0.8609,499,native,72.76,YORGUN,85.22,92.33,True,300,47.5,BEAR,BOS DN,HH/MIX,LH/MIX,TR DN,73.2,True,True,498,16,26.7,1789473600000,HIGH,0.08616,1.29,,,,0.07835,3.82,2,0,1,0.08616,0.07835,HIGH_SWEEP,20,0.08534,False,False,1.8093,785,1384,13626.95,60864.78,-47237.82,-63.41,18.29,5.3,DOWN,433,91,74491.73,10.2,60.0,1.0,True,0,0.0,0,0.0,0.0,44.4,0.169,0.718,1.0,0.987,459196.58,214416.7,244779.88,36.34,68.17,91.8,UP,2118,383,673613.28,10.0,300.0,1.0,True,5,325719.76,1,26111.97,299607.79,48.3,0.167,0.957,1.0,0.997,1015343.23,780419.91,234923.32,13.08,56.54,74.0,UP,7599,1103,1795763.15,51.3,900.0,1.0,True,18,613171.83,9,235108.73,378063.09,76.2,0.507,1.0,1.0,0.999,-36632.78,-9767.97,-9472.55,-21.33,-0.19,1.0,52963.77,0.3694,68334.89,0.5072,0.0566,NONE,1789714236398,BUY,16315.1,0.08424,1789714260000,ok,1.0,1.0,1.0,continuous,1,88,0,,0,0,0,0,False,598,0.0842,0.08421,1.188,-0.227,0.2058,-0.0286,1042022.49,686275.1,23.16,1789714369677,360,False,,FATIGUE_RESTED_1M|AGGRESSIVE_SELLER,,
2,v2,v1.2,REALF_PY_V4_2_DERIVED,ZPTDIFAT_PY_V1_4_DERIVED,fc-v1,native,,058e38aec59f4c35,20260918_064430,165,LINK_20260918_065252_829,LINKUSDT,BINANCE,FUTURES,TOP100,17,10000,1789714372829,2026-09-18T06:52:52.829+00:00,17,True,1789714372613,1789714372829,57.9,1789714320000,1789714379999,False,52.6,11.821,0.0423,56.0,FAIR (DENGE),True,500,56.9,57.5,53.7,52.9,-0.00307,0.24,0.3,0.00163,0.67,0.87,46.0,45.0,-0.8,YOK,3.9,1.0,11.784821665325477,-0.306,CLV_PROXY_1M,0,0.0,100.0,56.0,58.8,63.3,64.4,-2.8,-7.3,-8.4,-0.00307,4e-05,0.00018,0.0005,47.43,46.2,50.95,62.54,1.23,-3.52,-15.11,52.56,45.0,500,native,47.43,NORMAL,52.56,45.0,True,300,85.6,BULL,BOS UP,HH/HL,HH/MIX,SQZ,93.7,True,True,499,16,55.7,1789713360000,LOW,11.772,4.1,,,,11.377500000000001,37.1,2,0,1,11.837,11.377500000000001,HIGH_SWEEP,35,11.779,False,False,0.1012,499,native,74.35,YORGUN,68.89,66.0,True,300,43.1,BULL,BOS UP,LH/LL,HH/MIX,RANGE,88.3,True,True,498,10,67.9,1789712460000,LOW,11.705,4.43,,,,,,,0,0,11.776,11.705,HIGH_SWEEP,15,11.776,False,False,0.2217,499,native,77.53,YORGUN,77.96,79.0,True,300,75.8,BULL,BOS UP,HH/MIX,LH/LL,TR UP,75.7,True,True,498,3,46.5,1789713300000,LOW,11.705,3.03,,,,,,,0,0,11.817,11.705,HIGH_SWEEP,1,11.817,True,False,0.3238,499,native,66.22,NORMAL,67.75,71.0,True,300,91.2,BULL,BOS UP,HH/HL,HH/HL,TR UP,88.4,True,True,498,1,59.4,1789713000000,LOW,11.647,2.72,,,,11.0905,11.42,2,0,1,11.817,11.0905,HIGH_SWEEP,65,11.34,False,False,0.5406,499,native,90.71,ASIRI,88.84,95.67,True,300,83.3,TR-UP,CHOCH UP,HH/HL,MIX/LL,TR-UP,86.0,True,True,498,5,51.0,1789693200000,LOW,11.089,6.07,12.7855,8.0,2,,,,1,0,12.7855,11.25,LOW_SWEEP,37,10.67,False,False,1.0287,499,native,75.98,YORGUN,89.01,93.0,True,300,17.7,BEAR,BOS DN,LH/LL,HH/MIX,RANGE,86.2,True,True,498,15,24.8,1789488000000,HIGH,11.961,0.56,,,,8.062,14.99,2,0,1,11.961,8.062,EQH_SWEEP,83,12.035499999999999,False,False,2.133,4542,1246,46262.81,63009.37,-16746.56,-15.33,42.34,22.9,DOWN,278,53,109272.19,9.0,60.0,1.0,True,1,19772.56,1,51579.4,-31806.84,43.0,0.152,0.76,1.0,0.924,154075.86,287191.78,-133115.93,-30.17,34.92,10.4,DOWN,1318,251,441267.64,40.6,300.0,1.0,True,1,19772.56,7,219493.87,-199721.31,70.4,0.448,0.911,1.0,0.985,686969.3,766479.13,-79509.83,-5.47,47.26,39.0,DOWN,5140,939,1453448.42,209.7,900.0,1.0,True,12,179297.31,16,382079.9,-202782.59,91.8,0.807,1.0,1.0,0.995,57828.82,20990.5,-22707.24,24.38,2.79,1.0,-44844.09,-0.4253,-28793.67,-0.3263,-0.2036,NONE,1789714339460,BUY,19772.56,11.819403840061213,1789714260000,ok,1.0,1.0,1.0,continuous,1,50,0,,0,0,0,0,False,632,11.821,11.822,0.846,0.121,0.1811,-0.0194,308208.81,213714.51,16.5,1789714372355,474,False,,,,
2,v2,v1.2,REALF_PY_V4_2_DERIVED,ZPTDIFAT_PY_V1_4_DERIVED,fc-v1,native,,058e38aec59f4c35,20260918_064430,166,ADA_20260918_065255_401,ADAUSDT,BINANCE,FUTURES,TOP100,19,10000,1789714375401,2026-09-18T06:52:55.401+00:00,17,True,1789714375385,1789714375401,57.9,1789714320000,1789714379999,False,55.4,0.2133,-0.0469,45.0,FAIR (DENGE),True,500,41.9,46.5,47.9,49.8,0.00138,-0.9,-0.79,0.0015,0.614,0.15,1.3,45.0,-10.1,YOK,6.0,1.0,0.21359469139979276,0.138,CLV_PROXY_1M,0,0.0,100.0,45.0,45.0,50.5,50.8,0.0,-5.5,-5.8,0.00138,0.00018,0.00068,-3e-05,33.86,41.68,59.51,70.13,-7.82,-25.65,-36.27,18.17,9.67,500,native,33.86,NORMAL,18.17,9.67,True,300,74.7,TR-UP,CHOCH UP,HH/HL,HH/HL,SQZ,91.4,True,True,499,37,50.5,1789712100000,LOW,0.2126,2.53,0.2151,6.51,2,,,,1,0,0.2151,0.2132,EQH_SWEEP,16,0.2138,False,False,0.1296,499,native,61.43,NORMAL,50.19,42.33,True,300,53.8,BEAR,BOS DN,MIX/HL,MIX/HL,TR DN,74.5,True,True,498,31,70.8,1789708680000,HIGH,0.2173,7.38,,,,,,,0,0,0.2151,0.2132,LOW_SWEEP,51,0.2143,False,False,0.2475,499,native,60.38,NORMAL,58.28,53.0,True,300,20.5,TR-DN,CHOCH DN,LH/LL,MIX/HL,TR-DN,85.4,True,True,498,12,28.1,1789710600000,HIGH,0.2151,2.33,,,,0.1903,31.61,3,0,1,0.2151,0.1903,HIGH_SWEEP,36,0.2159,False,False,0.3419,499,native,43.32,NORMAL,38.58,31.33,True,300,66.3,BULL,BOS UP,MIX/HL,LH/LL,TR UP,78.2,True,True,498,27,55.4,1789689600000,LOW,0.1997,9.24,0.21739999999999998,2.7,2,0.1972,10.93,2,1,2,0.21739999999999998,0.1972,HIGH_SWEEP,28,0.2027,False,False,0.6932,499,native,85.87,ASIRI,75.57,88.0,True,300,87.0,BULL,BOS UP,HH/HL,HH/HL,EXP UP,84.6,True,True,498,6,53.5,1789689600000,LOW,0.1901,7.49,,,,,,,0,0,0.2042,0.1997,EQH_SWEEP,29,0.19690000000000002,False,False,1.4575,499,native,75.67,YORGUN,87.75,90.0,True,300,41.5,TR-UP,CHOCH UP,LH/LL,LH/LL,TR-UP,84.5,True,True,498,1,52.5,1789689600000,LOW,0.1901,4.28,,,,,,,0,0,0.2159,0.1901,LOW_SWEEP,52,0.2148,False,True,2.5151,257,1067,8244.35,9174.94,-930.59,-5.34,47.33,39.3,DOWN,167,67,17419.29,4.8,60.0,1.0,True,0,0.0,0,0.0,0.0,31.8,0.088,0.56,1.0,0.996,123346.38,126625.23,-3278.86,-1.31,49.34,47.3,FLAT,1088,309,249971.61,18.3,300.0,1.0,True,6,91735.69,3,61740.49,29995.2,56.2,0.268,0.849,1.0,0.999,701590.19,556722.39,144867.8,11.51,55.76,71.6,UP,3359,913,1258312.58,40.1,900.0,1.0,True,19,547235.1,15,403116.47,144118.63,72.3,0.445,1.0,1.0,1.0,-1404.25,60718.54,-169614.8,-3.55,9.94,1.0,-17878.22,-0.4533,-4048.52,-0.081,0.0062,NONE,1789714263104,BUY,11701.72,0.2135,1789714260000,ok,1.0,1.0,1.0,continuous,1,62,0,,0,0,0,0,False,666,0.2133,0.2134,4.687,-1.025,0.1524,-0.0289,2828110.27,2080174.85,91.4,1789714375241,160,False,,,,
2,v2,v1.2,REALF_PY_V4_2_DERIVED,ZPTDIFAT_PY_V1_4_DERIVED,fc-v1,native,,058e38aec59f4c35,20260918_064430,167,LTC_20260918_065258_406,LTCUSDT,BINANCE,FUTURES,TOP100,25,10000,1789714378406,2026-09-18T06:52:58.406+00:00,17,True,1789714377964,1789714378406,58.3,1789714320000,1789714379999,False,58.0,54.93,-0.0182,58.2,PRICE AHEAD,True,500,59.5,58.9,58.2,50.2,-0.00258,0.0,-0.41,0.00119,0.592,0.08,2.0,60.0,-9.9,YOK,1.3,1.0,54.78823364444505,-0.258,CLV_PROXY_1M,0,0.0,100.0,58.2,57.5,56.0,51.2,0.7,2.2,7.0,-0.00258,0.00015,0.00033,-0.00032,44.31,47.73,54.6,64.35,-3.42,-10.29,-20.04,38.6,31.0,500,native,44.31,NORMAL,38.6,31.0,True,300,66.7,BULL,BOS UP,MIX/HL,MIX/HL,SQZ,76.2,True,True,499,25,64.2,1789712820000,LOW,54.78,3.36,55.02,2.02,2,54.76,3.81,2,1,2,55.02,54.76,HIGH_SWEEP,49,54.92,False,False,0.0813,499,native,66.26,NORMAL,61.77,60.67,True,300,74.4,BULL,BOS UP,HH/HL,MIX/HL,TR UP,91.8,True,True,498,39,50.6,1789707240000,LOW,54.29,6.65,55.0,0.73,2,,,,1,0,55.0,54.78,EQH_SWEEP,8,55.0,False,False,0.1753,499,native,66.6,NORMAL,66.54,59.0,True,300,75.7,BULL,BOS UP,HH/HL,HH/HL,TR UP,87.5,True,True,498,37,51.2,1789703100000,LOW,54.32,4.56,,,,53.86,7.99,2,0,2,55.0,53.86,HIGH_SWEEP,5,55.0,False,False,0.2436,499,native,74.87,YORGUN,72.63,78.67,True,300,70.5,BULL,BOS UP,MIX/HL,HH/MIX,TR UP,85.7,True,True,498,25,95.3,1789691400000,LOW,53.59,6.06,,,,,,,0,0,53.98,54.29,EQH_SWEEP,27,53.989999999999995,False,False,0.402,499,native,87.64,ASIRI,87.73,95.33,True,300,88.0,BULL,BOS UP,HH/HL,HH/HL,TR UP,83.5,True,True,498,6,68.8,1789689600000,LOW,52.46,5.66,,,,,,,0,0,54.0,52.46,HIGH_SWEEP,21,52.81,False,False,0.7963,499,native,81.3,YORGUN,89.2,93.0,True,300,51.6,TR-DN,CHOCH DN,HH/MIX,LH/LL,TR-DN,72.3,True,True,498,14,38.2,1789502400000,HIGH,55.24,0.36,,,,,,,0,0,55.24,50.13,HIGH_SWEEP,30,54.28,False,False,1.559,3661,488,2040.91,988.24,1052.67,34.75,67.38,91.3,UP,45,19,3029.15,3.9,60.0,1.0,True,0,0.0,0,0.0,0.0,25.9,0.073,0.37,1.0,0.939,37091.03,32527.69,4563.34,6.55,53.28,63.0,UP,368,108,69618.71,16.1,300.0,1.0,True,1,11390.43,0,0.0,11390.43,51.2,0.243,0.711,1.0,0.988,261143.98,232581.33,28562.65,5.79,52.89,61.6,UP,1832,416,493725.31,63.5,900.0,1.0,True,6,123235.87,4,63650.24,59585.63,77.4,0.559,0.923,1.0,0.996,-3210.15,27272.19,-14144.39,3.06,14.61,1.0,1524.45,0.191,1455.56,0.1045,-0.3118,UP,1789714153081,BUY,11390.43,54.94313361921346,1789714260000,ok,1.0,1.0,1.0,continuous,1,19,0,,0,0,0,0,False,700,54.93,54.94,1.82,-0.761,0.1655,0.0696,926737.42,663584.02,35.5,1789714377654,752,False,,,,
2,v2,v1.2,REALF_PY_V4_2_DERIVED,ZPTDIFAT_PY_V1_4_DERIVED,fc-v1,native,,058e38aec59f4c35,20260918_064430,168,AVAX_20260918_065301_416,AVAXUSDT,BINANCE,FUTURES,TOP100,31,5000,1789714381416,2026-09-18T06:53:01.416+00:00,17,True,1789714381416,1789714381416,58.3,1789714320000,1789714379999,True,61.4,7.905,0.0127,52.3,FAIR (DENGE),True,500,54.2,45.8,57.0,50.1,0.00124,0.33,-0.01,0.00116,0.552,0.18,0.7,45.0,-14.0,YOK,11.2,0.515,7.914836786692993,0.124,CLV_PROXY_1M,0,0.0,100.0,52.3,49.4,48.0,49.3,2.9,4.3,3.0,0.00124,-0.00018,-0.00065,-0.00101,76.32,76.53,76.0,74.33,-0.21,0.32,1.99,75.61,76.33,500,native,76.32,YORGUN,75.61,76.33,True,300,74.0,BEAR,BOS DN,HH/HL,HH/HL,SQZ,86.9,True,True,499,72,64.9,1789710000000,HIGH,7.93,4.48,7.9415,6.54,2,,,,1,0,7.9415,7.893,LOW_SWEEP,31,7.873,False,False,0.0706,499,native,76.28,YORGUN,78.53,80.67,True,300,75.4,BULL,BOS UP,MIX/HL,HH/MIX,RANGE,73.4,True,True,498,1,42.4,1789714080000,LOW,7.871,2.47,,,,7.6285,20.09,2,0,1,7.903,7.6285,HIGH_SWEEP,2,7.903,False,False,0.1741,499,native,55.18,NORMAL,68.99,65.33,True,300,61.4,BULL,BOS UP,MIX/HL,MIX/HL,RANGE,76.2,True,True,498,45,66.0,1789700700000,LOW,7.677,10.7,,,,,,,0,0,7.942,7.871,HIGH_SWEEP,50,7.723,False,False,0.2694,499,native,55.44,NORMAL,55.11,51.0,True,300,79.1,BULL,BOS UP,HH/HL,MIX/HL,TR UP,85.4,True,True,498,24,54.9,1789692300000,LOW,7.545,8.82,,,,,,,0,0,7.968,7.584,EQH_SWEEP,24,7.648,False,False,0.5161,499,native,87.87,ASIRI,82.95,90.33,True,300,91.4,TR-UP,CHOCH UP,HH/HL,LH/LL,TR-UP,94.6,True,True,498,3,96.7,1789700400000,LOW,7.545,4.47,8.192,3.56,3,7.186,8.93,2,1,1,8.192,7.186,EQL_SWEEP,37,7.186,False,False,1.023,499,native,84.91,ASIRI,91.31,93.33,True,300,78.7,BULL,BOS UP,HH/MIX,HH/MIX,RANGE,76.8,True,True,498,1,80.2,1789689600000,LOW,7.171,4.84,,,,7.173500000000001,4.82,2,0,1,7.8,7.173500000000001,LOW_SWEEP,15,7.243,False,False,1.9116,1562,599,6956.81,1090.87,5865.94,72.89,86.44,94.9,UP,73,35,8047.68,4.3,60.0,1.0,True,0,0.0,0,0.0,0.0,29.0,0.08,0.476,1.0,0.974,53290.65,48784.13,4506.53,4.41,52.21,58.9,UP,547,141,102074.78,15.1,300.0,1.0,True,4,23898.9,3,34088.75,-10189.85,51.2,0.232,0.752,1.0,0.995,271302.86,240221.11,31081.75,6.08,53.04,62.1,UP,2620,510,511523.97,88.0,900.0,1.0,True,16,119222.06,15,140608.58,-21386.51,81.6,0.638,0.927,1.0,0.998,9328.86,10598.6,6647.63,45.65,4.24,1.0,1358.97,0.1013,1420.56,0.0696,-0.0689,UP,1789714302997,SELL,6119.24,7.906,1789714260000,ok,1.0,1.0,1.0,continuous,1,34,0,,0,0,0,0,False,34,7.905,7.906,1.265,0.479,0.0722,-0.1089,417988.4,361662.65,24.67,1789714380824,592,False,,AGGRESSIVE_BUYER,,
2,v2,v1.2,REALF_PY_V4_2_DERIVED,ZPTDIFAT_PY_V1_4_DERIVED,fc-v1,native,,058e38aec59f4c35,20260918_064430,169,SUI_20260918_065304_205,SUIUSDT,BINANCE,FUTURES,TOP100,35,5000,1789714384205,2026-09-18T06:53:04.205+00:00,17,True,1789714383979,1789714384205,58.0,1789714320000,1789714379999,True,64.0,0.7784,0.0257,49.0,FAIR (DENGE),True,500,48.4,49.1,49.9,49.9,0.00037,0.06,0.26,0.00182,0.561,0.35,3.0,45.0,-5.8,YOK,1.5,1.0,0.7786886600899543,0.037,CLV_PROXY_1M,0,0.0,100.0,49.0,46.4,47.6,51.4,2.6,1.4,-2.4,0.00037,-0.00039,-0.0006,0.00024,49.71,51.12,61.09,66.23,-1.41,-11.38,-16.52,48.47,41.67,500,native,49.71,NORMAL,48.47,41.67,True,300,69.0,BULL,BOS UP,MIX/HL,EQ/RANGE,SQZ,69.3,True,True,499,14,20.7,1789713480000,LOW,0.775,3.87,,,,,,,0,0,0.7795,0.7778,HIGH_SWEEP,30,0.777,False,False,0.1128,499,native,73.31,YORGUN,70.89,69.0,True,300,84.3,BULL,BOS UP,HH/HL,HH/HL,RANGE,80.2,True,True,498,5,18.5,1789713360000,LOW,0.7738,2.37,,,,0.7292,25.33,2,0,3,0.7798,0.7292,HIGH_SWEEP,56,0.7849,False,False,0.2496,499,native,64.98,NORMAL,73.38,70.67,True,300,60.8,BULL,BOS UP,MIX/HL,HH/HL,RANGE,74.3,True,True,498,44,48.0,1789701000000,LOW,0.7643,4.89,,,,0.71575,21.74,2,0,2,0.7849,0.71575,HIGH_SWEEP,94,0.7365,False,False,0.3701,499,native,47.7,NORMAL,50.64,39.33,True,300,78.1,BULL,BOS UP,HH/HL,MIX/HL,TR UP,90.8,True,True,498,30,53.6,1789686900000,LOW,0.7287,8.63,,,,0.7289,8.6,2,0,1,0.7899,0.7289,HIGH_SWEEP,59,0.7351,False,False,0.7395,499,native,88.0,ASIRI,76.48,85.67,True,300,83.0,TR-UP,CHOCH UP,HH/HL,HH/MIX,TR-UP,88.9,True,True,498,6,40.0,1789689600000,LOW,0.7157,5.71,0.8336,5.01,2,,,,2,0,0.8336,0.7157,LOW_SWEEP,37,0.6814,False,False,1.4211,499,native,86.41,ASIRI,91.31,95.33,True,300,89.3,TR-UP,CHOCH UP,HH/HL,MIX/HL,TR-UP,85.4,True,True,498,1,97.1,1789689600000,LOW,0.6773,5.36,,,,,,,0,0,0.7479,0.6773,LOW_SWEEP,16,0.692,False,False,2.3923,231,1503,34237.7,4533.86,29703.85,76.61,88.31,94.9,UP,210,51,38771.56,3.6,60.0,1.0,True,2,26848.96,0,0.0,26848.96,29.9,0.068,0.647,1.0,0.996,170640.68,117861.55,52779.13,18.29,59.15,80.7,UP,1582,289,288502.23,45.4,300.0,1.0,True,8,91831.73,6,66862.73,24969.0,71.1,0.476,0.865,1.0,0.999,687826.19,595196.66,92629.53,7.22,53.61,64.3,UP,6650,1202,1283022.85,174.7,900.0,1.0,True,38,383531.92,31,371746.78,11785.15,90.4,0.777,1.0,1.0,1.0,22404.95,28989.1,23042.79,33.62,5.82,1.0,13859.46,0.247,8910.8,0.1544,0.0507,NONE,1789714329649,BUY,9290.28,0.7787,1789714260000,ok,1.0,1.0,1.0,continuous,1,48,0,,0,0,0,0,False,68,0.7784,0.7785,1.285,0.178,0.0128,0.287,363154.64,353991.66,25.05,1789714383842,363,False,,AGGRESSIVE_BUYER,,
2,v2,v1.2,REALF_PY_V4_2_DERIVED,ZPTDIFAT_PY_V1_4_DERIVED,fc-v1,native,,058e38aec59f4c35,20260918_064430,170,AKE_20260918_065307_286,AKEUSDT,BINANCE,FUTURES,TOP100,94,2000,1789714387286,2026-09-18T06:53:07.286+00:00,17,True,1789714387286,1789714387286,58.5,1789714380000,1789714439999,False,7.3,0.02295,-0.0131,54.1,FAIR (DENGE),True,500,53.6,60.7,49.1,50.0,-0.01998,0.18,0.05,0.00756,0.563,0.0,0.3,55.0,7.3,YOK,11.6,0.92,0.022496111086924172,-1.978,CLV_PROXY_1M,0,0.0,100.0,54.1,51.4,50.1,51.5,2.7,4.0,2.6,-0.01998,0.00072,0.00329,0.00136,34.18,34.97,35.4,46.07,-0.79,-1.22,-11.89,34.34,27.67,500,native,34.18,NORMAL,34.34,27.67,True,300,66.3,BULL,BOS UP,MIX/HL,HH/MIX,TR UP,82.1,True,True,499,30,90.2,1789712580000,LOW,0.021423,8.37,,,,0.021402499999999998,8.49,2,0,1,0.0234,0.021402499999999998,HIGH_SWEEP,51,0.021605,False,False,0.7946,499,native,71.84,NORMAL,61.63,64.0,True,300,89.8,BULL,BOS UP,HH/HL,HH/HL,EXP UP,94.4,True,True,498,10,71.4,1789712460000,LOW,0.021423,5.14,,,,,,,0,0,0.023636,0.021646,LOW_SWEEP,39,0.021228,False,False,1.2929,499,native,81.71,YORGUN,71.18,82.0,True,300,76.3,BULL,BOS UP,MIX/HL,HH/HL,EXP UP,79.7,True,True,498,9,67.7,1789711500000,LOW,0.0214,4.64,,,,,,,0,0,0.02168,0.021423,EQH_SWEEP,37,0.021653,False,False,1.4566,499,native,83.34,ASIRI,84.76,89.33,True,300,42.0,BEAR,BOS DN,LH/MIX,MIX/HL,TR DN,66.1,True,True,498,154,97.0,1789575300000,HIGH,0.028247,11.61,0.029421000000000003,14.18,2,0.0209945,4.29,2,1,3,0.029421000000000003,0.0209945,EQL_SWEEP,57,0.020765,False,False,1.973,499,native,75.81,YORGUN,95.09,98.0,True,300,70.7,BULL,BOS UP,HH/HL,HH/MIX,RANGE,69.6,True,True,498,74,56.3,1789444800000,LOW,0.014658,9.63,0.029844000000000002,8.0,2,0.012500500000000001,12.13,3,1,2,0.029844000000000002,0.012500500000000001,HIGH_SWEEP,75,0.0165,False,False,3.9837,499,native,41.25,NORMAL,44.86,44.67,True,300,84.7,BULL,BOS UP,HH/HL,MIX/HL,TR UP,90.5,True,True,498,18,80.8,1789444800000,LOW,0.013069,3.88,,,,0.0128725,3.95,2,0,3,0.029888,0.0128725,EQL_SWEEP,67,0.0128725,False,False,11.7969,171,9442,13921.22,15622.57,-1701.36,-5.76,47.12,38.5,DOWN,1239,582,29543.79,117.4,60.0,1.0,True,1,6314.3,2,4494.16,1820.14,75.1,0.701,0.618,1.0,0.997,110645.28,127835.85,-17190.57,-7.21,46.4,35.8,DOWN,8851,4380,238481.12,690.5,300.0,1.0,True,10,28630.19,9,40262.05,-11631.86,92.4,0.932,0.844,1.0,0.999,303180.71,307706.6,-4525.89,-0.74,49.63,48.5,FLAT,19776,9442,610887.31,580.1,598.8,0.6653,False,25,101868.4,19,100456.21,1412.19,87.7,0.921,0.946,0.665,1.0,-7221.36,26681.48,,-10.59,3.93,0.5986,28.98,0.0008,-2865.99,-0.0601,-0.2016,NONE,1789714361580,BUY,6314.3,0.022959257652115102,1789714260000,ok,1.0,1.0,1.0,continuous,1,570,0,,0,0,0,0,False,102,0.022955,0.022957,0.871,-0.106,-0.3149,-0.2926,1621.32,3111.86,8.71,1789714386706,580,False,,FATIGUE_EXTREME,,
2,v2,v1.2,REALF_PY_V4_2_DERIVED,ZPTDIFAT_PY_V1_4_DERIVED,fc-v1,native,,058e38aec59f4c35,20260918_064430,171,PONS_20260918_065309_861,PONSUSDT,BINANCE,FUTURES,OUTSIDE100,112,2000,1789714389861,2026-09-18T06:53:09.861+00:00,17,True,1789714389861,1789714389861,58.2,1789714380000,1789714439999,False,9.9,0.725,-0.0276,51.0,FAIR (DENGE),True,500,50.4,53.1,50.4,50.0,-0.0027,-0.66,-0.59,0.00464,0.594,0.16,0.3,65.0,-14.7,YOK,2.7,1.0,0.7230415995191585,-0.27,CLV_PROXY_1M,0,0.0,100.0,51.0,49.2,44.9,53.9,1.8,6.1,-2.9,-0.0027,9e-05,-0.00228,0.00188,15.43,17.81,25.91,34.41,-2.38,-10.48,-18.98,11.98,5.0,500,native,15.43,DINLENMIS,11.98,5.0,True,300,9.4,BEAR,BOS DN,LH/LL,LH/LL,SQZ,91.1,True,True,499,1,45.1,1789714320000,HIGH,0.7316,3.31,,,,0.7134,5.82,2,0,1,0.7316,0.7134,EQL_SWEEP,23,0.73295,False,False,0.2748,499,native,20.96,DINLENMIS,12.46,5.33,True,300,26.2,BULL,BOS UP,LH/LL,LH/LL,RANGE,86.5,True,True,498,80,26.3,1789699860000,LOW,0.6834,9.2,0.7777000000000001,11.55,3,0.63845,19.09,2,1,1,0.7777000000000001,0.63845,HIGH_SWEEP,95,0.6964,False,False,0.6259,499,native,29.43,DINLENMIS,23.65,13.33,True,300,14.8,BEAR,BOS DN,LH/LL,MIX/HL,RANGE,88.2,True,True,498,13,56.1,1789710300000,HIGH,0.7473,3.1,0.7778,7.38,2,,,,1,0,0.7778,0.7235,LOW_SWEEP,11,0.729,False,False,0.9794,499,native,40.49,NORMAL,32.76,26.0,True,300,85.7,BULL,BOS UP,HH/HL,MIX/LL,TR UP,93.8,True,True,498,18,77.8,1789697700000,LOW,0.6551,5.06,,,,,,,0,0,0.7781,0.6551,HIGH_SWEEP,19,0.6959,False,False,1.8909,289,native,80.45,YORGUN,67.32,75.84,False,269,88.1,BULL,BOS UP,HH/HL,HH/HL,TR UP,88.8,True,True,288,7,54.7,1789686000000,LOW,0.6099,3.8,,,,,,,0,0,0.6721,0.6099,HIGH_SWEEP,6,0.6721,False,False,4.1259,73,native,83.23,ASIRI,81.98,94.34,False,53,74.7,TR-UP,CHOCH UP,HH/MIX,HH/HL,TR-UP,76.3,True,False,72,1,84.3,1789689600000,LOW,0.5483,3.3,,,,,,,0,0,0.6992,0.5483,LOW_SWEEP,12,0.5821,False,False,6.9476,253,2278,23672.75,32520.81,-8848.06,-15.75,42.13,22.4,DOWN,585,189,56193.56,50.8,60.0,1.0,True,1,2003.11,4,14993.11,-12990.0,67.9,0.504,0.687,1.0,0.996,97048.97,168597.66,-71548.68,-26.93,36.53,12.2,DOWN,2766,840,265646.63,164.9,300.0,1.0,True,8,25986.58,19,109067.79,-83081.21,85.8,0.767,0.856,1.0,0.999,302265.13,470672.34,-168407.21,-21.79,39.11,15.9,DOWN,7376,2278,772937.46,367.9,845.5,0.9395,False,27,119657.61,46,282863.63,-163206.02,93.1,0.88,0.972,0.939,1.0,-2252.18,6129.78,,-0.95,2.53,0.8728,-14851.04,-0.2621,-16207.63,-0.3051,-0.2818,NONE,1789714374336,SELL,4255.92,0.725029608177172,1789714260000,ok,1.0,1.0,1.0,continuous,1,186,0,,0,0,0,0,False,136,0.7248,0.7251,4.138,1.556,0.1086,0.1688,47124.77,37895.03,28.28,1789714389725,136,False,,FATIGUE_RESTED_1M,,
2,v2,v1.2,REALF_PY_V4_2_DERIVED,ZPTDIFAT_PY_V1_4_DERIVED,fc-v1,native,,058e38aec59f4c35,20260918_064430,172,SKR_20260918_065312_666,SKRUSDT,BINANCE,FUTURES,OUTSIDE100,227,500,1789714392666,2026-09-18T06:53:12.666+00:00,17,True,1789714392666,1789714392666,58.2,1789714380000,1789714439999,False,12.7,0.01911,0.0209,41.2,PRICE LAG,True,500,36.5,46.7,40.3,49.9,0.00157,-0.44,0.65,0.00142,0.361,0.02,0.7,40.0,-5.1,YOK,10.2,1.0,0.019139948370835175,0.157,CLV_PROXY_1M,0,0.0,100.0,41.2,42.2,51.9,62.1,-1.0,-10.7,-20.9,0.00157,-0.00029,-0.00038,0.00238,25.93,27.41,37.94,50.35,-1.48,-12.01,-24.42,25.12,16.33,500,native,25.93,DINLENMIS,25.12,16.33,True,300,68.6,BULL,BOS UP,MIX/HL,LH/LL,SQZ,73.8,True,True,499,17,33.7,1789713360000,LOW,0.019028,3.1,0.019363,9.57,2,,,,1,0,0.019363,0.019132,EQH_SWEEP,62,0.0189665,False,False,0.1383,499,native,62.66,NORMAL,53.8,53.67,True,300,72.8,BULL,BOS UP,HH/MIX,HH/HL,TR UP,73.8,True,True,498,5,30.5,1789713360000,LOW,0.018839,4.73,0.020296500000000002,20.71,2,0.0188425,4.67,2,1,1,0.020296500000000002,0.0188425,LOW_SWEEP,28,0.018846,False,False,0.2998,499,native,76.8,YORGUN,67.45,73.33,True,300,86.1,BULL,BOS UP,HH/HL,HH/MIX,RANGE,83.4,True,True,498,3,34.0,1789713300000,LOW,0.018839,3.64,0.020296500000000002,15.95,2,,,,1,0,0.020296500000000002,0.018839,LOW_SWEEP,28,0.018732,False,False,0.389,499,native,80.9,YORGUN,82.99,84.67,True,300,74.2,BULL,BOS UP,MIX/HL,MIX/HL,SQZ,69.3,True,True,498,2,49.0,1789712100000,LOW,0.018719,2.66,,,,0.017547,10.65,2,0,2,0.019011,0.017547,HIGH_SWEEP,36,0.019329,False,False,0.7664,499,native,43.63,NORMAL,52.24,60.33,True,300,39.3,BULL,BOS UP,LH/LL,HH/MIX,RANGE,84.4,True,True,498,21,72.8,1789635600000,LOW,0.017378,4.56,0.025375500000000002,16.5,2,,,,1,0,0.025375500000000002,0.018321,LOW_SWEEP,6,0.018554,False,False,2.0012,499,native,73.36,YORGUN,68.91,78.0,True,300,72.9,BULL,BOS UP,HH/HL,HH/HL,TR UP,83.6,True,True,498,114,36.2,1788062400000,LOW,0.008858,11.56,,,,0.017043000000000003,2.33,2,0,1,0.020299,0.017043000000000003,HIGH_SWEEP,4,0.019684,False,False,4.7097,7689,489,310.7,215.81,94.89,18.02,59.01,80.4,UP,21,11,526.5,4.7,60.0,1.0,True,0,0.0,0,0.0,0.0,22.1,0.086,0.18,1.0,0.872,4917.28,5362.68,-445.4,-4.33,47.83,41.3,DOWN,188,121,10279.96,34.8,300.0,1.0,True,3,2777.89,0,0.0,2777.89,56.8,0.41,0.503,1.0,0.974,16813.56,24924.47,-8110.92,-19.43,40.28,18.1,DOWN,634,419,41738.03,68.9,900.0,1.0,True,6,9767.38,6,15947.99,-6180.61,70.8,0.58,0.655,1.0,0.991,578.39,-221.87,-103.11,53.61,-1.72,1.0,-48.11,-0.0814,57.88,0.0282,-0.0278,NONE,1789714192986,BUY,1223.27,0.01910440488201028,1789714320000,ok,1.0,1.0,1.0,continuous,1,11,0,,0,0,0,0,False,170,0.019106,0.01911,2.093,0.836,0.27,-0.1185,3446.38,1980.8,13.61,1789714392254,412,False,,FATIGUE_RESTED_1M,,
2,v2,v1.2,REALF_PY_V4_2_DERIVED,ZPTDIFAT_PY_V1_4_DERIVED,fc-v1,native,,058e38aec59f4c35,20260918_064430,173,PROM_20260918_065315_243,PROMUSDT,BINANCE,FUTURES,OUTSIDE100,266,1000,1789714395243,2026-09-18T06:53:15.243+00:00,17,True,1789714395227,1789714395243,58.2,1789714380000,1789714439999,False,15.2,5.378,0.0,52.2,FAIR (DENGE),True,500,51.8,56.1,49.6,50.1,-0.00271,-1.15,-0.9,0.00231,0.472,0.07,1.7,75.0,-20.8,YOK,6.4,0.94,5.36345733894454,-0.27,CLV_PROXY_1M,0,0.0,100.0,52.2,53.8,59.8,62.9,-1.6,-7.6,-10.7,-0.00271,-0.0001,-0.00025,0.0009,25.54,28.02,31.37,27.58,-2.48,-5.83,-2.04,21.65,15.33,500,native,25.54,DINLENMIS,21.65,15.33,True,300,13.2,BEAR,BOS DN,LH/LL,MIX/HL,TR DN,92.7,True,True,499,13,57.3,1789713600000,HIGH,5.424,4.84,,,,,,,0,0,5.424,5.378,LOW_SWEEP,38,5.427,False,False,0.1768,499,native,20.96,DINLENMIS,19.69,10.67,True,300,10.8,BEAR,BOS DN,LH/LL,LH/LL,TR DN,90.3,True,True,498,4,47.1,1789713540000,HIGH,5.541,8.51,,,,,,,0,0,5.541,5.41,EQL_SWEEP,4,5.3934999999999995,False,False,0.3556,499,native,13.13,DINLENMIS,13.82,6.67,True,300,45.5,TR-DN,CHOCH DN,MIX/HL,LH/LL,TR-DN,75.6,True,True,498,8,58.5,1789711800000,HIGH,5.541,6.81,,,,5.2165,6.75,2,0,1,5.541,5.2165,HIGH_SWEEP,31,5.589,False,False,0.444,499,native,21.82,DINLENMIS,12.31,5.67,True,300,60.0,TR-DN,CHOCH DN,HH/HL,MIX/HL,TR-DN,88.0,True,True,498,3,54.5,1789711200000,HIGH,5.594,4.99,5.7285,8.1,2,,,,2,0,5.7285,5.43,LOW_SWEEP,172,5.332,False,False,0.8035,499,native,50.88,NORMAL,22.34,12.33,True,300,59.0,BEAR,BOS DN,MIX/HL,MIX/HL,SQZ,69.1,True,True,498,46,75.0,1789545600000,HIGH,5.729,4.16,5.8375,5.45,3,4.906499999999999,5.62,2,2,1,5.8375,4.906499999999999,EQL_SWEEP,94,5.5815,False,False,1.5355,499,native,46.44,NORMAL,43.48,33.0,True,300,26.5,BULL,BOS UP,LH/LL,MIX/HL,SQZ,85.6,True,True,498,58,11.5,1788868800000,LOW,4.913,2.53,,,,4.4025,5.3,2,0,2,5.659,4.4025,HIGH_SWEEP,57,5.986,False,False,3.3065,1816,957,4152.57,4110.17,42.4,0.51,50.26,51.0,FLAT,139,64,8262.74,12.2,60.0,1.0,True,1,2102.71,1,1160.46,942.25,41.7,0.196,0.479,1.0,0.97,15127.85,13863.36,1264.49,4.36,52.18,58.8,UP,543,239,28991.21,49.6,300.0,1.0,True,4,6291.34,4,5893.11,398.22,65.4,0.498,0.616,1.0,0.994,64544.71,118464.27,-53919.56,-29.46,35.27,10.8,DOWN,2123,849,183008.98,96.7,900.0,1.0,True,18,31580.29,13,81523.7,-49943.41,79.6,0.659,0.816,1.0,0.998,925.95,-1905.62,1262.73,6.65,-3.59,1.0,-107.66,-0.0181,107.01,0.0185,0.2034,NONE,1789714354480,SELL,1160.46,5.377486098239111,1789714320000,ok,1.0,1.0,1.0,continuous,1,64,0,,0,0,0,0,False,204,5.379,5.38,1.859,-0.523,0.1578,-0.2633,35303.63,25679.39,36.25,1789714394542,701,False,,FATIGUE_RESTED_1M,,
2,v2,v1.2,REALF_PY_V4_2_DERIVED,ZPTDIFAT_PY_V1_4_DERIVED,fc-v1,native,,058e38aec59f4c35,20260918_064430,174,UAI_20260918_065318_048,UAIUSDT,BINANCE,FUTURES,OUTSIDE100,296,2000,1789714398048,2026-09-18T06:53:18.048+00:00,17,True,1789714397829,1789714398048,58.3,1789714380000,1789714439999,False,17.8,0.4201,0.2147,61.8,PRICE AHEAD,True,500,65.1,59.2,63.0,51.0,-0.00761,1.5,0.65,0.00446,0.667,0.33,3.7,60.0,8.5,YOK,5.9,1.0,0.4169149503974767,-0.758,CLV_PROXY_1M,0,0.0,100.0,61.8,62.8,53.3,54.2,-1.0,8.5,7.6,-0.00761,-0.00071,-0.00392,-0.00367,79.08,70.32,55.76,62.2,8.76,23.32,16.88,99.46,99.67,500,native,79.08,YORGUN,99.46,99.67,True,300,49.7,BEAR,BOS DN,MIX/HL,HH/MIX,SQZ,78.5,True,True,499,28,90.8,1789712700000,HIGH,0.4198,-0.28,0.42315,2.84,2,0.40785,11.39,3,1,1,0.42315,0.40785,HIGH_SWEEP,106,0.4247,False,False,0.2565,499,native,56.09,NORMAL,74.96,83.67,True,300,28.6,BULL,BOS UP,LH/LL,LH/LL,SQZ,79.1,True,True,498,70,61.1,1789701660000,LOW,0.4075,5.52,0.43455,6.82,2,,,,1,0,0.43455,0.4129,LOW_SWEEP,6,0.4166,False,False,0.5251,499,native,39.38,NORMAL,58.63,56.33,True,300,58.1,TR-DN,CHOCH DN,MIX/HL,LH/LL,TR-DN,66.3,True,True,498,51,58.0,1789698900000,HIGH,0.4354,4.76,,,,0.3559,19.19,3,0,1,0.4232,0.3559,HIGH_SWEEP,104,0.4106,False,False,0.7961,499,native,38.56,NORMAL,44.62,42.0,True,300,68.6,BULL,BOS UP,MIX/HL,MIX/HL,RANGE,79.5,True,True,498,21,30.6,1789695000000,LOW,0.3901,4.11,0.43505,2.05,2,0.3838,4.97,2,2,2,0.43505,0.3838,LOW_SWEEP,174,0.3294,False,False,1.7465,499,native,66.82,NORMAL,60.35,62.67,True,300,86.6,BULL,BOS UP,HH/HL,HH/HL,SQZ,87.3,True,True,498,6,38.6,1789689600000,LOW,0.3838,2.24,,,,,,,0,0,0.4354,0.3838,HIGH_SWEEP,4,0.418,False,False,3.8614,499,native,65.5,NORMAL,74.15,78.33,True,300,18.4,BEAR,BOS DN,LH/LL,HH/HL,RANGE,87.8,True,True,498,19,42.0,1789430400000,HIGH,0.5943,3.99,,,,,,,0,0,0.5943,0.322,LOW_SWEEP,20,0.4503,False,False,10.3453,246,714,2283.72,1046.99,1236.73,37.13,68.57,92.0,UP,145,62,3330.71,24.6,60.0,1.0,True,0,0.0,0,0.0,0.0,48.0,0.33,0.381,1.0,0.996,32814.77,5249.76,27565.01,72.42,86.21,94.9,UP,663,239,38064.54,35.5,300.0,1.0,True,4,22764.35,0,0.0,22764.35,61.7,0.415,0.645,1.0,0.999,45456.31,25622.93,19833.38,27.9,63.95,88.4,UP,1560,628,71079.24,88.7,900.0,1.0,True,4,22764.35,3,9331.39,13432.96,75.5,0.639,0.713,1.0,1.0,-14437.76,3494.23,1980.27,-27.65,5.47,1.0,6430.03,0.8991,5989.94,0.7868,0.42,NONE,1789714334917,BUY,12166.08,0.41921637090382824,1789714320000,ok,1.0,1.0,1.0,continuous,1,62,0,,0,0,0,0,False,238,0.42,0.4202,4.761,-1.418,0.0615,-0.4707,13712.81,12123.24,47.61,1789714397679,369,False,,,,
2,v2,v1.2,REALF_PY_V4_2_DERIVED,ZPTDIFAT_PY_V1_4_DERIVED,fc-v1,native,,058e38aec59f4c35,20260918_064430,175,BULLA_20260918_065321_061,BULLAUSDT,BINANCE,FUTURES,OUTSIDE100,339,5000,1789714401061,2026-09-18T06:53:21.061+00:00,17,True,1789714400617,1789714401061,58.5,1789714380000,1789714439999,False,20.6,0.10167,0.0295,53.4,FAIR (DENGE),True,500,55.1,52.3,52.5,50.0,-0.00338,0.76,0.58,0.00578,0.571,0.02,0.3,30.0,-12.3,YOK,2.8,1.0,0.10132699407057068,-0.337,CLV_PROXY_1M,0,0.0,100.0,53.4,57.3,58.1,56.0,-3.9,-4.7,-2.6,-0.00338,-8e-05,0.00047,-0.00073,64.46,59.71,49.59,42.26,4.75,14.87,22.2,71.33,85.33,500,native,64.46,NORMAL,71.33,85.33,True,300,48.9,TR-DN,CHOCH DN,HH/MIX,MIX/HL,TR-DN,73.3,True,True,499,13,44.8,1789713600000,HIGH,0.10172,0.14,0.10206,1.11,3,0.100455,3.45,2,1,2,0.10206,0.100455,EQL_SWEEP,56,0.100455,False,False,0.3469,499,native,55.75,NORMAL,68.32,80.33,True,300,41.4,BULL,BOS UP,MIX/LL,MIX/LL,RANGE,67.9,True,True,498,42,89.1,1789706700000,LOW,0.096433,6.36,0.102005,0.39,2,0.0964015,6.4,2,1,2,0.102005,0.0964015,HIGH_SWEEP,28,0.10206,False,False,0.8137,499,native,55.75,NORMAL,61.3,66.67,True,300,46.9,BULL,BOS UP,LH/MIX,MIX/LL,TR UP,64.3,True,True,498,25,22.3,1789706700000,LOW,0.09539,5.41,,,,0.10001,1.43,2,0,1,0.10203,0.10001,HIGH_SWEEP,23,0.10114,False,False,1.1473,499,native,71.5,NORMAL,66.65,72.33,True,300,74.6,BEAR,BOS DN,HH/HL,HH/HL,TR DN,88.7,True,True,498,65,27.4,1789655400000,HIGH,0.10999,3.61,0.109785,3.52,2,,,,1,0,0.109785,0.094,LOW_SWEEP,67,0.1007,False,False,2.2834,499,native,65.95,NORMAL,73.61,88.67,True,300,26.8,BULL,BOS UP,LH/LL,MIX/HL,RANGE,84.5,True,True,498,44,42.2,1789552800000,LOW,0.060024,6.4,,,,0.060025499999999996,6.4,2,0,1,0.121362,0.060025499999999996,HIGH_SWEEP,45,0.076341,False,False,6.4384,499,native,57.89,NORMAL,58.11,59.0,True,300,75.0,BULL,BOS UP,HH/MIX,HH/HL,EXP UP,78.0,True,True,498,11,96.7,1789545600000,LOW,0.0675,2.29,,,,0.0154205,5.78,2,0,1,0.139078,0.0154205,HIGH_SWEEP,52,0.085989,False,False,15.2143,627,1609,3153.0,1161.05,1991.95,46.17,73.09,93.7,UP,108,54,4314.05,4.6,60.0,1.0,True,0,0.0,0,0.0,0.0,28.4,0.084,0.409,1.0,0.99,6292.73,10772.74,-4480.01,-26.25,36.87,12.6,DOWN,550,292,17065.46,28.7,300.0,1.0,True,0,0.0,0,0.0,0.0,56.1,0.365,0.558,1.0,0.998,61299.38,75170.48,-13871.1,-10.16,44.92,30.6,DOWN,2996,1609,136469.86,234.7,880.7,0.9786,False,1,5200.14,2,35515.93,-30315.79,85.7,0.824,0.784,0.979,0.999,3942.22,-1928.03,,62.27,-6.33,0.9119,-100.77,-0.0317,-807.17,-0.2365,-0.1561,NONE,1789713918675,BUY,5200.14,0.10101665651346205,1789714320000,ok,1.0,1.0,1.0,continuous,1,54,0,,0,0,0,0,False,272,0.10167,0.10168,0.984,-0.191,-0.0476,-0.2104,2870.03,3157.12,21.15,1789714400471,590,False,,AGGRESSIVE_BUYER,,
2,v2,v1.2,REALF_PY_V4_2_DERIVED,ZPTDIFAT_PY_V1_4_DERIVED,fc-v1,native,,058e38aec59f4c35,20260918_064430,176,OG_20260918_065324_063,OGUSDT,BINANCE,FUTURES,OUTSIDE100,523,500,1789714404063,2026-09-18T06:53:24.063+00:00,17,True,1789714403622,1789714404063,58.9,1789714380000,1789714439999,False,23.6,2.749,-0.109,38.9,PRICE LAG,True,500,37.1,36.2,45.8,39.2,0.00424,-0.45,-0.73,0.00062,0.25,3.4,93.0,50.0,40.8,WHALE SELL L1,9.6,1.0,2.7606861827490015,0.425,CLV_PROXY_1M,0,0.0033,99.7,38.9,30.8,34.6,28.8,8.1,4.3,10.1,0.00424,-0.00062,-0.00069,-0.00169,37.37,45.71,45.15,53.18,-8.34,-7.78,-15.81,22.71,6.67,500,native,37.37,NORMAL,22.71,6.67,True,300,88.2,BULL,BOS UP,HH/HL,HH/MIX,SQZ,88.8,True,True,499,9,69.0,1789713840000,LOW,2.749,0.0,,,,2.748,0.53,2,0,3,2.757,2.748,HIGH_SWEEP,78,2.76,False,False,0.0692,499,native,43.91,NORMAL,27.09,9.0,True,300,75.6,BULL,BOS UP,MIX/HL,HH/HL,RANGE,64.5,True,True,498,3,60.2,1789713720000,LOW,2.746,0.68,,,,2.746,0.68,2,0,3,2.754,2.746,HIGH_SWEEP,57,2.746,False,False,0.1612,499,native,37.14,NORMAL,32.09,14.67,True,300,67.4,BULL,BOS UP,MIX/HL,MIX/HL,TR UP,73.6,True,True,498,20,39.4,1789708200000,LOW,2.732,2.72,,,,2.679,11.22,2,0,2,2.756,2.679,HIGH_SWEEP,22,2.759,False,False,0.2269,499,native,58.51,NORMAL,50.77,41.33,True,300,85.9,BULL,BOS UP,HH/HL,HH/HL,TR UP,87.3,True,True,498,7,35.2,1789707600000,LOW,2.679,6.98,,,,2.6635,8.53,2,0,1,2.769,2.6635,HIGH_SWEEP,6,2.759,False,False,0.3636,499,native,90.26,ASIRI,87.17,93.67,True,300,74.4,BULL,BOS UP,MIX/HL,MIX/HL,RANGE,73.4,True,True,498,7,58.0,1789686000000,LOW,2.662,4.4,,,,2.6,7.54,2,0,1,2.7,2.6,HIGH_SWEEP,30,2.712,False,False,0.7193,499,native,78.61,YORGUN,87.12,92.33,True,300,75.1,BULL,BOS UP,MIX/HL,HH/HL,SQZ,73.2,True,True,498,1,52.4,1789689600000,LOW,2.61,3.13,2.9825,5.27,3,2.5975,3.42,2,2,2,2.9825,2.5975,EQH_SWEEP,87,2.9425,False,False,1.6159,13626,92,186.78,1392.83,-1206.05,-76.35,11.82,5.1,DOWN,31,9,1579.61,2.5,60.0,1.0,True,0,0.0,1,938.03,-938.03,20.0,0.047,0.3,1.0,0.773,583.2,2195.05,-1611.85,-58.02,20.99,5.5,DOWN,65,25,2778.25,6.1,300.0,1.0,True,0,0.0,1,938.03,-938.03,30.2,0.109,0.361,1.0,0.955,3843.06,2956.38,886.68,13.04,56.52,73.9,UP,214,68,6799.44,15.2,900.0,1.0,True,2,1535.88,2,1492.38,43.5,44.1,0.233,0.458,1.0,0.985,-1308.94,-1206.05,-2414.08,-79.92,-12.08,1.0,-320.99,-0.5606,-216.48,-0.3896,-0.5912,NONE,1789714390436,SELL,938.03,2.75,1789714320000,ok,1.0,1.0,1.0,continuous,1,9,0,,0,0,0,0,False,306,2.748,2.75,7.275,1.163,0.2574,0.041,25226.05,14899.3,72.75,1789714394896,9167,True,,,,
2,v2,v1.2,REALF_PY_V4_2_DERIVED,ZPTDIFAT_PY_V1_4_DERIVED,fc-v1,native,,058e38aec59f4c35,20260918_064430,177,ZORA_20260918_065326_634,ZORAUSDT,BINANCE,FUTURES,OUTSIDE100,612,500,1789714406634,2026-09-18T06:53:26.634+00:00,17,True,1789714406618,1789714406634,58.9,1789714380000,1789714439999,False,26.6,0.007891,0.0127,58.3,PRICE AHEAD,True,500,62.5,52.2,60.3,50.8,-0.00091,0.28,-0.37,0.00155,0.53,0.17,8.7,50.0,1.5,YOK,10.3,1.0,0.007883853009485187,-0.091,CLV_PROXY_1M,0,0.0,100.0,58.3,55.8,46.2,48.6,2.5,12.1,9.7,-0.00091,-0.0004,-0.00168,-0.00167,53.91,54.81,56.93,66.12,-0.9,-3.02,-12.21,51.86,51.67,500,native,53.91,NORMAL,51.86,51.67,True,300,82.8,TR-UP,CHOCH UP,HH/HL,HH/MIX,TR-UP,89.7,True,True,499,13,64.1,1789713600000,LOW,0.007851,4.49,,,,0.007775499999999999,12.95,2,0,1,0.007905,0.007775499999999999,HIGH_SWEEP,5,0.007903,False,False,0.113,499,native,67.0,NORMAL,67.77,66.67,True,300,89.2,BULL,BOS UP,HH/HL,HH/HL,RANGE,87.7,True,True,498,4,56.3,1789713540000,LOW,0.007842,2.54,,,,,,,0,0,0.007897,0.007842,HIGH_SWEEP,3,0.007897,False,False,0.2444,499,native,72.28,YORGUN,77.6,83.33,True,300,86.0,BULL,BOS UP,HH/HL,HH/HL,RANGE,84.8,True,True,498,10,63.8,1789711200000,LOW,0.007813,3.05,,,,,,,0,0,0.007897,0.007842,HIGH_SWEEP,2,0.007897,False,False,0.3238,499,native,44.55,NORMAL,46.92,45.33,True,300,81.8,BULL,BOS UP,HH/HL,MIX/HL,RANGE,87.5,True,True,498,21,74.9,1789695000000,LOW,0.007527,6.9,,,,,,,0,0,0.00802,0.007813,LOW_SWEEP,25,0.007571,False,False,0.6689,499,native,79.59,YORGUN,73.92,87.0,True,300,73.8,BEAR,BOS DN,HH/HL,HH/MIX,TR DN,86.4,True,True,498,69,59.5,1789462800000,HIGH,0.007987,0.79,0.009008,9.14,2,0.007187,5.76,2,1,1,0.009008,0.007187,LOW_SWEEP,126,0.008102,False,False,1.5567,499,native,71.73,NORMAL,78.03,86.33,True,300,18.0,TR-DN,CHOCH DN,LH/LL,LH/LL,TR-DN,90.3,True,True,498,16,65.9,1789473600000,HIGH,0.008968,4.07,,,,0.0058755000000000005,7.61,2,0,2,0.008336,0.0058755000000000005,HIGH_SWEEP,29,0.008437,False,False,3.3227,10284,273,122.72,672.53,-549.81,-69.14,15.43,5.2,DOWN,21,12,795.25,4.9,60.0,1.0,True,0,0.0,0,0.0,0.0,23.9,0.09,0.225,1.0,0.829,786.76,3340.21,-2553.45,-61.87,19.06,5.3,DOWN,118,67,4126.97,19.0,300.0,1.0,True,0,0.0,1,1082.25,-1082.25,45.4,0.276,0.404,1.0,0.966,8939.21,8002.18,937.03,5.53,52.77,61.1,UP,493,243,16941.39,62.9,900.0,1.0,True,4,3496.89,3,2716.25,780.64,66.3,0.557,0.557,1.0,0.989,-17.72,-735.15,-775.1,-17.03,-9.9,1.0,-461.78,-0.4914,-454.78,-0.551,-0.5308,NONE,1789714134161,SELL,1082.25,0.007884578095744603,1789714320000,ok,1.0,1.0,1.0,continuous,1,11,0,,0,0,0,0,False,340,0.007891,0.007892,1.267,-0.199,-0.0276,-0.2242,17739.55,18746.03,24.71,1789714406224,410,False,,,,
2,v2,v1.2,REALF_PY_V4_2_DERIVED,ZPTDIFAT_PY_V1_4_DERIVED,fc-v1,native,,058e38aec59f4c35,20260918_064430,178,TNSR_20260918_065329_632,TNSRUSDT,BINANCE,FUTURES,OUTSIDE100,738,200,1789714409632,2026-09-18T06:53:29.632+00:00,17,True,1789714409196,1789714409632,59.3,1789714380000,1789714439999,False,29.2,0.03517,-0.0284,58.4,PRICE AHEAD,True,500,60.8,57.7,57.5,51.5,-0.00273,-0.42,-0.64,0.0013,0.553,0.28,18.3,55.0,-8.7,YOK,3.3,1.0,0.03507422371613657,-0.272,CLV_PROXY_1M,0,0.0,100.0,58.4,60.7,58.5,57.4,-2.3,-0.1,1.0,-0.00273,1e-05,-0.00039,-0.00013,65.66,72.45,78.98,70.82,-6.79,-13.32,-5.16,49.74,50.0,500,native,65.66,NORMAL,49.74,50.0,True,300,74.8,BULL,BOS UP,MIX/HL,LH/MIX,RANGE,73.3,True,True,499,6,58.2,1789714020000,LOW,0.03512,1.6,,,,0.03507,3.2,2,0,1,0.03518,0.03507,HIGH_SWEEP,25,0.03515,False,True,0.0888,499,native,67.81,NORMAL,65.6,67.67,True,300,75.8,BULL,BOS UP,HH/MIX,HH/HL,RANGE,68.2,True,True,498,1,47.6,1789714080000,LOW,0.03507,1.54,,,,0.03507,1.54,3,0,1,0.03521,0.03507,HIGH_SWEEP,8,0.03517,False,True,0.1846,499,native,54.62,NORMAL,62.89,61.0,True,300,29.0,BULL,BOS UP,LH/LL,HH/HL,RANGE,78.1,True,True,498,45,51.5,1789700700000,LOW,0.03481,4.1,,,,0.03454,7.17,2,0,2,0.03536,0.03454,HIGH_SWEEP,50,0.03498,False,False,0.2498,499,native,38.84,NORMAL,39.68,37.33,True,300,83.8,BULL,BOS UP,HH/HL,MIX/HL,RANGE,93.4,True,True,498,20,59.8,1789695900000,LOW,0.03454,3.66,,,,0.034375,4.62,2,0,1,0.03583,0.034375,HIGH_SWEEP,17,0.03497,False,False,0.4898,499,native,74.79,YORGUN,60.73,69.33,True,300,74.8,BULL,BOS UP,MIX/HL,MIX/HL,TR UP,73.8,True,True,498,5,52.8,1789693200000,LOW,0.03405,2.86,,,,,,,0,0,0.03497,0.03438,LOW_SWEEP,36,0.03304,False,False,1.1171,499,native,78.29,YORGUN,78.12,87.33,True,300,76.4,BULL,BOS UP,HH/MIX,HH/HL,RANGE,71.9,True,True,498,1,56.6,1789689600000,LOW,0.03258,3.33,0.037065,2.44,2,0.029225,7.65,2,1,1,0.037065,0.029225,EQH_SWEEP,59,0.037065,False,False,2.178,15610,99,380.84,607.93,-227.09,-22.97,38.52,14.9,DOWN,14,6,988.78,2.6,60.0,1.0,True,1,374.95,1,477.37,-102.42,19.2,0.05,0.249,1.0,0.74,2464.53,1889.72,574.81,13.2,56.6,74.2,UP,94,35,4354.25,11.0,300.0,1.0,True,4,2012.03,2,1279.68,732.35,38.4,0.181,0.41,1.0,0.948,4361.33,2578.72,1782.61,25.69,62.84,87.1,UP,193,87,6940.04,21.6,900.0,1.0,True,7,3127.53,3,1623.27,1504.26,49.0,0.302,0.46,1.0,0.983,-65.17,-311.11,-499.01,38.52,-6.03,1.0,-297.52,-0.3593,142.12,0.1632,0.7025,DOWN,1789714364185,SELL,477.37,0.03518012572590868,1789714320000,ok,1.0,1.0,1.0,continuous,1,6,0,,0,0,0,0,False,374,0.03517,0.03518,2.843,0.188,0.0198,-0.0604,18664.44,17938.19,55.44,1789714404879,4753,False,,,,
2,v2,v1.2,REALF_PY_V4_2_DERIVED,ZPTDIFAT_PY_V1_4_DERIVED,fc-v1,native,,058e38aec59f4c35,20260918_064430,179,VELVET_20260918_065332_704,VELVETUSDT,BINANCE,FUTURES,OUTSIDE100,761,200,1789714412704,2026-09-18T06:53:32.704+00:00,17,True,1789714412251,1789714412704,59.6,1789714380000,1789714439999,False,32.3,0.05523,-0.0724,35.9,PRICE LAG,True,500,29.4,43.5,35.1,48.0,0.00427,-0.73,0.17,0.00197,0.368,0.15,22.0,45.0,2.7,YOK,14.1,1.0,0.05546624713311571,0.428,CLV_PROXY_1M,0,0.0,100.0,35.9,38.6,35.2,36.0,-2.7,0.7,-0.1,0.00427,0.00073,0.00173,0.00298,15.82,16.43,18.21,23.49,-0.61,-2.39,-7.67,16.71,9.0,500,native,15.82,DINLENMIS,16.71,9.0,True,300,41.0,BEAR,BOS DN,MIX/HL,LH/LL,EXP DN,74.9,True,True,499,6,70.0,1789714020000,HIGH,0.05589,4.2,0.056855,10.34,2,,,,1,0,0.056855,0.05553,EQL_SWEEP,81,0.055625,False,False,0.2842,499,native,19.65,DINLENMIS,7.08,1.67,True,300,39.9,BEAR,BOS DN,HH/MIX,LH/LL,RANGE,73.8,True,True,498,2,51.7,1789713900000,HIGH,0.05615,3.55,,,,,,,0,0,0.05615,0.05544,LOW_SWEEP,8,0.05556,False,False,0.4683,499,native,27.79,DINLENMIS,10.54,1.67,True,300,17.5,BEAR,BOS DN,LH/LL,LH/LL,RANGE,86.8,True,True,498,17,49.3,1789709100000,HIGH,0.05671,4.79,,,,0.0515,11.52,2,0,1,0.05615,0.0515,HIGH_SWEEP,29,0.05618,False,False,0.5759,499,native,27.88,DINLENMIS,16.83,5.33,True,300,70.9,BULL,BOS UP,HH/MIX,HH/MIX,RANGE,71.4,True,True,498,9,44.5,1789705800000,LOW,0.05548,-0.45,,,,0.0515,6.74,3,0,1,0.05671,0.0515,HIGH_SWEEP,8,0.05649,False,False,0.9931,499,native,32.16,NORMAL,23.18,19.0,True,300,70.4,BULL,BOS UP,HH/MIX,LH/LL,TR UP,75.1,True,True,498,14,40.8,1789660800000,LOW,0.0494,4.34,,,,,,,0,0,0.06014,0.0494,HIGH_SWEEP,13,0.05886,False,False,2.3885,499,native,78.23,YORGUN,64.02,84.0,True,300,48.0,BEAR,BOS DN,MIX/HL,HH/HL,TR DN,65.7,True,True,498,16,34.6,1789473600000,HIGH,0.0633,3.15,,,,,,,0,0,0.0536,0.0494,HIGH_SWEEP,6,0.0536,False,False,4.6002,1845,1006,269.38,998.79,-729.41,-57.52,21.24,5.5,DOWN,56,26,1268.17,12.5,60.0,1.0,True,0,0.0,1,784.93,-784.93,35.6,0.2,0.276,1.0,0.969,4588.52,12503.03,-7914.5,-46.31,26.85,6.3,DOWN,630,276,17091.55,75.3,300.0,1.0,True,5,2206.51,9,10563.43,-8356.93,68.4,0.601,0.558,1.0,0.994,34101.91,55836.0,-21734.09,-24.17,37.92,14.0,DOWN,2140,897,89937.91,113.4,900.0,1.0,True,38,26898.04,37,48853.78,-21955.74,78.9,0.694,0.738,1.0,0.998,1768.19,299.91,6412.51,-3.51,-1.74,1.0,-1708.24,-0.3962,-1718.83,-0.5028,-0.5235,NONE,1789714405704,SELL,784.93,0.055206467154311434,1789714320000,ok,1.0,1.0,1.0,continuous,1,26,0,,0,0,0,0,False,408,0.05522,0.05523,1.811,0.706,0.0375,0.3194,13462.58,12488.48,35.31,1789714411750,954,False,,FATIGUE_RESTED_1M,,
2,v2,v1.2,REALF_PY_V4_2_DERIVED,ZPTDIFAT_PY_V1_4_DERIVED,fc-v1,native,,058e38aec59f4c35,20260918_064430,180,ZKC_20260918_065335_288,ZKCUSDT,BINANCE,FUTURES,OUTSIDE100,1142,200,1789714415288,2026-09-18T06:53:35.288+00:00,17,True,1789714415272,1789714415288,59.6,1789714380000,1789714439999,False,35.3,0.03855,-0.0259,45.1,FAIR (DENGE),True,500,45.0,42.6,47.0,48.3,0.00235,-0.26,-0.12,0.00132,0.438,0.66,33.0,65.0,40.4,YOK,4.5,1.0,0.03864086539231282,0.236,CLV_PROXY_1M,0,0.0,100.0,45.1,41.7,36.0,40.4,3.4,9.1,4.7,0.00235,-0.00063,-0.00213,-0.00104,83.82,85.2,86.72,84.5,-1.38,-2.9,-0.68,77.44,88.0,500,native,83.82,ASIRI,77.44,88.0,True,300,79.4,BULL,BOS UP,MIX/HL,HH/HL,TR UP,77.3,True,True,499,5,100.0,1789714080000,LOW,0.0383,5.44,,,,,,,0,0,0.03846,0.03836,LOW_SWEEP,18,0.03835,False,False,0.1192,499,native,76.01,YORGUN,94.54,98.67,True,300,42.0,BULL,BOS UP,LH/MIX,EQ/RANGE,RANGE,74.7,True,True,498,38,58.8,1789707420000,LOW,0.03801,6.34,,,,0.038305,2.94,2,0,2,0.03855,0.038305,HIGH_SWEEP,1,0.03855,True,False,0.2251,499,native,58.46,NORMAL,81.94,87.0,True,300,66.7,BULL,BOS UP,MIX/HL,LH/MIX,RANGE,74.3,True,True,498,23,50.4,1789707300000,LOW,0.03801,4.22,,,,,,,0,0,0.03855,0.03831,HIGH_SWEEP,1,0.03855,True,False,0.3383,499,native,52.8,NORMAL,58.88,78.33,True,300,87.9,BULL,BOS UP,HH/HL,HH/HL,RANGE,90.3,True,True,498,8,52.3,1789706700000,LOW,0.03789,2.58,0.049025,40.28,2,0.037065,5.75,2,1,1,0.049025,0.037065,LOW_SWEEP,153,0.03752,False,False,0.6768,499,native,75.86,YORGUN,70.73,82.33,True,300,58.0,BEAR,BOS DN,MIX/HL,HH/HL,TR DN,64.1,True,True,498,53,61.2,1789520400000,HIGH,0.04772,16.35,0.05792,34.56,2,,,,1,0,0.05792,0.03718,EQH_SWEEP,6,0.03827,False,False,1.4589,499,native,44.08,NORMAL,52.42,58.67,True,300,15.6,BEAR,BOS DN,LH/LL,LH/MIX,TR DN,90.7,True,True,498,18,73.5,1789444800000,HIGH,0.04904,8.32,,,,0.036074999999999996,1.97,2,0,1,0.03878,0.036074999999999996,HIGH_SWEEP,1,0.03878,True,False,3.2744,1045,375,728.72,1559.34,-830.63,-36.3,31.85,8.2,DOWN,56,31,2288.06,7.7,60.0,1.0,True,1,202.62,2,1247.08,-1044.45,32.3,0.134,0.34,1.0,0.983,6705.18,5338.87,1366.31,11.34,55.67,71.3,UP,292,159,12044.04,35.7,300.0,1.0,True,8,3753.13,7,4504.77,-751.64,57.9,0.416,0.52,1.0,0.997,13055.54,9116.3,3939.24,17.77,58.88,80.1,UP,611,340,22171.83,79.7,900.0,1.0,True,14,6552.44,11,6662.05,-109.61,70.1,0.615,0.586,1.0,0.999,-2700.65,-1413.25,-728.11,-51.19,-6.63,1.0,604.6,0.3298,425.07,0.1765,0.0483,NONE,1789714403951,SELL,510.67,0.03857,1789714320000,ok,1.0,1.0,1.0,continuous,1,31,0,,0,0,0,0,False,442,0.03855,0.03856,2.594,0.62,-0.2866,-0.1494,12446.67,22445.15,50.58,1789714414702,586,False,,FATIGUE_EXTREME,,
2,v2,v1.2,REALF_PY_V4_2_DERIVED,ZPTDIFAT_PY_V1_4_DERIVED,fc-v1,native,,058e38aec59f4c35,20260918_064430,181,ETH_20260918_065340_857,ETHUSDT,BINANCE,FUTURES,TOP100,2,75000,1789714420857,2026-09-18T06:53:40.857+00:00,17,True,1789714420857,1789714420857,59.2,1789714380000,1789714439999,False,40.9,2483.8,-0.0004,52.7,FAIR (DENGE),True,500,52.0,56.7,50.7,50.2,-0.00134,-0.15,0.09,0.00105,0.677,0.36,2.0,55.0,-6.8,YOK,6.1,1.0,2480.48273128649,-0.134,CLV_PROXY_1M,0,0.0,100.0,52.7,56.6,61.8,61.4,-3.9,-9.1,-8.7,-0.00134,0.00037,0.00021,0.00069,46.0,50.85,62.64,65.55,-4.85,-16.64,-19.55,37.52,28.0,500,native,46.0,NORMAL,37.52,28.0,True,300,31.9,BULL,BOS UP,LH/LL,LH/MIX,SQZ,89.1,True,True,499,31,63.9,1789712520000,LOW,2481.26,2.0,,,,2469.0299999999997,11.64,2,0,2,2485.92,2469.0299999999997,HIGH_SWEEP,30,2486.11,False,False,0.0511,499,native,56.75,NORMAL,53.57,52.0,True,300,58.8,BULL,BOS UP,MIX/HL,LH/MIX,RANGE,74.3,True,True,498,39,76.1,1789707240000,LOW,2469.0,4.86,2486.685,0.95,2,,,,1,0,2486.685,2480.9,HIGH_SWEEP,10,2486.49,False,False,0.1226,499,native,52.79,NORMAL,53.24,46.67,True,300,68.7,BULL,BOS UP,MIX/HL,MIX/HL,TR UP,75.1,True,True,498,20,61.2,1789708200000,LOW,2469.0,3.29,,,,2365.835,26.26,2,0,1,2486.88,2365.835,HIGH_SWEEP,21,2482.2,False,False,0.1807,499,native,64.5,NORMAL,59.65,60.67,True,300,72.9,BULL,BOS UP,HH/MIX,HH/HL,TR UP,74.1,True,True,498,7,39.9,1789707600000,LOW,2435.39,6.08,,,,2435.74,6.04,2,0,1,2492.55,2435.74,HIGH_SWEEP,6,2484.99,False,False,0.3202,499,native,79.63,YORGUN,86.87,96.67,True,300,73.3,BEAR,BOS DN,HH/HL,HH/MIX,TR DN,84.8,True,True,498,65,44.7,1789477200000,HIGH,2614.99,7.68,,,,,,,0,0,2484.0,2435.39,HIGH_SWEEP,1,2484.0,True,True,0.6888,499,native,65.56,NORMAL,76.76,88.0,True,300,51.7,TR-DN,CHOCH DN,MIX/HL,MIX/HL,TR-DN,70.6,True,True,498,14,32.7,1789502400000,HIGH,2614.99,3.29,,,,1862.655,15.58,2,0,2,2614.99,1862.655,HIGH_SWEEP,38,2522.75,False,False,1.6086,178,4713,707831.03,468671.7,239159.33,20.33,60.16,82.8,UP,713,180,1176502.73,5.2,60.0,1.0,True,1,495797.75,0,0.0,495797.75,39.0,0.095,1.0,1.0,0.997,2374637.67,3906402.72,-1531765.05,-24.39,37.81,13.8,DOWN,6743,1523,6281040.38,71.4,300.0,1.0,True,5,859021.42,10,1517359.21,-658337.79,80.9,0.588,1.0,1.0,0.999,11707587.59,13062683.66,-1355096.07,-5.47,47.26,39.0,DOWN,20127,4713,24770271.25,136.7,715.2,0.7947,False,25,7285980.9,41,6596427.37,689553.53,84.3,0.732,1.0,0.795,1.0,781079.41,574954.86,,43.65,4.87,0.728,-313205.62,-0.2965,-327037.94,-0.2603,-0.2661,NONE,1789714408610,BUY,495797.75,2483.77,1789714320000,ok,1.0,1.0,1.0,continuous,1,178,0,,0,0,0,0,False,476,2483.8,2483.81,0.04,0.004,0.2074,0.2572,1090965.73,716201.46,0.83,1789714420719,138,False,,,,
2,v2,v1.2,REALF_PY_V4_2_DERIVED,ZPTDIFAT_PY_V1_4_DERIVED,fc-v1,native,,058e38aec59f4c35,20260918_064430,182,BNB_20260918_065343_437,BNBUSDT,BINANCE,FUTURES,TOP100,4,25000,1789714423437,2026-09-18T06:53:43.437+00:00,17,True,1789714423437,1789714423437,59.2,1789714380000,1789714439999,False,43.4,754.72,0.0371,36.0,PRICE LAG,True,500,32.5,38.4,37.3,43.2,0.00221,1.53,2.21,0.00092,0.658,1.12,37.7,65.0,28.9,YOK,5.9,1.0,756.3927529337742,0.222,CLV_PROXY_1M,0,0.0,100.0,36.0,41.1,46.6,40.0,-5.1,-10.6,-4.0,0.00221,0.00025,0.00093,0.00057,76.67,72.44,63.64,58.45,4.23,13.03,18.22,85.18,89.67,500,native,76.67,YORGUN,85.18,89.67,True,300,20.3,BEAR,BOS DN,LH/LL,LH/MIX,RANGE,87.5,True,True,499,24,52.5,1789712940000,HIGH,754.74,0.05,,,,735.76,52.0,2,0,1,754.18,735.76,HIGH_SWEEP,31,754.62,False,False,0.0483,499,native,49.16,NORMAL,66.69,55.33,True,300,83.2,BULL,BOS UP,HH/HL,MIX/HL,RANGE,86.8,True,True,498,16,53.9,1789711380000,LOW,751.67,3.42,,,,733.985,23.25,2,0,2,755.98,733.985,HIGH_SWEEP,31,753.4,False,False,0.1182,499,native,56.86,NORMAL,71.81,70.0,True,300,70.1,BULL,BOS UP,HH/MIX,HH/HL,TR UP,80.5,True,True,498,20,50.9,1789708200000,LOW,749.39,3.97,,,,751.405,2.47,2,0,2,755.98,751.405,HIGH_SWEEP,9,755.08,False,False,0.1782,499,native,59.7,NORMAL,65.48,63.33,True,300,78.2,BULL,BOS UP,HH/HL,HH/HL,TR UP,91.5,True,True,498,30,31.8,1789686900000,LOW,733.95,8.3,,,,,,,0,0,754.71,733.95,HIGH_SWEEP,6,754.71,False,False,0.3323,499,native,94.37,ASIRI,91.89,95.67,True,300,72.9,BULL,BOS UP,HH/MIX,HH/MIX,TR UP,76.1,True,True,498,10,47.2,1789675200000,LOW,721.24,7.28,,,,,,,0,0,732.95,721.24,HIGH_SWEEP,18,729.58,False,False,0.6104,499,native,89.26,ASIRI,97.04,97.0,True,300,40.4,BULL,BOS UP,LH/LL,HH/HL,RANGE,86.1,True,True,498,4,31.3,1789646400000,LOW,704.34,5.35,,,,,,,0,0,725.94,704.34,HIGH_SWEEP,6,725.94,False,False,1.2519,597,2119,151212.16,138822.26,12389.9,4.27,52.14,58.6,UP,737,123,290034.42,22.8,60.0,1.0,True,1,31564.83,2,71216.41,-39651.58,60.1,0.313,0.866,1.0,0.99,535154.26,682587.04,-147432.78,-12.11,43.95,27.5,DOWN,3556,636,1217741.3,106.8,300.0,1.0,True,2,72364.56,6,285216.51,-212851.94,85.7,0.681,1.0,1.0,0.998,1443395.18,1881185.7,-437790.51,-13.17,43.42,25.9,DOWN,9415,1823,3324580.88,251.0,900.0,1.0,True,7,272369.06,19,861026.77,-588657.71,93.0,0.834,1.0,1.0,0.999,251758.08,4411.05,-40939.36,29.19,1.27,1.0,-90485.3,-0.2923,-34075.61,-0.1399,0.1813,DOWN,1789714408511,SELL,44669.43,754.6786061834767,1789714320000,ok,1.0,1.0,1.0,continuous,1,122,0,,0,0,0,0,False,510,754.72,754.73,0.132,-0.016,0.1358,0.1175,127254.06,96827.92,2.72,1789714423272,165,False,,,,
2,v2,v1.2,REALF_PY_V4_2_DERIVED,ZPTDIFAT_PY_V1_4_DERIVED,fc-v1,native,,058e38aec59f4c35,20260918_064430,183,XRP_20260918_065346_214,XRPUSDT,BINANCE,FUTURES,TOP100,5,25000,1789714426214,2026-09-18T06:53:46.214+00:00,17,True,1789714425995,1789714426214,59.0,1789714380000,1789714439999,False,46.0,1.3197,-0.1438,44.6,FAIR (DENGE),True,500,42.7,51.4,39.6,46.2,-0.00039,-1.46,-0.56,0.00149,0.706,1.31,70.7,60.0,-7.1,YOK,11.7,0.88,1.3191911852344511,-0.039,CLV_PROXY_1M,0,0.0,100.0,44.6,47.1,46.8,51.9,-2.5,-2.2,-7.3,-0.00039,0.0004,0.00048,0.00167,28.05,38.66,52.58,66.79,-10.61,-24.53,-38.74,4.41,0.67,500,native,28.05,DINLENMIS,4.41,0.67,True,300,44.6,BEAR,BOS DN,MIX/HL,MIX/HL,SQZ,73.5,True,True,499,1,31.9,1789714320000,HIGH,1.3242,3.94,,,,1.3032,14.43,2,0,2,1.3242,1.3032,HIGH_SWEEP,17,1.3232,False,False,0.0865,499,native,62.04,NORMAL,40.07,35.67,True,300,40.3,BULL,BOS UP,LH/LL,HH/HL,RANGE,87.7,True,True,498,4,29.6,1789713540000,LOW,1.3164,1.37,,,,,,,0,0,1.3228,1.3164,HIGH_SWEEP,8,1.3228,False,False,0.1827,499,native,62.48,NORMAL,49.09,44.67,True,300,59.9,BULL,BOS UP,MIX/HL,LH/LL,TR UP,74.0,True,True,498,37,67.7,1789703100000,LOW,1.3045,4.62,,,,,,,0,0,1.3228,1.3164,HIGH_SWEEP,5,1.3228,False,False,0.2485,499,native,55.89,NORMAL,49.66,52.0,True,300,76.5,TR-UP,CHOCH UP,HH/HL,MIX/HL,TR-UP,84.3,True,True,498,23,25.8,1789693200000,LOW,1.2867,5.98,,,,,,,0,0,1.3286,1.3133,HIGH_SWEEP,24,1.3002,False,False,0.4171,499,native,79.96,YORGUN,77.1,91.33,True,300,74.1,TR-UP,CHOCH UP,HH/MIX,HH/MIX,TR-UP,74.3,True,True,498,3,82.2,1789700400000,LOW,1.2867,2.72,,,,,,,0,0,1.3201,1.2867,HIGH_SWEEP,1,1.3201,True,True,0.9194,499,native,49.29,NORMAL,57.61,74.0,True,300,47.1,TR-DN,CHOCH DN,HH/MIX,MIX/LL,TR-DN,75.8,True,True,498,15,73.1,1789488000000,HIGH,1.4916,5.4,1.5507,7.26,2,0.98775,10.44,2,1,1,1.5507,0.98775,EQH_SWEEP,57,1.43175,False,False,2.3989,115,2209,208797.21,861315.55,-652518.34,-60.98,19.51,5.4,DOWN,1768,178,1070112.75,32.2,60.0,1.0,True,3,104359.03,10,627355.17,-522996.13,68.7,0.392,1.0,1.0,0.998,910794.63,1483254.39,-572459.75,-23.91,38.04,14.2,DOWN,5091,598,2394049.02,83.9,300.0,1.0,True,10,569367.13,14,795199.82,-225832.69,82.9,0.626,1.0,1.0,1.0,4646381.39,4069995.93,576385.46,6.61,53.31,63.1,UP,16698,2010,8716377.32,182.5,900.0,1.0,True,45,3113114.63,45,2353433.3,759681.33,90.8,0.785,1.0,1.0,1.0,-978808.88,-597199.86,-772480.37,-63.66,-12.78,1.0,-117515.6,-0.1944,-73855.38,-0.1542,-0.1781,NONE,1789714425971,BUY,34627.72,1.3198,1789714320000,ok,1.0,1.0,1.0,continuous,1,177,0,,0,0,0,0,False,544,1.3197,1.3198,0.758,-0.197,0.2802,-0.379,1661107.63,933967.59,14.78,1789714425859,355,False,,FATIGUE_RESTED_1M|AGGRESSIVE_SELLER,,
2,v2,v1.2,REALF_PY_V4_2_DERIVED,ZPTDIFAT_PY_V1_4_DERIVED,fc-v1,native,,058e38aec59f4c35,20260918_064430,184,DOGE_20260918_065348_794,DOGEUSDT,BINANCE,FUTURES,TOP100,12,15000,1789714428794,2026-09-18T06:53:48.794+00:00,17,True,1789714428780,1789714428794,58.8,1789714380000,1789714439999,False,48.8,0.0842,0.0,53.5,FAIR (DENGE),True,500,53.9,54.3,53.3,50.2,-0.00109,0.08,0.03,0.00129,0.66,0.25,1.7,55.0,-11.5,YOK,0.9,1.0,0.08410865059089291,-0.108,CLV_PROXY_1M,0,0.0,100.0,53.5,55.1,51.5,52.9,-1.6,2.0,0.6,-0.00109,3e-05,-0.00042,0.00029,25.39,25.76,28.05,30.7,-0.37,-2.66,-5.31,28.49,15.33,500,native,25.39,DINLENMIS,28.49,15.33,True,300,59.5,BEAR,BOS DN,HH/HL,LH/LL,SQZ,88.5,True,True,499,5,35.4,1789714080000,HIGH,0.08442,3.59,0.084395,3.18,2,0.08135,46.46,2,1,1,0.084395,0.08135,EQH_SWEEP,17,0.084395,False,False,0.0729,499,native,36.49,NORMAL,29.37,22.0,True,300,58.0,BULL,BOS UP,MIX/HL,HH/HL,RANGE,70.5,True,True,498,38,48.5,1789707420000,LOW,0.08373,3.45,0.08449000000000001,2.13,2,,,,1,0,0.08449000000000001,0.08417,LOW_SWEEP,17,0.08419,False,False,0.1617,499,native,38.54,NORMAL,34.71,24.67,True,300,61.4,BULL,BOS UP,MIX/HL,MIX/HL,TR UP,80.0,True,True,498,37,93.1,1789703100000,LOW,0.08223,9.46,,,,0.07986,20.84,2,0,1,0.08448,0.07986,HIGH_SWEEP,21,0.08459,False,False,0.2472,499,native,57.65,NORMAL,51.23,51.0,True,300,79.4,BULL,BOS UP,HH/HL,HH/HL,TR UP,84.7,True,True,498,22,43.6,1789694100000,LOW,0.08114,8.66,,,,0.080555,10.32,2,0,1,0.08469,0.080555,HIGH_SWEEP,65,0.08179,False,False,0.4181,499,native,88.75,ASIRI,84.47,96.33,True,300,89.8,BULL,BOS UP,HH/HL,LH/LL,TR UP,90.7,True,True,498,4,51.5,1789696800000,LOW,0.08114,4.22,,,,,,,0,0,0.08253,0.08114,HIGH_SWEEP,21,0.08134,False,False,0.8609,499,native,72.76,YORGUN,85.22,92.33,True,300,47.5,BEAR,BOS DN,HH/MIX,LH/MIX,TR DN,73.2,True,True,498,16,26.7,1789473600000,HIGH,0.08616,1.29,,,,0.07835,3.82,2,0,1,0.08616,0.07835,HIGH_SWEEP,20,0.08534,False,False,1.8093,73,1251,10957.41,37237.49,-26280.08,-54.53,22.74,5.6,DOWN,289,69,48194.9,4.3,60.0,1.0,True,0,0.0,1,20635.4,-20635.4,32.1,0.079,0.671,1.0,0.999,428787.03,192240.49,236546.54,38.09,69.04,92.3,UP,1893,385,621027.53,8.6,300.0,1.0,True,5,325719.76,1,20635.4,305084.36,45.7,0.147,0.948,1.0,1.0,988517.85,809191.29,179326.56,9.98,54.99,69.1,UP,7457,1118,1797709.14,51.2,900.0,1.0,True,18,613171.83,10,255744.13,357427.7,76.1,0.506,1.0,1.0,1.0,21760.42,-8251.27,-55660.42,4.64,0.87,1.0,-30035.76,-0.5186,48618.36,0.3914,0.5444,DOWN,1789714399614,SELL,20635.4,0.0842,1789714320000,ok,1.0,1.0,1.0,continuous,1,67,0,,0,0,0,0,False,578,0.08419,0.0842,1.188,-0.156,0.2583,0.1313,1073478.48,632764.3,23.16,1789714428640,154,False,,FATIGUE_RESTED_1M|AGGRESSIVE_SELLER,,
2,v2,v1.2,REALF_PY_V4_2_DERIVED,ZPTDIFAT_PY_V1_4_DERIVED,fc-v1,native,,058e38aec59f4c35,20260918_064430,185,LINK_20260918_065351_357,LINKUSDT,BINANCE,FUTURES,TOP100,17,10000,1789714431357,2026-09-18T06:53:51.357+00:00,17,True,1789714431357,1789714431357,58.5,1789714380000,1789714439999,False,51.4,11.819,-0.0254,52.4,FAIR (DENGE),True,500,51.8,57.1,48.8,50.4,-0.00257,0.41,0.85,0.00161,0.682,0.41,12.7,55.0,2.1,YOK,8.4,0.824,11.788610881884745,-0.257,CLV_PROXY_1M,0,0.0,100.0,52.4,55.2,62.1,65.6,-2.8,-9.7,-13.2,-0.00257,0.00031,0.00044,0.00137,47.67,47.88,47.52,54.93,-0.21,0.15,-7.26,50.09,40.33,500,native,47.67,NORMAL,50.09,40.33,True,300,85.1,BULL,BOS UP,HH/HL,HH/MIX,SQZ,93.7,True,True,499,17,55.7,1789713360000,LOW,11.772,3.98,,,,11.377500000000001,37.37,2,0,1,11.837,11.377500000000001,HIGH_SWEEP,36,11.779,False,False,0.0999,499,native,72.63,YORGUN,63.95,58.33,True,300,43.1,BULL,BOS UP,LH/LL,HH/MIX,RANGE,88.3,True,True,498,10,67.9,1789712460000,LOW,11.705,4.05,,,,,,,0,0,11.776,11.705,HIGH_SWEEP,15,11.776,False,False,0.2217,499,native,77.28,YORGUN,77.18,78.0,True,300,75.8,BULL,BOS UP,HH/MIX,LH/LL,TR UP,75.7,True,True,498,3,46.5,1789713300000,LOW,11.705,2.98,,,,,,,0,0,11.817,11.705,HIGH_SWEEP,1,11.817,True,False,0.3238,499,native,66.12,NORMAL,67.3,71.0,True,300,91.2,BULL,BOS UP,HH/HL,HH/HL,TR UP,88.4,True,True,498,1,59.4,1789713000000,LOW,11.647,2.69,,,,11.0905,11.39,2,0,1,11.817,11.0905,HIGH_SWEEP,65,11.34,False,False,0.5406,499,native,90.65,ASIRI,88.72,95.33,True,300,83.3,TR-UP,CHOCH UP,HH/HL,MIX/LL,TR-UP,86.0,True,True,498,5,51.0,1789693200000,LOW,11.089,6.06,12.7855,8.02,2,,,,1,0,12.7855,11.25,LOW_SWEEP,37,10.67,False,False,1.0287,499,native,75.84,YORGUN,88.67,92.33,True,300,17.7,BEAR,BOS DN,LH/LL,HH/MIX,RANGE,86.2,True,True,498,15,24.8,1789488000000,HIGH,11.961,0.6,,,,8.062,14.95,2,0,1,11.961,8.062,EQH_SWEEP,83,12.035499999999999,False,False,2.133,275,1097,47837.9,58251.1,-10413.19,-9.82,45.09,31.2,DOWN,387,70,106089.0,22.7,60.0,1.0,True,1,12869.9,1,23274.93,-10405.03,57.7,0.312,0.756,1.0,0.995,165298.23,295424.27,-130126.05,-28.24,35.88,11.4,DOWN,1455,276,460722.5,45.4,300.0,1.0,True,2,32642.46,6,209381.25,-176738.79,72.4,0.476,0.916,1.0,0.999,677473.37,803646.99,-126173.62,-8.52,45.74,33.4,DOWN,5218,947,1481120.36,216.9,900.0,1.0,True,12,174904.73,17,405354.83,-230450.1,92.0,0.813,1.0,1.0,1.0,3707.14,9236.9,-46592.67,1.4,1.43,1.0,-31932.57,-0.2888,-31469.35,-0.3415,-0.1879,NONE,1789714428437,SELL,23274.93,11.812946327697952,1789714320000,ok,1.0,1.0,1.0,continuous,1,70,0,,0,0,0,0,False,612,11.806,11.807,0.847,-0.139,0.0184,-0.4893,197543.03,190404.34,16.52,1789714431220,137,False,,,,
2,v2,v1.2,REALF_PY_V4_2_DERIVED,ZPTDIFAT_PY_V1_4_DERIVED,fc-v1,native,,058e38aec59f4c35,20260918_064430,186,ADA_20260918_065353_936,ADAUSDT,BINANCE,FUTURES,TOP100,19,10000,1789714433936,2026-09-18T06:53:53.936+00:00,17,True,1789714433920,1789714433936,58.5,1789714380000,1789714439999,False,53.9,0.2132,-0.0937,43.4,FAIR (DENGE),True,500,39.7,45.9,45.4,49.4,0.00162,-0.9,-0.5,0.0015,0.619,0.31,4.3,45.0,-13.2,YOK,6.2,1.0,0.21354480403953277,0.162,CLV_PROXY_1M,0,0.0,100.0,43.4,46.4,46.4,51.7,-3.0,-3.0,-8.3,0.00162,0.00049,0.00037,0.0006,28.48,35.97,49.17,63.09,-7.49,-20.69,-34.61,13.89,4.33,500,native,28.48,DINLENMIS,13.89,4.33,True,300,74.4,TR-UP,CHOCH UP,HH/HL,HH/HL,SQZ,91.4,True,True,499,38,50.5,1789712100000,LOW,0.2126,2.21,0.2151,7.01,2,,,,1,0,0.2151,0.2132,EQH_SWEEP,17,0.2138,False,False,0.127,499,native,60.04,NORMAL,45.9,37.0,True,300,53.8,BEAR,BOS DN,MIX/HL,MIX/HL,TR DN,74.5,True,True,498,31,70.8,1789708680000,HIGH,0.2173,7.57,,,,,,,0,0,0.2151,0.2132,LOW_SWEEP,51,0.2143,False,False,0.2475,499,native,57.66,NORMAL,50.91,40.0,True,300,20.5,TR-DN,CHOCH DN,LH/LL,MIX/HL,TR-DN,85.4,True,True,498,12,28.1,1789710600000,HIGH,0.2151,2.6,,,,0.1903,31.34,3,0,1,0.2151,0.1903,HIGH_SWEEP,36,0.2159,False,False,0.3419,499,native,42.5,NORMAL,36.1,28.0,True,300,66.3,BULL,BOS UP,MIX/HL,LH/LL,TR UP,78.2,True,True,498,27,55.4,1789689600000,LOW,0.1997,9.1,0.21739999999999998,2.83,2,0.1972,10.79,2,1,2,0.21739999999999998,0.1972,HIGH_SWEEP,28,0.2027,False,False,0.6932,499,native,85.79,ASIRI,75.32,87.67,True,300,87.0,BULL,BOS UP,HH/HL,HH/HL,EXP UP,84.6,True,True,498,6,53.5,1789689600000,LOW,0.1901,7.46,,,,,,,0,0,0.2042,0.1997,EQH_SWEEP,29,0.19690000000000002,False,False,1.4575,499,native,75.55,YORGUN,87.33,89.67,True,300,41.5,TR-UP,CHOCH UP,LH/LL,LH/LL,TR-UP,84.5,True,True,498,1,52.5,1789689600000,LOW,0.1901,4.24,,,,,,,0,0,0.2159,0.1901,LOW_SWEEP,52,0.2148,False,True,2.5151,726,1047,1658.99,44112.44,-42453.45,-92.75,3.62,5.0,DOWN,200,67,45771.44,3.1,60.0,1.0,True,0,0.0,1,23810.89,-23810.89,28.5,0.059,0.665,1.0,0.988,82542.0,153956.43,-71414.43,-30.2,34.9,10.4,DOWN,1086,313,236498.43,17.4,300.0,1.0,True,4,55914.33,4,85551.39,-29637.06,55.3,0.259,0.843,1.0,0.998,678000.74,587919.67,90081.07,7.12,53.56,64.1,UP,3384,933,1265920.42,40.3,900.0,1.0,True,18,529018.0,16,426927.37,102090.63,72.4,0.446,1.0,1.0,0.999,-41442.01,-68156.27,-194549.99,-43.49,-14.45,1.0,-18361.7,-0.509,-14847.37,-0.3139,0.1039,DOWN,1789714390820,SELL,23810.89,0.2133,1789714320000,ok,1.0,1.0,1.0,continuous,1,65,0,,0,0,0,0,False,646,0.2132,0.2133,4.689,-0.851,0.1563,0.1473,2883419.34,2103759.49,91.44,1789714433779,157,False,,FATIGUE_RESTED_1M|AGGRESSIVE_SELLER,,
2,v2,v1.2,REALF_PY_V4_2_DERIVED,ZPTDIFAT_PY_V1_4_DERIVED,fc-v1,native,,058e38aec59f4c35,20260918_064430,187,LTC_20260918_065356_738,LTCUSDT,BINANCE,FUTURES,TOP100,25,10000,1789714436738,2026-09-18T06:53:56.738+00:00,17,True,1789714436526,1789714436738,58.3,1789714380000,1789714439999,False,56.5,54.95,0.0364,55.8,FAIR (DENGE),True,500,55.8,57.8,53.9,54.8,-0.0022,0.21,0.15,0.00117,0.592,1.9,68.0,60.0,-5.1,YOK,3.9,1.0,54.82921479235711,-0.22,CLV_PROXY_1M,0,0.0,100.0,55.8,58.2,56.3,51.6,-2.4,-0.5,4.2,-0.0022,0.00039,0.00042,0.00025,45.01,44.31,49.53,57.74,0.7,-4.52,-12.73,46.78,46.33,500,native,45.01,NORMAL,46.78,46.33,True,300,66.2,BULL,BOS UP,MIX/HL,MIX/HL,SQZ,76.2,True,True,499,26,64.2,1789712820000,LOW,54.78,4.03,55.02,1.66,2,54.76,4.51,2,1,2,55.02,54.76,HIGH_SWEEP,50,54.92,False,False,0.0768,499,native,67.09,NORMAL,64.42,63.67,True,300,74.4,BULL,BOS UP,HH/HL,MIX/HL,TR UP,91.8,True,True,498,39,50.6,1789707240000,LOW,54.29,6.75,55.0,0.62,2,,,,1,0,55.0,54.78,EQH_SWEEP,8,55.0,False,False,0.1753,499,native,68.43,NORMAL,71.38,68.0,True,300,75.7,BULL,BOS UP,HH/HL,HH/HL,TR UP,87.5,True,True,498,37,51.2,1789703100000,LOW,54.32,4.71,,,,53.86,8.14,2,0,2,55.0,53.86,HIGH_SWEEP,5,55.0,False,False,0.2436,499,native,75.42,YORGUN,74.55,80.33,True,300,70.5,BULL,BOS UP,MIX/HL,HH/MIX,TR UP,85.7,True,True,498,25,95.3,1789691400000,LOW,53.59,6.15,,,,,,,0,0,53.98,54.29,EQH_SWEEP,27,53.989999999999995,False,False,0.402,499,native,87.67,ASIRI,87.9,95.33,True,300,88.0,BULL,BOS UP,HH/HL,HH/HL,TR UP,83.5,True,True,498,6,68.8,1789689600000,LOW,52.46,5.68,,,,,,,0,0,54.0,52.46,HIGH_SWEEP,21,52.81,False,False,0.7963,499,native,81.35,YORGUN,89.28,93.33,True,300,51.6,TR-DN,CHOCH DN,HH/MIX,LH/LL,TR-DN,72.3,True,True,498,14,38.2,1789502400000,HIGH,55.24,0.35,,,,,,,0,0,55.24,50.13,HIGH_SWEEP,30,54.28,False,False,1.559,1975,477,45819.83,28369.14,17450.69,23.52,61.76,85.5,UP,203,37,74188.97,12.1,60.0,1.0,True,1,26852.52,0,0.0,26852.52,46.9,0.195,0.718,1.0,0.967,80308.51,51877.49,28431.03,21.51,60.75,83.8,UP,520,128,132186.0,24.0,300.0,1.0,True,2,38242.95,0,0.0,38242.95,59.1,0.325,0.78,1.0,0.993,288018.12,256835.03,31183.09,5.72,52.86,61.4,UP,1931,432,544853.15,72.3,900.0,1.0,True,6,135621.85,4,63650.24,71971.61,79.4,0.591,0.934,1.0,0.998,16423.57,33012.12,2620.43,-5.05,13.6,1.0,6932.57,0.2258,4497.86,0.1701,-0.1073,UP,1789714430189,BUY,26852.52,54.92717659933521,1789714320000,ok,1.0,1.0,1.0,continuous,1,37,0,,0,0,0,0,False,680,54.95,54.96,1.82,0.166,0.108,0.2528,900310.01,724842.54,35.48,1789714436247,491,False,,,,
2,v2,v1.2,REALF_PY_V4_2_DERIVED,ZPTDIFAT_PY_V1_4_DERIVED,fc-v1,native,,058e38aec59f4c35,20260918_064430,188,AVAX_20260918_065359_314,AVAXUSDT,BINANCE,FUTURES,TOP100,31,5000,1789714439314,2026-09-18T06:53:59.314+00:00,17,True,1789714439298,1789714439314,57.9,1789714380000,1789714439999,False,59.3,7.904,-0.0253,50.0,FAIR (DENGE),True,500,50.8,45.4,53.9,50.0,0.00129,0.08,0.09,0.00116,0.551,0.51,9.0,50.0,-17.5,YOK,8.5,0.014,7.914203856712814,0.129,CLV_PROXY_1M,0,0.0,100.0,50.0,51.7,49.2,52.7,-1.7,0.8,-2.7,0.00129,-4e-05,-0.00053,-0.00037,74.71,77.19,77.15,74.47,-2.48,-2.44,0.24,69.49,67.67,500,native,74.71,YORGUN,69.49,67.67,True,300,74.0,BEAR,BOS DN,HH/HL,HH/HL,SQZ,86.9,True,True,499,73,64.9,1789710000000,HIGH,7.93,4.89,7.9415,7.05,2,,,,1,0,7.9415,7.893,LOW_SWEEP,32,7.873,False,False,0.0673,499,native,75.8,YORGUN,76.96,79.0,True,300,75.4,BULL,BOS UP,MIX/HL,HH/MIX,RANGE,73.4,True,True,498,1,42.4,1789714080000,LOW,7.871,2.4,,,,7.6285,20.02,2,0,1,7.903,7.6285,HIGH_SWEEP,2,7.903,False,False,0.1741,499,native,54.93,NORMAL,67.97,65.0,True,300,61.4,BULL,BOS UP,MIX/HL,MIX/HL,RANGE,76.2,True,True,498,45,66.0,1789700700000,LOW,7.677,10.66,,,,,,,0,0,7.942,7.871,HIGH_SWEEP,50,7.723,False,False,0.2694,499,native,55.34,NORMAL,54.9,50.33,True,300,79.1,BULL,BOS UP,HH/HL,MIX/HL,TR UP,85.4,True,True,498,24,54.9,1789692300000,LOW,7.545,8.8,,,,,,,0,0,7.968,7.584,EQH_SWEEP,24,7.648,False,False,0.5161,499,native,87.82,ASIRI,82.85,90.0,True,300,91.4,TR-UP,CHOCH UP,HH/HL,LH/LL,TR-UP,94.6,True,True,498,3,96.7,1789700400000,LOW,7.545,4.46,8.192,3.58,3,7.186,8.91,2,1,1,8.192,7.186,EQL_SWEEP,37,7.186,False,False,1.023,499,native,84.87,ASIRI,91.15,93.33,True,300,78.7,BULL,BOS UP,HH/MIX,HH/MIX,RANGE,76.8,True,True,498,1,80.2,1789689600000,LOW,7.171,4.83,,,,7.173500000000001,4.81,2,0,1,7.8,7.173500000000001,LOW_SWEEP,15,7.243,False,False,1.9116,334,571,11470.18,11698.94,-228.76,-0.99,49.51,48.0,FLAT,159,32,23169.11,7.6,60.0,1.0,True,0,0.0,1,5999.9,-5999.9,37.9,0.132,0.591,1.0,0.994,53807.54,40352.0,13455.54,14.29,57.15,75.7,UP,598,140,94159.54,21.0,300.0,1.0,True,3,18051.42,3,22984.39,-4932.97,56.2,0.296,0.743,1.0,0.999,266619.72,246357.38,20262.34,3.95,51.97,58.0,UP,2657,519,512977.1,89.1,900.0,1.0,True,15,110882.33,16,146608.47,-35726.14,81.8,0.641,0.928,1.0,1.0,-5944.49,9099.22,-10669.2,-36.68,5.01,1.0,1178.79,0.0709,2263.06,0.1202,0.0593,NONE,1789714399866,SELL,5999.9,7.905,1789714320000,ok,1.0,1.0,1.0,continuous,1,31,0,,0,0,0,0,False,714,7.903,7.904,1.265,0.211,0.0369,-0.2135,353662.25,328499.02,24.67,1789714439164,150,False,,,,
2,v2,v1.2,REALF_PY_V4_2_DERIVED,ZPTDIFAT_PY_V1_4_DERIVED,fc-v1,native,,058e38aec59f4c35,20260918_064430,189,SUI_20260918_065402_314,SUIUSDT,BINANCE,FUTURES,TOP100,35,5000,1789714442314,2026-09-18T06:54:02.314+00:00,17,True,1789714442298,1789714442314,58.1,1789714380000,1789714439999,True,62.3,0.778,-0.0514,50.8,FAIR (DENGE),True,500,51.1,49.3,52.3,50.2,0.00026,-0.3,-0.28,0.00181,0.555,0.58,12.3,50.0,-8.6,YOK,2.9,0.698,0.7782019225744384,0.026,CLV_PROXY_1M,0,0.0,100.0,50.8,49.0,48.0,51.0,1.8,2.8,-0.2,0.00026,-0.00011,-0.00091,-0.00015,44.8,49.71,54.69,62.73,-4.91,-9.89,-17.93,36.63,25.67,500,native,44.8,NORMAL,36.63,25.67,True,300,68.7,BULL,BOS UP,MIX/HL,EQ/RANGE,SQZ,69.3,True,True,499,15,20.7,1789713480000,LOW,0.775,3.47,,,,,,,0,0,0.7795,0.7778,HIGH_SWEEP,31,0.777,False,False,0.1111,499,native,72.13,YORGUN,68.01,62.67,True,300,84.3,BULL,BOS UP,HH/HL,HH/HL,RANGE,80.2,True,True,498,5,18.5,1789713360000,LOW,0.7738,2.21,,,,0.7292,25.18,2,0,3,0.7798,0.7292,HIGH_SWEEP,56,0.7849,False,False,0.2496,499,native,63.65,NORMAL,69.6,64.67,True,300,60.8,BULL,BOS UP,MIX/HL,HH/HL,RANGE,74.3,True,True,498,44,48.0,1789701000000,LOW,0.7643,4.75,,,,0.71575,21.6,2,0,2,0.7849,0.71575,HIGH_SWEEP,94,0.7365,False,False,0.3701,499,native,47.38,NORMAL,49.53,38.33,True,300,78.1,BULL,BOS UP,HH/HL,MIX/HL,TR UP,90.8,True,True,498,30,53.6,1789686900000,LOW,0.7287,8.56,,,,0.7289,8.53,2,0,1,0.7899,0.7289,HIGH_SWEEP,59,0.7351,False,False,0.7395,499,native,87.9,ASIRI,76.15,85.33,True,300,83.0,TR-UP,CHOCH UP,HH/HL,HH/MIX,TR-UP,88.9,True,True,498,6,40.0,1789689600000,LOW,0.7157,5.66,0.8336,5.05,2,,,,2,0,0.8336,0.7157,LOW_SWEEP,37,0.6814,False,False,1.4211,499,native,86.38,ASIRI,91.15,95.33,True,300,89.3,TR-UP,CHOCH UP,HH/HL,MIX/HL,TR-UP,85.4,True,True,498,1,97.1,1789689600000,LOW,0.6773,5.34,,,,,,,0,0,0.7479,0.6773,LOW_SWEEP,16,0.692,False,False,2.3923,290,1409,37311.07,42787.49,-5476.43,-6.84,46.58,36.4,DOWN,485,110,80098.56,16.2,60.0,1.0,True,2,18871.4,2,31293.4,-12422.01,51.7,0.245,0.726,1.0,0.995,180171.76,141928.86,38242.9,11.87,55.94,72.2,UP,1723,333,322100.63,49.2,300.0,1.0,True,9,104485.46,8,98156.13,6329.33,72.6,0.496,0.877,1.0,0.999,701508.29,620643.85,80864.45,6.12,53.06,62.2,UP,6682,1224,1322152.14,179.9,900.0,1.0,True,39,394429.32,33,403040.18,-8610.86,90.7,0.783,1.0,1.0,1.0,-39793.21,-17177.1,-12073.23,-43.48,-3.6,1.0,13009.07,0.1985,9326.32,0.1448,0.0926,NONE,1789714436740,BUY,6557.22,0.7781203465052805,1789714320000,ok,1.0,1.0,1.0,continuous,1,108,0,,0,0,0,0,False,34,0.7777,0.7778,1.286,0.239,0.2087,-0.1005,536633.69,351348.88,25.07,1789714441743,571,False,,,,
2,v2,v1.2,REALF_PY_V4_2_DERIVED,ZPTDIFAT_PY_V1_4_DERIVED,fc-v1,native,,058e38aec59f4c35,20260918_064430,190,AKE_20260918_065405_316,AKEUSDT,BINANCE,FUTURES,TOP100,94,2000,1789714445316,2026-09-18T06:54:05.316+00:00,17,True,1789714445100,1789714445316,58.0,1789714440000,1789714499999,False,5.1,0.022914,-0.1003,52.5,FAIR (DENGE),True,500,51.5,59.7,47.1,50.0,-0.01894,0.05,0.14,0.00756,0.561,0.02,0.3,50.0,4.7,YOK,12.6,0.689,0.022484055126332645,-1.876,CLV_PROXY_1M,0,0.0,100.0,52.5,54.3,47.7,49.8,-1.8,4.8,2.7,-0.01894,0.00119,0.0044,0.00371,31.44,33.53,36.34,38.53,-2.09,-4.9,-7.09,29.2,20.33,500,native,31.44,NORMAL,29.2,20.33,True,300,65.7,BULL,BOS UP,MIX/HL,LH/MIX,TR UP,82.1,True,True,499,31,90.2,1789712580000,LOW,0.021423,8.58,,,,0.021402499999999998,8.69,2,0,1,0.0234,0.021402499999999998,HIGH_SWEEP,52,0.021605,False,False,0.758,499,native,71.73,NORMAL,61.26,63.67,True,300,89.8,BULL,BOS UP,HH/HL,HH/HL,EXP UP,94.4,True,True,498,10,71.4,1789712460000,LOW,0.021423,5.1,,,,,,,0,0,0.023636,0.021646,LOW_SWEEP,39,0.021228,False,False,1.2929,499,native,81.55,YORGUN,70.43,82.0,True,300,76.3,BULL,BOS UP,MIX/HL,HH/HL,EXP UP,79.7,True,True,498,9,67.7,1789711500000,LOW,0.0214,4.54,,,,,,,0,0,0.02168,0.021423,EQH_SWEEP,37,0.021653,False,False,1.4566,499,native,83.24,ASIRI,84.44,89.0,True,300,42.0,BEAR,BOS DN,LH/MIX,MIX/HL,TR DN,66.1,True,True,498,154,97.0,1789575300000,HIGH,0.028247,11.64,0.029421000000000003,14.21,2,0.0209945,4.26,2,1,3,0.029421000000000003,0.0209945,EQL_SWEEP,57,0.020765,False,False,1.973,499,native,75.79,YORGUN,95.0,98.0,True,300,70.7,BULL,BOS UP,HH/HL,HH/MIX,RANGE,69.6,True,True,498,74,56.3,1789444800000,LOW,0.014658,9.58,0.029844000000000002,8.05,2,0.012500500000000001,12.09,3,1,2,0.029844000000000002,0.012500500000000001,HIGH_SWEEP,75,0.0165,False,False,3.9837,499,native,41.19,NORMAL,44.71,44.33,True,300,84.7,BULL,BOS UP,HH/HL,MIX/HL,TR UP,90.5,True,True,498,18,80.8,1789444800000,LOW,0.013069,3.86,,,,0.0128725,3.94,2,0,3,0.029888,0.0128725,EQL_SWEEP,67,0.0128725,False,False,11.7969,239,9906,8635.73,9014.23,-378.5,-2.14,48.93,45.6,FLAT,867,470,17649.96,103.5,60.0,1.0,True,1,2164.56,0,0.0,2164.56,71.8,0.674,0.562,1.0,0.996,85348.83,91165.37,-5816.54,-3.3,48.35,43.3,DOWN,7024,3519,176514.2,528.3,300.0,1.0,True,8,22248.24,6,20370.09,1878.14,90.6,0.914,0.812,1.0,0.999,311796.33,316701.32,-4904.98,-0.78,49.61,48.4,FLAT,20637,9906,628497.65,611.1,656.8,0.7298,False,26,104032.96,19,100456.21,3576.76,89.6,0.924,0.95,0.73,1.0,318.66,12825.05,,0.06,2.24,0.6631,1105.52,0.0397,-929.2,-0.0263,-0.1232,UP,1789714405842,BUY,2164.56,0.02295546718773199,1789714320000,ok,1.0,1.0,1.0,continuous,1,464,0,,0,0,0,0,False,68,0.022927,0.02293,1.308,-0.619,-0.4119,-0.7249,1780.96,4275.73,9.38,1789714444740,576,False,,FATIGUE_EXTREME,,
2,v2,v1.2,REALF_PY_V4_2_DERIVED,ZPTDIFAT_PY_V1_4_DERIVED,fc-v1,native,,058e38aec59f4c35,20260918_064430,191,PONS_20260918_065408_293,PONSUSDT,BINANCE,FUTURES,OUTSIDE100,112,2000,1789714448293,2026-09-18T06:54:08.293+00:00,17,True,1789714448093,1789714448293,58.4,1789714440000,1789714499999,False,8.1,0.7256,0.0,58.8,PRICE AHEAD,True,500,61.8,54.5,61.6,50.1,-0.00394,-0.57,-1.3,0.0046,0.59,0.03,0.3,65.0,-18.7,YOK,7.3,1.0,0.7227446116736256,-0.394,CLV_PROXY_1M,0,0.0,100.0,58.8,54.2,48.1,44.3,4.6,10.7,14.5,-0.00394,0.00019,-0.0022,-0.00374,16.86,16.89,21.92,32.04,-0.03,-5.06,-15.18,19.31,11.0,500,native,16.86,DINLENMIS,19.31,11.0,True,300,9.8,BEAR,BOS DN,LH/LL,LH/LL,SQZ,91.1,True,True,499,2,45.1,1789714320000,HIGH,0.7316,2.98,,,,0.7134,6.05,2,0,1,0.7316,0.7134,EQL_SWEEP,24,0.73295,False,False,0.2777,499,native,18.76,DINLENMIS,15.57,6.67,True,300,26.2,BULL,BOS UP,LH/LL,LH/LL,SQZ,86.5,True,True,498,81,26.3,1789699860000,LOW,0.6834,9.58,0.7777000000000001,11.83,3,0.63845,19.78,2,1,1,0.7777000000000001,0.63845,HIGH_SWEEP,96,0.6964,False,False,0.6071,499,native,29.61,DINLENMIS,24.24,14.0,True,300,14.8,BEAR,BOS DN,LH/LL,MIX/HL,RANGE,88.2,True,True,498,13,56.1,1789710300000,HIGH,0.7473,3.07,0.7778,7.35,2,,,,1,0,0.7778,0.7235,LOW_SWEEP,11,0.729,False,False,0.9794,499,native,40.65,NORMAL,33.22,26.67,True,300,85.7,BULL,BOS UP,HH/HL,MIX/LL,TR UP,93.8,True,True,498,18,77.8,1789697700000,LOW,0.6551,5.1,,,,,,,0,0,0.7781,0.6551,HIGH_SWEEP,19,0.6959,False,False,1.8909,289,native,80.52,YORGUN,67.65,75.84,False,269,88.1,BULL,BOS UP,HH/HL,HH/HL,TR UP,88.8,True,True,288,7,54.7,1789686000000,LOW,0.6099,3.83,,,,,,,0,0,0.6721,0.6099,HIGH_SWEEP,6,0.6721,False,False,4.1259,73,native,83.24,ASIRI,82.03,94.34,False,53,74.7,TR-UP,CHOCH UP,HH/MIX,HH/HL,TR-UP,76.3,True,False,72,1,84.3,1789689600000,LOW,0.5483,3.31,,,,,,,0,0,0.6992,0.5483,LOW_SWEEP,12,0.5821,False,False,6.9476,61,2435,21835.04,11482.83,10352.2,31.07,65.54,90.0,UP,486,163,33317.87,19.6,60.0,1.0,True,1,6534.93,1,3321.47,3213.46,52.5,0.282,0.631,1.0,0.999,110847.1,167647.61,-56800.52,-20.4,39.8,17.2,DOWN,2922,885,278494.71,164.7,300.0,1.0,True,9,32521.5,19,107393.16,-74871.65,86.0,0.767,0.861,1.0,1.0,313261.69,457447.96,-144186.27,-18.71,40.65,18.9,DOWN,7552,2367,770709.65,367.7,900.0,1.0,True,27,119247.06,45,266517.78,-147270.72,94.2,0.88,0.972,1.0,1.0,19183.58,13954.03,,23.48,3.12,0.9377,-2128.6,-0.0468,-12283.22,-0.2205,-0.3488,NONE,1789714428937,SELL,3321.47,0.7258461756993007,1789714320000,ok,1.0,1.0,1.0,continuous,1,157,0,,0,0,0,0,False,102,0.7254,0.7255,1.378,-0.029,0.146,0.0171,40597.51,30253.59,26.88,1789714447903,390,False,,FATIGUE_RESTED_1M,,
2,v2,v1.2,REALF_PY_V4_2_DERIVED,ZPTDIFAT_PY_V1_4_DERIVED,fc-v1,native,,058e38aec59f4c35,20260918_064430,192,SKR_20260918_065411_404,SKRUSDT,BINANCE,FUTURES,OUTSIDE100,227,500,1789714451404,2026-09-18T06:54:11.404+00:00,17,True,1789714450973,1789714451404,58.7,1789714440000,1789714499999,False,11.0,0.019095,-0.0209,43.0,FAIR (DENGE),True,500,40.0,45.5,43.2,50.0,0.002,-0.71,-0.17,0.00142,0.369,0.0,0.3,45.0,-7.6,YOK,5.5,1.0,0.019133215592041564,0.2,CLV_PROXY_1M,0,0.0,100.0,43.0,39.2,49.4,53.8,3.8,-6.4,-10.8,0.002,0.00011,0.00014,0.001,20.79,23.52,30.98,45.74,-2.73,-10.19,-24.95,18.2,5.67,500,native,20.79,DINLENMIS,18.2,5.67,True,300,38.2,BULL,BOS UP,LH/LL,LH/LL,SQZ,79.3,True,True,499,18,33.7,1789713360000,LOW,0.019028,2.55,0.019363,10.21,2,,,,1,0,0.019363,0.019085,EQH_SWEEP,63,0.0189665,False,False,0.1375,499,native,56.78,NORMAL,45.8,45.33,True,300,72.4,BULL,BOS UP,HH/MIX,MIX/HL,TR UP,73.8,True,True,498,6,30.5,1789713360000,LOW,0.018839,4.66,0.020296500000000002,21.88,2,0.0188425,4.6,2,1,1,0.020296500000000002,0.0188425,LOW_SWEEP,29,0.018846,False,False,0.2875,499,native,75.56,YORGUN,64.09,67.33,True,300,86.1,BULL,BOS UP,HH/HL,HH/MIX,RANGE,83.4,True,True,498,3,34.0,1789713300000,LOW,0.018839,3.44,0.020296500000000002,16.15,2,,,,1,0,0.020296500000000002,0.018839,LOW_SWEEP,28,0.018732,False,False,0.389,499,native,80.35,YORGUN,80.95,83.33,True,300,74.2,BULL,BOS UP,MIX/HL,MIX/HL,SQZ,69.3,True,True,498,2,49.0,1789712100000,LOW,0.018719,2.56,,,,0.017547,10.54,2,0,2,0.019011,0.017547,HIGH_SWEEP,36,0.019329,False,False,0.7664,499,native,43.31,NORMAL,51.32,59.0,True,300,39.3,BULL,BOS UP,LH/LL,HH/MIX,RANGE,84.4,True,True,498,21,72.8,1789635600000,LOW,0.017378,4.52,0.025375500000000002,16.53,2,,,,1,0,0.025375500000000002,0.018321,LOW_SWEEP,6,0.018554,False,False,2.0012,499,native,73.23,YORGUN,68.58,77.33,True,300,72.9,BULL,BOS UP,HH/HL,HH/HL,TR UP,83.6,True,True,498,114,36.2,1788062400000,LOW,0.008858,11.54,,,,0.017043000000000003,2.31,2,0,1,0.020299,0.017043000000000003,HIGH_SWEEP,4,0.019684,False,False,4.7097,7200,482,94.05,2053.11,-1959.07,-91.24,4.38,5.0,DOWN,38,28,2147.16,12.4,60.0,1.0,True,0,0.0,2,1983.87,-1983.87,37.2,0.198,0.333,1.0,0.88,4949.49,5525.87,-576.37,-5.5,47.25,39.0,DOWN,175,115,10475.36,33.9,300.0,1.0,True,3,2777.89,2,1983.87,794.01,56.6,0.404,0.505,1.0,0.976,16479.93,24073.03,-7593.11,-18.72,40.64,18.9,DOWN,604,410,40552.96,73.4,900.0,1.0,True,6,9767.38,7,16181.66,-6414.28,71.4,0.595,0.652,1.0,0.992,-2031.89,-110.63,517.81,-52.26,-0.49,1.0,-697.02,-0.6503,-95.45,-0.0456,0.0374,DOWN,1789714431286,SELL,1432.82,0.019098160615269782,1789714380000,ok,1.0,1.0,1.0,continuous,1,28,0,,0,0,0,0,False,136,0.019096,0.019099,1.571,0.213,0.2557,-0.2371,3689.76,2187.01,14.92,1789714450503,901,False,,FATIGUE_RESTED_1M|AGGRESSIVE_SELLER,,
2,v2,v1.2,REALF_PY_V4_2_DERIVED,ZPTDIFAT_PY_V1_4_DERIVED,fc-v1,native,,058e38aec59f4c35,20260918_064430,193,PROM_20260918_065414_296,PROMUSDT,BINANCE,FUTURES,OUTSIDE100,266,1000,1789714454296,2026-09-18T06:54:14.296+00:00,17,True,1789714454108,1789714454296,59.1,1789714440000,1789714499999,False,14.1,5.38,0.0372,56.7,FAIR (DENGE),True,500,58.0,57.3,56.4,50.0,-0.00339,-0.61,-0.87,0.0023,0.467,0.0,0.3,70.0,-19.0,YOK,1.6,1.0,5.361800286905857,-0.338,CLV_PROXY_1M,0,0.0,100.0,56.7,54.0,56.8,62.2,2.7,-0.1,-5.5,-0.00339,-0.00027,-0.00096,-0.00081,25.16,25.54,31.14,29.92,-0.38,-5.98,-4.76,25.25,22.0,500,native,25.16,DINLENMIS,25.25,22.0,True,300,13.7,BEAR,BOS DN,LH/LL,MIX/HL,TR DN,92.7,True,True,499,14,57.3,1789713600000,HIGH,5.424,4.79,,,,,,,0,0,5.424,5.378,LOW_SWEEP,39,5.427,False,False,0.1708,499,native,19.81,DINLENMIS,19.86,10.67,True,300,11.2,BEAR,BOS DN,LH/LL,LH/LL,TR DN,90.3,True,True,498,5,47.1,1789713540000,HIGH,5.541,8.57,,,,,,,0,0,5.541,5.41,EQL_SWEEP,5,5.3934999999999995,False,False,0.3494,499,native,13.26,DINLENMIS,14.29,7.0,True,300,45.5,TR-DN,CHOCH DN,MIX/HL,LH/LL,TR-DN,75.6,True,True,498,8,58.5,1789711800000,HIGH,5.541,6.73,,,,5.2165,6.83,2,0,1,5.541,5.2165,HIGH_SWEEP,31,5.589,False,False,0.444,499,native,21.89,DINLENMIS,12.5,6.0,True,300,60.0,TR-DN,CHOCH DN,HH/HL,MIX/HL,TR-DN,88.0,True,True,498,3,54.5,1789711200000,HIGH,5.594,4.97,5.7285,8.07,2,,,,2,0,5.7285,5.43,LOW_SWEEP,172,5.332,False,False,0.8035,499,native,50.99,NORMAL,22.55,13.0,True,300,59.0,BEAR,BOS DN,MIX/HL,MIX/HL,SQZ,69.1,True,True,498,46,75.0,1789545600000,HIGH,5.729,4.15,5.8375,5.44,3,4.906499999999999,5.63,2,2,1,5.8375,4.906499999999999,EQL_SWEEP,94,5.5815,False,False,1.5355,499,native,46.51,NORMAL,43.71,33.33,True,300,26.5,BULL,BOS UP,LH/LL,MIX/HL,SQZ,85.6,True,True,498,58,11.5,1788868800000,LOW,4.913,2.54,,,,4.4025,5.31,2,0,2,5.659,4.4025,HIGH_SWEEP,57,5.986,False,False,3.3065,714,942,1973.5,1245.93,727.57,22.6,61.3,84.8,UP,87,42,3219.42,7.0,60.0,1.0,True,1,1000.68,0,0.0,1000.68,32.3,0.124,0.377,1.0,0.988,14021.51,14369.52,-348.01,-1.23,49.39,47.5,FLAT,549,242,28391.03,47.2,300.0,1.0,True,3,4892.75,4,5893.11,-1000.37,64.7,0.486,0.613,1.0,0.998,66240.52,119070.96,-52830.44,-28.51,35.75,11.3,DOWN,2159,868,185311.48,98.8,900.0,1.0,True,19,32580.97,13,81523.7,-48942.73,79.9,0.664,0.817,1.0,0.999,685.17,-2604.6,1089.11,11.04,-4.37,1.0,-29.83,-0.0049,-80.48,-0.0142,0.1676,NONE,1789714452525,BUY,1000.68,5.38,1789714380000,ok,1.0,1.0,1.0,continuous,1,42,0,,0,0,0,0,False,170,5.38,5.382,3.717,0.116,0.0607,-0.3765,35050.49,31039.71,37.17,1789714453592,704,False,,FATIGUE_RESTED_1M,,
2,v2,v1.2,REALF_PY_V4_2_DERIVED,ZPTDIFAT_PY_V1_4_DERIVED,fc-v1,native,,058e38aec59f4c35,20260918_064430,194,UAI_20260918_065417_005,UAIUSDT,BINANCE,FUTURES,OUTSIDE100,296,2000,1789714457005,2026-09-18T06:54:17.005+00:00,17,True,1789714456990,1789714457005,59.0,1789714440000,1789714499999,False,17.0,0.4197,-0.0476,61.7,PRICE AHEAD,True,500,65.5,58.8,62.5,50.1,-0.00756,1.31,0.51,0.00446,0.664,0.07,0.3,55.0,3.8,YOK,6.7,1.0,0.4165399007882389,-0.753,CLV_PROXY_1M,0,0.0,100.0,61.7,63.0,58.0,54.8,-1.3,3.7,6.9,-0.00756,0.0005,-0.00269,-0.00353,83.16,79.02,58.92,55.66,4.14,24.24,27.5,90.77,97.67,500,native,83.16,ASIRI,90.77,97.67,True,300,34.7,BEAR,BOS DN,LH/MIX,HH/MIX,SQZ,71.4,True,True,499,29,90.8,1789712700000,HIGH,0.4198,0.09,0.42315,3.18,2,0.4168,2.67,2,1,2,0.42315,0.4168,HIGH_SWEEP,107,0.4247,False,False,0.2582,499,native,63.25,NORMAL,75.72,84.33,True,300,28.6,BULL,BOS UP,LH/LL,LH/LL,SQZ,79.1,True,True,498,71,61.1,1789701660000,LOW,0.4075,5.47,0.43455,6.66,2,,,,1,0,0.43455,0.4129,LOW_SWEEP,7,0.4166,False,False,0.5309,499,native,39.72,NORMAL,59.36,58.33,True,300,58.1,TR-DN,CHOCH DN,MIX/HL,LH/LL,TR-DN,66.3,True,True,498,51,58.0,1789698900000,HIGH,0.4354,4.73,,,,0.3559,19.22,3,0,1,0.4232,0.3559,HIGH_SWEEP,104,0.4106,False,False,0.7961,499,native,38.2,NORMAL,43.46,40.67,True,300,68.6,BULL,BOS UP,MIX/HL,MIX/HL,RANGE,79.5,True,True,498,21,30.6,1789695000000,LOW,0.3901,4.06,0.43505,2.1,2,0.3838,4.92,2,2,2,0.43505,0.3838,LOW_SWEEP,174,0.3294,False,False,1.7465,499,native,66.72,NORMAL,59.86,62.67,True,300,86.6,BULL,BOS UP,HH/HL,HH/HL,SQZ,87.3,True,True,498,6,38.6,1789689600000,LOW,0.3838,2.22,,,,,,,0,0,0.4354,0.3838,HIGH_SWEEP,4,0.418,False,False,3.8614,499,native,65.51,NORMAL,74.21,78.33,True,300,18.4,BEAR,BOS DN,LH/LL,HH/HL,RANGE,87.8,True,True,498,19,42.0,1789430400000,HIGH,0.5943,3.98,,,,,,,0,0,0.5943,0.322,LOW_SWEEP,20,0.4503,False,False,10.3453,161,707,1006.8,1060.97,-54.17,-2.62,48.69,44.7,FLAT,77,40,2067.76,19.1,60.0,1.0,True,0,0.0,0,0.0,0.0,42.8,0.276,0.329,1.0,0.997,30206.46,4656.99,25549.47,73.28,86.64,94.9,UP,628,231,34863.45,30.7,300.0,1.0,True,4,22764.35,0,0.0,22764.35,59.3,0.381,0.636,1.0,0.999,44224.08,25649.53,18574.54,26.58,63.29,87.6,UP,1528,612,69873.61,86.5,900.0,1.0,True,4,22764.35,3,9331.39,13432.96,75.2,0.634,0.711,1.0,1.0,-1472.64,-2196.93,-1450.64,-25.37,-0.17,1.0,5256.51,0.718,5533.79,0.7936,0.6879,NONE,1789714334917,BUY,12166.08,0.41921637090382824,1789714380000,ok,1.0,1.0,1.0,continuous,1,35,0,,0,0,0,0,False,204,0.4196,0.4197,2.383,-0.808,0.0593,-0.1595,15751.36,13987.87,46.47,1789714456834,171,False,,FATIGUE_EXTREME,,
2,v2,v1.2,REALF_PY_V4_2_DERIVED,ZPTDIFAT_PY_V1_4_DERIVED,fc-v1,native,,058e38aec59f4c35,20260918_064430,195,BULLA_20260918_065419_898,BULLAUSDT,BINANCE,FUTURES,OUTSIDE100,339,5000,1789714459898,2026-09-18T06:54:19.898+00:00,17,True,1789714459898,1789714459898,58.8,1789714440000,1789714499999,False,19.9,0.10169,-0.0688,55.1,FAIR (DENGE),True,500,57.2,53.7,54.4,50.1,-0.0047,0.65,0.34,0.00575,0.565,0.11,0.7,40.0,-16.3,YOK,3.6,1.0,0.10121297705953299,-0.469,CLV_PROXY_1M,0,0.0,100.0,55.1,56.8,58.6,57.0,-1.7,-3.5,-1.9,-0.0047,0.00057,-0.00032,-0.00157,68.51,65.15,54.01,45.3,3.36,14.5,23.21,72.35,85.67,500,native,68.51,NORMAL,72.35,85.67,True,300,49.2,TR-DN,CHOCH DN,HH/MIX,MIX/HL,TR-DN,73.3,True,True,499,14,44.8,1789713600000,HIGH,0.10172,0.08,0.10206,1.05,3,0.100455,3.5,2,1,2,0.10206,0.100455,EQL_SWEEP,57,0.100455,False,False,0.347,499,native,61.58,NORMAL,69.69,81.67,True,300,59.1,BULL,BOS UP,MIX/HL,MIX/LL,RANGE,69.2,True,True,498,43,89.1,1789706700000,LOW,0.096433,6.47,0.102005,0.39,2,0.0964015,6.51,2,1,2,0.102005,0.0964015,HIGH_SWEEP,29,0.10206,False,False,0.7984,499,native,56.06,NORMAL,61.93,68.67,True,300,46.9,BULL,BOS UP,LH/MIX,MIX/LL,TR UP,64.3,True,True,498,25,22.3,1789706700000,LOW,0.09539,5.42,,,,0.10001,1.45,2,0,1,0.10203,0.10001,HIGH_SWEEP,23,0.10114,False,False,1.1473,499,native,71.51,NORMAL,66.72,72.33,True,300,74.6,BEAR,BOS DN,HH/HL,HH/HL,TR DN,88.7,True,True,498,65,27.4,1789655400000,HIGH,0.10999,3.61,0.109785,3.52,2,,,,1,0,0.109785,0.094,LOW_SWEEP,67,0.1007,False,False,2.2834,499,native,65.95,NORMAL,73.63,88.67,True,300,26.8,BULL,BOS UP,LH/LL,MIX/HL,RANGE,84.5,True,True,498,44,42.2,1789552800000,LOW,0.060024,6.41,,,,0.060025499999999996,6.41,2,0,1,0.121362,0.060025499999999996,HIGH_SWEEP,45,0.076341,False,False,6.4384,499,native,57.93,NORMAL,58.13,59.33,True,300,75.0,BULL,BOS UP,HH/MIX,HH/HL,EXP UP,78.0,True,True,498,11,96.7,1789545600000,LOW,0.0675,2.29,,,,0.0154205,5.78,2,0,1,0.139078,0.0154205,HIGH_SWEEP,52,0.085989,False,False,15.2143,1967,1730,4367.35,2642.64,1724.72,24.6,62.3,86.3,UP,236,122,7009.99,28.2,60.0,1.0,True,0,0.0,0,0.0,0.0,52.5,0.36,0.461,1.0,0.967,9845.71,7891.05,1954.66,11.02,55.51,70.8,UP,637,333,17736.77,48.9,300.0,1.0,True,0,0.0,0,0.0,0.0,63.4,0.494,0.562,1.0,0.993,65262.06,76867.46,-11605.4,-8.17,45.92,34.0,DOWN,3159,1685,142129.51,249.5,900.0,1.0,True,1,5200.14,2,35515.93,-30315.79,86.5,0.833,0.788,1.0,0.998,471.28,3919.32,2256.24,-0.1,10.53,0.9773,658.1,0.143,272.63,0.0769,-0.1443,UP,1789713918675,BUY,5200.14,0.10101665651346205,1789714380000,ok,1.0,1.0,1.0,continuous,1,121,0,,0,0,0,0,False,238,0.10163,0.10168,4.919,-1.834,0.1214,0.1535,3351.13,2625.31,22.13,1789714459489,409,False,,,,
2,v2,v1.2,REALF_PY_V4_2_DERIVED,ZPTDIFAT_PY_V1_4_DERIVED,fc-v1,native,,058e38aec59f4c35,20260918_064430,196,OG_20260918_065423_451,OGUSDT,BINANCE,FUTURES,OUTSIDE100,523,500,1789714463451,2026-09-18T06:54:23.451+00:00,17,True,1789714463451,1789714463451,59.4,1789714440000,1789714499999,False,23.5,2.749,0.0,34.0,PRICE LAG,True,500,30.4,34.8,39.9,36.9,0.00474,-0.22,-0.07,0.00061,0.245,1.49,87.3,50.0,38.2,YOK,9.5,1.0,2.7620555678589955,0.475,CLV_PROXY_1M,0,0.0033,99.7,34.0,40.0,35.3,29.1,-6.0,-1.3,4.9,0.00474,0.0007,-6e-05,-0.00068,31.49,37.37,45.13,45.59,-5.88,-13.64,-14.1,22.52,6.67,500,native,31.49,NORMAL,22.52,6.67,True,300,87.7,BULL,BOS UP,HH/HL,HH/MIX,SQZ,88.8,True,True,499,10,69.0,1789713840000,LOW,2.749,0.0,,,,2.748,0.5,2,0,3,2.757,2.748,HIGH_SWEEP,79,2.76,False,True,0.0721,499,native,32.99,NORMAL,10.16,1.33,True,300,75.1,BULL,BOS UP,MIX/HL,HH/HL,RANGE,64.5,True,True,498,4,60.2,1789713720000,LOW,2.746,0.0,,,,2.746,0.0,2,0,3,2.754,2.746,HIGH_SWEEP,58,2.746,False,False,0.1576,499,native,37.14,NORMAL,32.09,14.67,True,300,67.4,BULL,BOS UP,MIX/HL,MIX/HL,TR UP,73.6,True,True,498,20,39.4,1789708200000,LOW,2.732,2.72,,,,2.679,11.22,2,0,2,2.756,2.679,HIGH_SWEEP,22,2.759,False,False,0.2269,499,native,58.51,NORMAL,50.77,41.33,True,300,85.9,BULL,BOS UP,HH/HL,HH/HL,TR UP,87.3,True,True,498,7,35.2,1789707600000,LOW,2.679,6.98,,,,2.6635,8.53,2,0,1,2.769,2.6635,HIGH_SWEEP,6,2.759,False,False,0.3636,499,native,89.67,ASIRI,85.04,92.0,True,300,74.4,BULL,BOS UP,MIX/HL,MIX/HL,RANGE,73.4,True,True,498,7,58.0,1789686000000,LOW,2.662,4.25,,,,2.6,7.39,2,0,1,2.7,2.6,HIGH_SWEEP,30,2.712,False,False,0.7193,499,native,78.61,YORGUN,87.12,92.33,True,300,75.1,BULL,BOS UP,MIX/HL,HH/HL,SQZ,73.2,True,True,498,1,52.4,1789689600000,LOW,2.61,3.13,2.9825,5.27,3,2.5975,3.42,2,2,2,2.9825,2.5975,EQH_SWEEP,87,2.9425,False,False,1.6159,4055,96,520.42,770.97,-250.55,-19.4,40.3,18.2,DOWN,30,10,1291.39,5.5,60.0,1.0,True,0,0.0,1,764.92,-764.92,26.8,0.099,0.278,1.0,0.932,974.32,2269.68,-1295.36,-39.93,30.03,7.3,DOWN,78,28,3244.0,7.8,300.0,1.0,True,0,0.0,2,1702.95,-1702.95,33.5,0.135,0.378,1.0,0.986,4363.48,3716.07,647.41,8.01,54.01,65.7,UP,242,76,8079.56,19.5,900.0,1.0,True,2,1535.88,3,2257.3,-721.42,48.1,0.28,0.477,1.0,0.995,955.51,316.5,-239.27,28.47,9.04,1.0,-526.72,-0.5277,-276.76,-0.4266,-0.4091,NONE,1789714453455,SELL,764.92,2.747560704022989,1789714380000,ok,1.0,1.0,1.0,continuous,1,10,0,,0,0,0,0,False,272,2.747,2.749,7.278,2.836,0.3,0.0705,26457.1,14246.61,72.78,1789714459503,3948,False,,,,
2,v2,v1.2,REALF_PY_V4_2_DERIVED,ZPTDIFAT_PY_V1_4_DERIVED,fc-v1,native,,058e38aec59f4c35,20260918_064430,197,ZORA_20260918_065427_004,ZORAUSDT,BINANCE,FUTURES,OUTSIDE100,612,500,1789714467004,2026-09-18T06:54:27.004+00:00,17,True,1789714466989,1789714467004,60.4,1789714440000,1789714499999,False,27.0,0.007892,0.0,54.3,FAIR (DENGE),True,500,56.4,51.2,55.3,50.0,-0.0005,0.17,-0.15,0.00155,0.532,0.0,0.3,50.0,1.3,YOK,5.2,1.0,0.007888028830738377,-0.05,CLV_PROXY_1M,0,0.0,100.0,54.3,56.4,48.5,49.4,-2.1,5.8,4.9,-0.0005,-2e-05,-0.00087,-0.00083,53.65,54.44,56.81,62.48,-0.79,-3.16,-8.83,51.87,51.67,500,native,53.65,NORMAL,51.87,51.67,True,300,82.4,TR-UP,CHOCH UP,HH/HL,LH/MIX,SQZ,89.7,True,True,499,14,64.1,1789713600000,LOW,0.007851,4.87,,,,0.007775499999999999,13.83,2,0,1,0.007905,0.007775499999999999,HIGH_SWEEP,6,0.007903,False,False,0.1067,499,native,67.03,NORMAL,66.84,65.67,True,300,88.8,BULL,BOS UP,HH/HL,HH/HL,RANGE,87.7,True,True,498,5,56.3,1789713540000,LOW,0.007842,2.7,,,,,,,0,0,0.007897,0.007842,HIGH_SWEEP,4,0.007897,False,False,0.2349,499,native,72.46,YORGUN,78.28,83.67,True,300,86.0,BULL,BOS UP,HH/HL,HH/HL,RANGE,84.8,True,True,498,10,63.8,1789711200000,LOW,0.007813,3.09,,,,,,,0,0,0.007897,0.007842,HIGH_SWEEP,2,0.007897,False,False,0.3238,499,native,44.71,NORMAL,47.23,46.33,True,300,81.8,BULL,BOS UP,HH/HL,MIX/HL,RANGE,87.5,True,True,498,21,74.9,1789695000000,LOW,0.007527,6.92,,,,,,,0,0,0.00802,0.007813,LOW_SWEEP,25,0.007571,False,False,0.6689,499,native,79.61,YORGUN,74.03,87.0,True,300,73.8,BEAR,BOS DN,HH/HL,HH/MIX,TR DN,86.4,True,True,498,69,59.5,1789462800000,HIGH,0.007987,0.78,0.009008,9.13,2,0.007187,5.77,2,1,1,0.009008,0.007187,LOW_SWEEP,126,0.008102,False,False,1.5567,499,native,71.74,NORMAL,78.09,86.33,True,300,18.0,TR-DN,CHOCH DN,LH/LL,LH/LL,TR-DN,90.3,True,True,498,16,65.9,1789473600000,HIGH,0.008968,4.06,,,,0.0058755000000000005,7.62,2,0,2,0.008336,0.0058755000000000005,HIGH_SWEEP,29,0.008437,False,False,3.3227,6253,262,13.71,5.32,8.39,44.09,72.05,93.4,UP,3,3,19.03,2.9,60.0,1.0,True,0,0.0,0,0.0,0.0,0.0,0.055,0.0,1.0,0.896,758.54,2256.68,-1498.14,-49.69,25.16,6.0,DOWN,89,58,3015.22,18.8,300.0,1.0,True,0,0.0,0,0.0,0.0,44.0,0.273,0.37,1.0,0.979,7565.57,7905.65,-340.09,-2.2,48.9,45.5,FLAT,448,230,15471.22,61.2,900.0,1.0,True,3,2910.92,3,2716.25,194.67,65.7,0.55,0.547,1.0,0.993,558.2,1055.31,-1277.12,56.62,6.09,1.0,-377.03,-0.4852,-345.96,-0.5737,-0.7537,NONE,1789714134161,SELL,1082.25,0.007884578095744603,1789714380000,ok,1.0,1.0,1.0,continuous,1,3,0,,0,0,0,0,False,306,0.007892,0.007893,1.267,0.593,-0.0921,0.1436,17785.09,21392.38,25.97,1789714465800,1204,False,,,,
2,v2,v1.2,REALF_PY_V4_2_DERIVED,ZPTDIFAT_PY_V1_4_DERIVED,fc-v1,native,,058e38aec59f4c35,20260918_064430,198,TNSR_20260918_065430_548,TNSRUSDT,BINANCE,FUTURES,OUTSIDE100,738,200,1789714470548,2026-09-18T06:54:30.548+00:00,17,True,1789714469697,1789714470548,60.9,1789714440000,1789714499999,False,29.7,0.03518,0.0284,62.2,PRICE AHEAD,True,500,66.5,58.5,62.7,51.0,-0.00301,0.0,-0.67,0.0013,0.553,0.13,9.3,55.0,-9.5,YOK,8.0,1.0,0.0350741161809714,-0.301,CLV_PROXY_1M,0,0.0,100.0,62.2,58.8,56.3,56.7,3.4,5.9,5.5,-0.00301,-0.00022,-0.0011,-0.00106,61.87,65.66,77.22,71.89,-3.79,-15.35,-10.02,52.03,55.33,500,native,61.87,NORMAL,52.03,55.33,True,300,74.3,BULL,BOS UP,MIX/HL,HH/MIX,RANGE,73.3,True,True,499,7,58.2,1789714020000,LOW,0.03512,1.93,,,,0.03507,3.53,2,0,1,0.03518,0.03507,HIGH_SWEEP,1,0.03518,True,False,0.0886,499,native,67.28,NORMAL,65.35,67.67,True,300,75.4,BULL,BOS UP,HH/MIX,HH/HL,RANGE,68.2,True,True,498,2,47.6,1789714080000,LOW,0.03507,1.65,,,,0.03507,1.65,3,0,1,0.03521,0.03507,HIGH_SWEEP,1,0.03521,True,False,0.19,499,native,55.86,NORMAL,66.51,66.33,True,300,29.0,BULL,BOS UP,LH/LL,HH/HL,RANGE,78.1,True,True,498,45,51.5,1789700700000,LOW,0.03481,4.21,,,,0.03454,7.28,2,0,2,0.03536,0.03454,HIGH_SWEEP,50,0.03498,False,False,0.2498,499,native,39.22,NORMAL,40.47,39.67,True,300,83.8,BULL,BOS UP,HH/HL,MIX/HL,RANGE,93.4,True,True,498,20,59.8,1789695900000,LOW,0.03454,3.72,,,,0.034375,4.68,2,0,1,0.03583,0.034375,HIGH_SWEEP,17,0.03497,False,False,0.4898,499,native,74.9,YORGUN,61.13,69.67,True,300,74.8,BULL,BOS UP,MIX/HL,MIX/HL,TR UP,73.8,True,True,498,5,52.8,1789693200000,LOW,0.03405,2.88,,,,,,,0,0,0.03497,0.03438,LOW_SWEEP,36,0.03304,False,False,1.1171,499,native,78.33,YORGUN,78.33,87.33,True,300,76.4,BULL,BOS UP,HH/MIX,HH/HL,RANGE,71.9,True,True,498,1,56.6,1789689600000,LOW,0.03258,3.35,0.037065,2.43,2,0.029225,7.66,2,1,1,0.037065,0.029225,EQH_SWEEP,59,0.037065,False,False,2.178,6763,96,58.84,28.09,30.75,35.37,67.69,91.5,UP,7,4,86.93,2.5,60.0,1.0,True,0,0.0,0,0.0,0.0,0.0,0.048,0.0,1.0,0.887,2426.16,1739.49,686.67,16.48,58.24,78.6,UP,81,34,4165.65,10.3,300.0,1.0,True,4,2012.03,2,1279.68,732.35,37.5,0.17,0.405,1.0,0.977,4406.66,2152.38,2254.29,34.37,67.18,91.2,UP,177,85,6559.04,20.3,900.0,1.0,True,7,3127.53,2,1279.68,1847.85,48.0,0.288,0.454,1.0,0.992,257.84,111.86,471.68,29.17,1.64,1.0,-130.19,-0.3156,13.09,0.0157,0.42,DOWN,1789714364185,SELL,477.37,0.03518012572590868,1789714380000,ok,1.0,1.0,1.0,continuous,1,4,0,,0,0,0,0,False,340,0.03517,0.03518,2.843,-0.83,0.0106,-0.19,18291.79,17907.2,55.44,1789714468578,1970,False,,,,
2,v2,v1.2,REALF_PY_V4_2_DERIVED,ZPTDIFAT_PY_V1_4_DERIVED,fc-v1,native,,058e38aec59f4c35,20260918_064430,199,VELVET_20260918_065433_958,VELVETUSDT,BINANCE,FUTURES,OUTSIDE100,761,200,1789714473958,2026-09-18T06:54:33.958+00:00,28,True,1789714473542,1789714473958,61.3,1789714440000,1789714499999,False,33.5,0.05523,0.0725,35.5,PRICE LAG,True,500,28.3,44.6,34.1,48.4,0.00372,-1.25,-0.03,0.00197,0.368,0.12,17.0,40.0,1.8,YOK,16.4,1.0,0.055435634285373576,0.372,CLV_PROXY_1M,0,0.0,100.0,35.5,35.3,37.1,41.7,0.2,-1.6,-6.2,0.00372,-0.00084,0.00106,0.00401,15.62,14.93,17.43,22.86,0.69,-1.81,-7.24,19.19,12.67,500,native,15.62,DINLENMIS,19.19,12.67,True,300,41.6,BEAR,BOS DN,MIX/HL,LH/LL,EXP DN,74.9,True,True,499,7,70.0,1789714020000,HIGH,0.05589,4.33,0.056855,10.67,2,,,,1,0,0.056855,0.05553,EQL_SWEEP,82,0.055625,False,False,0.2759,499,native,15.88,DINLENMIS,10.05,4.0,True,300,40.4,BEAR,BOS DN,HH/MIX,LH/LL,RANGE,73.8,True,True,498,3,51.7,1789713900000,HIGH,0.05615,3.8,,,,,,,0,0,0.05615,0.05544,LOW_SWEEP,9,0.05556,False,False,0.4574,499,native,27.87,DINLENMIS,10.93,1.67,True,300,17.5,BEAR,BOS DN,LH/LL,LH/LL,RANGE,86.8,True,True,498,17,49.3,1789709100000,HIGH,0.05671,4.76,,,,0.0515,11.55,2,0,1,0.05615,0.0515,HIGH_SWEEP,29,0.05618,False,False,0.5759,499,native,27.88,DINLENMIS,16.83,5.33,True,300,70.9,BULL,BOS UP,HH/MIX,HH/MIX,RANGE,71.4,True,True,498,9,44.5,1789705800000,LOW,0.05548,-0.45,,,,0.0515,6.74,3,0,1,0.05671,0.0515,HIGH_SWEEP,8,0.05649,False,False,0.9931,499,native,32.37,NORMAL,23.74,20.0,True,300,70.4,BULL,BOS UP,HH/MIX,LH/LL,TR UP,75.1,True,True,498,14,40.8,1789660800000,LOW,0.0494,4.38,,,,,,,0,0,0.06014,0.0494,HIGH_SWEEP,13,0.05886,False,False,2.3885,499,native,78.23,YORGUN,64.02,84.0,True,300,48.0,BEAR,BOS DN,MIX/HL,HH/HL,TR DN,65.7,True,True,498,16,34.6,1789473600000,HIGH,0.0633,3.15,,,,,,,0,0,0.0536,0.0494,HIGH_SWEEP,6,0.0536,False,False,4.6002,2979,983,462.96,786.2,-323.24,-25.88,37.06,12.8,DOWN,67,26,1249.16,12.9,60.0,1.0,True,1,350.2,2,725.99,-375.79,35.8,0.206,0.274,1.0,0.95,4811.5,12181.5,-7369.99,-43.37,28.31,6.7,DOWN,637,274,16993.0,75.5,300.0,1.0,True,6,2556.71,10,10513.01,-7956.3,68.4,0.601,0.558,1.0,0.99,29599.42,55836.85,-26237.43,-30.71,34.65,10.2,DOWN,2003,848,85436.27,103.5,900.0,1.0,True,33,22620.28,38,49023.74,-26403.46,77.8,0.674,0.733,1.0,0.997,406.17,599.48,-4503.34,15.82,1.7,1.0,-1100.92,-0.4499,-1535.68,-0.4519,-0.4606,NONE,1789714452652,SELL,332.16,0.055204056838956295,1789714380000,ok,1.0,1.0,1.0,continuous,1,26,0,,0,0,0,0,False,375,0.05523,0.05524,1.81,0.227,0.0143,-0.0737,14057.66,13661.55,35.3,1789714473790,168,False,,FATIGUE_RESTED_1M,,
2,v2,v1.2,REALF_PY_V4_2_DERIVED,ZPTDIFAT_PY_V1_4_DERIVED,fc-v1,native,,058e38aec59f4c35,20260918_064430,200,ZKC_20260918_065437_079,ZKCUSDT,BINANCE,FUTURES,OUTSIDE100,1142,200,1789714477079,2026-09-18T06:54:37.079+00:00,28,True,1789714476647,1789714477079,61.8,1789714440000,1789714499999,False,36.6,0.03844,-0.2077,49.9,FAIR (DENGE),True,500,51.3,44.2,53.8,49.9,0.0019,-1.26,-1.6,0.00131,0.48,5.18,95.3,65.0,1.1,WHALE SELL L1,9.7,0.044,0.03851317449000107,0.19,CLV_PROXY_1M,0,0.0,100.0,49.9,42.3,34.2,36.3,7.6,15.7,13.6,0.0019,-0.00087,-0.00244,-0.00217,71.71,81.72,85.6,86.61,-10.01,-13.89,-14.9,47.52,50.33,500,native,71.71,NORMAL,47.52,50.33,True,300,78.8,BULL,BOS UP,MIX/HL,HH/HL,TR UP,77.3,True,True,499,6,100.0,1789714080000,LOW,0.0383,2.89,,,,,,,0,0,0.03846,0.03836,LOW_SWEEP,19,0.03835,False,True,0.1256,499,native,70.01,NORMAL,61.82,60.33,True,300,41.6,BULL,BOS UP,LH/MIX,MIX/HL,RANGE,74.7,True,True,498,39,58.8,1789707420000,LOW,0.03801,4.99,,,,0.038305,1.57,2,0,2,0.03855,0.038305,HIGH_SWEEP,2,0.03855,False,False,0.2239,499,native,50.69,NORMAL,57.91,56.67,True,300,66.7,BULL,BOS UP,MIX/HL,LH/MIX,RANGE,74.3,True,True,498,23,50.4,1789707300000,LOW,0.03801,3.3,,,,,,,0,0,0.03855,0.03831,HIGH_SWEEP,1,0.03855,True,True,0.3383,499,native,48.13,NORMAL,47.18,53.67,True,300,87.9,BULL,BOS UP,HH/HL,HH/HL,RANGE,90.3,True,True,498,8,52.3,1789706700000,LOW,0.03789,2.12,0.049025,40.74,2,0.037065,5.29,2,1,1,0.049025,0.037065,LOW_SWEEP,153,0.03752,False,False,0.6768,499,native,74.62,YORGUN,66.56,78.33,True,300,58.0,BEAR,BOS DN,MIX/HL,HH/HL,TR DN,64.1,True,True,498,53,61.2,1789520400000,HIGH,0.04772,16.56,0.05792,34.77,2,,,,1,0,0.05792,0.03718,EQH_SWEEP,6,0.03827,False,False,1.4589,499,native,43.87,NORMAL,51.55,58.33,True,300,15.6,BEAR,BOS DN,LH/LL,LH/MIX,TR DN,90.7,True,True,498,18,73.5,1789444800000,HIGH,0.04904,8.42,,,,0.036074999999999996,1.88,2,0,1,0.03878,0.036074999999999996,HIGH_SWEEP,1,0.03878,True,False,3.2744,13574,387,987.27,10980.97,-9993.71,-83.5,8.25,5.0,DOWN,116,35,11968.24,2.2,60.0,1.0,True,2,671.31,2,10275.28,-9603.97,22.5,0.042,0.52,1.0,0.774,4852.67,13112.26,-8259.59,-45.98,27.01,6.4,DOWN,286,131,17964.93,4.8,300.0,1.0,True,6,2541.64,5,11882.1,-9340.46,31.7,0.088,0.564,1.0,0.955,13973.7,19772.8,-5799.1,-17.18,41.41,20.6,DOWN,701,362,33746.5,15.9,900.0,1.0,True,16,7223.75,13,16937.33,-9713.58,49.3,0.241,0.632,1.0,0.985,-9155.13,-9612.66,-9738.34,-23.36,-28.61,1.0,-2770.15,-0.4864,-1006.97,-0.2803,0.0557,DOWN,1789714463395,BUY,248.16,0.03845,1789714380000,ok,1.0,1.0,1.0,continuous,1,35,0,,0,0,0,0,False,409,0.03844,0.03845,2.601,0.21,-0.1364,0.2246,15816.22,20812.99,50.72,1789714476469,610,False,,AGGRESSIVE_SELLER,,
2,v2,v1.2,REALF_PY_V4_2_DERIVED,ZPTDIFAT_PY_V1_4_DERIVED,fc-v1,native,,058e38aec59f4c35,20260918_064430,201,ETH_20260918_065443_009,ETHUSDT,BINANCE,FUTURES,TOP100,2,75000,1789714483009,2026-09-18T06:54:43.009+00:00,28,True,1789714482791,1789714483009,62.2,1789714440000,1789714499999,False,42.8,2483.76,-0.0016,55.0,FAIR (DENGE),True,500,55.5,57.4,53.4,50.2,-0.00147,-0.53,-0.48,0.00105,0.68,0.25,0.7,55.0,-3.4,YOK,4.0,1.0,2480.1113634296626,-0.147,CLV_PROXY_1M,0,0.0,100.0,55.0,52.2,60.2,61.2,2.8,-5.2,-6.2,-0.00147,-0.00019,0.00014,0.0003,41.66,46.0,57.41,68.07,-4.34,-15.75,-26.41,34.92,23.67,500,native,41.66,NORMAL,34.92,23.67,True,300,31.4,BULL,BOS UP,LH/LL,LH/MIX,SQZ,89.1,True,True,499,32,63.9,1789712520000,LOW,2481.26,2.09,,,,2469.0299999999997,12.33,2,0,2,2485.92,2469.0299999999997,HIGH_SWEEP,31,2486.11,False,False,0.0481,499,native,54.4,NORMAL,50.0,46.33,True,300,56.7,BULL,BOS UP,MIX/HL,LH/MIX,RANGE,72.7,True,True,498,40,76.1,1789707240000,LOW,2469.0,5.11,2486.685,1.01,2,,,,1,0,2486.685,2480.9,HIGH_SWEEP,11,2486.49,False,False,0.1162,499,native,52.72,NORMAL,53.02,46.33,True,300,68.7,BULL,BOS UP,MIX/HL,MIX/HL,TR UP,75.1,True,True,498,20,61.2,1789708200000,LOW,2469.0,3.29,,,,2365.835,26.26,2,0,1,2486.88,2365.835,HIGH_SWEEP,21,2482.2,False,False,0.1807,499,native,64.48,NORMAL,59.55,60.67,True,300,72.9,BULL,BOS UP,HH/MIX,HH/HL,TR UP,74.1,True,True,498,7,39.9,1789707600000,LOW,2435.39,6.08,,,,2435.74,6.03,2,0,1,2492.55,2435.74,HIGH_SWEEP,6,2484.99,False,False,0.3202,499,native,79.62,YORGUN,86.84,96.67,True,300,73.3,BEAR,BOS DN,HH/HL,HH/MIX,TR DN,84.8,True,True,498,65,44.7,1789477200000,HIGH,2614.99,7.68,,,,,,,0,0,2484.0,2435.39,HIGH_SWEEP,1,2484.0,True,True,0.6888,499,native,65.53,NORMAL,76.75,87.67,True,300,51.7,TR-DN,CHOCH DN,MIX/HL,MIX/HL,TR-DN,70.6,True,True,498,14,32.7,1789502400000,HIGH,2614.99,3.29,,,,1862.655,15.58,2,0,2,2614.99,1862.655,HIGH_SWEEP,38,2522.75,False,False,1.6086,858,4837,388626.69,436413.23,-47786.54,-5.79,47.1,38.4,DOWN,307,122,825039.92,7.7,60.0,1.0,True,1,248381.0,1,135344.75,113036.25,44.3,0.133,0.979,1.0,0.986,2327288.92,3207003.22,-879714.3,-15.9,42.05,22.2,DOWN,5436,1254,5534292.14,58.1,300.0,1.0,True,5,1026076.95,8,1197815.58,-171738.63,78.0,0.537,1.0,1.0,0.997,12096241.6,13499121.72,-1402880.13,-5.48,47.26,39.0,DOWN,20436,4837,25595363.32,143.2,777.3,0.8637,False,26,7534361.9,42,6731772.11,802589.79,86.1,0.741,1.0,0.864,0.999,-346758.25,653385.13,,-16.32,4.26,0.797,-5955.77,-0.0069,-209816.33,-0.1896,-0.2889,NONE,1789714475370,SELL,135344.75,2483.8,1789714380000,ok,1.0,1.0,1.0,continuous,1,124,0,,0,0,0,0,False,443,2483.76,2483.77,0.04,0.014,0.1923,0.1163,750811.54,508649.05,0.83,1789714482606,403,False,,,,
2,v2,v1.2,REALF_PY_V4_2_DERIVED,ZPTDIFAT_PY_V1_4_DERIVED,fc-v1,native,,058e38aec59f4c35,20260918_064430,202,BNB_20260918_065446_113,BNBUSDT,BINANCE,FUTURES,TOP100,4,25000,1789714486113,2026-09-18T06:54:46.113+00:00,28,True,1789714486113,1789714486113,62.7,1789714440000,1789714499999,False,46.1,754.72,-0.0013,41.1,PRICE LAG,True,500,38.8,42.0,42.5,46.1,0.00149,0.82,1.25,0.0009,0.638,0.99,34.3,65.0,26.4,YOK,3.7,1.0,755.8446581828231,0.149,CLV_PROXY_1M,0,0.0,100.0,41.1,35.5,46.7,41.7,5.6,-5.6,-0.6,0.00149,-0.00077,7e-05,0.0002,78.92,76.71,68.64,60.57,2.21,10.28,18.35,83.4,85.67,500,native,78.92,YORGUN,83.4,85.67,True,300,51.0,BEAR,BOS DN,MIX/HL,LH/MIX,RANGE,71.8,True,True,499,25,52.5,1789712940000,HIGH,754.74,0.05,,,,735.76,51.54,2,0,1,754.18,735.76,HIGH_SWEEP,32,754.62,False,False,0.0487,499,native,54.89,NORMAL,70.37,62.33,True,300,82.7,BULL,BOS UP,HH/HL,MIX/HL,RANGE,86.8,True,True,498,17,53.9,1789711380000,LOW,751.67,3.49,,,,733.985,23.73,2,0,2,755.98,733.985,HIGH_SWEEP,32,753.4,False,False,0.1158,499,native,57.71,NORMAL,74.59,73.0,True,300,70.1,BULL,BOS UP,HH/MIX,HH/HL,TR UP,80.5,True,True,498,20,50.9,1789708200000,LOW,749.39,4.12,,,,751.405,2.62,2,0,2,755.98,751.405,HIGH_SWEEP,9,755.08,False,False,0.1782,499,native,60.16,NORMAL,66.67,65.67,True,300,78.2,BULL,BOS UP,HH/HL,HH/HL,TR UP,91.5,True,True,498,30,31.8,1789686900000,LOW,733.95,8.37,,,,,,,0,0,754.71,733.95,HIGH_SWEEP,6,754.71,False,False,0.3323,499,native,94.42,ASIRI,92.12,95.67,True,300,72.9,BULL,BOS UP,HH/MIX,HH/MIX,TR UP,76.1,True,True,498,10,47.2,1789675200000,LOW,721.24,7.33,,,,,,,0,0,732.95,721.24,HIGH_SWEEP,18,729.58,False,False,0.6104,499,native,89.3,ASIRI,97.19,97.0,True,300,40.4,BULL,BOS UP,LH/LL,HH/HL,RANGE,86.1,True,True,498,4,31.3,1789646400000,LOW,704.34,5.38,,,,,,,0,0,725.94,704.34,HIGH_SWEEP,6,725.94,False,False,1.2519,282,2091,142766.45,109040.14,33726.31,13.39,56.7,74.4,UP,664,121,251806.59,15.1,60.0,1.0,True,1,43354.56,0,0.0,43354.56,53.0,0.232,0.85,1.0,0.995,594344.3,714332.62,-119988.32,-9.17,45.42,32.3,DOWN,3614,655,1308676.92,107.7,300.0,1.0,True,3,115719.12,6,285216.51,-169497.38,85.8,0.683,1.0,1.0,0.999,1467226.47,1934615.64,-467389.17,-13.74,43.13,25.1,DOWN,9342,1802,3401842.11,246.1,900.0,1.0,True,8,315723.62,19,861026.77,-545303.15,92.9,0.831,1.0,1.0,1.0,29872.3,35995.41,-21130.58,6.05,1.78,1.0,-59879.38,-0.1813,-40061.29,-0.1531,0.1662,DOWN,1789714448411,BUY,43354.56,754.78,1789714380000,ok,1.0,1.0014,1.0,continuous,1,124,0,,0,0,0,0,False,477,754.72,754.73,0.132,-0.06,-0.8036,-0.93,31391.23,288328.94,2.58,1789714485518,595,False,,,,
2,v2,v1.2,REALF_PY_V4_2_DERIVED,ZPTDIFAT_PY_V1_4_DERIVED,fc-v1,native,,058e38aec59f4c35,20260918_064430,203,XRP_20260918_065449_016,XRPUSDT,BINANCE,FUTURES,TOP100,5,25000,1789714489016,2026-09-18T06:54:49.016+00:00,28,True,1789714489016,1789714489016,62.8,1789714440000,1789714499999,False,49.0,1.3199,0.0152,49.9,FAIR (DENGE),True,500,49.7,52.8,46.7,49.9,-0.00079,-1.33,-1.01,0.00149,0.707,0.74,49.0,60.0,-7.1,YOK,6.1,0.073,1.3188600962631847,-0.079,CLV_PROXY_1M,0,0.0,100.0,49.9,45.0,47.5,46.7,4.9,2.4,3.2,-0.00079,-0.00033,-6e-05,0.0006,22.09,28.05,45.26,62.29,-5.96,-23.17,-40.2,10.7,2.33,500,native,22.09,DINLENMIS,10.7,2.33,True,300,44.9,BEAR,BOS DN,MIX/HL,MIX/HL,SQZ,73.5,True,True,499,2,31.9,1789714320000,HIGH,1.3242,3.53,,,,1.3032,13.7,2,0,2,1.3242,1.3032,HIGH_SWEEP,18,1.3232,False,False,0.0924,499,native,53.22,NORMAL,33.92,29.67,True,300,70.4,BULL,BOS UP,HH/MIX,HH/HL,RANGE,71.3,True,True,498,5,29.6,1789713540000,LOW,1.3164,1.44,,,,,,,0,0,1.3245,1.3164,HIGH_SWEEP,9,1.3228,False,False,0.1846,499,native,62.97,NORMAL,50.71,46.33,True,300,59.9,BULL,BOS UP,MIX/HL,LH/LL,TR UP,74.0,True,True,498,37,67.7,1789703100000,LOW,1.3045,4.69,,,,,,,0,0,1.3228,1.3164,HIGH_SWEEP,5,1.3228,False,False,0.2485,499,native,56.03,NORMAL,50.18,52.33,True,300,76.5,TR-UP,CHOCH UP,HH/HL,MIX/HL,TR-UP,84.3,True,True,498,23,25.8,1789693200000,LOW,1.2867,6.02,,,,,,,0,0,1.3286,1.3133,HIGH_SWEEP,24,1.3002,False,False,0.4171,499,native,80.04,YORGUN,77.48,91.33,True,300,74.1,TR-UP,CHOCH UP,HH/MIX,HH/MIX,TR-UP,74.3,True,True,498,3,82.2,1789700400000,LOW,1.2867,2.74,,,,,,,0,0,1.3201,1.2867,HIGH_SWEEP,1,1.3201,True,True,0.9194,499,native,49.31,NORMAL,57.7,74.0,True,300,47.1,TR-DN,CHOCH DN,HH/MIX,MIX/LL,TR-DN,75.8,True,True,498,15,73.1,1789488000000,HIGH,1.4916,5.4,1.5507,7.26,2,0.98775,10.44,2,1,1,1.5507,0.98775,EQH_SWEEP,57,1.43175,False,False,2.3989,269,2272,517595.72,66434.44,451161.28,77.25,88.62,94.9,UP,1229,171,584030.17,16.2,60.0,1.0,True,2,399477.8,0,0.0,399477.8,55.9,0.244,0.942,1.0,0.996,1316309.28,1433963.93,-117654.65,-4.28,47.86,41.4,DOWN,5550,668,2750273.21,88.1,300.0,1.0,True,11,936581.41,14,795199.82,141381.59,83.5,0.638,1.0,1.0,0.999,4963669.07,4046353.91,917315.16,10.18,55.09,69.5,UP,16965,2073,9010022.98,188.0,900.0,1.0,True,45,3429247.93,45,2353433.3,1075814.62,91.0,0.79,1.0,1.0,1.0,1016536.25,457357.05,353425.55,67.89,9.86,1.0,-20298.28,-0.0286,-52891.21,-0.0962,-0.2822,NONE,1789714466272,BUY,247033.43,1.3202535214466737,1789714380000,ok,1.0,1.0,1.0,continuous,1,177,0,,0,0,0,0,False,511,1.3198,1.3199,0.758,0.188,0.3072,0.2428,1743621.79,924075.41,14.77,1789714488650,366,False,,FATIGUE_RESTED_1M|AGGRESSIVE_BUYER,,
2,v2,v1.2,REALF_PY_V4_2_DERIVED,ZPTDIFAT_PY_V1_4_DERIVED,fc-v1,native,,058e38aec59f4c35,20260918_064430,204,DOGE_20260918_065452_149,DOGEUSDT,BINANCE,FUTURES,TOP100,12,15000,1789714492149,2026-09-18T06:54:52.149+00:00,28,True,1789714491946,1789714492149,63.4,1789714440000,1789714499999,False,51.9,0.08418,-0.0119,56.3,FAIR (DENGE),True,500,57.6,55.4,57.5,50.1,-0.00133,-0.48,-0.95,0.00128,0.658,0.15,0.3,60.0,-6.0,YOK,2.2,1.0,0.08406836875250384,-0.133,CLV_PROXY_1M,0,0.0,100.0,56.3,55.2,53.4,49.5,1.1,2.9,6.8,-0.00133,-5e-05,-0.00037,-0.00055,22.73,24.42,26.77,30.76,-1.69,-4.04,-8.03,22.83,9.33,500,native,22.73,DINLENMIS,22.83,9.33,True,300,59.9,BEAR,BOS DN,HH/HL,LH/LL,SQZ,88.5,True,True,499,6,35.4,1789714080000,HIGH,0.08442,4.11,0.084395,3.68,2,0.08135,48.47,2,1,1,0.084395,0.08135,EQH_SWEEP,18,0.084395,False,False,0.0694,499,native,31.58,NORMAL,23.97,14.67,True,300,57.5,BULL,BOS UP,MIX/HL,HH/HL,RANGE,70.5,True,True,498,39,48.5,1789707420000,LOW,0.08373,3.48,0.08449000000000001,2.4,2,,,,1,0,0.08449000000000001,0.08417,LOW_SWEEP,18,0.08419,False,False,0.1536,499,native,37.69,NORMAL,32.25,21.0,True,300,61.4,BULL,BOS UP,MIX/HL,MIX/HL,TR UP,80.0,True,True,498,37,93.1,1789703100000,LOW,0.08223,9.36,,,,0.07986,20.75,2,0,1,0.08448,0.07986,HIGH_SWEEP,21,0.08459,False,False,0.2472,499,native,57.5,NORMAL,50.96,50.0,True,300,79.4,BULL,BOS UP,HH/HL,HH/HL,TR UP,84.7,True,True,498,22,43.6,1789694100000,LOW,0.08114,8.63,,,,0.080555,10.29,2,0,1,0.08469,0.080555,HIGH_SWEEP,65,0.08179,False,False,0.4181,499,native,88.7,ASIRI,84.24,96.33,True,300,89.8,BULL,BOS UP,HH/HL,LH/LL,TR UP,90.7,True,True,498,4,51.5,1789696800000,LOW,0.08114,4.2,,,,,,,0,0,0.08253,0.08114,HIGH_SWEEP,21,0.08134,False,False,0.8609,499,native,72.71,YORGUN,85.12,92.0,True,300,47.5,BEAR,BOS DN,HH/MIX,LH/MIX,TR DN,73.2,True,True,498,16,26.7,1789473600000,HIGH,0.08616,1.3,,,,0.07835,3.81,2,0,1,0.08616,0.07835,HIGH_SWEEP,20,0.08534,False,False,1.8093,227,1242,8073.74,16303.56,-8229.82,-33.76,33.12,9.0,DOWN,334,70,24377.3,7.7,60.0,1.0,True,0,0.0,0,0.0,0.0,38.2,0.133,0.597,1.0,0.996,324503.02,178425.78,146077.24,29.05,64.52,89.0,UP,1937,378,502928.8,6.3,300.0,1.0,True,3,240777.05,1,20635.4,220141.65,40.7,0.112,0.925,1.0,0.999,973426.59,792447.26,180979.33,10.25,55.12,69.6,UP,7223,1120,1765873.85,49.6,900.0,1.0,True,18,613171.83,10,255744.13,357427.7,75.7,0.498,1.0,1.0,1.0,17517.61,-90871.85,1363.6,9.65,-4.55,1.0,-26946.72,-0.5484,12169.19,0.121,0.7043,DOWN,1789714399614,SELL,20635.4,0.0842,1789714380000,ok,1.0,1.0,1.0,continuous,1,73,0,,0,0,0,0,False,545,0.08418,0.08419,1.188,-0.517,0.2005,-0.0028,1035532.52,689665.06,23.16,1789714491730,419,False,,FATIGUE_RESTED_1M,,
2,v2,v1.2,REALF_PY_V4_2_DERIVED,ZPTDIFAT_PY_V1_4_DERIVED,fc-v1,native,,058e38aec59f4c35,20260918_064430,205,LINK_20260918_065454_841,LINKUSDT,BINANCE,FUTURES,TOP100,17,10000,1789714494841,2026-09-18T06:54:54.841+00:00,28,True,1789714494841,1789714494841,63.5,1789714440000,1789714499999,False,54.8,11.794,-0.0254,51.6,FAIR (DENGE),True,500,51.1,55.2,48.9,50.6,-0.00213,-0.83,-0.44,0.00165,0.692,0.68,34.7,45.0,-2.8,YOK,6.3,0.781,11.768931297097843,-0.213,CLV_PROXY_1M,0,0.0,100.0,51.6,49.2,58.8,63.3,2.4,-7.2,-11.7,-0.00213,-0.00013,0.00098,0.00112,31.38,39.19,46.2,50.95,-7.81,-14.82,-19.57,16.39,5.67,500,native,31.38,NORMAL,16.39,5.67,True,300,84.6,BULL,BOS UP,HH/HL,HH/MIX,SQZ,93.7,True,True,499,18,55.7,1789713360000,LOW,11.772,1.71,,,,11.377500000000001,32.29,2,0,1,11.837,11.377500000000001,HIGH_SWEEP,37,11.779,False,False,0.1094,499,native,63.75,NORMAL,51.71,42.67,True,300,42.6,BULL,BOS UP,LH/LL,HH/MIX,RANGE,88.3,True,True,498,11,67.9,1789712460000,LOW,11.705,3.41,,,,,,,0,0,11.776,11.705,HIGH_SWEEP,16,11.776,False,False,0.2237,499,native,72.97,YORGUN,65.82,56.67,True,300,75.8,BULL,BOS UP,HH/MIX,LH/LL,TR UP,75.7,True,True,498,3,46.5,1789713300000,LOW,11.705,2.33,,,,,,,0,0,11.817,11.705,HIGH_SWEEP,1,11.817,True,True,0.3238,499,native,64.3,NORMAL,61.91,63.33,True,300,91.2,BULL,BOS UP,HH/HL,HH/HL,TR UP,88.4,True,True,498,1,59.4,1789713000000,LOW,11.647,2.31,,,,11.0905,11.01,2,0,1,11.817,11.0905,HIGH_SWEEP,65,11.34,False,True,0.5406,499,native,90.22,ASIRI,87.09,94.33,True,300,83.3,TR-UP,CHOCH UP,HH/HL,MIX/LL,TR-UP,86.0,True,True,498,5,51.0,1789693200000,LOW,11.089,5.85,12.7855,8.23,2,,,,1,0,12.7855,11.25,LOW_SWEEP,37,10.67,False,False,1.0287,499,native,75.64,YORGUN,88.11,91.33,True,300,17.7,BEAR,BOS DN,LH/LL,HH/MIX,RANGE,86.2,True,True,498,15,24.8,1789488000000,HIGH,11.961,0.66,,,,8.062,14.89,2,0,1,11.961,8.062,EQH_SWEEP,83,12.035499999999999,False,False,2.133,641,1110,72139.67,123756.65,-51616.98,-26.35,36.83,12.5,DOWN,579,99,195896.32,35.3,60.0,1.0,True,0,0.0,4,85908.05,-85908.05,66.2,0.414,0.823,1.0,0.989,212656.47,348943.62,-136287.15,-24.27,37.87,13.9,DOWN,1807,331,561600.09,69.7,300.0,1.0,True,2,32642.46,8,230793.47,-198151.01,79.0,0.582,0.937,1.0,0.998,689109.61,880662.92,-191553.31,-12.2,43.9,27.3,DOWN,5404,978,1569772.53,232.7,900.0,1.0,True,11,157758.84,19,470327.21,-312568.37,92.5,0.823,1.0,1.0,0.999,-32643.69,-6560.96,-64385.89,-3.45,1.94,1.0,-25419.21,-0.1854,-28632.31,-0.2549,-0.3536,NONE,1789714463119,SELL,11943.19,11.795623243227228,1789714380000,ok,1.0,1.0,1.0,continuous,1,102,0,,0,0,0,0,False,579,11.795,11.796,0.848,-0.199,-0.0236,-0.3787,179629.35,188321.37,16.53,1789714494651,190,False,,,,
2,v2,v1.2,REALF_PY_V4_2_DERIVED,ZPTDIFAT_PY_V1_4_DERIVED,fc-v1,native,,058e38aec59f4c35,20260918_064430,206,ADA_20260918_065457_743,ADAUSDT,BINANCE,FUTURES,TOP100,19,10000,1789714497743,2026-09-18T06:54:57.743+00:00,28,True,1789714497743,1789714497743,63.8,1789714440000,1789714499999,False,57.7,0.2131,-0.0469,42.8,FAIR (DENGE),True,500,39.0,45.7,44.2,49.6,0.00167,-1.37,-0.77,0.00148,0.619,0.24,2.3,45.0,-13.6,YOK,6.7,1.0,0.2134570656766897,0.168,CLV_PROXY_1M,0,0.0,100.0,42.8,43.5,45.0,50.5,-0.7,-2.2,-7.7,0.00167,8e-05,0.00047,0.00097,22.65,28.48,41.68,59.51,-5.83,-19.03,-36.86,11.79,2.67,500,native,22.65,DINLENMIS,11.79,2.67,True,300,74.1,TR-UP,CHOCH UP,HH/HL,HH/HL,SQZ,91.4,True,True,499,39,50.5,1789712100000,LOW,0.2126,1.88,0.2151,7.52,2,,,,1,0,0.2151,0.2132,EQH_SWEEP,18,0.2138,False,False,0.1248,499,native,50.04,NORMAL,31.03,24.67,True,300,54.3,BEAR,BOS DN,MIX/HL,HH/HL,RANGE,74.5,True,True,498,32,70.8,1789708680000,HIGH,0.2173,8.21,,,,,,,0,0,0.2151,0.2132,LOW_SWEEP,52,0.2143,False,False,0.2401,499,native,56.49,NORMAL,47.32,35.33,True,300,20.5,TR-DN,CHOCH DN,LH/LL,MIX/HL,TR-DN,85.4,True,True,498,12,28.1,1789710600000,HIGH,0.2151,2.74,,,,0.1903,31.2,3,0,1,0.2151,0.1903,HIGH_SWEEP,36,0.2159,False,False,0.3419,499,native,42.07,NORMAL,34.88,26.0,True,300,66.3,BULL,BOS UP,MIX/HL,LH/LL,TR UP,78.2,True,True,498,27,55.4,1789689600000,LOW,0.1997,9.04,0.21739999999999998,2.9,2,0.1972,10.72,2,1,2,0.21739999999999998,0.1972,HIGH_SWEEP,28,0.2027,False,False,0.6932,499,native,85.68,ASIRI,75.07,87.0,True,300,87.0,BULL,BOS UP,HH/HL,HH/HL,EXP UP,84.6,True,True,498,6,53.5,1789689600000,LOW,0.1901,7.42,,,,,,,0,0,0.2042,0.1997,EQH_SWEEP,29,0.19690000000000002,False,False,1.4575,499,native,75.51,YORGUN,87.11,89.67,True,300,41.5,TR-UP,CHOCH UP,LH/LL,LH/LL,TR-UP,84.5,True,True,498,1,52.5,1789689600000,LOW,0.1901,4.22,,,,,,,0,0,0.2159,0.1901,LOW_SWEEP,52,0.2148,False,True,2.5151,1633,1034,1819.36,24604.87,-22785.52,-86.23,6.89,5.0,DOWN,200,56,26424.23,3.3,60.0,1.0,True,0,0.0,1,13949.68,-13949.68,28.3,0.062,0.606,1.0,0.973,32798.78,157741.92,-124943.14,-65.57,17.21,5.2,DOWN,1002,292,190540.7,14.3,300.0,1.0,True,1,11701.72,4,87347.65,-75645.93,51.6,0.223,0.82,1.0,0.995,626021.02,596289.06,29731.96,2.43,51.22,55.0,FLAT,3320,947,1222310.08,38.9,900.0,1.0,True,17,494652.05,16,428486.96,66165.09,71.8,0.437,1.0,1.0,0.998,19556.16,-59567.14,-61337.52,3.18,-18.6,1.0,-23935.3,-0.8059,-21548.29,-0.5655,-0.2265,NONE,1789714489073,SELL,13949.68,0.2132,1789714380000,ok,1.0,1.0,1.0,continuous,1,59,0,,0,0,0,0,False,613,0.2131,0.2132,4.692,-1.258,0.1289,0.1594,2857867.7,2205343.34,91.48,1789714497380,363,False,,FATIGUE_RESTED_1M|AGGRESSIVE_SELLER,,
2,v2,v1.2,REALF_PY_V4_2_DERIVED,ZPTDIFAT_PY_V1_4_DERIVED,fc-v1,native,,058e38aec59f4c35,20260918_064430,207,LTC_20260918_065500_586,LTCUSDT,BINANCE,FUTURES,TOP100,25,10000,1789714500586,2026-09-18T06:55:00.586+00:00,28,True,1789714500445,1789714500586,63.8,1789714440000,1789714499999,True,60.4,54.95,0.0,53.2,FAIR (DENGE),True,500,52.5,57.3,50.6,51.2,-0.00214,0.0,0.24,0.00116,0.595,0.73,33.0,55.0,-3.4,YOK,6.7,1.0,54.83270230708319,-0.213,CLV_PROXY_1M,0,0.0,100.0,53.2,55.8,57.5,56.0,-2.6,-4.3,-2.8,-0.00214,6e-05,0.00059,0.00077,45.48,45.01,47.73,54.6,0.47,-2.25,-9.12,46.67,46.33,500,native,45.48,NORMAL,46.67,46.33,True,300,65.7,BULL,BOS UP,MIX/HL,MIX/HL,SQZ,76.2,True,True,499,27,64.2,1789712820000,LOW,54.78,4.05,55.02,1.67,2,54.76,4.52,2,1,2,55.02,54.76,HIGH_SWEEP,51,54.92,False,False,0.0765,499,native,67.93,NORMAL,66.58,69.0,True,300,73.9,BULL,BOS UP,HH/HL,MIX/HL,TR UP,91.8,True,True,498,40,50.6,1789707240000,LOW,54.29,7.15,55.0,0.54,2,,,,1,0,55.0,54.78,EQH_SWEEP,9,55.0,False,False,0.1679,499,native,68.43,NORMAL,71.38,68.0,True,300,75.7,BULL,BOS UP,HH/HL,HH/HL,TR UP,87.5,True,True,498,37,51.2,1789703100000,LOW,54.32,4.71,,,,53.86,8.14,2,0,2,55.0,53.86,HIGH_SWEEP,5,55.0,False,False,0.2436,499,native,75.42,YORGUN,74.55,80.33,True,300,70.5,BULL,BOS UP,MIX/HL,HH/MIX,TR UP,85.7,True,True,498,25,95.3,1789691400000,LOW,53.59,6.15,,,,,,,0,0,53.98,54.29,EQH_SWEEP,27,53.989999999999995,False,False,0.402,499,native,87.71,ASIRI,88.07,95.33,True,300,88.0,BULL,BOS UP,HH/HL,HH/HL,TR UP,83.5,True,True,498,6,68.8,1789689600000,LOW,52.46,5.71,,,,,,,0,0,54.0,52.46,HIGH_SWEEP,21,52.81,False,False,0.7963,499,native,81.37,YORGUN,89.37,93.33,True,300,51.6,TR-DN,CHOCH DN,HH/MIX,LH/LL,TR-DN,72.3,True,True,498,14,38.2,1789502400000,HIGH,55.24,0.34,,,,,,,0,0,55.24,50.13,HIGH_SWEEP,30,54.28,False,False,1.559,6382,487,7086.7,19667.18,-12580.48,-47.02,26.49,6.2,DOWN,85,31,26753.87,6.3,60.0,1.0,True,0,0.0,0,0.0,0.0,35.5,0.112,0.607,1.0,0.894,67010.37,58244.8,8765.57,7.0,53.5,63.9,UP,481,137,125255.17,23.8,300.0,1.0,True,1,26852.52,0,0.0,26852.52,58.8,0.323,0.774,1.0,0.979,234237.58,260469.57,-26231.99,-5.3,47.35,39.4,DOWN,1864,445,494707.15,80.2,900.0,1.0,True,5,84015.98,3,53608.26,30407.71,80.4,0.616,0.924,1.0,0.993,-30265.97,-19874.71,-56451.35,-35.37,-7.31,1.0,3615.85,0.104,3255.55,0.13,0.1531,NONE,1789714430189,BUY,26852.52,54.92717659933521,1789714380000,ok,1.0,1.0,1.0,continuous,1,35,0,,0,0,0,0,False,34,54.95,54.96,1.82,-0.603,0.049,0.1554,731633.79,663232.92,35.48,1789714500263,323,False,,AGGRESSIVE_SELLER,,
2,v2,v1.2,REALF_PY_V4_2_DERIVED,ZPTDIFAT_PY_V1_4_DERIVED,fc-v1,native,,058e38aec59f4c35,20260918_064430,208,AVAX_20260918_065504_141,AVAXUSDT,BINANCE,FUTURES,TOP100,31,5000,1789714504141,2026-09-18T06:55:04.141+00:00,28,True,1789714504141,1789714504141,64.8,1789714500000,1789714559999,False,4.1,7.907,0.0,48.9,FAIR (DENGE),True,500,49.2,44.6,53.0,50.0,0.0016,0.16,0.16,0.00118,0.554,0.0,0.3,45.0,-13.6,YOK,8.4,0.488,7.9196270376940205,0.16,CLV_PROXY_1M,0,0.0,100.0,48.9,48.9,51.7,49.2,0.0,-2.8,-0.3,0.0016,1e-05,0.00027,-0.00022,75.47,75.51,77.19,77.15,-0.04,-1.72,-1.68,75.25,75.67,500,native,75.47,YORGUN,75.25,75.67,True,300,74.0,BEAR,BOS DN,HH/HL,HH/HL,SQZ,86.9,True,True,499,75,64.9,1789710000000,HIGH,7.93,4.24,7.9415,6.36,2,,,,1,0,7.9415,7.893,LOW_SWEEP,34,7.873,False,False,0.0686,499,native,78.11,YORGUN,82.69,85.33,True,300,75.0,BULL,BOS UP,MIX/HL,HH/MIX,RANGE,73.4,True,True,498,2,42.4,1789714080000,LOW,7.871,2.89,,,,7.6285,21.36,2,0,1,7.903,7.6285,HIGH_SWEEP,3,7.903,False,False,0.1662,499,native,56.27,NORMAL,71.92,70.67,True,300,61.4,BULL,BOS UP,MIX/HL,MIX/HL,RANGE,76.2,True,True,498,45,66.0,1789700700000,LOW,7.677,10.89,,,,,,,0,0,7.942,7.871,HIGH_SWEEP,50,7.723,False,False,0.2694,499,native,55.7,NORMAL,55.91,52.0,True,300,79.1,BULL,BOS UP,HH/HL,MIX/HL,TR UP,85.4,True,True,498,24,54.9,1789692300000,LOW,7.545,8.92,,,,,,,0,0,7.968,7.584,EQH_SWEEP,24,7.648,False,False,0.5161,499,native,87.96,ASIRI,83.34,90.33,True,300,91.4,TR-UP,CHOCH UP,HH/HL,LH/LL,TR-UP,94.6,True,True,498,3,96.7,1789700400000,LOW,7.545,4.52,8.192,3.51,3,7.186,8.98,2,1,1,8.192,7.186,EQL_SWEEP,37,7.186,False,False,1.023,499,native,84.96,ASIRI,91.55,93.33,True,300,78.7,BULL,BOS UP,HH/MIX,HH/MIX,RANGE,76.8,True,True,498,1,80.2,1789689600000,LOW,7.171,4.86,,,,7.173500000000001,4.84,2,0,1,7.8,7.173500000000001,LOW_SWEEP,15,7.243,False,False,1.9116,580,596,77017.46,24844.97,52172.49,51.22,75.61,94.2,UP,323,55,101862.42,12.5,60.0,1.0,True,4,66437.49,3,18139.79,48297.69,48.1,0.2,0.752,1.0,0.99,111271.95,53825.85,57446.1,34.8,67.4,91.3,UP,788,179,165097.8,26.6,300.0,1.0,True,4,66437.49,5,30258.93,36178.56,61.3,0.347,0.804,1.0,0.998,329917.86,238880.07,91037.79,16.01,58.0,78.0,UP,2732,543,568797.93,91.0,900.0,1.0,True,19,177319.82,17,139313.1,38006.72,82.4,0.645,0.939,1.0,0.999,52543.56,44006.37,70957.04,26.42,10.26,1.0,17255.99,0.3894,8545.64,0.2588,0.1292,NONE,1789714499880,SELL,5962.63,7.908,1789714380000,ok,1.0,1.0,1.0,continuous,1,57,0,,0,0,0,0,False,68,7.906,7.907,1.265,0.494,0.1997,0.4493,439640.5,293272.32,24.66,1789714503116,1025,False,,AGGRESSIVE_BUYER,,
2,v2,v1.2,REALF_PY_V4_2_DERIVED,ZPTDIFAT_PY_V1_4_DERIVED,fc-v1,native,,058e38aec59f4c35,20260918_064430,209,SUI_20260918_065507_265,SUIUSDT,BINANCE,FUTURES,TOP100,35,5000,1789714507265,2026-09-18T06:55:07.265+00:00,28,True,1789714507045,1789714507265,65.0,1789714500000,1789714559999,False,7.0,0.7776,0.0,56.2,FAIR (DENGE),True,500,58.6,50.7,60.9,50.0,-0.00024,-0.24,-0.9,0.00188,0.595,0.02,0.3,60.0,-17.4,YOK,10.1,1.0,0.7774113648628722,-0.024,CLV_PROXY_1M,0,0.0,100.0,56.2,56.1,49.0,48.0,0.1,7.2,8.2,-0.00024,-1e-05,-0.00061,-0.00141,30.25,36.62,49.71,54.69,-6.37,-19.46,-24.44,17.67,10.0,500,native,30.25,NORMAL,17.67,10.0,True,300,67.9,BULL,BOS UP,MIX/HL,LH/MIX,SQZ,69.3,True,True,499,17,20.7,1789713480000,LOW,0.775,3.19,,,,,,,0,0,0.7795,0.7778,HIGH_SWEEP,33,0.777,False,False,0.1047,499,native,68.03,NORMAL,61.13,54.33,True,300,83.9,BULL,BOS UP,HH/HL,MIX/HL,RANGE,80.2,True,True,498,6,18.5,1789713360000,LOW,0.7738,2.03,,,,0.7292,25.92,2,0,3,0.7798,0.7292,HIGH_SWEEP,57,0.7849,False,False,0.2401,499,native,62.49,NORMAL,65.79,60.67,True,300,60.8,BULL,BOS UP,MIX/HL,HH/HL,RANGE,74.3,True,True,498,44,48.0,1789701000000,LOW,0.7643,4.62,,,,0.71575,21.46,2,0,2,0.7849,0.71575,HIGH_SWEEP,94,0.7365,False,False,0.3701,499,native,47.06,NORMAL,48.42,37.33,True,300,78.1,BULL,BOS UP,HH/HL,MIX/HL,TR UP,90.8,True,True,498,30,53.6,1789686900000,LOW,0.7287,8.49,,,,0.7289,8.46,2,0,1,0.7899,0.7289,HIGH_SWEEP,59,0.7351,False,False,0.7395,499,native,87.85,ASIRI,75.89,85.33,True,300,83.0,TR-UP,CHOCH UP,HH/HL,HH/MIX,TR-UP,88.9,True,True,498,6,40.0,1789689600000,LOW,0.7157,5.63,0.8336,5.09,2,,,,2,0,0.8336,0.7157,LOW_SWEEP,37,0.6814,False,False,1.4211,499,native,86.33,ASIRI,90.93,95.33,True,300,89.3,TR-UP,CHOCH UP,HH/HL,MIX/HL,TR-UP,85.4,True,True,498,1,97.1,1789689600000,LOW,0.6773,5.32,,,,,,,0,0,0.7479,0.6773,LOW_SWEEP,16,0.692,False,False,2.3923,180,1402,37443.8,35807.45,1636.35,2.23,51.12,54.6,FLAT,322,84,73251.25,11.4,60.0,1.0,True,2,23070.2,2,20570.05,2500.16,46.1,0.185,0.716,1.0,0.997,180860.74,139645.71,41215.03,12.86,56.43,73.7,UP,1611,355,320506.45,45.8,300.0,1.0,True,9,112759.37,8,89933.16,22826.22,71.5,0.478,0.876,1.0,0.999,712486.9,628925.75,83561.15,6.23,53.11,62.4,UP,6641,1254,1341412.65,184.5,900.0,1.0,True,39,400571.67,33,399279.75,1291.93,90.9,0.787,1.0,1.0,1.0,8755.44,5075.96,6635.3,5.47,0.85,1.0,5947.26,0.0936,8836.28,0.1378,0.0888,NONE,1789714490656,BUY,9463.96,0.7778,1789714380000,ok,1.0,1.0,1.0,continuous,1,93,0,,0,0,0,0,False,102,0.7776,0.7777,1.286,0.593,0.1587,-0.0339,509298.37,369762.89,25.08,1789714506594,671,False,,,,
2,v2,v1.2,REALF_PY_V4_2_DERIVED,ZPTDIFAT_PY_V1_4_DERIVED,fc-v1,native,,058e38aec59f4c35,20260918_064430,210,AKE_20260918_065510_265,AKEUSDT,BINANCE,FUTURES,TOP100,94,2000,1789714510265,2026-09-18T06:55:10.265+00:00,28,True,1789714510265,1789714510265,64.9,1789714500000,1789714559999,False,10.3,0.022972,0.0174,53.6,FAIR (DENGE),True,500,53.2,60.3,48.0,50.0,-0.01929,0.1,0.23,0.00755,0.562,0.05,0.3,55.0,7.5,YOK,12.3,0.818,0.022533089922551094,-1.911,CLV_PROXY_1M,0,0.0,100.0,53.6,53.4,51.4,50.1,0.2,2.2,3.5,-0.01929,0.00024,0.00141,0.00398,34.33,33.8,34.97,35.4,0.53,-0.64,-1.07,37.25,31.67,500,native,34.33,NORMAL,37.25,31.67,True,300,65.1,BULL,BOS UP,MIX/HL,LH/MIX,TR UP,82.1,True,True,499,32,90.2,1789712580000,LOW,0.021423,9.31,,,,0.021402499999999998,9.43,2,0,1,0.0234,0.021402499999999998,HIGH_SWEEP,53,0.021605,False,False,0.7246,499,native,68.6,NORMAL,60.68,62.67,True,300,89.3,BULL,BOS UP,HH/HL,MIX/HL,EXP UP,94.4,True,True,498,11,71.4,1789712460000,LOW,0.021423,5.41,,,,,,,0,0,0.023636,0.021646,LOW_SWEEP,40,0.021228,False,False,1.2478,499,native,78.96,YORGUN,68.98,80.0,True,300,88.5,BULL,BOS UP,HH/HL,HH/HL,EXP UP,91.4,True,True,498,10,67.7,1789711500000,LOW,0.0214,4.89,,,,,,,0,0,0.023636,0.021423,EQH_SWEEP,38,0.021653,False,False,1.3953,499,native,83.43,ASIRI,85.2,89.33,True,300,42.0,BEAR,BOS DN,LH/MIX,MIX/HL,TR DN,66.1,True,True,498,154,97.0,1789575300000,HIGH,0.028247,11.57,0.029421000000000003,14.14,2,0.0209945,4.33,2,1,3,0.029421000000000003,0.0209945,EQL_SWEEP,57,0.020765,False,False,1.973,499,native,75.82,YORGUN,95.13,98.0,True,300,70.7,BULL,BOS UP,HH/HL,HH/MIX,RANGE,69.6,True,True,498,74,56.3,1789444800000,LOW,0.014658,9.65,0.029844000000000002,7.98,2,0.012500500000000001,12.15,3,1,2,0.029844000000000002,0.012500500000000001,HIGH_SWEEP,75,0.0165,False,False,3.9837,499,native,41.3,NORMAL,44.96,45.0,True,300,84.7,BULL,BOS UP,HH/HL,MIX/HL,TR UP,90.5,True,True,498,18,80.8,1789444800000,LOW,0.013069,3.88,,,,0.0128725,3.96,2,0,3,0.029888,0.0128725,EQL_SWEEP,67,0.0128725,False,False,11.7969,115,10371,7865.94,9836.97,-1971.04,-11.13,44.43,29.0,DOWN,840,417,17702.91,84.9,60.0,1.0,True,0,0.0,1,2294.26,-2294.26,69.9,0.629,0.562,1.0,0.998,65561.33,71456.15,-5894.81,-4.3,47.85,41.3,DOWN,5833,2918,137017.48,461.8,300.0,1.0,True,5,15510.54,5,15943.92,-433.39,89.2,0.902,0.784,1.0,1.0,321828.97,326761.24,-4932.28,-0.76,49.62,48.4,FLAT,21570,10371,648590.21,646.6,721.8,0.802,False,26,104032.96,20,102750.46,1282.5,91.5,0.928,0.953,0.802,1.0,-3447.02,-4030.53,,-9.29,-1.62,0.7353,-487.02,-0.022,-405.71,-0.0148,-0.0349,NONE,1789714478312,SELL,2294.26,0.02294258072,1789714440000,ok,1.0,1.0,1.0,continuous,1,465,0,,0,0,0,0,False,136,0.022972,0.022978,2.612,1.115,0.0634,0.5676,2960.65,2607.83,9.58,1789714509837,428,False,,FATIGUE_EXTREME,,
2,v2,v1.2,REALF_PY_V4_2_DERIVED,ZPTDIFAT_PY_V1_4_DERIVED,fc-v1,native,,058e38aec59f4c35,20260918_064430,211,PONS_20260918_065513_073,PONSUSDT,BINANCE,FUTURES,OUTSIDE100,112,2000,1789714513073,2026-09-18T06:55:13.073+00:00,28,True,1789714513057,1789714513073,64.8,1789714500000,1789714559999,False,13.1,0.7241,0.0829,61.4,PRICE AHEAD,True,500,65.3,55.9,65.0,50.2,-0.00523,-0.47,-1.45,0.00459,0.594,0.15,0.3,65.0,-22.5,YOK,9.4,1.0,0.7203245947179759,-0.521,CLV_PROXY_1M,0,0.0,100.0,61.4,61.7,49.2,44.9,-0.3,12.2,16.5,-0.00523,-0.00028,-0.00244,-0.00481,13.64,13.47,17.81,25.91,0.17,-4.17,-12.27,15.9,9.67,500,native,13.64,DINLENMIS,15.9,9.67,True,300,10.3,BEAR,BOS DN,LH/LL,LH/LL,SQZ,91.1,True,True,499,3,45.1,1789714320000,HIGH,0.7316,3.63,,,,0.7134,5.18,2,0,1,0.7316,0.7134,EQL_SWEEP,25,0.73295,False,False,0.2853,499,native,17.61,DINLENMIS,11.24,4.0,True,300,26.2,BULL,BOS UP,LH/LL,LH/LL,SQZ,86.5,True,True,498,81,26.3,1789699860000,LOW,0.6834,9.24,0.7777000000000001,12.17,3,0.63845,19.44,2,1,1,0.7777000000000001,0.63845,HIGH_SWEEP,96,0.6964,False,False,0.6071,499,native,24.65,DINLENMIS,20.66,9.0,True,300,15.3,BEAR,BOS DN,LH/LL,MIX/HL,RANGE,88.2,True,True,498,14,56.1,1789710300000,HIGH,0.7473,3.26,0.7778,7.62,2,,,,1,0,0.7778,0.7235,LOW_SWEEP,12,0.729,False,False,0.9673,499,native,40.32,NORMAL,32.22,25.33,True,300,85.7,BULL,BOS UP,HH/HL,MIX/LL,TR UP,93.8,True,True,498,18,77.8,1789697700000,LOW,0.6551,5.01,,,,,,,0,0,0.7781,0.6551,HIGH_SWEEP,19,0.6959,False,False,1.8909,289,native,80.38,YORGUN,67.12,75.46,False,269,88.1,BULL,BOS UP,HH/HL,HH/HL,TR UP,88.8,True,True,288,7,54.7,1789686000000,LOW,0.6099,3.79,,,,,,,0,0,0.6721,0.6099,HIGH_SWEEP,6,0.6721,False,False,4.1259,73,native,83.17,ASIRI,81.68,94.34,False,53,74.7,TR-UP,CHOCH UP,HH/MIX,HH/HL,TR-UP,76.3,True,False,72,1,84.3,1789689600000,LOW,0.5483,3.28,,,,,,,0,0,0.6992,0.5483,LOW_SWEEP,12,0.5821,False,False,6.9476,130,2711,34267.61,80635.94,-46368.33,-40.35,29.82,7.2,DOWN,1022,241,114903.55,52.8,60.0,1.0,True,3,12923.41,7,58528.26,-45604.84,70.7,0.513,0.765,1.0,0.998,121422.88,204420.82,-82997.93,-25.47,37.26,13.1,DOWN,3350,942,325843.7,176.9,300.0,1.0,True,9,33509.4,19,130929.44,-97420.04,87.1,0.78,0.878,1.0,1.0,320523.34,455460.42,-134937.09,-17.39,41.31,20.4,DOWN,7721,2398,775983.76,363.0,900.0,1.0,True,27,115863.06,42,262935.89,-147072.83,94.2,0.879,0.972,1.0,1.0,-55353.13,-30946.81,6550.67,-31.67,-3.45,1.0,-12334.15,-0.1762,-12488.12,-0.1916,-0.3152,NONE,1789714490162,SELL,2333.97,0.7237128992248062,1789714440000,ok,1.0,1.0,1.0,continuous,1,276,0,,0,0,0,0,False,170,0.7241,0.7242,1.381,-0.563,0.2582,-0.0569,50880.89,30001.08,26.93,1789714512847,226,False,,FATIGUE_RESTED_1M|AGGRESSIVE_SELLER,,
2,v2,v1.2,REALF_PY_V4_2_DERIVED,ZPTDIFAT_PY_V1_4_DERIVED,fc-v1,native,,058e38aec59f4c35,20260918_064430,212,SKR_20260918_065515_870,SKRUSDT,BINANCE,FUTURES,OUTSIDE100,227,500,1789714515870,2026-09-18T06:55:15.870+00:00,28,True,1789714515648,1789714515870,64.5,1789714500000,1789714559999,False,15.6,0.019094,0.0,45.5,FAIR (DENGE),True,500,43.9,45.4,46.9,50.0,0.00197,-0.29,-0.12,0.00143,0.375,0.0,0.3,50.0,-9.9,YOK,3.0,1.0,0.019131735255944037,0.198,CLV_PROXY_1M,0,0.0033,99.7,45.5,42.8,42.2,51.9,2.7,3.3,-6.4,0.00197,-6e-05,0.00011,2e-05,19.35,20.69,27.41,37.94,-1.34,-8.06,-18.59,19.61,8.33,500,native,19.35,DINLENMIS,19.61,8.33,True,300,37.8,BULL,BOS UP,LH/LL,LH/LL,TR UP,79.3,True,True,499,19,33.7,1789713360000,LOW,0.019028,2.67,0.019363,10.88,2,,,,1,0,0.019363,0.019085,EQH_SWEEP,64,0.0189665,False,False,0.1295,499,native,56.71,NORMAL,45.44,45.33,True,300,72.4,BULL,BOS UP,HH/MIX,MIX/HL,TR UP,73.8,True,True,498,6,30.5,1789713360000,LOW,0.018839,4.64,0.020296500000000002,21.9,2,0.0188425,4.58,2,1,1,0.020296500000000002,0.0188425,LOW_SWEEP,29,0.018846,False,False,0.2875,499,native,70.31,NORMAL,57.84,59.0,True,300,85.7,BULL,BOS UP,HH/HL,HH/MIX,RANGE,83.4,True,True,498,4,34.0,1789713300000,LOW,0.018839,3.55,0.020296500000000002,16.73,2,,,,1,0,0.020296500000000002,0.018839,LOW_SWEEP,29,0.018732,False,False,0.3764,499,native,80.32,YORGUN,80.82,83.33,True,300,74.2,BULL,BOS UP,MIX/HL,MIX/HL,SQZ,69.3,True,True,498,2,49.0,1789712100000,LOW,0.018719,2.55,,,,0.017547,10.54,2,0,2,0.019011,0.017547,HIGH_SWEEP,36,0.019329,False,False,0.7664,499,native,43.3,NORMAL,51.26,59.0,True,300,39.3,BULL,BOS UP,LH/LL,HH/MIX,RANGE,84.4,True,True,498,21,72.8,1789635600000,LOW,0.017378,4.52,0.025375500000000002,16.54,2,,,,1,0,0.025375500000000002,0.018321,LOW_SWEEP,6,0.018554,False,False,2.0012,499,native,73.2,YORGUN,68.56,77.0,True,300,72.9,BULL,BOS UP,HH/HL,HH/HL,TR UP,83.6,True,True,498,114,36.2,1788062400000,LOW,0.008858,11.54,,,,0.017043000000000003,2.31,2,0,1,0.020299,0.017043000000000003,HIGH_SWEEP,4,0.019684,False,False,4.7097,33630,445,21.6,6.21,15.39,55.37,77.68,94.4,UP,3,3,27.81,2.7,60.0,1.0,True,0,0.0,0,0.0,0.0,0.0,0.051,0.0,1.0,0.44,1002.97,2932.95,-1929.98,-49.03,25.48,6.0,DOWN,97,70,3935.93,24.7,300.0,1.0,True,0,0.0,2,1983.87,-1983.87,48.2,0.331,0.399,1.0,0.888,15933.41,19833.26,-3899.86,-10.9,44.55,29.4,DOWN,546,376,35766.67,64.4,900.0,1.0,True,6,9767.38,6,11977.36,-2209.98,69.2,0.563,0.638,1.0,0.963,1974.46,-1353.61,3693.25,73.3,-21.77,1.0,-750.54,-0.8335,-476.03,-0.6047,0.1648,DOWN,1789714431286,SELL,1432.82,0.019098160615269782,1789714440000,ok,1.0,1.0,1.0,continuous,1,3,0,,0,0,0,0,False,204,0.019093,0.019095,1.047,0.207,0.3647,0.2167,4269.78,1987.51,15.19,1789714515139,731,False,,FATIGUE_RESTED_1M,,
2,v2,v1.2,REALF_PY_V4_2_DERIVED,ZPTDIFAT_PY_V1_4_DERIVED,fc-v1,native,,058e38aec59f4c35,20260918_064430,213,PROM_20260918_065518_873,PROMUSDT,BINANCE,FUTURES,OUTSIDE100,266,1000,1789714518873,2026-09-18T06:55:18.873+00:00,28,True,1789714518426,1789714518873,64.6,1789714500000,1789714559999,False,18.4,5.372,0.0186,54.7,FAIR (DENGE),True,500,55.1,56.5,53.7,50.3,-0.00301,-0.91,-1.09,0.0023,0.47,0.1,5.7,70.0,-20.3,YOK,2.8,1.0,5.355864592569738,-0.3,CLV_PROXY_1M,0,0.0,100.0,54.7,56.3,53.8,59.8,-1.6,0.9,-5.1,-0.00301,7e-05,-0.0004,-0.00055,19.06,21.25,28.02,31.37,-2.19,-8.96,-12.31,16.37,8.33,500,native,19.06,DINLENMIS,16.37,8.33,True,300,7.8,BEAR,BOS DN,LH/LL,MIX/HL,TR DN,92.6,True,True,499,1,55.5,1789714440000,HIGH,5.424,5.38,,,,,,,0,0,5.424,5.378,LOW_SWEEP,40,5.427,False,False,0.1801,499,native,18.39,DINLENMIS,15.1,6.0,True,300,11.2,BEAR,BOS DN,LH/LL,LH/LL,TR DN,90.3,True,True,498,5,47.1,1789713540000,HIGH,5.541,8.99,,,,,,,0,0,5.541,5.41,EQL_SWEEP,5,5.3934999999999995,False,False,0.3494,499,native,12.65,DINLENMIS,14.79,8.0,True,300,45.8,TR-DN,CHOCH DN,MIX/HL,LH/LL,TR-DN,75.6,True,True,498,9,58.5,1789711800000,HIGH,5.541,7.06,,,,5.2165,6.5,2,0,1,5.541,5.2165,HIGH_SWEEP,32,5.589,False,False,0.4456,499,native,21.47,DINLENMIS,11.23,4.33,True,300,60.0,TR-DN,CHOCH DN,HH/HL,MIX/HL,TR-DN,88.0,True,True,498,3,54.5,1789711200000,HIGH,5.594,5.13,5.7285,8.24,2,,,,2,0,5.7285,5.43,LOW_SWEEP,172,5.332,False,False,0.8035,499,native,50.36,NORMAL,20.86,10.0,True,300,59.0,BEAR,BOS DN,MIX/HL,MIX/HL,SQZ,69.1,True,True,498,46,75.0,1789545600000,HIGH,5.729,4.24,5.8375,5.53,3,4.906499999999999,5.53,2,2,1,5.8375,4.906499999999999,EQL_SWEEP,94,5.5815,False,False,1.5355,499,native,46.29,NORMAL,42.79,33.0,True,300,26.5,BULL,BOS UP,LH/LL,MIX/HL,SQZ,85.6,True,True,498,58,11.5,1788868800000,LOW,4.913,2.49,,,,4.4025,5.27,2,0,2,5.659,4.4025,HIGH_SWEEP,57,5.986,False,False,3.3065,917,952,3313.44,17676.31,-14362.87,-68.43,15.79,5.2,DOWN,199,62,20989.75,11.2,60.0,1.0,True,1,1127.58,2,15366.73,-14239.14,43.0,0.183,0.581,1.0,0.985,14161.7,27852.73,-13691.03,-32.59,33.71,9.4,DOWN,647,262,42014.44,35.4,300.0,1.0,True,3,4230.97,4,18499.41,-14268.43,61.9,0.415,0.656,1.0,0.997,69075.2,133404.25,-64329.05,-31.77,34.11,9.7,DOWN,2271,889,202479.45,106.2,900.0,1.0,True,20,33708.55,15,96890.43,-63181.88,80.9,0.68,0.827,1.0,0.999,-15094.75,-13757.33,-11507.22,-45.61,-16.41,1.0,-4057.54,-0.3815,-1810.34,-0.2154,-0.0467,NONE,1789714480726,BUY,1127.58,5.371999999999999,1789714440000,ok,1.0,1.0,1.0,continuous,1,63,0,,0,0,0,0,False,238,5.371,5.372,1.862,-0.35,0.0362,-0.2253,27523.71,25599.21,36.3,1789714518274,599,False,,FATIGUE_RESTED_1M|AGGRESSIVE_SELLER,,
2,v2,v1.2,REALF_PY_V4_2_DERIVED,ZPTDIFAT_PY_V1_4_DERIVED,fc-v1,native,,058e38aec59f4c35,20260918_064430,214,UAI_20260918_065521_453,UAIUSDT,BINANCE,FUTURES,OUTSIDE100,296,2000,1789714521453,2026-09-18T06:55:21.453+00:00,28,True,1789714521453,1789714521453,64.4,1789714500000,1789714559999,False,21.5,0.4193,0.0716,60.6,PRICE AHEAD,True,500,64.3,57.8,61.1,50.1,-0.00664,0.78,0.07,0.00445,0.669,0.09,0.3,55.0,0.7,YOK,6.5,1.0,0.41652359074624745,-0.662,CLV_PROXY_1M,0,0.0,100.0,60.6,59.4,62.8,53.3,1.2,-2.2,7.3,-0.00664,-0.00015,0.00026,-0.00295,80.52,79.94,70.32,55.76,0.58,10.2,24.76,78.68,89.33,500,native,80.52,YORGUN,78.68,89.33,True,300,35.3,BEAR,BOS DN,LH/MIX,HH/MIX,SQZ,71.4,True,True,499,30,90.8,1789712700000,HIGH,0.4198,0.46,0.42315,3.55,2,0.4168,2.3,2,1,2,0.42315,0.4168,HIGH_SWEEP,108,0.4247,False,False,0.259,499,native,62.1,NORMAL,72.08,80.0,True,300,28.6,BULL,BOS UP,LH/LL,LH/LL,SQZ,79.1,True,True,498,71,61.1,1789701660000,LOW,0.4075,5.29,0.43455,6.84,2,,,,1,0,0.43455,0.4129,LOW_SWEEP,7,0.4166,False,False,0.5309,499,native,43.98,NORMAL,58.83,56.33,True,300,58.1,TR-DN,CHOCH DN,MIX/HL,LH/LL,TR-DN,66.3,True,True,498,52,58.0,1789698900000,HIGH,0.4354,4.84,,,,0.3559,19.06,3,0,1,0.4232,0.3559,HIGH_SWEEP,105,0.4106,False,False,0.7937,499,native,37.72,NORMAL,42.31,38.0,True,300,68.6,BULL,BOS UP,MIX/HL,MIX/HL,RANGE,79.5,True,True,498,21,30.6,1789695000000,LOW,0.3901,4.0,0.43505,2.16,2,0.3838,4.87,2,2,2,0.43505,0.3838,LOW_SWEEP,174,0.3294,False,False,1.7465,499,native,66.52,NORMAL,59.36,61.67,True,300,86.6,BULL,BOS UP,HH/HL,HH/HL,SQZ,87.3,True,True,498,6,38.6,1789689600000,LOW,0.3838,2.19,,,,,,,0,0,0.4354,0.3838,HIGH_SWEEP,4,0.418,False,False,3.8614,499,native,65.46,NORMAL,73.99,78.33,True,300,18.4,BEAR,BOS DN,LH/LL,HH/HL,RANGE,87.8,True,True,498,19,42.0,1789430400000,HIGH,0.5943,3.99,,,,,,,0,0,0.5943,0.322,LOW_SWEEP,20,0.4503,False,False,10.3453,7653,693,508.37,146.23,362.15,55.32,77.66,94.4,UP,30,19,654.6,8.0,60.0,1.0,True,0,0.0,0,0.0,0.0,27.7,0.137,0.204,1.0,0.872,20407.94,3856.53,16551.41,68.21,84.11,94.8,UP,589,224,24264.46,40.6,300.0,1.0,True,2,14364.28,0,0.0,14364.28,62.0,0.448,0.596,1.0,0.974,43642.27,25475.68,18166.59,26.28,63.14,87.4,UP,1458,613,69117.94,84.9,900.0,1.0,True,4,22764.35,3,9331.39,13432.96,74.9,0.629,0.71,1.0,0.991,511.79,-8904.77,-285.28,30.95,-1.97,1.0,462.56,0.2265,3841.03,0.7915,0.7257,NONE,1789714334917,BUY,12166.08,0.41921637090382824,1789714440000,ok,1.0,1.0,1.0,continuous,1,32,0,,0,0,0,0,False,272,0.4191,0.4193,4.771,2.208,-0.0009,0.277,12386.01,12408.59,47.71,1789714521277,176,False,,,,
2,v2,v1.2,REALF_PY_V4_2_DERIVED,ZPTDIFAT_PY_V1_4_DERIVED,fc-v1,native,,058e38aec59f4c35,20260918_064430,215,BULLA_20260918_065524_252,BULLAUSDT,BINANCE,FUTURES,OUTSIDE100,339,5000,1789714524252,2026-09-18T06:55:24.252+00:00,28,True,1789714524045,1789714524252,64.4,1789714500000,1789714559999,False,24.0,0.10161,0.2071,51.9,FAIR (DENGE),True,500,52.3,52.8,50.8,50.1,-0.00385,0.35,0.29,0.00578,0.561,0.14,2.3,35.0,-11.7,YOK,2.0,1.0,0.10121948690794622,-0.384,CLV_PROXY_1M,0,0.0,100.0,51.9,51.1,57.3,58.1,0.8,-5.4,-6.2,-0.00385,-0.0015,-0.00055,0.0,66.37,64.69,59.71,49.59,1.68,6.66,16.78,66.42,79.33,500,native,66.37,NORMAL,66.42,79.33,True,300,49.5,TR-DN,CHOCH DN,HH/MIX,MIX/HL,TR-DN,73.3,True,True,499,15,44.8,1789713600000,HIGH,0.10172,0.29,0.10206,1.19,3,0.100455,3.06,2,1,2,0.10206,0.100455,EQL_SWEEP,58,0.100455,False,False,0.372,499,native,60.54,NORMAL,66.72,77.0,True,300,59.1,BULL,BOS UP,MIX/HL,MIX/LL,RANGE,69.2,True,True,498,43,89.1,1789706700000,LOW,0.096433,6.37,0.102005,0.49,2,0.0964015,6.41,2,1,2,0.102005,0.0964015,HIGH_SWEEP,29,0.10206,False,False,0.7984,499,native,55.95,NORMAL,61.98,68.67,True,300,46.6,BULL,BOS UP,LH/MIX,MIX/HL,TR UP,64.3,True,True,498,26,22.3,1789706700000,LOW,0.09539,5.45,,,,0.10001,1.4,2,0,1,0.10203,0.10001,HIGH_SWEEP,24,0.10114,False,False,1.1259,499,native,71.62,NORMAL,67.11,72.67,True,300,74.6,BEAR,BOS DN,HH/HL,HH/HL,TR DN,88.7,True,True,498,65,27.4,1789655400000,HIGH,0.10999,3.58,0.109785,3.49,2,,,,1,0,0.109785,0.094,LOW_SWEEP,67,0.1007,False,False,2.2834,499,native,66.01,NORMAL,73.79,89.0,True,300,26.8,BULL,BOS UP,LH/LL,MIX/HL,RANGE,84.5,True,True,498,44,42.2,1789552800000,LOW,0.060024,6.41,,,,0.060025499999999996,6.41,2,0,1,0.121362,0.060025499999999996,HIGH_SWEEP,45,0.076341,False,False,6.4384,499,native,57.94,NORMAL,58.18,59.33,True,300,75.0,BULL,BOS UP,HH/MIX,HH/HL,EXP UP,78.0,True,True,498,11,96.7,1789545600000,LOW,0.0675,2.29,,,,0.0154205,5.78,2,0,1,0.139078,0.0154205,HIGH_SWEEP,52,0.085989,False,False,15.2143,832,1881,5877.82,3425.48,2452.34,26.36,63.18,87.5,UP,256,148,9303.3,13.2,60.0,1.0,True,0,0.0,0,0.0,0.0,43.2,0.209,0.492,1.0,0.986,15168.01,10711.46,4456.55,17.22,58.61,79.4,UP,806,425,25879.48,51.7,300.0,1.0,True,0,0.0,0,0.0,0.0,65.6,0.509,0.603,1.0,0.997,57528.21,44995.1,12533.11,12.22,56.11,72.7,UP,2656,1430,102523.3,231.0,900.0,1.0,True,1,5200.14,1,8899.92,-3699.78,84.9,0.822,0.753,1.0,0.999,2884.63,2886.76,24235.54,17.45,4.15,1.0,1775.77,0.2569,891.7,0.1723,-0.2802,UP,1789713918675,BUY,5200.14,0.10101665651346205,1789714440000,ok,1.0,1.0,1.0,continuous,1,151,0,,0,0,0,0,False,306,0.10175,0.10176,0.983,0.357,0.2579,0.2078,3451.59,2036.44,23.09,1789714523723,529,False,,,,
2,v2,v1.2,REALF_PY_V4_2_DERIVED,ZPTDIFAT_PY_V1_4_DERIVED,fc-v1,native,,058e38aec59f4c35,20260918_064430,216,OG_20260918_065526_824,OGUSDT,BINANCE,FUTURES,OUTSIDE100,523,500,1789714526824,2026-09-18T06:55:26.824+00:00,28,True,1789714526824,1789714526824,63.4,1789714500000,1789714559999,False,26.8,2.748,-0.0727,32.9,PRICE LAG,True,500,27.1,35.2,36.9,45.1,0.00493,-0.9,-0.3,0.00062,0.253,0.27,52.3,45.0,31.3,YOK,9.8,1.0,2.7615681297911046,0.494,CLV_PROXY_1M,0,0.0033,99.7,32.9,35.4,30.8,34.6,-2.5,2.1,-1.7,0.00493,0.00043,7e-05,0.0,27.27,33.83,45.71,45.15,-6.56,-18.44,-17.88,16.24,2.0,500,native,27.27,DINLENMIS,16.24,2.0,True,300,87.2,BULL,BOS UP,HH/HL,HH/MIX,SQZ,88.8,True,True,499,11,69.0,1789713840000,LOW,2.749,-0.47,,,,2.748,0.0,2,0,3,2.757,2.748,EQL_SWEEP,1,2.748,True,False,0.0773,499,native,35.15,NORMAL,18.84,5.0,True,300,75.1,BULL,BOS UP,MIX/HL,HH/HL,RANGE,64.5,True,True,498,4,60.2,1789713720000,LOW,2.746,0.46,,,,2.746,0.46,2,0,3,2.754,2.746,HIGH_SWEEP,58,2.746,False,False,0.1576,499,native,31.95,NORMAL,22.27,5.67,True,300,67.0,BULL,BOS UP,MIX/HL,HH/HL,TR UP,73.6,True,True,498,21,39.4,1789708200000,LOW,2.732,2.57,,,,2.679,11.09,2,0,2,2.756,2.679,HIGH_SWEEP,23,2.759,False,False,0.2263,499,native,58.05,NORMAL,49.48,39.33,True,300,85.9,BULL,BOS UP,HH/HL,HH/HL,TR UP,87.3,True,True,498,7,35.2,1789707600000,LOW,2.679,6.89,,,,2.6635,8.43,2,0,1,2.769,2.6635,HIGH_SWEEP,6,2.759,False,False,0.3636,499,native,90.09,ASIRI,86.65,93.0,True,300,74.4,BULL,BOS UP,MIX/HL,MIX/HL,RANGE,73.4,True,True,498,7,58.0,1789686000000,LOW,2.662,4.35,,,,2.6,7.49,2,0,1,2.7,2.6,HIGH_SWEEP,30,2.712,False,False,0.7193,499,native,78.54,YORGUN,86.81,92.33,True,300,75.1,BULL,BOS UP,MIX/HL,HH/HL,SQZ,73.2,True,True,498,1,52.4,1789689600000,LOW,2.61,3.11,2.9825,5.29,3,2.5975,3.39,2,2,2,2.9825,2.5975,EQH_SWEEP,87,2.9425,False,False,1.6159,11244,83,357.37,0.0,357.37,100.0,100.0,95.0,UP,7,4,357.37,3.1,60.0,1.0,True,0,0.0,0,0.0,0.0,17.5,0.059,0.138,1.0,0.813,1184.51,2190.74,-1006.24,-29.81,35.09,10.6,DOWN,76,29,3375.25,8.4,300.0,1.0,True,0,0.0,2,1702.95,-1702.95,34.3,0.143,0.382,1.0,0.963,4327.86,3718.82,609.05,7.57,53.78,64.9,UP,226,78,8046.68,19.7,900.0,1.0,True,2,1535.88,3,2257.3,-721.42,48.2,0.283,0.476,1.0,0.988,616.7,297.91,-29.57,59.97,5.14,1.0,-358.34,-0.3321,-294.99,-0.437,0.3882,DOWN,1789714453455,SELL,764.92,2.747560704022989,1789714440000,ok,1.0,1.0,1.0,continuous,1,5,0,,0,0,0,0,False,340,2.747,2.749,7.278,1.838,0.3006,0.0753,26254.09,14117.01,72.78,1789714524488,2336,False,,FATIGUE_RESTED_1M,,
2,v2,v1.2,REALF_PY_V4_2_DERIVED,ZPTDIFAT_PY_V1_4_DERIVED,fc-v1,native,,058e38aec59f4c35,20260918_064430,217,ZORA_20260918_065529_608,ZORAUSDT,BINANCE,FUTURES,OUTSIDE100,612,500,1789714529608,2026-09-18T06:55:29.608+00:00,28,True,1789714529389,1789714529608,62.6,1789714500000,1789714559999,False,29.4,0.00789,-0.0253,55.8,FAIR (DENGE),True,500,59.0,51.2,56.9,50.7,-0.00056,0.28,-0.25,0.00154,0.528,0.2,13.0,40.0,-0.2,YOK,7.7,1.0,0.007885578828483156,-0.056,CLV_PROXY_1M,0,0.0,100.0,55.8,54.3,55.8,46.2,1.5,0.0,9.6,-0.00056,-6e-05,-5e-05,-0.00133,51.54,53.65,54.81,56.93,-2.11,-3.27,-5.39,47.86,43.67,500,native,51.54,NORMAL,47.86,43.67,True,300,82.7,TR-UP,CHOCH UP,HH/HL,LH/MIX,SQZ,91.7,True,True,499,15,64.1,1789713600000,LOW,0.007851,4.99,,,,0.007775499999999999,14.64,2,0,1,0.007905,0.007775499999999999,HIGH_SWEEP,7,0.007903,False,False,0.0991,499,native,66.57,NORMAL,64.96,65.0,True,300,88.8,BULL,BOS UP,HH/HL,HH/HL,RANGE,87.7,True,True,498,5,56.3,1789713540000,LOW,0.007842,2.59,,,,,,,0,0,0.007897,0.007842,HIGH_SWEEP,4,0.007897,False,False,0.2349,499,native,73.6,YORGUN,75.36,78.33,True,300,85.5,BULL,BOS UP,HH/HL,HH/HL,RANGE,84.8,True,True,498,11,63.8,1789711200000,LOW,0.007813,3.13,,,,,,,0,0,0.007897,0.007842,HIGH_SWEEP,3,0.007897,False,False,0.3114,499,native,44.4,NORMAL,46.62,44.33,True,300,81.8,BULL,BOS UP,HH/HL,MIX/HL,RANGE,87.5,True,True,498,21,74.9,1789695000000,LOW,0.007527,6.88,,,,,,,0,0,0.00802,0.007813,LOW_SWEEP,25,0.007571,False,False,0.6689,499,native,79.53,YORGUN,73.8,86.67,True,300,73.8,BEAR,BOS DN,HH/HL,HH/MIX,TR DN,86.4,True,True,498,69,59.5,1789462800000,HIGH,0.007987,0.79,0.009008,9.15,2,0.007187,5.75,2,1,1,0.009008,0.007187,LOW_SWEEP,126,0.008102,False,False,1.5567,499,native,71.72,NORMAL,77.97,86.33,True,300,18.0,TR-DN,CHOCH DN,LH/LL,LH/LL,TR-DN,90.3,True,True,498,16,65.9,1789473600000,HIGH,0.008968,4.07,,,,0.0058755000000000005,7.61,2,0,2,0.008336,0.0058755000000000005,HIGH_SWEEP,29,0.008437,False,False,3.3227,3751,251,0.0,398.69,-398.69,-100.0,0.0,5.0,DOWN,11,5,398.69,2.0,60.0,1.0,True,0,0.0,0,0.0,0.0,15.4,0.039,0.15,1.0,0.937,742.47,2494.67,-1752.19,-54.13,22.94,5.7,DOWN,85,51,3237.14,19.1,300.0,1.0,True,0,0.0,0,0.0,0.0,44.6,0.276,0.378,1.0,0.987,6831.16,8237.7,-1406.53,-9.33,45.33,32.0,DOWN,431,223,15068.86,59.3,900.0,1.0,True,3,2910.92,3,2716.25,194.67,65.2,0.543,0.545,1.0,0.996,-407.08,-254.06,-668.77,-72.05,-2.22,1.0,-232.52,-0.6639,-347.31,-0.5364,-0.4707,NONE,1789714134161,SELL,1082.25,0.007884578095744603,1789714440000,ok,1.0,1.0,1.0,continuous,1,5,0,,0,0,0,0,False,374,0.007888,0.00789,2.535,0.129,-0.0268,-0.4719,17740.95,18719.18,25.35,1789714529101,507,False,,,,
2,v2,v1.2,REALF_PY_V4_2_DERIVED,ZPTDIFAT_PY_V1_4_DERIVED,fc-v1,native,,058e38aec59f4c35,20260918_064430,218,TNSR_20260918_065532_390,TNSRUSDT,BINANCE,FUTURES,OUTSIDE100,738,200,1789714532390,2026-09-18T06:55:32.390+00:00,28,True,1789714532164,1789714532390,61.8,1789714500000,1789714559999,False,32.2,0.0352,-0.0568,51.9,FAIR (DENGE),True,500,52.2,53.5,50.0,50.0,-0.00142,-0.55,-0.22,0.00128,0.561,0.02,2.3,40.0,10.2,YOK,3.4,1.0,0.03515002049330142,-0.142,CLV_PROXY_1M,0,0.0,100.0,51.9,57.1,60.7,58.5,-5.2,-8.8,-6.6,-0.00142,0.00062,0.00132,0.00092,65.97,67.41,72.45,78.98,-1.44,-6.48,-13.01,60.87,66.67,500,native,65.97,NORMAL,60.87,66.67,True,300,73.8,BULL,BOS UP,MIX/HL,HH/MIX,TR UP,73.3,True,True,499,8,58.2,1789714020000,LOW,0.03512,2.46,,,,0.03507,4.0,2,0,1,0.03518,0.03507,HIGH_SWEEP,2,0.03518,False,False,0.0923,499,native,69.08,NORMAL,71.06,74.33,True,300,75.4,BULL,BOS UP,HH/MIX,HH/HL,RANGE,68.2,True,True,498,2,47.6,1789714080000,LOW,0.03507,1.94,,,,0.03507,1.94,3,0,1,0.03521,0.03507,HIGH_SWEEP,1,0.03521,True,True,0.19,499,native,63.64,NORMAL,72.79,75.33,True,300,29.0,BULL,BOS UP,LH/LL,HH/HL,RANGE,78.1,True,True,498,46,51.5,1789700700000,LOW,0.03481,4.43,,,,0.03454,7.5,2,0,2,0.03536,0.03454,HIGH_SWEEP,51,0.03498,False,False,0.25,499,native,39.73,NORMAL,42.04,41.67,True,300,83.8,BULL,BOS UP,HH/HL,MIX/HL,RANGE,93.4,True,True,498,20,59.8,1789695900000,LOW,0.03454,3.84,,,,0.034375,4.79,2,0,1,0.03583,0.034375,HIGH_SWEEP,17,0.03497,False,False,0.4898,499,native,75.25,YORGUN,61.92,71.67,True,300,74.8,BULL,BOS UP,MIX/HL,MIX/HL,TR UP,73.8,True,True,498,5,52.8,1789693200000,LOW,0.03405,2.93,,,,,,,0,0,0.03497,0.03438,LOW_SWEEP,36,0.03304,False,False,1.1171,499,native,78.45,YORGUN,78.74,87.67,True,300,76.4,BULL,BOS UP,HH/MIX,HH/HL,RANGE,71.9,True,True,498,1,56.6,1789689600000,LOW,0.03258,3.37,0.037065,2.4,2,0.029225,7.69,2,1,1,0.037065,0.029225,EQH_SWEEP,59,0.037065,False,False,2.178,26141,101,1819.16,32.04,1787.12,96.54,98.27,95.0,UP,25,10,1851.2,5.4,60.0,1.0,True,1,1626.38,0,0.0,1626.38,26.4,0.098,0.317,1.0,0.564,2601.25,1771.14,830.1,18.99,59.49,81.4,UP,67,33,4372.39,11.2,300.0,1.0,True,3,2205.31,2,1279.68,925.63,38.4,0.183,0.41,1.0,0.913,6102.63,2178.51,3924.11,47.39,73.69,93.8,UP,193,89,8281.14,24.9,900.0,1.0,True,8,4753.91,2,1279.68,3474.23,51.5,0.333,0.48,1.0,0.971,1756.36,143.43,1664.12,30.58,1.25,1.0,480.31,0.4923,81.39,0.0931,0.1991,NONE,1789714479996,BUY,1626.38,0.03520436442466497,1789714440000,ok,1.0,1.0,1.0,continuous,1,10,0,,0,0,0,0,False,408,0.03519,0.0352,2.841,0.281,0.0515,0.2614,19621.46,17698.08,55.41,1789714528250,4140,False,,,,
2,v2,v1.2,REALF_PY_V4_2_DERIVED,ZPTDIFAT_PY_V1_4_DERIVED,fc-v1,native,,058e38aec59f4c35,20260918_064430,219,VELVET_20260918_065534_978,VELVETUSDT,BINANCE,FUTURES,OUTSIDE100,761,200,1789714534978,2026-09-18T06:55:34.978+00:00,28,True,1789714534978,1789714534978,61.0,1789714500000,1789714559999,False,35.0,0.05518,0.0725,36.9,PRICE LAG,True,500,31.0,43.7,37.1,46.3,0.00414,-0.47,0.11,0.00203,0.382,0.31,44.7,45.0,9.4,YOK,12.8,1.0,0.055408941316370565,0.415,CLV_PROXY_1M,0,0.0,100.0,36.9,32.4,38.6,35.2,4.5,-1.7,1.7,0.00414,-0.00075,0.0006,0.0016,14.21,13.53,16.43,18.21,0.68,-2.22,-4.0,17.98,10.67,500,native,14.21,DINLENMIS,17.98,10.67,True,300,42.1,BEAR,BOS DN,MIX/HL,LH/LL,EXP DN,74.9,True,True,499,8,70.0,1789714020000,HIGH,0.05589,4.6,0.056855,10.86,2,,,,1,0,0.056855,0.05553,EQL_SWEEP,83,0.055625,False,False,0.2798,499,native,15.78,DINLENMIS,9.58,4.0,True,300,40.4,BEAR,BOS DN,HH/MIX,LH/LL,RANGE,73.8,True,True,498,3,51.7,1789713900000,HIGH,0.05615,3.84,,,,,,,0,0,0.05615,0.05544,LOW_SWEEP,9,0.05556,False,False,0.4574,499,native,21.52,DINLENMIS,10.14,2.0,True,300,7.0,BEAR,BOS DN,LH/LL,LH/LL,RANGE,89.2,True,True,498,1,73.9,1789714200000,HIGH,0.05615,3.03,,,,0.0515,11.36,2,0,1,0.05615,0.0515,HIGH_SWEEP,30,0.05618,False,False,0.5859,499,native,27.52,DINLENMIS,15.37,4.67,True,300,70.9,BULL,BOS UP,HH/MIX,HH/MIX,RANGE,71.4,True,True,498,9,44.5,1789705800000,LOW,0.05548,-0.54,,,,0.0515,6.65,3,0,1,0.05671,0.0515,HIGH_SWEEP,8,0.05649,False,False,0.9931,499,native,32.08,NORMAL,23.07,18.33,True,300,70.4,BULL,BOS UP,HH/MIX,LH/LL,TR UP,75.1,True,True,498,14,40.8,1789660800000,LOW,0.0494,4.33,,,,,,,0,0,0.06014,0.0494,HIGH_SWEEP,13,0.05886,False,False,2.3885,499,native,78.16,YORGUN,63.71,84.0,True,300,48.0,BEAR,BOS DN,MIX/HL,HH/HL,TR DN,65.7,True,True,498,16,34.6,1789473600000,HIGH,0.0633,3.17,,,,,,,0,0,0.0536,0.0494,HIGH_SWEEP,6,0.0536,False,False,4.6002,1606,976,556.75,2829.26,-2272.51,-67.11,16.44,5.2,DOWN,101,54,3386.0,9.3,60.0,1.0,True,0,0.0,4,1951.34,-1951.34,35.6,0.157,0.382,1.0,0.973,5056.25,12610.58,-7554.33,-42.76,28.62,6.8,DOWN,609,271,17666.83,69.4,300.0,1.0,True,6,2556.71,12,10475.39,-7918.68,67.7,0.581,0.562,1.0,0.995,22052.34,58169.84,-36117.5,-45.02,27.49,6.5,DOWN,2010,857,80222.18,114.3,900.0,1.0,True,28,14778.14,41,50774.71,-35996.57,78.6,0.696,0.726,1.0,0.998,-1812.24,-47.31,-9743.05,-16.96,0.53,1.0,-1084.68,-0.5387,-1407.75,-0.3984,-0.4278,NONE,1789714525533,SELL,946.9,0.0552,1789714440000,ok,1.0,1.0,1.0,continuous,1,55,0,,0,0,0,0,False,442,0.05516,0.05519,5.437,-2.234,0.1175,-0.1588,14958.23,11812.61,38.97,1789714534795,183,False,,FATIGUE_RESTED_1M|AGGRESSIVE_SELLER,,
2,v2,v1.2,REALF_PY_V4_2_DERIVED,ZPTDIFAT_PY_V1_4_DERIVED,fc-v1,native,,058e38aec59f4c35,20260918_064430,220,ZKC_20260918_065537_758,ZKCUSDT,BINANCE,FUTURES,OUTSIDE100,1142,200,1789714537758,2026-09-18T06:55:37.758+00:00,28,True,1789714537543,1789714537758,60.7,1789714500000,1789714559999,False,37.5,0.0385,0.13,50.6,FAIR (DENGE),True,500,52.0,44.4,55.8,50.2,0.00184,-0.5,-1.15,0.00136,0.482,0.47,33.3,65.0,7.0,YOK,11.4,0.18,0.038570832558456156,0.184,CLV_PROXY_1M,0,0.0,100.0,50.6,46.2,41.7,36.0,4.4,8.9,14.6,0.00184,-0.00073,-0.00114,-0.00264,67.86,72.4,85.2,86.72,-4.54,-17.34,-18.86,55.53,61.33,500,native,67.86,NORMAL,55.53,61.33,True,300,78.2,BULL,BOS UP,MIX/HL,HH/HL,TR UP,77.3,True,True,499,7,100.0,1789714080000,LOW,0.0383,3.74,,,,,,,0,0,0.03846,0.03836,HIGH_SWEEP,1,0.03846,True,False,0.1391,499,native,75.38,YORGUN,77.66,83.0,True,300,41.6,BULL,BOS UP,LH/MIX,MIX/HL,RANGE,74.7,True,True,498,39,58.8,1789707420000,LOW,0.03801,5.68,,,,0.038305,2.26,2,0,2,0.03855,0.038305,HIGH_SWEEP,2,0.03855,False,False,0.2239,499,native,57.91,NORMAL,72.1,75.33,True,300,49.9,BULL,BOS UP,LH/MIX,LH/MIX,RANGE,69.7,True,True,498,24,50.4,1789707300000,LOW,0.03801,3.7,,,,0.038305,1.47,2,0,1,0.03855,0.038305,HIGH_SWEEP,2,0.03855,False,False,0.3446,499,native,50.76,NORMAL,53.17,69.0,True,300,87.9,BULL,BOS UP,HH/HL,HH/HL,RANGE,90.3,True,True,498,8,52.3,1789706700000,LOW,0.03789,2.35,0.049025,40.51,2,0.037065,5.52,2,1,1,0.049025,0.037065,LOW_SWEEP,153,0.03752,False,False,0.6768,499,native,75.27,YORGUN,68.68,80.67,True,300,58.0,BEAR,BOS DN,MIX/HL,HH/HL,TR DN,64.1,True,True,498,53,61.2,1789520400000,HIGH,0.04772,16.46,0.05792,34.66,2,,,,1,0,0.05792,0.03718,EQH_SWEEP,6,0.03827,False,False,1.4589,499,native,43.96,NORMAL,51.99,58.33,True,300,15.6,BEAR,BOS DN,LH/LL,LH/MIX,TR DN,90.7,True,True,498,18,73.5,1789444800000,HIGH,0.04904,8.37,,,,0.036074999999999996,1.93,2,0,1,0.03878,0.036074999999999996,HIGH_SWEEP,1,0.03878,True,False,3.2744,25839,394,1542.52,657.94,884.57,40.2,70.1,92.7,UP,40,19,2200.46,6.8,60.0,1.0,True,4,1470.0,1,585.92,884.08,29.1,0.12,0.336,1.0,0.569,5976.0,13693.13,-7717.14,-39.23,30.38,7.5,DOWN,293,130,19669.13,5.7,300.0,1.0,True,10,4011.63,6,12468.02,-8456.39,33.7,0.103,0.573,1.0,0.914,15508.96,19759.57,-4250.62,-12.05,43.97,27.6,DOWN,736,377,35268.53,17.3,900.0,1.0,True,20,8693.75,13,17043.1,-8349.35,50.6,0.257,0.637,1.0,0.971,10878.28,535.49,1548.49,61.85,3.36,1.0,-3977.99,-0.7264,-1893.38,-0.4813,0.6465,DOWN,1789714511716,BUY,372.73,0.03848526381001549,1789714440000,ok,1.0,1.0,1.0,continuous,1,19,0,,0,0,0,0,False,476,0.0385,0.03851,2.597,0.333,-0.2127,0.0542,14188.41,21854.12,50.64,1789714537370,388,False,,AGGRESSIVE_BUYER,,
2,v2,v1.2,REALF_PY_V4_2_DERIVED,ZPTDIFAT_PY_V1_4_DERIVED,fc-v1,native,,058e38aec59f4c35,20260918_064430,221,ETH_20260918_065543_344,ETHUSDT,BINANCE,FUTURES,TOP100,2,75000,1789714543344,2026-09-18T06:55:43.344+00:00,28,True,1789714543328,1789714543344,60.3,1789714500000,1789714559999,False,43.3,2483.24,-0.0173,56.1,FAIR (DENGE),True,500,57.0,57.6,55.4,50.2,-0.00151,-0.26,-0.41,0.00106,0.682,0.24,0.7,55.0,-3.6,YOK,2.2,1.0,2479.485418530219,-0.151,CLV_PROXY_1M,0,0.0,100.0,56.1,55.0,56.6,61.8,1.1,-0.5,-5.7,-0.00151,-4e-05,0.0002,4e-05,34.74,41.34,50.85,62.64,-6.6,-16.11,-27.9,22.63,11.67,500,native,34.74,NORMAL,22.63,11.67,True,300,30.9,BULL,BOS UP,LH/LL,LH/MIX,SQZ,89.1,True,True,499,33,63.9,1789712520000,LOW,2481.26,1.77,,,,2469.0299999999997,12.68,2,0,2,2485.92,2469.0299999999997,HIGH_SWEEP,32,2486.11,False,False,0.0451,499,native,52.73,NORMAL,44.92,39.67,True,300,56.7,BULL,BOS UP,MIX/HL,LH/MIX,RANGE,72.7,True,True,498,40,76.1,1789707240000,LOW,2469.0,4.93,2486.685,1.19,2,,,,1,0,2486.685,2480.9,HIGH_SWEEP,11,2486.49,False,False,0.1162,499,native,50.91,NORMAL,48.89,42.67,True,300,68.2,BULL,BOS UP,MIX/HL,MIX/HL,TR UP,75.1,True,True,498,21,61.2,1789708200000,LOW,2469.0,3.32,,,,2365.835,27.35,2,0,1,2486.88,2365.835,HIGH_SWEEP,22,2482.2,False,False,0.1729,499,native,63.94,NORMAL,58.27,57.67,True,300,72.9,BULL,BOS UP,HH/MIX,HH/HL,TR UP,74.1,True,True,498,7,39.9,1789707600000,LOW,2435.39,6.01,,,,2435.74,5.97,2,0,1,2492.55,2435.74,HIGH_SWEEP,6,2484.99,False,False,0.3202,499,native,79.43,YORGUN,86.34,95.67,True,300,73.3,BEAR,BOS DN,HH/HL,HH/MIX,TR DN,84.8,True,True,498,65,44.7,1789477200000,HIGH,2614.99,7.71,,,,,,,0,0,2484.0,2435.39,HIGH_SWEEP,1,2484.0,True,True,0.6888,499,native,65.5,NORMAL,76.63,87.67,True,300,51.7,TR-DN,CHOCH DN,MIX/HL,MIX/HL,TR-DN,70.6,True,True,498,14,32.7,1789502400000,HIGH,2614.99,3.3,,,,1862.655,15.57,2,0,2,2614.99,1862.655,HIGH_SWEEP,38,2522.75,False,False,1.6086,175,5018,74561.34,773071.28,-698509.93,-82.41,8.8,5.1,DOWN,684,181,847632.62,17.2,60.0,1.0,True,0,0.0,2,241544.38,-241544.38,57.7,0.256,0.982,1.0,0.997,1615854.17,3220252.37,-1604398.2,-33.18,33.41,9.2,DOWN,3560,978,4836106.55,45.1,300.0,1.0,True,3,845021.79,8,1015975.37,-170953.58,74.2,0.474,1.0,1.0,0.999,12170802.94,14272193.0,-2101390.06,-7.95,46.03,34.4,DOWN,21120,5018,26442995.94,151.4,837.7,0.9308,False,26,7534361.9,44,6973316.5,561045.4,87.9,0.752,1.0,0.931,1.0,-669334.51,-724683.91,,-39.39,-8.64,0.8641,-137114.97,-0.1476,-231004.76,-0.2388,-0.3491,NONE,1789714538650,SELL,127492.61,2483.59,1789714440000,ok,1.0,1.0,1.0,continuous,1,181,0,,0,0,0,0,False,510,2483.23,2483.24,0.04,0.014,0.6338,0.6917,946221.06,212117.64,0.87,1789714543191,153,False,,AGGRESSIVE_SELLER,,
2,v2,v1.2,REALF_PY_V4_2_DERIVED,ZPTDIFAT_PY_V1_4_DERIVED,fc-v1,native,,058e38aec59f4c35,20260918_064430,222,BNB_20260918_065546_136,BNBUSDT,BINANCE,FUTURES,TOP100,4,25000,1789714546136,2026-09-18T06:55:46.136+00:00,28,True,1789714546136,1789714546136,60.0,1789714500000,1789714559999,False,46.1,754.61,0.0106,35.9,PRICE LAG,True,500,31.8,38.9,35.9,47.2,0.00202,0.56,1.41,0.00092,0.661,0.59,11.7,70.0,31.1,YOK,7.0,1.0,756.1363579909463,0.202,CLV_PROXY_1M,0,0.0,100.0,35.9,38.8,41.1,46.6,-2.9,-5.2,-10.7,0.00202,0.00031,6e-05,0.00074,77.45,77.01,72.44,63.64,0.44,5.01,13.81,78.11,79.33,500,native,77.45,YORGUN,78.11,79.33,True,300,51.4,BEAR,BOS DN,MIX/HL,LH/MIX,RANGE,71.8,True,True,499,26,52.5,1789712940000,HIGH,754.74,0.35,,,,735.76,50.63,2,0,1,754.18,735.76,HIGH_SWEEP,33,754.62,False,False,0.0493,499,native,54.1,NORMAL,68.19,58.67,True,300,82.7,BULL,BOS UP,HH/HL,MIX/HL,RANGE,86.8,True,True,498,17,53.9,1789711380000,LOW,751.67,3.37,,,,733.985,23.61,2,0,2,755.98,733.985,HIGH_SWEEP,32,753.4,False,False,0.1158,499,native,60.09,NORMAL,70.66,68.33,True,300,69.7,BULL,BOS UP,HH/MIX,HH/HL,TR UP,80.5,True,True,498,21,50.9,1789708200000,LOW,749.39,3.97,,,,751.405,2.43,2,0,2,755.98,751.405,HIGH_SWEEP,10,755.08,False,False,0.1745,499,native,59.36,NORMAL,64.71,61.33,True,300,78.2,BULL,BOS UP,HH/HL,HH/HL,TR UP,91.5,True,True,498,30,31.8,1789686900000,LOW,733.95,8.25,,,,,,,0,0,754.71,733.95,HIGH_SWEEP,6,754.71,False,False,0.3323,499,native,94.31,ASIRI,91.77,95.33,True,300,72.9,BULL,BOS UP,HH/MIX,HH/MIX,TR UP,76.1,True,True,498,10,47.2,1789675200000,LOW,721.24,7.26,,,,,,,0,0,732.95,721.24,HIGH_SWEEP,18,729.58,False,False,0.6104,499,native,89.25,ASIRI,96.96,97.0,True,300,40.4,BULL,BOS UP,LH/LL,HH/HL,RANGE,86.1,True,True,498,4,31.3,1789646400000,LOW,704.34,5.34,,,,,,,0,0,725.94,704.34,HIGH_SWEEP,6,725.94,False,False,1.2519,528,2078,73518.16,102493.21,-28975.05,-16.46,41.77,21.5,DOWN,619,136,176011.37,11.6,60.0,1.0,True,1,28250.03,1,29848.42,-1598.39,48.2,0.189,0.811,1.0,0.991,565212.85,748375.13,-183162.27,-13.94,43.03,24.8,DOWN,3567,663,1313587.98,100.7,300.0,1.0,True,4,143969.16,6,282131.46,-138162.3,85.1,0.668,1.0,1.0,0.998,1293795.41,1943027.87,-649232.46,-20.06,39.97,17.5,DOWN,9108,1771,3236823.28,227.4,900.0,1.0,True,6,241914.84,19,858174.4,-616259.56,92.4,0.82,1.0,1.0,0.999,-62701.36,-63173.96,-181843.29,-14.93,-2.39,1.0,5954.21,0.0246,-43274.43,-0.1647,-0.1685,UP,1789714528235,BUY,28250.03,754.34,1789714440000,ok,1.0,1.0,1.0,continuous,1,136,0,,0,0,0,0,False,544,754.61,754.62,0.133,0.014,-0.0227,-0.3686,140698.87,147242.16,2.58,1789714545772,364,False,,,,
2,v2,v1.2,REALF_PY_V4_2_DERIVED,ZPTDIFAT_PY_V1_4_DERIVED,fc-v1,native,,058e38aec59f4c35,20260918_064430,223,XRP_20260918_065548_700,XRPUSDT,BINANCE,FUTURES,TOP100,5,25000,1789714548700,2026-09-18T06:55:48.700+00:00,28,True,1789714548700,1789714548700,59.7,1789714500000,1789714559999,False,48.7,1.3197,-0.0152,52.3,FAIR (DENGE),True,500,52.7,53.4,50.8,50.8,-0.00096,-0.93,-0.99,0.00157,0.736,0.59,37.3,60.0,-7.2,YOK,2.6,1.0,1.3184295370362522,-0.096,CLV_PROXY_1M,0,0.0,100.0,52.3,49.9,47.1,46.8,2.4,5.2,5.5,-0.00096,-0.00017,-0.00017,-9e-05,18.3,22.09,38.66,52.58,-3.79,-20.36,-34.28,11.81,4.0,500,native,18.3,DINLENMIS,11.81,4.0,True,300,45.3,BEAR,BOS DN,MIX/HL,MIX/HL,SQZ,73.5,True,True,499,3,31.9,1789714320000,HIGH,1.3242,3.74,,,,1.3032,13.71,2,0,2,1.3242,1.3032,HIGH_SWEEP,19,1.3232,False,False,0.0912,499,native,52.61,NORMAL,31.88,27.67,True,300,70.4,BULL,BOS UP,HH/MIX,HH/HL,RANGE,71.3,True,True,498,5,29.6,1789713540000,LOW,1.3164,1.35,,,,,,,0,0,1.3245,1.3164,HIGH_SWEEP,9,1.3228,False,False,0.1846,499,native,56.74,NORMAL,44.28,37.33,True,300,59.4,BULL,BOS UP,MIX/HL,HH/MIX,RANGE,74.0,True,True,498,38,67.7,1789703100000,LOW,1.3045,4.58,,,,,,,0,0,1.3228,1.3164,HIGH_SWEEP,6,1.3228,False,False,0.2496,499,native,55.89,NORMAL,49.66,52.0,True,300,76.5,TR-UP,CHOCH UP,HH/HL,MIX/HL,TR-UP,84.3,True,True,498,23,25.8,1789693200000,LOW,1.2867,5.98,,,,,,,0,0,1.3286,1.3133,HIGH_SWEEP,24,1.3002,False,False,0.4171,499,native,79.96,YORGUN,77.1,91.33,True,300,74.1,TR-UP,CHOCH UP,HH/MIX,HH/MIX,TR-UP,74.3,True,True,498,3,82.2,1789700400000,LOW,1.2867,2.72,,,,,,,0,0,1.3201,1.2867,HIGH_SWEEP,1,1.3201,True,True,0.9194,499,native,49.29,NORMAL,57.61,74.0,True,300,47.1,TR-DN,CHOCH DN,HH/MIX,MIX/LL,TR-DN,75.8,True,True,498,15,73.1,1789488000000,HIGH,1.4916,5.4,1.5507,7.26,2,0.98775,10.44,2,1,1,1.5507,0.98775,EQH_SWEEP,57,1.43175,False,False,2.3989,700,2347,209648.94,229684.33,-20035.39,-4.56,47.72,40.8,DOWN,1034,163,439333.27,18.6,60.0,1.0,True,4,147091.58,3,120135.62,26955.96,57.6,0.271,0.911,1.0,0.988,1383311.1,1451680.02,-68368.92,-2.41,48.79,45.1,FLAT,5646,726,2834991.13,89.6,300.0,1.0,True,13,1028403.18,16,869215.36,159187.83,83.7,0.642,1.0,1.0,0.998,4011147.34,3982465.22,28682.11,0.36,50.18,50.7,FLAT,16018,2045,7993612.56,168.7,900.0,1.0,True,37,2619315.39,44,2351664.56,267650.83,90.1,0.771,1.0,1.0,0.999,-471011.89,-5841.13,-888448.27,-40.9,-0.09,1.0,4767.49,0.0072,-15582.34,-0.0275,-0.0032,NONE,1789714529026,BUY,54773.73,1.319893414476633,1789714440000,ok,1.0,1.0009,1.0,continuous,1,162,0,,0,0,0,0,False,578,1.3196,1.3197,0.758,0.247,0.3628,0.2233,1892863.12,885021.83,14.78,1789714548552,148,False,,FATIGUE_RESTED_1M,,
2,v2,v1.2,REALF_PY_V4_2_DERIVED,ZPTDIFAT_PY_V1_4_DERIVED,fc-v1,native,,058e38aec59f4c35,20260918_064430,224,DOGE_20260918_065551_278,DOGEUSDT,BINANCE,FUTURES,TOP100,12,15000,1789714551278,2026-09-18T06:55:51.278+00:00,28,True,1789714551278,1789714551278,59.1,1789714500000,1789714559999,False,51.3,0.08414,-0.0475,55.2,FAIR (DENGE),True,500,55.9,54.7,56.7,50.2,-0.0011,-0.48,-0.81,0.00132,0.684,0.26,1.0,65.0,-15.2,YOK,2.0,1.0,0.08404763055274925,-0.11,CLV_PROXY_1M,0,0.0,100.0,55.2,55.5,55.1,51.5,-0.3,0.1,3.7,-0.0011,0.00012,2e-05,-0.00043,19.42,22.73,25.76,28.05,-3.31,-6.34,-8.63,15.17,3.67,500,native,19.42,DINLENMIS,15.17,3.67,True,300,60.3,BEAR,BOS DN,HH/HL,LH/LL,SQZ,88.5,True,True,499,7,35.4,1789714080000,HIGH,0.08442,4.97,0.084395,4.52,2,0.08135,49.5,2,1,1,0.084395,0.08135,EQH_SWEEP,19,0.084395,False,False,0.067,499,native,29.59,DINLENMIS,18.09,6.33,True,300,57.5,BULL,BOS UP,MIX/HL,HH/HL,RANGE,70.5,True,True,498,39,48.5,1789707420000,LOW,0.08373,3.17,0.08449000000000001,2.71,2,,,,1,0,0.08449000000000001,0.08417,LOW_SWEEP,18,0.08419,False,False,0.1536,499,native,33.04,NORMAL,25.99,13.33,True,300,60.8,BULL,BOS UP,MIX/HL,MIX/HL,TR UP,80.0,True,True,498,38,93.1,1789703100000,LOW,0.08223,9.59,,,,0.07986,21.5,2,0,1,0.08448,0.07986,HIGH_SWEEP,22,0.08459,False,False,0.2365,499,native,57.07,NORMAL,49.9,47.67,True,300,79.4,BULL,BOS UP,HH/HL,HH/HL,TR UP,84.7,True,True,498,22,43.6,1789694100000,LOW,0.08114,8.51,,,,0.080555,10.18,2,0,1,0.08469,0.080555,HIGH_SWEEP,65,0.08179,False,False,0.4181,499,native,88.61,ASIRI,83.77,96.33,True,300,89.8,BULL,BOS UP,HH/HL,LH/LL,TR UP,90.7,True,True,498,4,51.5,1789696800000,LOW,0.08114,4.14,,,,,,,0,0,0.08253,0.08114,HIGH_SWEEP,21,0.08134,False,False,0.8609,499,native,72.6,YORGUN,84.74,91.67,True,300,47.5,BEAR,BOS DN,HH/MIX,LH/MIX,TR DN,73.2,True,True,498,16,26.7,1789473600000,HIGH,0.08616,1.32,,,,0.07835,3.79,2,0,1,0.08616,0.07835,HIGH_SWEEP,20,0.08534,False,False,1.8093,113,1268,4207.74,75622.85,-71415.11,-89.46,5.27,5.0,DOWN,539,81,79830.59,6.2,60.0,1.0,True,0,0.0,2,41519.82,-41519.82,37.6,0.11,0.726,1.0,0.998,57512.11,220757.63,-163245.52,-58.66,20.67,5.4,DOWN,1981,390,278269.74,31.3,300.0,1.0,True,0,0.0,3,62155.22,-62155.22,65.3,0.385,0.861,1.0,1.0,747628.85,786146.51,-38517.67,-2.51,48.74,44.9,FLAT,6648,1087,1533775.36,40.1,900.0,1.0,True,11,440911.47,11,282060.93,158850.54,72.3,0.445,1.0,1.0,1.0,-63251.13,-309368.81,-218572.51,-27.94,-43.86,1.0,-32414.36,-0.637,-31015.1,-0.5573,0.3693,DOWN,1789714548812,SELL,24466.57,0.08414,1789714440000,ok,1.0,1.0,1.0,continuous,1,80,0,,0,0,0,0,False,612,0.08413,0.08414,1.189,-0.176,0.264,0.2153,1211493.94,705436.07,23.18,1789714551121,157,False,,FATIGUE_RESTED_1M|AGGRESSIVE_SELLER,,
2,v2,v1.2,REALF_PY_V4_2_DERIVED,ZPTDIFAT_PY_V1_4_DERIVED,fc-v1,native,,058e38aec59f4c35,20260918_064430,225,LINK_20260918_065553_838,LINKUSDT,BINANCE,FUTURES,TOP100,17,10000,1789714553838,2026-09-18T06:55:53.838+00:00,28,True,1789714553838,1789714553838,59.0,1789714500000,1789714559999,False,53.8,11.785,-0.0594,54.6,FAIR (DENGE),True,500,55.2,56.6,52.5,51.5,-0.00254,-1.15,-1.06,0.00164,0.688,0.59,28.3,50.0,-10.3,YOK,4.0,1.0,11.755114635446425,-0.254,CLV_PROXY_1M,0,0.0,100.0,54.6,53.8,55.2,62.1,0.8,-0.6,-7.5,-0.00254,0.0,0.00034,0.00047,23.41,30.95,47.88,47.52,-7.54,-24.47,-24.11,7.58,1.67,500,native,23.41,DINLENMIS,7.58,1.67,True,300,84.2,BULL,BOS UP,HH/HL,LH/LL,SQZ,93.7,True,True,499,19,55.7,1789713360000,LOW,11.772,1.04,,,,11.377500000000001,32.47,2,0,1,11.837,11.377500000000001,HIGH_SWEEP,38,11.779,False,False,0.1064,499,native,61.74,NORMAL,45.99,33.67,True,300,42.6,BULL,BOS UP,LH/LL,HH/MIX,RANGE,88.3,True,True,498,11,67.9,1789712460000,LOW,11.705,3.03,,,,,,,0,0,11.776,11.705,HIGH_SWEEP,16,11.776,False,False,0.2237,499,native,66.83,NORMAL,57.22,44.0,True,300,75.3,BULL,BOS UP,HH/MIX,HH/MIX,TR UP,75.7,True,True,498,4,46.5,1789713300000,LOW,11.705,2.09,,,,,,,0,0,11.817,11.705,HIGH_SWEEP,2,11.817,False,False,0.3207,499,native,63.63,NORMAL,59.71,61.0,True,300,91.2,BULL,BOS UP,HH/HL,HH/HL,TR UP,88.4,True,True,498,1,59.4,1789713000000,LOW,11.647,2.16,,,,11.0905,10.86,2,0,1,11.817,11.0905,HIGH_SWEEP,65,11.34,False,True,0.5406,499,native,90.08,ASIRI,86.56,94.0,True,300,83.3,TR-UP,CHOCH UP,HH/HL,MIX/LL,TR-UP,86.0,True,True,498,5,51.0,1789693200000,LOW,11.089,5.78,12.7855,8.29,2,,,,1,0,12.7855,11.25,LOW_SWEEP,37,10.67,False,False,1.0287,499,native,75.51,YORGUN,87.76,90.67,True,300,17.7,BEAR,BOS DN,LH/LL,HH/MIX,RANGE,86.2,True,True,498,15,24.8,1789488000000,HIGH,11.961,0.7,,,,8.062,14.85,2,0,1,11.961,8.062,EQH_SWEEP,83,12.035499999999999,False,False,2.133,4090,1104,23677.81,55183.47,-31505.66,-39.95,30.02,7.3,DOWN,301,58,78861.28,15.3,60.0,1.0,True,1,11444.08,2,23599.28,-12155.2,50.4,0.234,0.724,1.0,0.932,207199.3,395414.96,-188215.66,-31.23,34.38,10.0,DOWN,1872,342,602614.26,75.8,300.0,1.0,True,3,44086.54,10,254392.75,-210306.21,80.2,0.603,0.945,1.0,0.986,605390.66,884388.01,-278997.35,-18.73,40.64,18.9,DOWN,5149,954,1489778.67,219.0,900.0,1.0,True,8,117792.58,21,493926.49,-376133.91,92.1,0.814,1.0,1.0,0.995,20931.4,-51128.51,-86644.03,-6.54,-3.39,1.0,-33467.06,-0.264,-33966.64,-0.2818,-0.3483,NONE,1789714510858,SELL,11807.04,11.789474682722743,1789714440000,ok,1.0,1.0,1.0,continuous,1,57,0,,0,0,0,0,False,646,11.784,11.785,0.849,-0.051,0.1397,-0.0077,198684.19,149977.31,16.55,1789714553446,392,False,,FATIGUE_RESTED_1M,,
2,v2,v1.2,REALF_PY_V4_2_DERIVED,ZPTDIFAT_PY_V1_4_DERIVED,fc-v1,native,,058e38aec59f4c35,20260918_064430,226,ADA_20260918_065556_444,ADAUSDT,BINANCE,FUTURES,TOP100,19,10000,1789714556444,2026-09-18T06:55:56.444+00:00,28,True,1789714556444,1789714556444,58.7,1789714500000,1789714559999,False,56.4,0.2131,-0.0469,43.9,FAIR (DENGE),True,500,41.0,45.2,46.2,49.0,0.00196,-0.69,-0.22,0.00148,0.613,0.48,9.3,40.0,-23.7,YOK,5.2,1.0,0.21351818643746867,0.196,CLV_PROXY_1M,0,0.0,100.0,43.9,43.5,46.4,46.4,0.4,-2.5,-2.5,0.00196,0.00042,0.00083,0.00071,20.26,24.05,35.97,49.17,-3.79,-15.71,-28.91,14.17,5.0,500,native,20.26,DINLENMIS,14.17,5.0,True,300,73.8,TR-UP,CHOCH UP,HH/HL,HH/HL,SQZ,91.4,True,True,499,40,50.5,1789712100000,LOW,0.2126,1.91,0.2151,7.65,2,,,,1,0,0.2151,0.2132,EQH_SWEEP,19,0.2138,False,False,0.1226,499,native,50.04,NORMAL,31.03,24.67,True,300,54.3,BEAR,BOS DN,MIX/HL,HH/HL,RANGE,74.5,True,True,498,32,70.8,1789708680000,HIGH,0.2173,8.21,,,,,,,0,0,0.2151,0.2132,LOW_SWEEP,52,0.2143,False,False,0.2401,499,native,51.32,NORMAL,40.34,27.67,True,300,20.7,TR-DN,CHOCH DN,LH/LL,MIX/HL,TR-DN,85.4,True,True,498,13,28.1,1789710600000,HIGH,0.2151,2.91,,,,0.1903,31.47,3,0,1,0.2151,0.1903,HIGH_SWEEP,37,0.2159,False,False,0.3384,499,native,42.07,NORMAL,34.88,26.0,True,300,66.3,BULL,BOS UP,MIX/HL,LH/LL,TR UP,78.2,True,True,498,27,55.4,1789689600000,LOW,0.1997,9.04,0.21739999999999998,2.9,2,0.1972,10.72,2,1,2,0.21739999999999998,0.1972,HIGH_SWEEP,28,0.2027,False,False,0.6932,499,native,85.68,ASIRI,75.07,87.0,True,300,87.0,BULL,BOS UP,HH/HL,HH/HL,EXP UP,84.6,True,True,498,6,53.5,1789689600000,LOW,0.1901,7.42,,,,,,,0,0,0.2042,0.1997,EQH_SWEEP,29,0.19690000000000002,False,False,1.4575,499,native,75.51,YORGUN,87.11,89.67,True,300,41.5,TR-UP,CHOCH UP,LH/LL,LH/LL,TR-UP,84.5,True,True,498,1,52.5,1789689600000,LOW,0.1901,4.22,,,,,,,0,0,0.2159,0.1901,LOW_SWEEP,52,0.2148,False,True,2.5151,1683,1044,13185.55,36456.86,-23271.32,-46.88,26.56,6.3,DOWN,195,55,49642.41,6.3,60.0,1.0,True,0,0.0,1,12022.36,-12022.36,37.0,0.113,0.674,1.0,0.972,38585.35,127513.97,-88928.62,-53.54,23.23,5.7,DOWN,903,296,166099.32,18.0,300.0,1.0,True,1,11701.72,3,49782.93,-38081.21,55.0,0.265,0.805,1.0,0.994,515188.07,603049.58,-87861.51,-7.86,46.07,34.6,DOWN,3197,953,1118237.65,38.9,900.0,1.0,True,15,385699.12,16,421060.48,-35361.36,71.8,0.438,1.0,1.0,0.998,-490.07,36014.52,-117603.72,19.63,6.02,1.0,-28816.87,-0.7094,-19586.22,-0.5896,-0.4532,NONE,1789714511212,SELL,12022.36,0.213,1789714440000,ok,1.0,1.0,1.0,continuous,1,55,0,,0,0,0,0,False,680,0.213,0.2131,4.694,0.172,0.1058,0.1454,2701904.97,2184697.12,91.53,1789714556291,153,False,,FATIGUE_RESTED_1M|AGGRESSIVE_SELLER,,
2,v2,v1.2,REALF_PY_V4_2_DERIVED,ZPTDIFAT_PY_V1_4_DERIVED,fc-v1,native,,058e38aec59f4c35,20260918_064430,227,LTC_20260918_065559_026,LTCUSDT,BINANCE,FUTURES,TOP100,25,10000,1789714559026,2026-09-18T06:55:59.026+00:00,28,True,1789714559010,1789714559026,58.4,1789714500000,1789714559999,False,59.0,54.93,-0.0364,54.7,FAIR (DENGE),True,500,54.2,58.0,52.6,52.6,-0.00222,0.0,0.06,0.00117,0.585,1.13,50.7,60.0,-6.0,YOK,5.4,1.0,54.80845358727827,-0.221,CLV_PROXY_1M,0,0.0,100.0,54.7,53.2,58.2,56.3,1.5,-3.5,-1.6,-0.00222,-8e-05,0.00037,0.0004,42.3,45.48,44.31,49.53,-3.18,-2.01,-7.23,37.43,29.0,500,native,42.3,NORMAL,37.43,29.0,True,300,65.2,BULL,BOS UP,MIX/HL,MIX/HL,SQZ,76.2,True,True,499,28,64.2,1789712820000,LOW,54.78,3.71,55.02,2.23,2,54.76,4.2,2,1,2,55.02,54.76,HIGH_SWEEP,52,54.92,False,False,0.0736,499,native,65.91,NORMAL,60.82,60.0,True,300,73.9,BULL,BOS UP,HH/HL,MIX/HL,TR UP,91.8,True,True,498,40,50.6,1789707240000,LOW,54.29,6.94,55.0,0.76,2,,,,1,0,55.0,54.78,EQH_SWEEP,9,55.0,False,False,0.1679,499,native,65.56,NORMAL,62.67,50.0,True,300,75.3,BULL,BOS UP,HH/HL,MIX/HL,TR UP,87.5,True,True,498,38,51.2,1789703100000,LOW,54.32,4.8,,,,53.86,8.42,2,0,2,55.0,53.86,HIGH_SWEEP,6,55.0,False,False,0.2314,499,native,74.87,YORGUN,72.63,78.67,True,300,70.5,BULL,BOS UP,MIX/HL,HH/MIX,TR UP,85.7,True,True,498,25,95.3,1789691400000,LOW,53.59,6.06,,,,,,,0,0,53.98,54.29,EQH_SWEEP,27,53.989999999999995,False,False,0.402,499,native,87.64,ASIRI,87.73,95.33,True,300,88.0,BULL,BOS UP,HH/HL,HH/HL,TR UP,83.5,True,True,498,6,68.8,1789689600000,LOW,52.46,5.66,,,,,,,0,0,54.0,52.46,HIGH_SWEEP,21,52.81,False,False,0.7963,499,native,81.3,YORGUN,89.2,93.0,True,300,51.6,TR-DN,CHOCH DN,HH/MIX,LH/LL,TR-DN,72.3,True,True,498,14,38.2,1789502400000,HIGH,55.24,0.36,,,,,,,0,0,55.24,50.13,HIGH_SWEEP,30,54.28,False,False,1.559,7478,492,9557.89,34337.08,-24779.19,-56.45,21.77,5.5,DOWN,140,26,43894.98,5.9,60.0,1.0,True,0,0.0,2,32926.81,-32926.81,35.5,0.106,0.661,1.0,0.875,74377.67,88736.36,-14358.69,-8.8,45.6,32.9,DOWN,570,145,163114.02,27.3,300.0,1.0,True,1,26852.52,2,32926.81,-6074.29,61.6,0.353,0.803,1.0,0.975,209617.07,281218.92,-71601.85,-14.59,42.71,23.9,DOWN,1824,431,490835.99,79.5,900.0,1.0,True,3,60329.47,5,86535.08,-26205.6,80.2,0.614,0.923,1.0,0.992,-12190.74,-23124.26,-45423.64,-4.71,-7.9,1.0,-7161.1,-0.148,-1017.91,-0.0312,0.191,DOWN,1789714516856,SELL,10785.41,54.92,1789714440000,ok,1.0,1.0,1.0,continuous,1,26,0,,0,0,0,0,False,714,54.92,54.93,1.821,0.363,0.1411,0.16,916995.26,690250.71,35.5,1789714558641,385,False,,AGGRESSIVE_SELLER,,
2,v2,v1.2,REALF_PY_V4_2_DERIVED,ZPTDIFAT_PY_V1_4_DERIVED,fc-v1,native,,058e38aec59f4c35,20260918_064430,228,AVAX_20260918_065602_027,AVAXUSDT,BINANCE,FUTURES,TOP100,31,5000,1789714562027,2026-09-18T06:56:02.027+00:00,28,True,1789714561597,1789714562027,57.9,1789714500000,1789714559999,True,61.6,7.907,0.0,50.4,FAIR (DENGE),True,500,51.3,45.1,55.0,50.1,0.00138,0.16,0.02,0.00117,0.552,0.66,14.3,50.0,-14.3,YOK,9.9,0.131,7.917886189217061,0.138,CLV_PROXY_1M,0,0.0,100.0,50.4,48.9,51.7,49.2,1.5,-1.3,1.2,0.00138,-0.00021,5e-05,-0.00044,75.47,75.51,77.19,77.15,-0.04,-1.72,-1.68,75.25,75.67,500,native,75.47,YORGUN,75.25,75.67,True,300,74.0,BEAR,BOS DN,HH/HL,HH/HL,SQZ,86.9,True,True,499,75,64.9,1789710000000,HIGH,7.93,4.24,7.9415,6.36,2,,,,1,0,7.9415,7.893,LOW_SWEEP,34,7.873,False,False,0.0686,499,native,77.33,YORGUN,80.41,82.0,True,300,75.0,BULL,BOS UP,MIX/HL,HH/MIX,RANGE,73.4,True,True,498,2,42.4,1789714080000,LOW,7.871,2.74,,,,7.6285,21.2,2,0,1,7.903,7.6285,HIGH_SWEEP,3,7.903,False,False,0.1662,499,native,60.59,NORMAL,72.43,71.0,True,300,61.4,BULL,BOS UP,MIX/HL,MIX/HL,RANGE,76.2,True,True,498,46,66.0,1789700700000,LOW,7.677,11.3,,,,,,,0,0,7.942,7.871,HIGH_SWEEP,51,7.723,False,False,0.2574,499,native,55.59,NORMAL,55.51,51.67,True,300,79.1,BULL,BOS UP,HH/HL,MIX/HL,TR UP,85.4,True,True,498,24,54.9,1789692300000,LOW,7.545,8.87,,,,,,,0,0,7.968,7.584,EQH_SWEEP,24,7.648,False,False,0.5161,499,native,87.91,ASIRI,83.15,90.33,True,300,91.4,TR-UP,CHOCH UP,HH/HL,LH/LL,TR-UP,94.6,True,True,498,3,96.7,1789700400000,LOW,7.545,4.49,8.192,3.54,3,7.186,8.95,2,1,1,8.192,7.186,EQL_SWEEP,37,7.186,False,False,1.023,499,native,84.94,ASIRI,91.47,93.33,True,300,78.7,BULL,BOS UP,HH/MIX,HH/MIX,RANGE,76.8,True,True,498,1,80.2,1789689600000,LOW,7.171,4.85,,,,7.173500000000001,4.83,2,0,1,7.8,7.173500000000001,LOW_SWEEP,15,7.243,False,False,1.9116,780,601,14985.16,15284.27,-299.1,-0.99,49.51,48.0,FLAT,163,28,30269.43,5.8,60.0,1.0,True,1,9995.65,1,5345.81,4649.84,34.9,0.103,0.62,1.0,0.987,117932.78,64035.34,53897.44,29.62,64.81,89.3,UP,837,179,181968.12,28.6,300.0,1.0,True,5,76433.14,6,35604.74,40828.4,62.7,0.364,0.815,1.0,0.997,310930.82,236896.4,74034.42,13.51,56.76,74.6,UP,2564,499,547827.22,85.7,900.0,1.0,True,17,166342.21,17,137782.36,28559.85,81.5,0.632,0.935,1.0,0.999,-52503.22,-3596.09,-7567.69,-26.12,-2.6,1.0,20682.97,0.4,12634.21,0.3472,0.1004,NONE,1789714556434,BUY,9995.65,7.907951740506329,1789714440000,ok,1.0,1.0,1.0,continuous,1,27,0,,0,0,0,0,False,34,7.906,7.907,1.265,0.247,0.1079,0.122,383444.47,308758.73,24.66,1789714561443,584,False,,,,
2,v2,v1.2,REALF_PY_V4_2_DERIVED,ZPTDIFAT_PY_V1_4_DERIVED,fc-v1,native,,058e38aec59f4c35,20260918_064430,229,SUI_20260918_065604_839,SUIUSDT,BINANCE,FUTURES,TOP100,35,5000,1789714564839,2026-09-18T06:56:04.839+00:00,28,True,1789714564620,1789714564839,57.6,1789714560000,1789714619999,False,4.6,0.7775,0.0,50.0,FAIR (DENGE),True,500,49.0,49.6,52.4,50.0,0.00014,-0.43,-0.68,0.00188,0.597,0.01,0.3,50.0,-4.5,YOK,3.4,0.042,0.7776067635840402,0.014,CLV_PROXY_1M,0,0.0,100.0,50.0,54.1,50.8,46.4,-4.1,-0.8,3.6,0.00014,-2e-05,-0.00012,-0.00062,25.33,29.34,44.8,51.12,-4.01,-19.47,-25.79,18.21,10.67,500,native,25.33,DINLENMIS,18.21,10.67,True,300,67.5,BULL,BOS UP,MIX/HL,LH/MIX,SQZ,69.3,True,True,499,18,20.7,1789713480000,LOW,0.775,3.07,,,,,,,0,0,0.7795,0.7778,HIGH_SWEEP,34,0.777,False,False,0.1046,499,native,67.53,NORMAL,60.01,51.33,True,300,83.9,BULL,BOS UP,HH/HL,MIX/HL,RANGE,80.2,True,True,498,6,18.5,1789713360000,LOW,0.7738,1.98,,,,0.7292,25.86,2,0,3,0.7798,0.7292,HIGH_SWEEP,57,0.7849,False,False,0.2401,499,native,62.32,NORMAL,63.63,58.0,True,300,60.8,BULL,BOS UP,MIX/HL,HH/HL,RANGE,74.3,True,True,498,45,48.0,1789701000000,LOW,0.7643,4.78,,,,0.71575,22.36,2,0,2,0.7849,0.71575,HIGH_SWEEP,95,0.7365,False,False,0.3551,499,native,47.0,NORMAL,48.15,37.33,True,300,78.1,BULL,BOS UP,HH/HL,MIX/HL,TR UP,90.8,True,True,498,30,53.6,1789686900000,LOW,0.7287,8.47,,,,0.7289,8.44,2,0,1,0.7899,0.7289,HIGH_SWEEP,59,0.7351,False,False,0.7395,499,native,87.83,ASIRI,75.82,85.33,True,300,83.0,TR-UP,CHOCH UP,HH/HL,HH/MIX,TR-UP,88.9,True,True,498,6,40.0,1789689600000,LOW,0.7157,5.62,0.8336,5.1,2,,,,2,0,0.8336,0.7157,LOW_SWEEP,37,0.6814,False,False,1.4211,499,native,86.31,ASIRI,90.82,95.33,True,300,89.3,TR-UP,CHOCH UP,HH/HL,MIX/HL,TR-UP,85.4,True,True,498,1,97.1,1789689600000,LOW,0.6773,5.31,,,,,,,0,0,0.7479,0.6773,LOW_SWEEP,16,0.692,False,False,2.3923,837,1380,12377.28,65489.14,-53111.87,-68.21,15.9,5.2,DOWN,320,70,77866.42,10.8,60.0,1.0,True,0,0.0,3,45957.88,-45957.88,45.4,0.178,0.723,1.0,0.986,164056.04,182079.21,-18023.17,-5.21,47.4,39.5,DOWN,1690,375,346135.25,47.9,300.0,1.0,True,8,97190.97,10,122716.5,-25525.52,72.4,0.489,0.885,1.0,0.997,581362.69,574002.79,7359.91,0.64,50.32,51.3,FLAT,6101,1202,1155365.48,178.3,900.0,1.0,True,30,286532.81,31,352359.76,-65826.94,90.6,0.781,1.0,1.0,0.999,-58349.3,-59885.19,-79672.47,-37.86,-9.15,1.0,-15986.88,-0.209,-398.17,-0.0058,0.2472,DOWN,1789714546714,SELL,32697.15,0.7770789630914752,1789714440000,ok,1.0,1.0,1.0,continuous,1,66,0,,0,0,0,0,False,68,0.7774,0.7775,1.286,0.094,0.0899,0.1888,426170.97,355865.09,25.08,1789714564477,362,False,,FATIGUE_RESTED_1M|AGGRESSIVE_SELLER,,
2,v2,v1.2,REALF_PY_V4_2_DERIVED,ZPTDIFAT_PY_V1_4_DERIVED,fc-v1,native,,058e38aec59f4c35,20260918_064430,230,AKE_20260918_065607_840,AKEUSDT,BINANCE,FUTURES,TOP100,94,2000,1789714567840,2026-09-18T06:56:07.840+00:00,28,True,1789714567840,1789714567840,57.6,1789714560000,1789714619999,False,7.8,0.022934,-0.2609,52.0,FAIR (DENGE),True,500,51.0,59.1,46.1,50.1,-0.01773,-0.34,-0.04,0.00756,0.56,0.12,3.0,50.0,3.1,YOK,13.0,0.556,0.022531043443886557,-1.757,CLV_PROXY_1M,0,0.0,100.0,52.0,55.0,54.3,47.7,-3.0,-2.3,4.3,-0.01773,0.00257,0.0024,0.00561,33.71,35.25,33.53,36.34,-1.54,0.18,-2.63,32.47,24.67,500,native,33.71,NORMAL,32.47,24.67,True,300,64.5,BULL,BOS UP,MIX/HL,LH/MIX,TR UP,82.1,True,True,499,33,90.2,1789712580000,LOW,0.021423,9.37,,,,0.021402499999999998,9.5,2,0,1,0.0234,0.021402499999999998,HIGH_SWEEP,54,0.021605,False,False,0.701,499,native,68.38,NORMAL,59.93,62.0,True,300,89.3,BULL,BOS UP,HH/HL,MIX/HL,EXP UP,94.4,True,True,498,11,71.4,1789712460000,LOW,0.021423,5.31,,,,,,,0,0,0.023636,0.021646,LOW_SWEEP,40,0.021228,False,False,1.2478,499,native,78.64,YORGUN,68.0,78.67,True,300,88.5,BULL,BOS UP,HH/HL,HH/HL,EXP UP,91.4,True,True,498,10,67.7,1789711500000,LOW,0.0214,4.79,,,,,,,0,0,0.023636,0.021423,EQH_SWEEP,38,0.021653,False,False,1.3953,499,native,83.09,ASIRI,83.85,88.67,True,300,42.0,BEAR,BOS DN,LH/MIX,MIX/HL,TR DN,66.1,True,True,498,154,97.0,1789575300000,HIGH,0.028247,11.69,0.029421000000000003,14.26,2,0.0209945,4.2,2,1,3,0.029421000000000003,0.0209945,EQL_SWEEP,57,0.020765,False,False,1.973,499,native,75.8,YORGUN,95.07,98.0,True,300,70.7,BULL,BOS UP,HH/HL,HH/MIX,RANGE,69.6,True,True,498,74,56.3,1789444800000,LOW,0.014658,9.62,0.029844000000000002,8.01,2,0.012500500000000001,12.12,3,1,2,0.029844000000000002,0.012500500000000001,HIGH_SWEEP,75,0.0165,False,False,3.9837,499,native,41.24,NORMAL,44.79,44.67,True,300,84.7,BULL,BOS UP,HH/HL,MIX/HL,TR UP,90.5,True,True,498,18,80.8,1789444800000,LOW,0.013069,3.87,,,,0.0128725,3.95,2,0,3,0.029888,0.0128725,EQL_SWEEP,67,0.0128725,False,False,11.7969,94,11219,25460.51,23467.38,1993.14,4.07,52.04,58.2,UP,1878,865,48927.89,104.8,60.0,1.0,True,1,3821.36,1,3724.59,96.77,75.9,0.677,0.672,1.0,0.998,78283.98,72774.27,5509.72,3.65,51.82,57.4,UP,6324,3111,151058.25,428.6,300.0,1.0,True,6,19331.89,4,10513.01,8818.89,89.3,0.896,0.795,1.0,1.0,346983.85,349727.36,-2743.5,-0.39,49.8,49.2,FLAT,23417,11219,696711.21,721.0,779.3,0.8659,False,27,107854.32,21,106475.05,1379.26,93.5,0.935,0.961,0.866,1.0,1916.38,9936.38,,1.84,3.43,0.7993,527.82,0.0185,587.88,0.0195,-0.0201,NONE,1789714534546,BUY,3821.36,0.022988097568458543,1789714440000,ok,1.0,1.0,1.0,continuous,1,848,0,,0,0,0,0,False,102,0.022935,0.022937,0.872,0.409,-0.0241,0.479,2092.1,2195.34,8.72,1789714567254,586,False,,FATIGUE_EXTREME,,
2,v2,v1.2,REALF_PY_V4_2_DERIVED,ZPTDIFAT_PY_V1_4_DERIVED,fc-v1,native,,058e38aec59f4c35,20260918_064430,231,PONS_20260918_065611_113,PONSUSDT,BINANCE,FUTURES,OUTSIDE100,112,2000,1789714571113,2026-09-18T06:56:11.113+00:00,28,True,1789714571113,1789714571113,58.0,1789714560000,1789714619999,False,11.1,0.7225,-0.0277,65.0,PRICE AHEAD,True,500,68.3,59.6,68.7,55.7,-0.00813,-0.85,-2.11,0.00447,0.583,1.08,24.0,70.0,-27.3,YOK,9.1,1.0,0.7166507538627971,-0.81,CLV_PROXY_1M,0,0.0,100.0,65.0,65.0,54.2,48.1,0.0,10.8,16.9,-0.00813,-0.00173,-0.004,-0.00639,10.12,11.25,16.89,21.92,-1.13,-6.77,-11.8,9.4,3.0,500,native,10.12,DINLENMIS,9.4,3.0,True,300,10.7,BEAR,BOS DN,LH/LL,LH/LL,TR DN,91.1,True,True,499,4,45.1,1789714320000,HIGH,0.7316,4.27,,,,0.7134,4.27,2,0,1,0.7316,0.7134,EQL_SWEEP,26,0.73295,False,False,0.2948,499,native,16.76,DINLENMIS,7.89,2.33,True,300,26.2,BULL,BOS UP,LH/LL,LH/LL,SQZ,86.5,True,True,498,81,26.3,1789699860000,LOW,0.6834,8.94,0.7777000000000001,12.46,3,0.63845,19.15,2,1,1,0.7777000000000001,0.63845,HIGH_SWEEP,96,0.6964,False,False,0.6071,499,native,23.93,DINLENMIS,18.24,6.67,True,300,15.3,BEAR,BOS DN,LH/LL,MIX/HL,RANGE,88.2,True,True,498,14,56.1,1789710300000,HIGH,0.7473,3.36,0.7778,7.72,2,,,,1,0,0.7778,0.7235,LOW_SWEEP,12,0.729,False,True,0.9673,499,native,40.08,NORMAL,31.39,24.67,True,300,85.7,BULL,BOS UP,HH/HL,MIX/LL,TR UP,93.8,True,True,498,18,77.8,1789697700000,LOW,0.6551,4.93,,,,,,,0,0,0.7781,0.6551,HIGH_SWEEP,19,0.6959,False,False,1.8909,289,native,80.15,YORGUN,66.51,74.35,False,269,88.1,BULL,BOS UP,HH/HL,HH/HL,TR UP,88.8,True,True,288,7,54.7,1789686000000,LOW,0.6099,3.74,,,,,,,0,0,0.6721,0.6099,HIGH_SWEEP,6,0.6721,False,False,4.1259,73,native,83.15,ASIRI,81.6,94.34,False,53,74.7,TR-UP,CHOCH UP,HH/MIX,HH/HL,TR-UP,76.3,True,False,72,1,84.3,1789689600000,LOW,0.5483,3.28,,,,,,,0,0,0.6992,0.5483,LOW_SWEEP,12,0.5821,False,False,6.9476,-347,2932,104824.77,109248.38,-4423.61,-2.07,48.97,45.8,FLAT,1463,315,214073.14,45.5,60.0,1.0,True,7,75745.42,14,85181.57,-9436.15,70.4,0.477,0.833,1.0,1.0,208626.38,264751.5,-56125.12,-11.86,44.07,27.9,DOWN,4095,1061,473377.88,154.2,300.0,1.0,True,15,106124.18,29,177165.71,-71041.53,87.1,0.755,0.919,1.0,1.0,381704.39,522173.36,-140468.97,-15.54,42.23,22.6,DOWN,8549,2540,903877.75,335.6,900.0,1.0,True,28,171484.23,52,328619.98,-157135.75,94.3,0.87,0.989,1.0,1.0,43754.85,26977.4,-5249.83,19.46,6.82,1.0,-17208.49,-0.14,-11589.68,-0.1224,-0.2541,NONE,1789714569006,SELL,2341.62,0.7225,1789714500000,ok,1.0002,1.0009,1.0004,continuous,1,320,0,,0,0,0,0,False,136,0.7226,0.7228,2.767,0.729,0.295,0.1016,60343.23,32852.69,27.67,1789714570511,602,False,,FATIGUE_RESTED_1M,,
2,v2,v1.2,REALF_PY_V4_2_DERIVED,ZPTDIFAT_PY_V1_4_DERIVED,fc-v1,native,,058e38aec59f4c35,20260918_064430,232,SKR_20260918_065615_325,SKRUSDT,BINANCE,FUTURES,OUTSIDE100,227,500,1789714575325,2026-09-18T06:56:15.325+00:00,28,True,1789714574878,1789714575325,59.5,1789714560000,1789714619999,False,14.9,0.019118,-0.0105,49.9,FAIR (DENGE),True,500,50.1,47.7,52.2,50.0,0.00094,0.33,0.1,0.00143,0.372,0.01,0.3,55.0,-14.6,YOK,4.5,0.107,0.019135925682468618,0.094,CLV_PROXY_1M,0,0.0,100.0,49.9,50.6,39.2,49.4,-0.7,10.7,0.5,0.00094,0.0,-0.00095,-0.00092,28.25,24.71,23.52,30.98,3.54,4.73,-2.73,38.73,31.33,500,native,28.25,DINLENMIS,38.73,31.33,True,300,37.4,BULL,BOS UP,LH/LL,MIX/HL,RANGE,79.3,True,True,499,20,33.7,1789713360000,LOW,0.019028,3.63,0.019363,9.87,2,,,,1,0,0.019363,0.019085,EQH_SWEEP,65,0.0189665,False,False,0.1298,499,native,59.06,NORMAL,53.37,53.0,True,300,72.4,BULL,BOS UP,HH/MIX,MIX/HL,TR UP,73.8,True,True,498,6,30.5,1789713360000,LOW,0.018839,5.08,0.020296500000000002,21.47,2,0.0188425,5.02,2,1,1,0.020296500000000002,0.0188425,LOW_SWEEP,29,0.018846,False,False,0.2875,499,native,71.85,NORMAL,62.6,65.0,True,300,85.7,BULL,BOS UP,HH/HL,HH/MIX,RANGE,83.4,True,True,498,4,34.0,1789713300000,LOW,0.018839,3.88,0.020296500000000002,16.4,2,,,,1,0,0.020296500000000002,0.018839,LOW_SWEEP,29,0.018732,False,False,0.3764,499,native,81.21,YORGUN,84.07,85.67,True,300,74.2,BULL,BOS UP,MIX/HL,MIX/HL,SQZ,69.3,True,True,498,2,49.0,1789712100000,LOW,0.018719,2.72,,,,0.017547,10.7,2,0,2,0.019011,0.017547,HIGH_SWEEP,36,0.019329,False,False,0.7664,499,native,43.85,NORMAL,52.74,61.67,True,300,39.3,BULL,BOS UP,LH/LL,HH/MIX,RANGE,84.4,True,True,498,21,72.8,1789635600000,LOW,0.017378,4.58,0.025375500000000002,16.47,2,,,,1,0,0.025375500000000002,0.018321,LOW_SWEEP,6,0.018554,False,False,2.0012,499,native,73.39,YORGUN,69.08,78.0,True,300,72.9,BULL,BOS UP,HH/HL,HH/HL,TR UP,83.6,True,True,498,114,36.2,1788062400000,LOW,0.008858,11.57,,,,0.017043000000000003,2.34,2,0,1,0.020299,0.017043000000000003,HIGH_SWEEP,4,0.019684,False,False,4.7097,6137,427,519.11,16.25,502.86,93.93,96.96,95.0,UP,21,14,535.36,4.1,60.0,1.0,True,0,0.0,0,0.0,0.0,21.1,0.076,0.182,1.0,0.898,953.69,2804.14,-1850.44,-49.24,25.38,6.0,DOWN,98,69,3757.83,23.9,300.0,1.0,True,0,0.0,2,1983.87,-1983.87,48.0,0.324,0.394,1.0,0.98,15717.42,19539.62,-3822.2,-10.84,44.58,29.5,DOWN,541,369,35257.05,62.8,900.0,1.0,True,6,9767.38,6,11977.36,-2209.98,69.1,0.557,0.637,1.0,0.993,487.47,79.54,77.66,19.28,-0.1,1.0,-430.7,-0.4767,-478.79,-0.6371,-0.079,NONE,1789714431286,SELL,1432.82,0.019098160615269782,1789714500000,ok,1.0,1.0,1.0,continuous,1,14,0,,0,0,0,0,False,170,0.019118,0.01912,1.046,-0.494,-0.1486,-0.3791,2034.56,2744.75,16.21,1789714574284,1041,False,,FATIGUE_RESTED_1M,,
2,v2,v1.2,REALF_PY_V4_2_DERIVED,ZPTDIFAT_PY_V1_4_DERIVED,fc-v1,native,,058e38aec59f4c35,20260918_064430,233,PROM_20260918_065618_437,PROMUSDT,BINANCE,FUTURES,OUTSIDE100,266,1000,1789714578437,2026-09-18T06:56:18.437+00:00,28,True,1789714578437,1789714578437,59.6,1789714560000,1789714619999,False,18.4,5.382,0.0,58.2,PRICE AHEAD,True,500,59.6,58.9,58.3,50.1,-0.00403,-0.18,-0.63,0.00234,0.481,0.05,0.3,75.0,-19.1,YOK,1.3,1.0,5.360332821228324,-0.403,CLV_PROXY_1M,0,0.0,100.0,58.2,58.5,54.0,56.8,-0.3,4.2,1.4,-0.00403,-6e-05,-0.00091,-0.0016,29.21,25.01,25.54,31.14,4.2,3.67,-1.93,36.98,43.67,500,native,29.21,DINLENMIS,36.98,43.67,True,300,8.3,BEAR,BOS DN,LH/LL,MIX/HL,TR DN,92.6,True,True,499,2,55.5,1789714440000,HIGH,5.424,4.27,,,,,,,0,0,5.424,5.378,LOW_SWEEP,1,5.378,True,False,0.1828,499,native,20.5,DINLENMIS,22.02,13.33,True,300,11.2,BEAR,BOS DN,LH/LL,LH/LL,TR DN,90.3,True,True,498,5,47.1,1789713540000,HIGH,5.541,8.46,,,,,,,0,0,5.541,5.41,EQL_SWEEP,5,5.3934999999999995,False,False,0.3494,499,native,14.7,DINLENMIS,20.81,16.67,True,300,45.8,TR-DN,CHOCH DN,MIX/HL,LH/LL,TR-DN,75.6,True,True,498,9,58.5,1789711800000,HIGH,5.541,6.6,,,,5.2165,6.96,2,0,1,5.541,5.2165,HIGH_SWEEP,32,5.589,False,False,0.4456,499,native,22.05,DINLENMIS,13.24,6.0,True,300,60.0,TR-DN,CHOCH DN,HH/HL,MIX/HL,TR-DN,88.0,True,True,498,3,54.5,1789711200000,HIGH,5.594,4.87,5.7285,7.98,2,,,,2,0,5.7285,5.43,LOW_SWEEP,172,5.332,False,False,0.8035,499,native,51.11,NORMAL,22.99,13.33,True,300,59.0,BEAR,BOS DN,MIX/HL,MIX/HL,SQZ,69.1,True,True,498,46,75.0,1789545600000,HIGH,5.729,4.12,5.8375,5.41,3,4.906499999999999,5.65,2,2,1,5.8375,4.906499999999999,EQL_SWEEP,94,5.5815,False,False,1.5355,499,native,46.62,NORMAL,43.94,34.0,True,300,26.5,BULL,BOS UP,LH/LL,MIX/HL,SQZ,85.6,True,True,498,58,11.5,1788868800000,LOW,4.913,2.55,,,,4.4025,5.32,2,0,2,5.659,4.4025,HIGH_SWEEP,57,5.986,False,False,3.3065,759,972,5478.35,744.56,4733.79,76.07,88.04,94.9,UP,145,41,6222.91,9.6,60.0,1.0,True,2,2757.2,0,0.0,2757.2,37.8,0.161,0.448,1.0,0.987,17784.88,27657.97,-9873.09,-21.73,39.14,16.0,DOWN,714,264,45442.84,39.0,300.0,1.0,True,5,6988.17,4,18499.41,-11511.24,63.6,0.438,0.664,1.0,0.997,65398.08,75330.28,-9932.19,-7.06,46.47,36.0,DOWN,1956,777,140728.36,119.3,900.0,1.0,True,18,30715.07,11,46329.98,-15614.91,80.9,0.705,0.787,1.0,0.999,19096.67,3817.94,54396.86,72.25,5.43,1.0,-4105.45,-0.4048,-2552.84,-0.2809,-0.0205,NONE,1789714555983,BUY,1034.23,5.381,1789714500000,ok,1.0,1.0,1.0,continuous,1,41,0,,0,0,0,0,False,204,5.382,5.383,1.858,-0.436,-0.0093,-0.2859,26250.99,26743.25,36.23,1789714577776,661,False,,FATIGUE_RESTED_1M|AGGRESSIVE_BUYER,,
2,v2,v1.2,REALF_PY_V4_2_DERIVED,ZPTDIFAT_PY_V1_4_DERIVED,fc-v1,native,,058e38aec59f4c35,20260918_064430,234,UAI_20260918_065621_338,UAIUSDT,BINANCE,FUTURES,OUTSIDE100,296,2000,1789714581338,2026-09-18T06:56:21.338+00:00,28,True,1789714581135,1789714581338,59.9,1789714560000,1789714619999,False,21.1,0.4194,0.0477,59.2,PRICE AHEAD,True,500,62.0,58.2,58.8,50.1,-0.00694,0.73,0.22,0.00445,0.668,0.08,0.3,55.0,1.8,YOK,3.8,1.0,0.4165007216605602,-0.691,CLV_PROXY_1M,0,0.0,100.0,59.2,61.1,63.0,58.0,-1.9,-3.8,1.2,-0.00694,0.0,0.00112,-0.00207,79.84,80.14,79.02,58.92,-0.3,0.82,20.92,75.65,87.33,500,native,79.84,YORGUN,75.65,87.33,True,300,35.9,BEAR,BOS DN,LH/MIX,HH/MIX,SQZ,71.4,True,True,499,31,90.8,1789712700000,HIGH,0.4198,0.38,0.42315,3.59,2,0.4168,2.49,2,1,2,0.42315,0.4168,HIGH_SWEEP,109,0.4247,False,False,0.2489,499,native,62.47,NORMAL,73.0,82.0,True,300,28.6,BULL,BOS UP,LH/LL,LH/LL,SQZ,79.1,True,True,498,71,61.1,1789701660000,LOW,0.4075,5.34,0.43455,6.8,2,,,,1,0,0.43455,0.4129,LOW_SWEEP,7,0.4166,False,False,0.5309,499,native,44.32,NORMAL,59.47,58.67,True,300,58.1,TR-DN,CHOCH DN,MIX/HL,LH/LL,TR-DN,66.3,True,True,498,52,58.0,1789698900000,HIGH,0.4354,4.81,,,,0.3559,19.09,3,0,1,0.4232,0.3559,HIGH_SWEEP,105,0.4106,False,False,0.7937,499,native,37.2,NORMAL,40.86,35.67,True,300,68.6,BULL,BOS UP,MIX/HL,MIX/HL,RANGE,79.5,True,True,498,21,30.6,1789695000000,LOW,0.3901,3.93,0.43505,2.23,2,0.3838,4.8,2,2,2,0.43505,0.3838,LOW_SWEEP,174,0.3294,False,False,1.7465,499,native,66.55,NORMAL,59.49,61.67,True,300,86.6,BULL,BOS UP,HH/HL,HH/HL,SQZ,87.3,True,True,498,6,38.6,1789689600000,LOW,0.3838,2.2,,,,,,,0,0,0.4354,0.3838,HIGH_SWEEP,4,0.418,False,False,3.8614,499,native,65.47,NORMAL,74.05,78.33,True,300,18.4,BEAR,BOS DN,LH/LL,HH/HL,RANGE,87.8,True,True,498,19,42.0,1789430400000,HIGH,0.5943,3.99,,,,,,,0,0,0.5943,0.322,LOW_SWEEP,20,0.4503,False,False,10.3453,2516,675,335.95,1219.51,-883.57,-56.8,21.6,5.5,DOWN,77,33,1555.46,14.9,60.0,1.0,True,0,0.0,0,0.0,0.0,38.4,0.23,0.298,1.0,0.958,20511.85,4266.65,16245.2,65.56,82.78,94.8,UP,608,225,24778.5,42.5,300.0,1.0,True,2,14364.28,0,0.0,14364.28,62.8,0.459,0.599,1.0,0.992,43214.51,26458.62,16755.89,24.05,62.02,85.9,UP,1489,616,69673.14,86.3,900.0,1.0,True,4,22764.35,3,9331.39,13432.96,75.2,0.633,0.711,1.0,0.997,-1245.71,-206.42,-1410.71,-56.06,-0.98,1.0,-165.1,-0.1104,2452.9,0.495,0.8993,DOWN,1789714334917,BUY,12166.08,0.41921637090382824,1789714500000,ok,1.0,1.0,1.0,continuous,1,33,0,,0,0,0,0,False,238,0.4189,0.4192,7.159,-2.677,-0.0225,0.07,12033.21,12588.19,48.92,1789714580510,828,False,,,,
2,v2,v1.2,REALF_PY_V4_2_DERIVED,ZPTDIFAT_PY_V1_4_DERIVED,fc-v1,native,,058e38aec59f4c35,20260918_064430,235,BULLA_20260918_065624_247,BULLAUSDT,BINANCE,FUTURES,OUTSIDE100,339,5000,1789714584247,2026-09-18T06:56:24.247+00:00,28,True,1789714584040,1789714584247,60.0,1789714560000,1789714619999,False,24.0,0.10173,0.0098,52.7,FAIR (DENGE),True,500,53.2,53.7,51.4,50.0,-0.00485,0.41,0.29,0.00578,0.556,0.05,0.3,40.0,-13.9,YOK,2.3,1.0,0.1012380055659383,-0.484,CLV_PROXY_1M,0,0.0,100.0,52.7,53.3,56.8,58.6,-0.6,-4.1,-5.9,-0.00485,-0.00019,0.00042,-0.00047,69.56,67.64,65.15,54.01,1.92,4.41,15.55,69.93,83.67,500,native,69.56,NORMAL,69.93,83.67,True,300,49.8,TR-DN,CHOCH DN,HH/MIX,HH/HL,TR-DN,73.3,True,True,499,16,44.8,1789713600000,HIGH,0.10172,-0.03,0.10206,0.87,3,0.100455,3.37,2,1,2,0.10206,0.100455,EQL_SWEEP,59,0.100455,False,False,0.3724,499,native,62.07,NORMAL,71.15,83.67,True,300,59.1,BULL,BOS UP,MIX/HL,MIX/LL,RANGE,69.2,True,True,498,43,89.1,1789706700000,LOW,0.096433,6.52,0.102005,0.34,2,0.0964015,6.56,2,1,2,0.102005,0.0964015,HIGH_SWEEP,29,0.10206,False,False,0.7984,499,native,57.36,NORMAL,65.87,75.33,True,300,46.6,BULL,BOS UP,LH/MIX,MIX/HL,TR UP,64.3,True,True,498,26,22.3,1789706700000,LOW,0.09539,5.55,,,,0.10001,1.51,2,0,1,0.10203,0.10001,HIGH_SWEEP,24,0.10114,False,False,1.1259,499,native,71.59,NORMAL,66.98,72.67,True,300,74.6,BEAR,BOS DN,HH/HL,HH/HL,TR DN,88.7,True,True,498,65,27.4,1789655400000,HIGH,0.10999,3.59,0.109785,3.5,2,,,,1,0,0.109785,0.094,LOW_SWEEP,67,0.1007,False,False,2.2834,499,native,66.0,NORMAL,73.73,89.0,True,300,26.8,BULL,BOS UP,LH/LL,MIX/HL,RANGE,84.5,True,True,498,44,42.2,1789552800000,LOW,0.060024,6.41,,,,0.060025499999999996,6.41,2,0,1,0.121362,0.060025499999999996,HIGH_SWEEP,45,0.076341,False,False,6.4384,499,native,57.94,NORMAL,58.16,59.33,True,300,75.0,BULL,BOS UP,HH/MIX,HH/HL,EXP UP,78.0,True,True,498,11,96.7,1789545600000,LOW,0.0675,2.29,,,,0.0154205,5.78,2,0,1,0.139078,0.0154205,HIGH_SWEEP,52,0.085989,False,False,15.2143,1736,1886,149.72,1168.27,-1018.55,-77.28,11.36,5.1,DOWN,92,52,1317.99,17.2,60.0,1.0,True,0,0.0,0,0.0,0.0,39.5,0.257,0.28,1.0,0.971,13784.09,10722.49,3061.6,12.49,56.25,73.1,UP,799,434,24506.59,47.3,300.0,1.0,True,0,0.0,0,0.0,0.0,64.2,0.486,0.597,1.0,0.994,49493.27,32736.78,16756.49,20.38,60.19,82.8,UP,2270,1233,82230.05,165.5,900.0,1.0,True,1,5200.14,0,0.0,5200.14,81.8,0.768,0.729,1.0,0.998,-3470.88,-1394.95,4223.38,-51.82,-2.36,1.0,545.68,0.1044,944.73,0.1928,0.1388,NONE,1789713918675,BUY,5200.14,0.10101665651346205,1789714500000,ok,1.0,1.0,1.0,continuous,1,52,0,,0,0,0,0,False,272,0.10173,0.10174,0.983,-0.452,0.1543,0.2953,3927.48,2877.73,24.08,1789714583849,398,False,,,,
2,v2,v1.2,REALF_PY_V4_2_DERIVED,ZPTDIFAT_PY_V1_4_DERIVED,fc-v1,native,,058e38aec59f4c35,20260918_064430,236,OG_20260918_065627_145,OGUSDT,BINANCE,FUTURES,OUTSIDE100,523,500,1789714587145,2026-09-18T06:56:27.145+00:00,28,True,1789714586942,1789714587145,60.3,1789714560000,1789714619999,False,26.9,2.75,0.0,35.3,PRICE LAG,True,500,30.1,36.1,39.1,49.4,0.00452,-0.45,-0.01,0.00061,0.251,0.03,9.3,45.0,34.2,YOK,9.0,1.0,2.7624579633652155,0.453,CLV_PROXY_1M,0,0.0033,99.7,35.3,34.0,40.0,35.3,1.3,-4.7,0.0,0.00452,-0.00013,0.00048,-0.00028,30.08,31.32,37.37,45.13,-1.24,-7.29,-15.05,32.38,15.0,500,native,30.08,NORMAL,32.38,15.0,True,300,86.7,BULL,BOS UP,HH/HL,LH/MIX,SQZ,88.8,True,True,499,12,69.0,1789713840000,LOW,2.749,0.47,,,,2.748,0.94,2,0,3,2.757,2.748,EQL_SWEEP,2,2.748,False,False,0.077,499,native,38.31,NORMAL,31.2,11.33,True,300,75.1,BULL,BOS UP,MIX/HL,HH/HL,RANGE,64.5,True,True,498,4,60.2,1789713720000,LOW,2.746,0.92,,,,2.746,0.92,2,0,3,2.754,2.746,HIGH_SWEEP,58,2.746,False,False,0.1576,499,native,34.42,NORMAL,30.74,13.33,True,300,67.0,BULL,BOS UP,MIX/HL,HH/HL,TR UP,73.6,True,True,498,21,39.4,1789708200000,LOW,2.732,2.89,,,,2.679,11.41,2,0,2,2.756,2.679,HIGH_SWEEP,23,2.759,False,False,0.2263,499,native,59.02,NORMAL,52.07,44.0,True,300,85.9,BULL,BOS UP,HH/HL,HH/HL,TR UP,87.3,True,True,498,7,35.2,1789707600000,LOW,2.679,7.08,,,,2.6635,8.63,2,0,1,2.769,2.6635,HIGH_SWEEP,6,2.759,False,False,0.3636,499,native,90.37,ASIRI,87.68,93.67,True,300,74.4,BULL,BOS UP,MIX/HL,MIX/HL,RANGE,73.4,True,True,498,7,58.0,1789686000000,LOW,2.662,4.45,,,,2.6,7.59,2,0,1,2.7,2.6,HIGH_SWEEP,30,2.712,False,False,0.7193,499,native,78.7,YORGUN,87.43,92.67,True,300,75.1,BULL,BOS UP,MIX/HL,HH/HL,SQZ,73.2,True,True,498,1,52.4,1789689600000,LOW,2.61,3.16,2.9825,5.24,3,2.5975,3.44,2,2,2,2.9825,2.5975,EQH_SWEEP,87,2.9425,False,False,1.6159,1176,87,51.42,0.0,51.42,100.0,100.0,95.0,UP,6,6,51.42,3.1,60.0,1.0,True,0,0.0,0,0.0,0.0,0.0,0.058,0.0,1.0,0.98,1229.04,2182.77,-953.73,-27.95,36.02,11.6,DOWN,80,33,3411.81,8.5,300.0,1.0,True,0,0.0,2,1702.95,-1702.95,34.7,0.146,0.383,1.0,0.996,4308.02,3712.77,595.26,7.42,53.71,64.6,UP,224,77,8020.79,19.6,900.0,1.0,True,2,1535.88,3,2257.3,-721.42,48.2,0.282,0.476,1.0,0.999,-305.95,52.51,-13.79,0.0,0.93,1.0,80.57,0.1414,-238.63,-0.3497,-0.5606,UP,1789714453455,SELL,764.92,2.747560704022989,1789714500000,ok,1.0,1.0,1.0,continuous,1,6,0,,0,0,0,0,False,306,2.748,2.75,7.275,-3.54,0.2304,-0.1523,23848.61,14916.32,72.75,1789714585976,1169,False,,,,
2,v2,v1.2,REALF_PY_V4_2_DERIVED,ZPTDIFAT_PY_V1_4_DERIVED,fc-v1,native,,058e38aec59f4c35,20260918_064430,237,ZORA_20260918_065630_082,ZORAUSDT,BINANCE,FUTURES,OUTSIDE100,612,500,1789714590082,2026-09-18T06:56:30.082+00:00,28,True,1789714589863,1789714590082,60.5,1789714560000,1789714619999,False,29.9,0.007894,0.0,52.2,FAIR (DENGE),True,500,52.9,51.0,53.0,51.1,-0.0004,0.0,-0.28,0.00153,0.527,0.96,42.7,50.0,24.2,YOK,2.0,1.0,0.007890849943142332,-0.04,CLV_PROXY_1M,0,0.0,100.0,52.2,53.3,56.4,48.5,-1.1,-4.2,3.7,-0.0004,-0.00041,8e-05,-0.00077,56.07,54.72,54.44,56.81,1.35,1.63,-0.74,57.89,62.33,500,native,56.07,NORMAL,57.89,62.33,True,300,82.4,TR-UP,CHOCH UP,HH/HL,LH/MIX,SQZ,91.7,True,True,499,16,64.1,1789713600000,LOW,0.007851,5.54,,,,0.007775499999999999,15.27,2,0,1,0.007905,0.007775499999999999,HIGH_SWEEP,8,0.007903,False,False,0.0983,499,native,67.54,NORMAL,68.57,67.33,True,300,88.8,BULL,BOS UP,HH/HL,HH/HL,RANGE,87.7,True,True,498,5,56.3,1789713540000,LOW,0.007842,2.8,,,,,,,0,0,0.007897,0.007842,HIGH_SWEEP,4,0.007897,False,False,0.2349,499,native,74.71,YORGUN,78.36,83.67,True,300,85.5,BULL,BOS UP,HH/HL,HH/HL,RANGE,84.8,True,True,498,11,63.8,1789711200000,LOW,0.007813,3.3,,,,,,,0,0,0.007897,0.007842,HIGH_SWEEP,3,0.007897,False,False,0.3114,499,native,44.92,NORMAL,47.83,47.33,True,300,81.8,BULL,BOS UP,HH/HL,MIX/HL,RANGE,87.5,True,True,498,21,74.9,1789695000000,LOW,0.007527,6.95,,,,,,,0,0,0.00802,0.007813,LOW_SWEEP,25,0.007571,False,False,0.6689,499,native,79.66,YORGUN,74.26,87.0,True,300,73.8,BEAR,BOS DN,HH/HL,HH/MIX,TR DN,86.4,True,True,498,69,59.5,1789462800000,HIGH,0.007987,0.76,0.009008,9.12,2,0.007187,5.79,2,1,1,0.009008,0.007187,LOW_SWEEP,126,0.008102,False,False,1.5567,499,native,71.77,NORMAL,78.21,86.33,True,300,18.0,TR-DN,CHOCH DN,LH/LL,LH/LL,TR-DN,90.3,True,True,498,16,65.9,1789473600000,HIGH,0.008968,4.06,,,,0.0058755000000000005,7.62,2,0,2,0.008336,0.0058755000000000005,HIGH_SWEEP,29,0.008437,False,False,3.3227,1747,247,753.52,2660.33,-1906.81,-55.85,22.07,5.6,DOWN,36,15,3413.85,3.0,60.0,1.0,True,0,0.0,1,1887.47,-1887.47,23.8,0.057,0.383,1.0,0.971,1306.09,4690.32,-3384.22,-56.44,21.78,5.5,DOWN,99,52,5996.41,8.2,300.0,1.0,True,0,0.0,1,1887.47,-1887.47,35.8,0.142,0.444,1.0,0.994,3666.09,9637.97,-5971.89,-44.89,27.56,6.5,DOWN,367,206,13304.06,31.9,900.0,1.0,True,0,0.0,3,3575.5,-3575.5,56.7,0.39,0.531,1.0,0.998,-1508.12,-1632.03,-4565.35,22.07,-1.15,1.0,-729.0,-0.5708,-549.89,-0.4585,-0.5092,NONE,1789714548749,SELL,1887.47,0.007895,1789714500000,ok,1.0,1.0,1.0,continuous,1,15,0,,0,0,0,0,False,340,0.007893,0.007895,2.534,-1.135,-0.1846,-0.608,16485.54,23950.41,25.34,1789714588894,1188,False,,AGGRESSIVE_SELLER,,
2,v2,v1.2,REALF_PY_V4_2_DERIVED,ZPTDIFAT_PY_V1_4_DERIVED,fc-v1,native,,058e38aec59f4c35,20260918_064430,238,TNSR_20260918_065633_197,TNSRUSDT,BINANCE,FUTURES,OUTSIDE100,738,200,1789714593197,2026-09-18T06:56:33.197+00:00,28,True,1789714592775,1789714593197,60.8,1789714560000,1789714619999,False,32.8,0.03519,-0.0284,50.6,FAIR (DENGE),True,500,49.9,53.0,49.4,50.0,-0.00123,-0.14,0.08,0.00128,0.569,0.08,6.3,40.0,18.3,YOK,3.6,0.626,0.03514671130537573,-0.123,CLV_PROXY_1M,0,0.0,100.0,50.6,51.9,58.8,56.3,-1.3,-8.2,-5.7,-0.00123,0.00019,0.00156,0.00068,63.61,65.97,65.66,77.22,-2.36,-2.05,-13.61,56.59,61.67,500,native,63.61,NORMAL,56.59,61.67,True,300,86.7,BULL,BOS UP,HH/HL,HH/HL,TR UP,86.6,True,True,499,9,58.2,1789714020000,LOW,0.03512,2.17,,,,0.03507,3.71,2,0,1,0.03526,0.03507,HIGH_SWEEP,3,0.03518,False,False,0.0918,499,native,68.19,NORMAL,68.26,71.0,True,300,75.4,BULL,BOS UP,HH/MIX,HH/HL,RANGE,68.2,True,True,498,2,47.6,1789714080000,LOW,0.03507,1.8,,,,0.03507,1.8,3,0,1,0.03521,0.03507,HIGH_SWEEP,1,0.03521,True,True,0.19,499,native,62.53,NORMAL,69.63,70.33,True,300,29.0,BULL,BOS UP,LH/LL,HH/HL,RANGE,78.1,True,True,498,46,51.5,1789700700000,LOW,0.03481,4.32,,,,0.03454,7.38,2,0,2,0.03536,0.03454,HIGH_SWEEP,51,0.03498,False,False,0.25,499,native,39.47,NORMAL,41.26,40.67,True,300,83.8,BULL,BOS UP,HH/HL,MIX/HL,RANGE,93.4,True,True,498,20,59.8,1789695900000,LOW,0.03454,3.78,,,,0.034375,4.74,2,0,1,0.03583,0.034375,HIGH_SWEEP,17,0.03497,False,False,0.4898,499,native,75.07,YORGUN,61.53,70.67,True,300,74.8,BULL,BOS UP,MIX/HL,MIX/HL,TR UP,73.8,True,True,498,5,52.8,1789693200000,LOW,0.03405,2.91,,,,,,,0,0,0.03497,0.03438,LOW_SWEEP,36,0.03304,False,False,1.1171,499,native,78.37,YORGUN,78.54,87.33,True,300,76.4,BULL,BOS UP,HH/MIX,HH/HL,RANGE,71.9,True,True,498,1,56.6,1789689600000,LOW,0.03258,3.36,0.037065,2.41,2,0.029225,7.68,2,1,1,0.037065,0.029225,EQH_SWEEP,59,0.037065,False,False,2.178,5644,96,26.69,12.44,14.25,36.42,68.21,91.8,UP,3,3,39.12,1.9,60.0,1.0,True,0,0.0,0,0.0,0.0,0.0,0.037,0.0,1.0,0.906,2285.53,806.62,1478.91,47.83,73.91,93.9,UP,50,24,3092.15,9.3,300.0,1.0,True,2,2001.33,1,477.37,1523.97,35.4,0.157,0.373,1.0,0.981,5333.87,2120.27,3213.61,43.11,71.56,93.2,UP,184,85,7454.14,22.1,900.0,1.0,True,6,3958.48,2,1279.68,2678.8,49.6,0.307,0.468,1.0,0.994,-1772.87,648.81,-710.6,-30.06,14.42,1.0,728.35,1.1051,348.5,0.5635,-0.3807,UP,1789714479996,BUY,1626.38,0.03520436442466497,1789714500000,ok,1.0,1.0,,continuous,1,3,0,,0,0,0,0,False,374,0.03519,0.0352,2.841,0.367,0.0362,0.1292,19666.95,18291.55,55.41,1789714592592,605,False,,,,
2,v2,v1.2,REALF_PY_V4_2_DERIVED,ZPTDIFAT_PY_V1_4_DERIVED,fc-v1,native,,058e38aec59f4c35,20260918_064430,239,VELVET_20260918_065635_902,VELVETUSDT,BINANCE,FUTURES,OUTSIDE100,761,200,1789714595902,2026-09-18T06:56:35.902+00:00,28,True,1789714595902,1789714595902,60.9,1789714560000,1789714619999,False,35.9,0.05514,-0.0181,37.5,PRICE LAG,True,500,30.5,44.6,38.4,49.3,0.00396,-0.89,-0.38,0.00203,0.382,0.09,5.7,35.0,1.7,YOK,14.1,1.0,0.05535859146907814,0.396,CLV_PROXY_1M,0,0.0,100.0,37.5,37.1,35.3,37.1,0.4,2.2,0.4,0.00396,-0.00018,-0.0006,0.0013,13.64,13.28,14.93,17.43,0.36,-1.29,-3.79,16.57,9.67,500,native,13.64,DINLENMIS,16.57,9.67,True,300,42.6,BEAR,BOS DN,MIX/HL,LH/LL,EXP DN,74.9,True,True,499,9,70.0,1789714020000,HIGH,0.05589,5.03,0.056855,11.51,2,,,,1,0,0.056855,0.05553,EQL_SWEEP,84,0.055625,False,False,0.2701,499,native,15.28,DINLENMIS,7.78,2.67,True,300,40.4,BEAR,BOS DN,HH/MIX,LH/LL,RANGE,73.8,True,True,498,3,51.7,1789713900000,HIGH,0.05615,4.0,,,,,,,0,0,0.05615,0.05544,LOW_SWEEP,9,0.05556,False,False,0.4574,499,native,21.08,DINLENMIS,8.34,1.33,True,300,7.0,BEAR,BOS DN,LH/LL,LH/LL,RANGE,89.2,True,True,498,1,73.9,1789714200000,HIGH,0.05615,3.13,,,,0.0515,11.27,2,0,1,0.05615,0.0515,HIGH_SWEEP,30,0.05618,False,False,0.5859,499,native,27.22,DINLENMIS,14.26,4.0,True,300,70.9,BULL,BOS UP,HH/MIX,HH/MIX,RANGE,71.4,True,True,498,9,44.5,1789705800000,LOW,0.05548,-0.61,,,,0.0515,6.58,3,0,1,0.05671,0.0515,HIGH_SWEEP,8,0.05649,False,False,0.9931,499,native,31.98,NORMAL,22.75,18.0,True,300,70.4,BULL,BOS UP,HH/MIX,LH/LL,TR UP,75.1,True,True,498,14,40.8,1789660800000,LOW,0.0494,4.31,,,,,,,0,0,0.06014,0.0494,HIGH_SWEEP,13,0.05886,False,False,2.3885,499,native,78.05,YORGUN,63.47,83.33,True,300,48.0,BEAR,BOS DN,MIX/HL,HH/HL,TR DN,65.7,True,True,498,16,34.6,1789473600000,HIGH,0.0633,3.19,,,,,,,0,0,0.0536,0.0494,HIGH_SWEEP,6,0.0536,False,False,4.6002,355,929,149.71,733.84,-584.14,-66.11,16.94,5.2,DOWN,51,26,883.55,12.1,60.0,1.0,True,0,0.0,1,206.75,-206.75,33.7,0.195,0.237,1.0,0.994,2637.02,9083.77,-6446.75,-55.0,22.5,5.6,DOWN,431,194,11720.78,47.7,300.0,1.0,True,3,1178.69,11,7087.41,-5908.72,61.6,0.488,0.517,1.0,0.999,20485.82,54927.46,-34441.64,-45.67,27.16,6.4,DOWN,1915,818,75413.28,103.8,900.0,1.0,True,24,13279.9,39,47653.74,-34373.84,77.4,0.675,0.719,1.0,1.0,1688.37,1087.56,1630.66,0.5,-6.15,1.0,-1222.32,-0.6484,-1229.15,-0.5243,-0.3921,NONE,1789714595547,SELL,206.75,0.055134296,1789714500000,ok,1.0,1.0,1.0,continuous,1,26,0,,0,0,0,0,False,408,0.05513,0.05514,1.814,-0.736,0.0155,-0.0669,13174.28,12771.47,37.18,1789714595715,187,False,,FATIGUE_RESTED_1M,,
2,v2,v1.2,REALF_PY_V4_2_DERIVED,ZPTDIFAT_PY_V1_4_DERIVED,fc-v1,native,,058e38aec59f4c35,20260918_064430,240,ZKC_20260918_065638_803,ZKCUSDT,BINANCE,FUTURES,OUTSIDE100,1142,200,1789714598803,2026-09-18T06:56:38.803+00:00,28,True,1789714598803,1789714598803,61.0,1789714560000,1789714619999,False,38.8,0.03848,0.026,52.4,FAIR (DENGE),True,500,54.5,45.9,56.9,50.2,0.00159,-0.77,-1.54,0.00133,0.474,0.17,7.7,45.0,-1.4,YOK,11.0,0.531,0.038541261184644356,0.159,CLV_PROXY_1M,0,0.0,100.0,52.4,49.6,42.3,34.2,2.8,10.1,18.2,0.00159,-0.00041,-0.00118,-0.00275,60.58,65.56,81.72,85.6,-4.98,-21.14,-25.02,48.22,50.67,500,native,60.58,NORMAL,48.22,50.67,True,300,77.6,BULL,BOS UP,MIX/HL,HH/HL,TR UP,77.3,True,True,499,8,100.0,1789714080000,LOW,0.0383,3.34,,,,,,,0,0,0.03846,0.03836,HIGH_SWEEP,2,0.03846,False,False,0.1403,499,native,75.38,YORGUN,77.66,83.0,True,300,41.6,BULL,BOS UP,LH/MIX,MIX/HL,RANGE,74.7,True,True,498,39,58.8,1789707420000,LOW,0.03801,5.68,,,,0.038305,2.26,2,0,2,0.03855,0.038305,HIGH_SWEEP,2,0.03855,False,False,0.2239,499,native,56.55,NORMAL,67.89,70.0,True,300,49.9,BULL,BOS UP,LH/MIX,LH/MIX,RANGE,69.7,True,True,498,24,50.4,1789707300000,LOW,0.03801,3.55,,,,0.038305,1.32,2,0,1,0.03855,0.038305,HIGH_SWEEP,2,0.03855,False,False,0.3446,499,native,50.76,NORMAL,53.17,69.0,True,300,87.9,BULL,BOS UP,HH/HL,HH/HL,RANGE,90.3,True,True,498,8,52.3,1789706700000,LOW,0.03789,2.35,0.049025,40.51,2,0.037065,5.52,2,1,1,0.049025,0.037065,LOW_SWEEP,153,0.03752,False,False,0.6768,499,native,75.27,YORGUN,68.68,80.67,True,300,58.0,BEAR,BOS DN,MIX/HL,HH/HL,TR DN,64.1,True,True,498,53,61.2,1789520400000,HIGH,0.04772,16.46,0.05792,34.66,2,,,,1,0,0.05792,0.03718,EQH_SWEEP,6,0.03827,False,False,1.4589,499,native,43.98,NORMAL,52.06,58.33,True,300,15.6,BEAR,BOS DN,LH/LL,LH/MIX,TR DN,90.7,True,True,498,18,73.5,1789444800000,HIGH,0.04904,8.36,,,,0.036074999999999996,1.93,2,0,1,0.03878,0.036074999999999996,HIGH_SWEEP,1,0.03878,True,False,3.2744,453,413,2626.03,2336.3,289.73,5.84,52.92,61.7,UP,71,32,4962.33,7.4,60.0,1.0,True,3,2313.73,4,1871.61,442.12,34.0,0.128,0.424,1.0,0.992,8234.6,16014.6,-7780.0,-32.08,33.96,9.6,DOWN,339,145,24249.2,8.3,300.0,1.0,True,13,6325.36,10,14339.63,-8014.27,39.2,0.142,0.596,1.0,0.998,17235.12,22090.46,-4855.34,-12.35,43.83,27.1,DOWN,790,401,39325.58,20.6,900.0,1.0,True,21,10296.39,17,18914.71,-8618.32,53.7,0.292,0.649,1.0,0.999,-594.84,-62.86,-368.06,-17.18,3.58,1.0,-2329.08,-0.3804,-2243.62,-0.4626,0.1895,DOWN,1789714594791,BUY,1426.16,0.0385,1789714500000,ok,1.0,1.0,1.0,continuous,1,32,0,,0,0,0,0,False,442,0.0385,0.03852,5.193,-2.39,-0.2054,0.0292,14365.87,21791.19,51.93,1789714598383,420,False,,,,
2,v2,v1.2,REALF_PY_V4_2_DERIVED,ZPTDIFAT_PY_V1_4_DERIVED,fc-v1,native,,058e38aec59f4c35,20260918_064430,241,ETH_20260918_065644_924,ETHUSDT,BINANCE,FUTURES,TOP100,2,75000,1789714604924,2026-09-18T06:56:44.924+00:00,28,True,1789714604737,1789714604924,61.6,1789714560000,1789714619999,False,44.7,2482.01,-0.054,58.4,PRICE AHEAD,True,500,58.9,59.6,57.9,54.5,-0.00183,-0.7,-1.05,0.00103,0.685,1.38,38.0,60.0,-14.1,YOK,1.7,1.0,2477.464780110337,-0.183,CLV_PROXY_1M,0,0.0,100.0,58.4,56.0,52.2,60.2,2.4,6.2,-1.8,-0.00183,-0.00033,-0.00055,-0.00022,25.65,35.14,46.0,57.41,-9.49,-20.35,-31.76,4.86,0.33,500,native,25.65,DINLENMIS,4.86,0.33,True,300,30.4,BULL,BOS UP,LH/LL,LH/MIX,SQZ,89.1,True,True,499,34,63.9,1789712520000,LOW,2481.26,0.7,,,,2469.0299999999997,12.11,2,0,2,2485.92,2469.0299999999997,HIGH_SWEEP,33,2486.11,False,False,0.0432,499,native,50.53,NORMAL,38.02,31.33,True,300,56.7,BULL,BOS UP,MIX/HL,LH/MIX,RANGE,72.7,True,True,498,40,76.1,1789707240000,LOW,2469.0,4.68,2486.685,1.45,2,,,,1,0,2486.685,2480.9,HIGH_SWEEP,11,2486.49,False,False,0.1162,499,native,48.43,NORMAL,41.52,32.33,True,300,68.2,BULL,BOS UP,MIX/HL,MIX/HL,TR UP,75.1,True,True,498,21,61.2,1789708200000,LOW,2469.0,3.08,,,,2365.835,27.11,2,0,1,2486.88,2365.835,HIGH_SWEEP,22,2482.2,False,False,0.1729,499,native,63.25,NORMAL,55.86,55.67,True,300,72.9,BULL,BOS UP,HH/MIX,HH/HL,TR UP,74.1,True,True,498,7,39.9,1789707600000,LOW,2435.39,5.89,,,,2435.74,5.84,2,0,1,2492.55,2435.74,HIGH_SWEEP,6,2484.99,False,False,0.3202,499,native,79.28,YORGUN,85.63,95.67,True,300,73.3,BEAR,BOS DN,HH/HL,HH/MIX,TR DN,84.8,True,True,498,65,44.7,1789477200000,HIGH,2614.99,7.76,,,,,,,0,0,2484.0,2435.39,HIGH_SWEEP,1,2484.0,True,True,0.6888,499,native,65.39,NORMAL,76.11,87.67,True,300,51.7,TR-DN,CHOCH DN,MIX/HL,MIX/HL,TR-DN,70.6,True,True,498,14,32.7,1789502400000,HIGH,2614.99,3.34,,,,1862.655,15.54,2,0,2,2614.99,1862.655,HIGH_SWEEP,38,2522.75,False,False,1.6086,873,5506,623031.91,2752198.86,-2129166.95,-63.08,18.46,5.3,DOWN,2082,480,3375230.77,55.6,60.0,1.0,True,2,165946.34,9,1904277.44,-1738331.1,77.3,0.526,1.0,1.0,0.985,1916341.53,4912082.45,-2995740.92,-43.87,28.06,6.6,DOWN,4128,1112,6828423.98,75.1,300.0,1.0,True,4,910125.09,13,2394219.95,-1484094.87,81.5,0.6,1.0,1.0,0.997,12794443.24,17083194.75,-4288751.51,-14.35,42.82,24.2,DOWN,23216,5506,29877637.99,185.0,899.3,0.9992,True,28,7700308.24,53,8877593.94,-1177285.7,90.9,0.787,1.0,0.999,0.999,-1377536.85,-1344710.85,,10.13,-5.03,0.9325,-940795.73,-0.5579,-471275.2,-0.3451,-0.2856,NONE,1789714600629,SELL,125951.26,2482.14058451412,1789714500000,ok,1.0,1.0,1.0,continuous,1,488,0,,0,0,0,0,False,476,2482.0,2482.01,0.04,-0.011,-0.5604,-0.5335,215737.2,765737.83,0.79,1789714604331,593,False,,FATIGUE_RESTED_1M|AGGRESSIVE_SELLER,,
2,v2,v1.2,REALF_PY_V4_2_DERIVED,ZPTDIFAT_PY_V1_4_DERIVED,fc-v1,native,,058e38aec59f4c35,20260918_064430,242,BNB_20260918_065648_063,BNBUSDT,BINANCE,FUTURES,TOP100,4,25000,1789714608063,2026-09-18T06:56:48.063+00:00,28,True,1789714608063,1789714608063,61.9,1789714560000,1789714619999,False,48.1,754.76,0.0186,37.2,PRICE LAG,True,500,33.5,40.0,38.3,45.2,0.00178,0.46,1.04,0.0009,0.658,0.95,26.3,70.0,35.0,YOK,6.5,1.0,756.1047861012763,0.178,CLV_PROXY_1M,0,0.0,100.0,37.2,35.1,35.5,46.7,2.1,1.7,-9.5,0.00178,-0.00032,-0.00048,0.00036,78.82,77.54,76.71,68.64,1.28,2.11,10.18,81.16,83.33,500,native,78.82,YORGUN,81.16,83.33,True,300,51.9,BEAR,BOS DN,MIX/HL,LH/MIX,RANGE,71.8,True,True,499,27,52.5,1789712940000,HIGH,754.74,-0.05,,,,735.76,51.95,2,0,1,754.18,735.76,HIGH_SWEEP,34,754.62,False,False,0.0485,499,native,55.08,NORMAL,71.03,63.0,True,300,82.7,BULL,BOS UP,HH/HL,MIX/HL,RANGE,86.8,True,True,498,17,53.9,1789711380000,LOW,751.67,3.54,,,,733.985,23.78,2,0,2,755.98,733.985,HIGH_SWEEP,32,753.4,False,False,0.1158,499,native,60.96,NORMAL,73.09,72.33,True,300,69.7,BULL,BOS UP,HH/MIX,HH/HL,TR UP,80.5,True,True,498,21,50.9,1789708200000,LOW,749.39,4.09,,,,751.405,2.56,2,0,2,755.98,751.405,HIGH_SWEEP,10,755.08,False,False,0.1745,499,native,59.78,NORMAL,65.73,63.67,True,300,78.2,BULL,BOS UP,HH/HL,HH/HL,TR UP,91.5,True,True,498,30,31.8,1789686900000,LOW,733.95,8.31,,,,,,,0,0,754.71,733.95,HIGH_SWEEP,6,754.71,False,False,0.3323,499,native,94.37,ASIRI,91.91,95.67,True,300,72.9,BULL,BOS UP,HH/MIX,HH/MIX,TR UP,76.1,True,True,498,10,47.2,1789675200000,LOW,721.24,7.29,,,,,,,0,0,732.95,721.24,HIGH_SWEEP,18,729.58,False,False,0.6104,499,native,89.27,ASIRI,97.07,97.0,True,300,40.4,BULL,BOS UP,LH/LL,HH/HL,RANGE,86.1,True,True,498,4,31.3,1789646400000,LOW,704.34,5.36,,,,,,,0,0,725.94,704.34,HIGH_SWEEP,6,725.94,False,False,1.2519,214,2078,125611.32,137396.23,-11784.9,-4.48,47.76,41.0,DOWN,732,142,263007.55,13.4,60.0,1.0,True,2,75339.61,2,62789.38,12550.23,51.2,0.211,0.855,1.0,0.996,581514.98,834609.61,-253094.63,-17.87,41.06,19.8,DOWN,3606,677,1416124.59,94.1,300.0,1.0,True,6,219308.77,8,344920.84,-125612.07,84.3,0.653,1.0,1.0,0.999,1274265.35,2034833.68,-760568.33,-22.98,38.51,14.9,DOWN,9240,1795,3309099.02,229.9,900.0,1.0,True,7,269098.91,21,920963.79,-651864.88,92.4,0.821,1.0,1.0,1.0,19091.83,-68061.16,-89144.76,6.49,-1.9,1.0,-5673.17,-0.0246,-34570.95,-0.1221,-0.2757,NONE,1789714607849,SELL,33189.36,754.6467348794909,1789714500000,ok,1.0,1.0,1.0,continuous,1,144,0,,0,0,0,0,False,510,754.73,754.74,0.132,-0.055,-0.671,-0.8886,58073.96,294947.27,2.72,1789714607468,595,False,,,,
2,v2,v1.2,REALF_PY_V4_2_DERIVED,ZPTDIFAT_PY_V1_4_DERIVED,fc-v1,native,,058e38aec59f4c35,20260918_064430,243,XRP_20260918_065650_791,XRPUSDT,BINANCE,FUTURES,TOP100,5,25000,1789714610791,2026-09-18T06:56:50.791+00:00,28,True,1789714610775,1789714610791,62.1,1789714560000,1789714619999,False,50.8,1.3185,-0.0303,50.3,FAIR (DENGE),True,500,49.5,53.3,48.7,50.2,-0.00093,-1.5,-1.62,0.00157,0.738,1.31,62.3,60.0,-7.6,YOK,4.6,0.234,1.3172776801127688,-0.093,CLV_PROXY_1M,0,0.0,100.0,50.3,52.7,45.0,47.5,-2.4,5.3,2.8,-0.00093,8e-05,-0.00047,-0.0002,13.55,16.73,28.05,45.26,-3.18,-14.5,-31.71,8.03,1.67,500,native,13.55,DINLENMIS,8.03,1.67,True,300,45.7,BEAR,BOS DN,MIX/HL,MIX/HL,TR DN,73.5,True,True,499,4,31.9,1789714320000,HIGH,1.3242,4.74,,,,1.3032,12.72,2,0,2,1.3242,1.3032,HIGH_SWEEP,20,1.3232,False,False,0.0912,499,native,49.26,NORMAL,22.2,13.0,True,300,70.4,BULL,BOS UP,HH/MIX,HH/HL,RANGE,71.3,True,True,498,5,29.6,1789713540000,LOW,1.3164,0.82,,,,,,,0,0,1.3245,1.3164,HIGH_SWEEP,9,1.3228,False,False,0.1846,499,native,53.79,NORMAL,34.81,26.67,True,300,59.4,BULL,BOS UP,MIX/HL,HH/MIX,RANGE,74.0,True,True,498,38,67.7,1789703100000,LOW,1.3045,4.22,,,,,,,0,0,1.3228,1.3164,HIGH_SWEEP,6,1.3228,False,False,0.2496,499,native,54.92,NORMAL,47.01,47.33,True,300,76.5,TR-UP,CHOCH UP,HH/HL,MIX/HL,TR-UP,84.3,True,True,498,23,25.8,1789693200000,LOW,1.2867,5.76,,,,,,,0,0,1.3286,1.3133,HIGH_SWEEP,24,1.3002,False,False,0.4171,499,native,79.42,YORGUN,75.53,89.0,True,300,74.1,TR-UP,CHOCH UP,HH/MIX,HH/MIX,TR-UP,74.3,True,True,498,3,82.2,1789700400000,LOW,1.2867,2.62,,,,,,,0,0,1.3201,1.2867,HIGH_SWEEP,1,1.3201,True,True,0.9194,499,native,49.0,NORMAL,57.06,72.0,True,300,47.1,TR-DN,CHOCH DN,HH/MIX,MIX/LL,TR-DN,75.8,True,True,498,15,73.1,1789488000000,HIGH,1.4916,5.45,1.5507,7.3,2,0.98775,10.39,2,1,1,1.5507,0.98775,EQH_SWEEP,57,1.43175,False,False,2.3989,211,2393,126938.57,728288.17,-601349.6,-70.31,14.84,5.2,DOWN,1359,159,855226.75,17.3,60.0,1.0,True,1,40968.51,6,513077.05,-472108.54,57.8,0.257,0.983,1.0,0.996,1459998.17,1960881.39,-500883.22,-14.64,42.68,23.8,DOWN,6153,771,3420879.56,92.9,300.0,1.0,True,14,1069371.69,19,1260567.83,-191196.14,84.2,0.65,1.0,1.0,0.999,3992309.34,4457174.05,-464864.7,-5.5,47.25,39.0,DOWN,16098,2082,8449483.39,172.8,900.0,1.0,True,38,2660283.9,47,2713179.14,-52895.24,90.3,0.776,1.0,1.0,1.0,-593843.68,-431172.79,-495783.55,-34.28,-6.09,1.0,-56633.72,-0.0913,-70977.02,-0.1037,-0.2002,NONE,1789714592613,SELL,301881.42,1.3181034723838359,1789714500000,ok,1.0,1.0,1.0,continuous,1,163,0,,0,0,0,0,False,544,1.3184,1.3185,0.758,0.052,0.2482,0.4845,1476719.52,889359.6,14.79,1789714610608,183,False,,FATIGUE_RESTED_1M|AGGRESSIVE_SELLER,,
2,v2,v1.2,REALF_PY_V4_2_DERIVED,ZPTDIFAT_PY_V1_4_DERIVED,fc-v1,native,,058e38aec59f4c35,20260918_064430,244,DOGE_20260918_065653_700,DOGEUSDT,BINANCE,FUTURES,TOP100,12,15000,1789714613700,2026-09-18T06:56:53.700+00:00,28,True,1789714613497,1789714613700,62.4,1789714560000,1789714619999,False,53.5,0.0841,-0.0357,60.0,PRICE AHEAD,True,500,61.1,59.1,62.0,53.1,-0.00215,-0.8,-1.65,0.00128,0.676,0.97,16.7,65.0,-21.4,YOK,2.9,1.0,0.08391940140242175,-0.215,CLV_PROXY_1M,0,0.0,100.0,60.0,60.0,55.2,53.4,0.0,4.8,6.6,-0.00215,-0.0005,-0.00087,-0.00119,15.69,18.96,24.42,26.77,-3.27,-8.73,-11.08,10.78,1.67,500,native,15.69,DINLENMIS,10.78,1.67,True,300,60.7,BEAR,BOS DN,HH/HL,LH/LL,SQZ,88.5,True,True,499,8,35.4,1789714080000,HIGH,0.08442,5.72,0.084395,5.28,2,0.08135,49.19,2,1,1,0.084395,0.08135,EQH_SWEEP,20,0.084395,False,False,0.0665,499,native,28.56,DINLENMIS,14.16,4.0,True,300,57.5,BULL,BOS UP,MIX/HL,HH/HL,RANGE,70.5,True,True,498,39,48.5,1789707420000,LOW,0.08373,2.94,0.08449000000000001,2.94,2,,,,1,0,0.08449000000000001,0.08417,LOW_SWEEP,18,0.08419,False,False,0.1536,499,native,32.14,NORMAL,22.53,11.33,True,300,60.8,BULL,BOS UP,MIX/HL,MIX/HL,TR UP,80.0,True,True,498,38,93.1,1789703100000,LOW,0.08223,9.44,,,,0.07986,21.35,2,0,1,0.08448,0.07986,HIGH_SWEEP,22,0.08459,False,False,0.2365,499,native,56.76,NORMAL,48.85,46.67,True,300,79.4,BULL,BOS UP,HH/HL,HH/HL,TR UP,84.7,True,True,498,22,43.6,1789694100000,LOW,0.08114,8.4,,,,0.080555,10.06,2,0,1,0.08469,0.080555,HIGH_SWEEP,65,0.08179,False,False,0.4181,499,native,88.4,ASIRI,83.08,95.67,True,300,89.8,BULL,BOS UP,HH/HL,LH/LL,TR UP,90.7,True,True,498,4,51.5,1789696800000,LOW,0.08114,4.09,,,,,,,0,0,0.08253,0.08114,HIGH_SWEEP,21,0.08134,False,False,0.8609,499,native,72.49,YORGUN,84.36,91.33,True,300,47.5,BEAR,BOS DN,HH/MIX,LH/MIX,TR DN,73.2,True,True,498,16,26.7,1789473600000,HIGH,0.08616,1.35,,,,0.07835,3.76,2,0,1,0.08616,0.07835,HIGH_SWEEP,20,0.08534,False,False,1.8093,323,1300,11902.43,177525.94,-165623.51,-87.43,6.28,5.0,DOWN,743,94,189428.36,14.1,60.0,1.0,True,0,0.0,3,72126.02,-72126.02,51.4,0.22,0.819,1.0,0.995,135619.22,368907.75,-233288.54,-46.24,26.88,6.3,DOWN,2405,409,504526.97,25.3,300.0,1.0,True,1,72376.05,6,134281.24,-61905.19,63.2,0.336,0.926,1.0,0.999,825842.64,884221.13,-58378.48,-3.41,48.29,43.1,DOWN,6793,1114,1710063.77,44.7,900.0,1.0,True,12,513287.52,12,317887.24,195400.29,74.0,0.472,1.0,1.0,1.0,-179175.06,-152847.61,-104604.0,-47.76,-12.07,1.0,-46741.31,-0.3676,-35344.32,-0.3503,-0.5303,NONE,1789714611064,SELL,30566.38,0.08409,1789714500000,ok,1.0,1.0,1.0,continuous,1,102,0,,0,0,0,0,False,578,0.0841,0.08411,1.189,-0.13,0.2252,0.0851,1137758.68,719432.9,23.19,1789714613308,392,False,,FATIGUE_RESTED_1M|AGGRESSIVE_SELLER,,
2,v2,v1.2,REALF_PY_V4_2_DERIVED,ZPTDIFAT_PY_V1_4_DERIVED,fc-v1,native,,058e38aec59f4c35,20260918_064430,245,LINK_20260918_065656_819,LINKUSDT,BINANCE,FUTURES,TOP100,17,10000,1789714616819,2026-09-18T06:56:56.819+00:00,28,True,1789714616400,1789714616819,63.0,1789714560000,1789714619999,False,56.4,11.773,-0.0933,53.6,FAIR (DENGE),True,500,53.1,57.1,51.3,51.9,-0.0026,-1.71,-1.59,0.00163,0.694,1.06,47.0,55.0,-30.8,YOK,5.8,1.0,11.74241967762183,-0.26,CLV_PROXY_1M,0,0.0,100.0,53.6,54.9,49.2,58.8,-1.3,4.4,-5.2,-0.0026,-3e-05,-0.0006,0.00051,17.38,23.26,39.19,46.2,-5.88,-21.81,-28.82,5.08,0.33,500,native,17.38,DINLENMIS,5.08,0.33,True,300,83.7,BULL,BOS UP,HH/HL,LH/LL,SQZ,93.7,True,True,499,20,55.7,1789713360000,LOW,11.772,0.08,,,,11.377500000000001,31.79,2,0,1,11.837,11.377500000000001,HIGH_SWEEP,39,11.779,False,False,0.1056,499,native,60.12,NORMAL,40.3,29.0,True,300,42.6,BULL,BOS UP,LH/LL,HH/MIX,RANGE,88.3,True,True,498,11,67.9,1789712460000,LOW,11.705,2.54,,,,,,,0,0,11.776,11.705,HIGH_SWEEP,16,11.776,False,True,0.2237,499,native,64.85,NORMAL,50.6,37.33,True,300,75.3,BULL,BOS UP,HH/MIX,HH/MIX,TR UP,75.7,True,True,498,4,46.5,1789713300000,LOW,11.705,1.72,,,,,,,0,0,11.817,11.705,HIGH_SWEEP,2,11.817,False,False,0.3207,499,native,62.63,NORMAL,56.84,56.67,True,300,91.2,BULL,BOS UP,HH/HL,HH/HL,TR UP,88.4,True,True,498,1,59.4,1789713000000,LOW,11.647,1.92,,,,11.0905,10.62,2,0,1,11.817,11.0905,HIGH_SWEEP,65,11.34,False,True,0.5406,499,native,89.86,ASIRI,85.67,93.67,True,300,83.3,TR-UP,CHOCH UP,HH/HL,MIX/LL,TR-UP,86.0,True,True,498,5,51.0,1789693200000,LOW,11.089,5.67,12.7855,8.4,2,,,,1,0,12.7855,11.25,LOW_SWEEP,37,10.67,False,False,1.0287,499,native,75.32,YORGUN,87.3,89.67,True,300,17.7,BEAR,BOS DN,LH/LL,HH/MIX,RANGE,86.2,True,True,498,15,24.8,1789488000000,HIGH,11.961,0.75,,,,8.062,14.79,2,0,1,11.961,8.062,EQH_SWEEP,83,12.035499999999999,False,False,2.133,-151,1128,67082.95,75645.14,-8562.18,-6.0,47.0,38.0,DOWN,473,84,142728.09,17.8,60.0,1.0,True,1,21624.16,1,15734.29,5889.87,54.5,0.262,0.789,1.0,1.0,259152.24,389480.64,-130328.4,-20.09,39.95,17.5,DOWN,2052,370,648632.88,92.9,300.0,1.0,True,4,65710.7,9,200095.95,-134385.24,83.0,0.65,0.953,1.0,1.0,643028.15,912895.0,-269866.85,-17.34,41.33,20.4,DOWN,5274,965,1555923.15,222.2,900.0,1.0,True,9,139416.75,19,474731.02,-335314.27,92.2,0.816,1.0,1.0,1.0,34067.25,68744.19,26289.11,19.73,6.04,1.0,-28291.36,-0.2271,-29211.2,-0.2252,-0.302,NONE,1789714608739,SELL,15734.29,11.772051983420372,1789714500000,ok,1.0,1.0,1.0,continuous,1,94,0,,0,0,0,0,False,612,11.768,11.769,0.85,-0.221,0.1405,-0.1511,211036.81,159027.78,16.57,1789714616223,596,False,,FATIGUE_RESTED_1M,,
2,v2,v1.2,REALF_PY_V4_2_DERIVED,ZPTDIFAT_PY_V1_4_DERIVED,fc-v1,native,,058e38aec59f4c35,20260918_064430,246,ADA_20260918_065659_939,ADAUSDT,BINANCE,FUTURES,TOP100,19,10000,1789714619939,2026-09-18T06:56:59.939+00:00,28,True,1789714619924,1789714619939,63.5,1789714560000,1789714619999,False,59.9,0.2131,0.0,35.1,PRICE LAG,True,500,29.9,40.8,36.1,41.6,0.00328,-0.69,0.48,0.00144,0.596,1.51,38.3,55.0,5.8,YOK,10.9,1.0,0.21379916163270316,0.328,CLV_PROXY_1M,0,0.0,100.0,35.1,43.9,43.5,45.0,-8.8,-8.4,-9.9,0.00328,0.00132,0.00169,0.00208,18.09,20.26,28.48,41.68,-2.17,-10.39,-23.59,15.89,6.33,500,native,18.09,DINLENMIS,15.89,6.33,True,300,59.1,BEAR,BOS DN,HH/HL,HH/HL,SQZ,88.7,True,True,499,1,24.2,1789714500000,HIGH,0.2141,3.89,0.2151,7.78,2,,,,1,0,0.2151,0.2132,EQH_SWEEP,20,0.2138,False,False,0.1206,499,native,48.93,NORMAL,27.32,21.0,True,300,54.3,BEAR,BOS DN,MIX/HL,HH/HL,RANGE,74.5,True,True,498,32,70.8,1789708680000,HIGH,0.2173,8.4,,,,,,,0,0,0.2151,0.2132,LOW_SWEEP,52,0.2143,False,False,0.2401,499,native,52.42,NORMAL,44.1,31.0,True,300,20.7,TR-DN,CHOCH DN,LH/LL,MIX/HL,TR-DN,85.4,True,True,498,13,28.1,1789710600000,HIGH,0.2151,2.77,,,,0.1903,31.61,3,0,1,0.2151,0.1903,HIGH_SWEEP,37,0.2159,False,False,0.3384,499,native,41.72,NORMAL,33.81,24.67,True,300,66.3,BULL,BOS UP,MIX/HL,LH/LL,TR UP,78.2,True,True,498,27,55.4,1789689600000,LOW,0.1997,8.97,0.21739999999999998,2.97,2,0.1972,10.66,2,1,2,0.21739999999999998,0.1972,HIGH_SWEEP,28,0.2027,False,False,0.6932,499,native,85.62,ASIRI,74.82,87.0,True,300,87.0,BULL,BOS UP,HH/HL,HH/HL,EXP UP,84.6,True,True,498,6,53.5,1789689600000,LOW,0.1901,7.39,,,,,,,0,0,0.2042,0.1997,EQH_SWEEP,29,0.19690000000000002,False,False,1.4575,499,native,75.46,YORGUN,86.9,89.67,True,300,41.5,TR-UP,CHOCH UP,LH/LL,LH/LL,TR-UP,84.5,True,True,498,1,52.5,1789689600000,LOW,0.1901,4.21,,,,,,,0,0,0.2159,0.1901,LOW_SWEEP,52,0.2148,False,True,2.5151,230,1078,50224.17,90507.62,-40283.44,-28.62,35.69,11.2,DOWN,343,75,140731.79,4.3,60.0,1.0,True,2,47836.06,2,76973.36,-29137.3,33.9,0.08,0.787,1.0,0.996,75127.05,204348.02,-129220.96,-46.24,26.88,6.3,DOWN,1101,316,279475.07,13.3,300.0,1.0,True,2,47836.06,5,126756.28,-78920.23,51.2,0.21,0.862,1.0,0.999,513452.21,567891.3,-54439.1,-5.03,47.48,39.9,DOWN,3274,969,1081343.51,38.7,900.0,1.0,True,15,385205.5,16,385189.43,16.08,71.7,0.436,1.0,1.0,1.0,-17017.88,-41637.13,33544.84,9.12,3.49,1.0,-28222.05,-0.3905,-25989.74,-0.465,-0.452,NONE,1789714596002,BUY,36243.65,0.21300000000000002,1789714500000,ok,1.0,1.0,1.0,continuous,1,76,0,,0,0,0,0,False,20,0.213,0.2131,4.694,-0.439,0.1297,-0.0374,2758625.32,2125095.8,91.53,1789714619348,591,False,,FATIGUE_RESTED_1M,,
2,v2,v1.2,REALF_PY_V4_2_DERIVED,ZPTDIFAT_PY_V1_4_DERIVED,fc-v1,native,,058e38aec59f4c35,20260918_064430,247,LTC_20260918_065703_505,LTCUSDT,BINANCE,FUTURES,TOP100,25,10000,1789714623505,2026-09-18T06:57:03.505+00:00,28,True,1789714622639,1789714623505,64.5,1789714620000,1789714679999,False,2.6,54.93,0.0182,54.3,FAIR (DENGE),True,500,54.2,57.4,52.8,50.0,-0.0025,-0.0,-0.12,0.00116,0.586,0.01,0.3,40.0,0.4,YOK,4.7,1.0,54.79296426238287,-0.249,CLV_PROXY_1M,0,0.0,100.0,54.3,52.7,53.2,58.2,1.6,1.1,-3.9,-0.0025,-0.00012,-0.00036,9e-05,36.16,38.02,45.48,44.31,-1.86,-9.32,-8.15,34.44,25.67,500,native,36.16,NORMAL,34.44,25.67,True,300,64.2,BULL,BOS UP,MIX/HL,MIX/HL,SQZ,76.2,True,True,499,30,64.2,1789712820000,LOW,54.78,3.85,55.02,2.31,2,54.76,4.36,2,1,2,55.02,54.76,HIGH_SWEEP,54,54.92,False,False,0.0709,499,native,65.91,NORMAL,60.82,60.0,True,300,73.9,BULL,BOS UP,HH/HL,MIX/HL,TR UP,91.8,True,True,498,40,50.6,1789707240000,LOW,54.29,6.94,55.0,0.76,2,,,,1,0,55.0,54.78,EQH_SWEEP,9,55.0,False,False,0.1679,499,native,65.56,NORMAL,62.67,50.0,True,300,75.3,BULL,BOS UP,HH/HL,MIX/HL,TR UP,87.5,True,True,498,38,51.2,1789703100000,LOW,54.32,4.8,,,,53.86,8.42,2,0,2,55.0,53.86,HIGH_SWEEP,6,55.0,False,False,0.2314,499,native,74.87,YORGUN,72.63,78.67,True,300,70.5,BULL,BOS UP,MIX/HL,HH/MIX,TR UP,85.7,True,True,498,25,95.3,1789691400000,LOW,53.59,6.06,,,,,,,0,0,53.98,54.29,EQH_SWEEP,27,53.989999999999995,False,False,0.402,499,native,87.64,ASIRI,87.73,95.33,True,300,88.0,BULL,BOS UP,HH/HL,HH/HL,TR UP,83.5,True,True,498,6,68.8,1789689600000,LOW,52.46,5.66,,,,,,,0,0,54.0,52.46,HIGH_SWEEP,21,52.81,False,False,0.7963,499,native,81.3,YORGUN,89.2,93.0,True,300,51.6,TR-DN,CHOCH DN,HH/MIX,LH/LL,TR-DN,72.3,True,True,498,14,38.2,1789502400000,HIGH,55.24,0.36,,,,,,,0,0,55.24,50.13,HIGH_SWEEP,30,54.28,False,False,1.559,2842,491,10786.87,2301.48,8485.38,64.83,82.42,94.8,UP,68,22,13088.35,2.8,60.0,1.0,True,0,0.0,0,0.0,0.0,25.4,0.053,0.529,1.0,0.953,75590.9,85447.06,-9856.15,-6.12,46.94,37.8,DOWN,542,138,161037.96,27.1,300.0,1.0,True,1,26852.52,2,32926.81,-6074.29,61.5,0.352,0.802,1.0,0.991,214299.69,223914.78,-9615.09,-2.19,48.9,45.5,FLAT,1721,421,438214.47,80.3,900.0,1.0,True,3,60329.47,3,50956.14,9373.33,80.1,0.616,0.91,1.0,0.997,33338.33,4482.32,62041.71,60.77,1.34,1.0,-11327.6,-0.4088,-3526.3,-0.1095,0.2349,DOWN,1789714516856,SELL,10785.41,54.92,1789714500000,ok,1.0,1.0,1.0,continuous,1,22,0,,0,0,0,0,False,54,54.92,54.93,1.821,0.298,0.1794,0.2055,905710.35,630113.57,35.5,1789714622360,1145,False,,AGGRESSIVE_BUYER,,
2,v2,v1.2,REALF_PY_V4_2_DERIVED,ZPTDIFAT_PY_V1_4_DERIVED,fc-v1,native,,058e38aec59f4c35,20260918_064430,248,AVAX_20260918_065706_634,AVAXUSDT,BINANCE,FUTURES,TOP100,31,5000,1789714626634,2026-09-18T06:57:06.634+00:00,28,True,1789714626204,1789714626634,64.6,1789714620000,1789714679999,False,6.2,7.905,0.0127,48.9,FAIR (DENGE),True,500,48.2,46.3,53.1,50.0,0.00103,-0.08,-0.19,0.0012,0.57,0.03,0.3,50.0,7.8,YOK,6.8,0.472,7.91312504000753,0.103,CLV_PROXY_1M,0,0.0,100.0,48.9,48.4,48.9,51.7,0.5,0.0,-2.8,0.00103,-0.00014,-0.00056,-0.0003,67.9,71.56,75.51,77.19,-3.66,-7.61,-9.29,60.38,57.0,500,native,67.9,NORMAL,60.38,57.0,True,300,74.0,BEAR,BOS DN,HH/HL,HH/HL,SQZ,86.9,True,True,499,77,64.9,1789710000000,HIGH,7.93,4.78,7.9415,6.97,2,,,,1,0,7.9415,7.893,LOW_SWEEP,36,7.873,False,False,0.0662,499,native,76.5,YORGUN,76.81,78.67,True,300,74.6,BULL,BOS UP,MIX/HL,HH/MIX,RANGE,73.4,True,True,498,3,42.4,1789714080000,LOW,7.871,2.66,,,,7.6285,21.66,2,0,1,7.903,7.6285,HIGH_SWEEP,4,7.903,False,False,0.1615,499,native,59.8,NORMAL,70.23,67.33,True,300,61.4,BULL,BOS UP,MIX/HL,MIX/HL,RANGE,76.2,True,True,498,46,66.0,1789700700000,LOW,7.677,11.2,,,,,,,0,0,7.942,7.871,HIGH_SWEEP,51,7.723,False,False,0.2574,499,native,55.44,NORMAL,55.11,51.0,True,300,79.1,BULL,BOS UP,HH/HL,MIX/HL,TR UP,85.4,True,True,498,24,54.9,1789692300000,LOW,7.545,8.82,,,,,,,0,0,7.968,7.584,EQH_SWEEP,24,7.648,False,False,0.5161,499,native,87.87,ASIRI,82.95,90.33,True,300,91.4,TR-UP,CHOCH UP,HH/HL,LH/LL,TR-UP,94.6,True,True,498,3,96.7,1789700400000,LOW,7.545,4.47,8.192,3.56,3,7.186,8.93,2,1,1,8.192,7.186,EQL_SWEEP,37,7.186,False,False,1.023,499,native,84.87,ASIRI,91.15,93.33,True,300,78.7,BULL,BOS UP,HH/MIX,HH/MIX,RANGE,76.8,True,True,498,1,80.2,1789689600000,LOW,7.171,4.83,,,,7.173500000000001,4.81,2,0,1,7.8,7.173500000000001,LOW_SWEEP,15,7.243,False,False,1.9116,5957,605,4609.44,34137.09,-29527.65,-76.21,11.9,5.1,DOWN,221,38,38746.53,7.5,60.0,1.0,True,0,0.0,3,22135.32,-22135.32,38.4,0.13,0.647,1.0,0.901,115015.35,87032.4,27982.95,13.85,56.92,75.1,UP,932,187,202047.75,31.9,300.0,1.0,True,5,76433.14,8,51620.82,24812.32,64.7,0.39,0.826,1.0,0.98,306886.84,251990.24,54896.6,9.82,54.91,68.9,UP,2574,487,558877.07,86.6,900.0,1.0,True,17,166342.21,19,153048.17,13294.04,81.7,0.634,0.937,1.0,0.993,-29544.79,-26080.54,-19248.57,-38.13,-7.92,1.0,6759.99,0.1186,9914.44,0.2453,0.0714,NONE,1789714618760,SELL,5833.15,7.904,1789714500000,ok,1.0,1.0,1.0,continuous,1,40,0,,0,0,0,0,False,88,7.905,7.906,1.265,-0.451,-0.1897,-0.1112,238845.48,350685.23,24.67,1789714626019,615,False,,AGGRESSIVE_SELLER,,
2,v2,v1.2,REALF_PY_V4_2_DERIVED,ZPTDIFAT_PY_V1_4_DERIVED,fc-v1,native,,058e38aec59f4c35,20260918_064430,249,SUI_20260918_065709_529,SUIUSDT,BINANCE,FUTURES,TOP100,35,5000,1789714629529,2026-09-18T06:57:09.529+00:00,28,True,1789714629326,1789714629529,64.7,1789714620000,1789714679999,False,9.3,0.777,0.0,49.8,FAIR (DENGE),True,500,48.7,49.9,51.8,50.0,3e-05,-0.85,-1.01,0.00188,0.598,0.08,0.3,50.0,-6.8,YOK,3.1,0.233,0.7770198561640203,0.003,CLV_PROXY_1M,0,0.0,100.0,49.8,50.7,56.1,49.0,-0.9,-6.3,0.8,3e-05,3e-05,0.00026,-0.00034,18.62,22.3,36.62,49.71,-3.68,-18.0,-31.09,12.64,4.0,500,native,18.62,DINLENMIS,12.64,4.0,True,300,65.3,BULL,BOS UP,MIX/HL,LH/MIX,SQZ,63.8,True,True,499,19,20.7,1789713480000,LOW,0.775,2.51,,,,,,,0,0,0.7788,0.7778,HIGH_SWEEP,35,0.777,False,False,0.1027,499,native,60.23,NORMAL,50.01,40.33,True,300,83.5,BULL,BOS UP,HH/HL,MIX/HL,RANGE,80.2,True,True,498,7,18.5,1789713360000,LOW,0.7738,1.71,,,,0.7292,26.31,2,0,3,0.7798,0.7292,HIGH_SWEEP,58,0.7849,False,False,0.2333,499,native,60.41,NORMAL,57.54,51.0,True,300,60.8,BULL,BOS UP,MIX/HL,HH/HL,RANGE,74.3,True,True,498,45,48.0,1789701000000,LOW,0.7643,4.56,,,,0.71575,22.14,2,0,2,0.7849,0.71575,HIGH_SWEEP,95,0.7365,False,False,0.3551,499,native,46.62,NORMAL,46.78,36.33,True,300,78.1,BULL,BOS UP,HH/HL,MIX/HL,TR UP,90.8,True,True,498,30,53.6,1789686900000,LOW,0.7287,8.39,,,,0.7289,8.35,2,0,1,0.7899,0.7289,HIGH_SWEEP,59,0.7351,False,False,0.7395,499,native,87.7,ASIRI,75.49,84.67,True,300,83.0,TR-UP,CHOCH UP,HH/HL,HH/MIX,TR-UP,88.9,True,True,498,6,40.0,1789689600000,LOW,0.7157,5.57,0.8336,5.14,2,,,,2,0,0.8336,0.7157,LOW_SWEEP,37,0.6814,False,False,1.4211,499,native,86.25,ASIRI,90.56,95.33,True,300,89.3,TR-UP,CHOCH UP,HH/HL,MIX/HL,TR-UP,85.4,True,True,498,1,97.1,1789689600000,LOW,0.6773,5.29,,,,,,,0,0,0.7479,0.6773,LOW_SWEEP,16,0.692,False,False,2.3923,1646,1404,24057.63,51149.4,-27091.77,-36.02,31.99,8.3,DOWN,350,88,75207.03,20.6,60.0,1.0,True,2,11055.31,1,5684.32,5370.99,55.2,0.292,0.719,1.0,0.973,124199.92,197401.34,-73201.42,-22.76,38.62,15.1,DOWN,1631,399,321601.25,57.6,300.0,1.0,True,7,62287.19,8,103505.65,-41218.46,74.8,0.535,0.877,1.0,0.995,568598.97,608744.31,-40145.34,-3.41,48.3,43.1,DOWN,5969,1180,1177343.28,183.2,900.0,1.0,True,30,283126.96,32,358044.07,-74917.11,90.8,0.786,1.0,1.0,0.998,22653.59,-36216.88,-48257.91,15.36,-5.45,1.0,-27664.5,-0.3729,-14776.96,-0.2297,0.0719,DOWN,1789714619214,BUY,5110.48,0.777,1789714500000,ok,1.0,1.0,1.0,continuous,1,91,0,,0,0,0,0,False,122,0.7769,0.777,1.287,0.329,0.199,0.0972,450387.52,300903.65,25.1,1789714629148,381,False,,FATIGUE_RESTED_1M,,
2,v2,v1.2,REALF_PY_V4_2_DERIVED,ZPTDIFAT_PY_V1_4_DERIVED,fc-v1,native,,058e38aec59f4c35,20260918_064430,250,AKE_20260918_065712_761,AKEUSDT,BINANCE,FUTURES,TOP100,94,2000,1789714632761,2026-09-18T06:57:12.761+00:00,28,True,1789714632339,1789714632761,64.9,1789714620000,1789714679999,False,12.3,0.02299,0.0043,52.1,FAIR (DENGE),True,500,51.6,58.0,47.1,50.1,-0.01625,0.15,0.36,0.0075,0.557,0.11,2.3,45.0,-0.0,YOK,10.9,0.646,0.022619372405663776,-1.612,CLV_PROXY_1M,0,0.0,100.0,52.1,51.2,53.4,51.4,0.9,-1.3,0.7,-0.01625,0.00071,0.00328,0.00445,37.34,36.31,33.8,34.97,1.03,3.54,2.37,41.06,36.67,500,native,37.34,NORMAL,41.06,36.67,True,300,63.9,BULL,BOS UP,MIX/HL,LH/MIX,TR UP,82.1,True,True,499,34,90.2,1789712580000,LOW,0.021423,9.98,,,,0.021402499999999998,10.11,2,0,1,0.0234,0.021402499999999998,HIGH_SWEEP,55,0.021605,False,False,0.6831,499,native,66.42,NORMAL,60.39,62.33,True,300,88.7,BULL,BOS UP,HH/HL,MIX/HL,TR UP,94.4,True,True,498,12,71.4,1789712460000,LOW,0.021423,5.69,,,,,,,0,0,0.023636,0.021646,LOW_SWEEP,41,0.021228,False,False,1.1986,499,native,79.15,YORGUN,69.56,80.67,True,300,88.5,BULL,BOS UP,HH/HL,HH/HL,EXP UP,91.4,True,True,498,10,67.7,1789711500000,LOW,0.0214,4.97,,,,,,,0,0,0.023636,0.021423,EQH_SWEEP,38,0.021653,False,False,1.3953,499,native,83.55,ASIRI,85.73,89.33,True,300,42.0,BEAR,BOS DN,LH/MIX,MIX/HL,TR DN,66.1,True,True,498,154,97.0,1789575300000,HIGH,0.028247,11.52,0.029421000000000003,14.1,2,0.0209945,4.37,2,1,3,0.029421000000000003,0.0209945,EQL_SWEEP,57,0.020765,False,False,1.973,499,native,75.83,YORGUN,95.19,98.0,True,300,70.7,BULL,BOS UP,HH/HL,HH/MIX,RANGE,69.6,True,True,498,74,56.3,1789444800000,LOW,0.014658,9.68,0.029844000000000002,7.95,2,0.012500500000000001,12.18,3,1,2,0.029844000000000002,0.012500500000000001,HIGH_SWEEP,75,0.0165,False,False,3.9837,499,native,41.32,NORMAL,45.03,45.0,True,300,84.7,BULL,BOS UP,HH/HL,MIX/HL,TR UP,90.5,True,True,498,18,80.8,1789444800000,LOW,0.013069,3.89,,,,0.0128725,3.97,2,0,3,0.029888,0.0128725,EQL_SWEEP,67,0.0128725,False,False,11.7969,412,11799,15666.38,18819.27,-3152.89,-9.14,45.43,32.3,DOWN,983,487,34485.66,38.5,60.0,1.0,True,1,2856.75,1,3513.48,-656.73,62.5,0.435,0.634,1.0,0.993,74909.18,79661.91,-4752.74,-3.07,48.46,43.8,DOWN,6000,2900,154571.09,344.6,300.0,1.0,True,4,15156.97,5,14026.49,1130.48,88.5,0.873,0.797,1.0,0.999,364690.48,372580.18,-7889.71,-1.07,49.46,47.8,FLAT,24600,11799,737270.66,770.5,844.3,0.9381,False,28,110711.07,22,109988.54,722.53,95.3,0.939,0.967,0.938,1.0,-5133.96,-8920.82,,-6.66,-2.87,0.8714,-1852.54,-0.0535,-832.38,-0.0269,0.0756,DOWN,1789714603858,BUY,2856.75,0.022968860486432163,1789714560000,ok,1.0,1.0,1.0,continuous,1,580,0,,0,0,0,0,False,156,0.023014,0.023016,0.869,-0.427,-0.5927,-0.3005,2309.0,9030.21,8.69,1789714632115,646,False,,FATIGUE_EXTREME,,
2,v2,v1.2,REALF_PY_V4_2_DERIVED,ZPTDIFAT_PY_V1_4_DERIVED,fc-v1,native,,058e38aec59f4c35,20260918_064430,251,PONS_20260918_065716_368,PONSUSDT,BINANCE,FUTURES,OUTSIDE100,112,2000,1789714636368,2026-09-18T06:57:16.368+00:00,28,True,1789714635478,1789714636368,65.3,1789714620000,1789714679999,False,15.5,0.7232,0.0415,55.8,FAIR (DENGE),True,500,56.5,54.7,56.7,53.1,-0.00411,-0.5,-0.92,0.00437,0.572,1.39,36.7,65.0,-16.2,YOK,2.0,1.0,0.7202344290185358,-0.41,CLV_PROXY_1M,0,0.0,100.0,55.8,65.0,61.7,49.2,-9.2,-5.9,6.6,-0.00411,0.00369,0.00084,-0.00132,12.11,10.79,13.47,17.81,1.32,-1.36,-5.7,16.99,11.0,500,native,12.11,DINLENMIS,16.99,11.0,True,300,11.1,BEAR,BOS DN,LH/LL,LH/LL,TR DN,91.1,True,True,499,5,45.1,1789714320000,HIGH,0.7316,3.83,,,,0.7134,4.47,2,0,1,0.7316,0.7134,EQL_SWEEP,27,0.73295,False,False,0.3033,499,native,14.02,DINLENMIS,9.2,3.33,True,300,26.2,BULL,BOS UP,LH/LL,LH/LL,SQZ,86.5,True,True,498,82,26.3,1789699860000,LOW,0.6834,8.74,0.7777000000000001,12.78,3,0.63845,18.99,2,1,1,0.7777000000000001,0.63845,HIGH_SWEEP,97,0.6964,False,False,0.6063,499,native,23.49,DINLENMIS,16.55,5.67,True,300,15.3,BEAR,BOS DN,LH/LL,MIX/HL,RANGE,88.2,True,True,498,14,56.1,1789710300000,HIGH,0.7473,3.44,0.7778,7.8,2,,,,1,0,0.7778,0.7235,LOW_SWEEP,12,0.729,False,False,0.9673,499,native,40.08,NORMAL,31.39,24.67,True,300,85.7,BULL,BOS UP,HH/HL,MIX/LL,TR UP,93.8,True,True,498,18,77.8,1789697700000,LOW,0.6551,4.93,,,,,,,0,0,0.7781,0.6551,HIGH_SWEEP,19,0.6959,False,False,1.8909,289,native,80.04,YORGUN,66.14,73.98,False,269,88.1,BULL,BOS UP,HH/HL,HH/HL,TR UP,88.8,True,True,288,7,54.7,1789686000000,LOW,0.6099,3.71,,,,,,,0,0,0.6721,0.6099,HIGH_SWEEP,6,0.6721,False,False,4.1259,73,native,83.1,ASIRI,81.39,94.34,False,53,74.7,TR-UP,CHOCH UP,HH/MIX,HH/HL,TR-UP,76.3,True,False,72,1,84.3,1789689600000,LOW,0.5483,3.26,,,,,,,0,0,0.6992,0.5483,LOW_SWEEP,12,0.5821,False,False,6.9476,279,3095,118068.93,132398.04,-14329.12,-5.72,47.14,38.6,DOWN,1703,352,250466.97,20.1,60.0,1.0,True,9,83081.24,13,105921.05,-22839.8,57.8,0.287,0.85,1.0,0.995,309392.32,376586.6,-67194.29,-9.8,45.1,31.2,DOWN,5460,1308,685978.92,104.4,300.0,1.0,True,22,183183.69,39,267945.45,-84761.76,84.4,0.676,0.959,1.0,0.999,495691.83,640974.26,-145282.44,-12.78,43.61,26.4,DOWN,10095,2810,1136666.09,234.7,900.0,1.0,True,37,254617.41,62,423897.79,-169280.38,92.6,0.824,1.0,1.0,1.0,-6164.84,-7663.14,-2052.29,-1.07,1.2,1.0,-21567.68,-0.1089,-14929.05,-0.1088,-0.0421,NONE,1789714632965,BUY,2952.76,0.7210646642246642,1789714560000,ok,0.9998,0.9993,0.9997,continuous,1,385,0,,0,0,0,0,False,190,0.7215,0.7217,2.772,0.513,0.2629,-0.1915,81607.12,47633.35,27.72,1789714635307,1061,False,,FATIGUE_RESTED_1M,,
2,v2,v1.2,REALF_PY_V4_2_DERIVED,ZPTDIFAT_PY_V1_4_DERIVED,fc-v1,native,,058e38aec59f4c35,20260918_064430,252,SKR_20260918_065719_713,SKRUSDT,BINANCE,FUTURES,OUTSIDE100,227,500,1789714639713,2026-09-18T06:57:19.713+00:00,28,True,1789714639275,1789714639713,64.4,1789714620000,1789714679999,False,19.3,0.01912,0.0523,51.0,FAIR (DENGE),True,500,51.2,48.9,53.8,50.1,0.00044,0.31,-0.14,0.00143,0.369,0.13,7.3,60.0,-19.1,YOK,4.9,0.638,0.01912847707898828,0.044,CLV_PROXY_1M,0,0.0,100.0,51.0,48.3,42.8,42.2,2.7,8.2,8.8,0.00044,-0.00081,-0.00159,-0.00142,31.16,26.7,20.69,27.41,4.46,10.47,3.75,43.25,37.67,500,native,31.16,NORMAL,43.25,37.67,True,300,37.1,BULL,BOS UP,LH/LL,MIX/HL,RANGE,79.3,True,True,499,21,33.7,1789713360000,LOW,0.019028,3.8,0.019363,10.04,2,,,,1,0,0.019363,0.019085,EQH_SWEEP,66,0.0189665,False,False,0.1266,499,native,56.84,NORMAL,53.52,53.33,True,300,72.0,BULL,BOS UP,HH/MIX,MIX/HL,TR UP,73.8,True,True,498,7,30.5,1789713360000,LOW,0.018839,5.32,0.020296500000000002,22.27,2,0.0188425,5.25,2,1,1,0.020296500000000002,0.0188425,LOW_SWEEP,30,0.018846,False,False,0.2765,499,native,71.96,NORMAL,62.98,65.33,True,300,85.7,BULL,BOS UP,HH/HL,HH/MIX,RANGE,83.4,True,True,498,4,34.0,1789713300000,LOW,0.018839,3.91,0.020296500000000002,16.37,2,,,,1,0,0.020296500000000002,0.018839,LOW_SWEEP,29,0.018732,False,False,0.3764,499,native,81.27,YORGUN,84.33,85.67,True,300,74.2,BULL,BOS UP,MIX/HL,MIX/HL,SQZ,69.3,True,True,498,2,49.0,1789712100000,LOW,0.018719,2.73,,,,0.017547,10.71,2,0,2,0.019011,0.017547,HIGH_SWEEP,36,0.019329,False,False,0.7664,499,native,43.94,NORMAL,52.86,62.33,True,300,39.3,BULL,BOS UP,LH/LL,HH/MIX,RANGE,84.4,True,True,498,21,72.8,1789635600000,LOW,0.017378,4.59,0.025375500000000002,16.47,2,,,,1,0,0.025375500000000002,0.018321,LOW_SWEEP,6,0.018554,False,False,2.0012,499,native,73.4,YORGUN,69.12,78.0,True,300,72.9,BULL,BOS UP,HH/HL,HH/HL,TR UP,83.6,True,True,498,114,36.2,1788062400000,LOW,0.008858,11.57,,,,0.017043000000000003,2.34,2,0,1,0.020299,0.017043000000000003,HIGH_SWEEP,4,0.019684,False,False,4.7097,607,422,517.21,399.53,117.68,12.84,56.42,73.6,UP,39,28,916.75,7.6,60.0,1.0,True,0,0.0,0,0.0,0.0,29.0,0.132,0.241,1.0,0.99,1462.67,2845.73,-1383.06,-32.1,33.95,9.6,DOWN,126,88,4308.41,29.8,300.0,1.0,True,0,0.0,2,1983.87,-1983.87,51.5,0.373,0.409,1.0,0.998,15279.38,16214.05,-934.67,-2.97,48.52,44.0,FLAT,532,362,31493.43,81.3,900.0,1.0,True,6,9767.38,4,8678.6,1088.78,71.7,0.619,0.625,1.0,0.999,225.7,616.61,3042.36,29.49,9.54,1.0,133.53,0.2451,-322.2,-0.3739,-0.6565,UP,1789714431286,SELL,1432.82,0.019098160615269782,1789714560000,ok,1.0,1.0,1.0,continuous,1,33,0,,0,0,0,0,False,224,0.01912,0.019124,2.092,0.889,0.0045,-0.3252,3304.08,3274.5,13.6,1789714639112,601,False,,,,
2,v2,v1.2,REALF_PY_V4_2_DERIVED,ZPTDIFAT_PY_V1_4_DERIVED,fc-v1,native,,058e38aec59f4c35,20260918_064430,253,PROM_20260918_065723_274,PROMUSDT,BINANCE,FUTURES,OUTSIDE100,266,1000,1789714643274,2026-09-18T06:57:23.274+00:00,28,True,1789714642856,1789714643274,64.8,1789714620000,1789714679999,False,22.9,5.386,0.0557,57.9,FAIR (DENGE),True,500,59.6,57.4,57.5,52.2,-0.00365,0.48,0.06,0.00234,0.483,0.31,42.7,65.0,-15.6,YOK,2.1,1.0,5.366381015900171,-0.364,CLV_PROXY_1M,0,0.0,100.0,57.9,56.6,56.3,53.8,1.3,1.6,4.1,-0.00365,-8e-05,-0.00057,-0.00104,37.07,29.8,21.25,28.02,7.27,15.82,9.05,50.18,63.0,500,native,37.07,NORMAL,50.18,63.0,True,300,8.8,BEAR,BOS DN,LH/LL,LH/LL,TR DN,92.6,True,True,499,3,55.5,1789714440000,HIGH,5.424,4.03,,,,,,,0,0,5.424,5.378,LOW_SWEEP,2,5.378,False,False,0.175,499,native,22.01,DINLENMIS,26.55,20.0,True,300,11.6,BEAR,BOS DN,LH/LL,LH/LL,TR DN,90.3,True,True,498,6,47.1,1789713540000,HIGH,5.541,8.31,,,,,,,0,0,5.541,5.41,EQL_SWEEP,6,5.3934999999999995,False,False,0.3467,499,native,15.18,DINLENMIS,22.38,18.33,True,300,45.8,TR-DN,CHOCH DN,MIX/HL,LH/LL,TR-DN,75.6,True,True,498,9,58.5,1789711800000,HIGH,5.541,6.48,,,,5.2165,7.08,2,0,1,5.541,5.2165,HIGH_SWEEP,32,5.589,False,False,0.4456,499,native,22.17,DINLENMIS,13.81,6.0,True,300,60.0,TR-DN,CHOCH DN,HH/HL,MIX/HL,TR-DN,88.0,True,True,498,3,54.5,1789711200000,HIGH,5.594,4.81,5.7285,7.91,2,,,,2,0,5.7285,5.43,LOW_SWEEP,172,5.332,False,False,0.8035,499,native,51.48,NORMAL,23.88,15.33,True,300,59.0,BEAR,BOS DN,MIX/HL,MIX/HL,SQZ,69.1,True,True,498,46,75.0,1789545600000,HIGH,5.729,4.08,5.8375,5.37,3,4.906499999999999,5.7,2,2,1,5.8375,4.906499999999999,EQL_SWEEP,94,5.5815,False,False,1.5355,499,native,46.75,NORMAL,44.4,34.33,True,300,26.5,BULL,BOS UP,LH/LL,MIX/HL,SQZ,85.6,True,True,498,58,11.5,1788868800000,LOW,4.913,2.57,,,,4.4025,5.34,2,0,2,5.659,4.4025,HIGH_SWEEP,57,5.986,False,False,3.3065,237,1003,5086.85,1305.21,3781.65,59.16,79.58,94.6,UP,169,70,6392.06,14.3,60.0,1.0,True,2,2364.58,0,0.0,2364.58,43.2,0.223,0.451,1.0,0.996,20791.12,25011.52,-4220.4,-9.21,45.39,32.2,DOWN,735,275,45802.64,38.8,300.0,1.0,True,8,10556.56,3,16527.19,-5970.63,63.6,0.437,0.665,1.0,0.999,71139.73,75671.43,-4531.7,-3.09,48.46,43.7,DOWN,2081,813,146811.16,127.2,900.0,1.0,True,21,34283.46,11,46329.98,-12046.52,81.6,0.718,0.792,1.0,1.0,654.49,2888.84,4692.29,1.79,3.28,1.0,-816.13,-0.0722,-1657.37,-0.1809,0.035,DOWN,1789714622960,BUY,1036.96,5.384,1789714560000,ok,1.0,1.0,1.0,continuous,1,76,0,,0,0,0,0,False,258,5.385,5.386,1.857,-0.686,-0.488,-0.1457,11577.85,33647.55,36.21,1789714643077,197,False,,AGGRESSIVE_BUYER,,
2,v2,v1.2,REALF_PY_V4_2_DERIVED,ZPTDIFAT_PY_V1_4_DERIVED,fc-v1,native,,058e38aec59f4c35,20260918_064430,254,UAI_20260918_065726_163,UAIUSDT,BINANCE,FUTURES,OUTSIDE100,296,2000,1789714646163,2026-09-18T06:57:26.163+00:00,28,True,1789714646163,1789714646163,64.8,1789714620000,1789714679999,False,26.2,0.4183,-0.2147,59.8,PRICE AHEAD,True,500,62.6,59.1,57.7,52.9,-0.00748,-0.46,-0.75,0.00432,0.69,0.92,16.0,55.0,-4.4,YOK,4.9,1.0,0.4151826259404596,-0.745,CLV_PROXY_1M,0,0.0,100.0,59.8,59.3,59.4,62.8,0.5,0.4,-3.0,-0.00748,-0.00048,-0.00099,-0.00058,72.54,78.94,79.94,70.32,-6.4,-7.4,2.22,54.85,64.0,500,native,72.54,YORGUN,54.85,64.0,True,300,36.5,BEAR,BOS DN,LH/MIX,HH/MIX,SQZ,71.4,True,True,499,32,90.8,1789712700000,HIGH,0.4198,1.45,0.42315,4.69,2,0.4168,1.45,2,1,2,0.42315,0.4168,HIGH_SWEEP,110,0.4247,False,False,0.2465,499,native,61.71,NORMAL,61.63,61.33,True,300,28.6,BULL,BOS UP,LH/LL,MIX/HL,SQZ,79.1,True,True,498,72,61.1,1789701660000,LOW,0.4075,5.03,0.43455,7.56,2,,,,1,0,0.43455,0.4129,LOW_SWEEP,8,0.4166,False,False,0.5126,499,native,41.21,NORMAL,51.34,43.0,True,300,58.1,TR-DN,CHOCH DN,MIX/HL,LH/LL,TR-DN,66.3,True,True,498,52,58.0,1789698900000,HIGH,0.4354,5.14,,,,0.3559,18.76,3,0,1,0.4232,0.3559,HIGH_SWEEP,105,0.4106,False,False,0.7937,499,native,36.75,NORMAL,39.4,34.0,True,300,68.6,BULL,BOS UP,MIX/HL,MIX/HL,RANGE,79.5,True,True,498,21,30.6,1789695000000,LOW,0.3901,3.86,0.43505,2.3,2,0.3838,4.73,2,2,2,0.43505,0.3838,LOW_SWEEP,174,0.3294,False,False,1.7465,499,native,66.03,NORMAL,58.03,59.33,True,300,86.6,BULL,BOS UP,HH/HL,HH/HL,SQZ,87.3,True,True,498,6,38.6,1789689600000,LOW,0.3838,2.13,,,,,,,0,0,0.4354,0.3838,HIGH_SWEEP,4,0.418,False,False,3.8614,499,native,65.32,NORMAL,73.45,78.0,True,300,18.4,BEAR,BOS DN,LH/LL,HH/HL,RANGE,87.8,True,True,498,19,42.0,1789430400000,HIGH,0.5943,4.02,,,,,,,0,0,0.5943,0.322,LOW_SWEEP,20,0.4503,False,False,10.3453,34,695,1152.65,3758.35,-2605.7,-53.06,23.47,5.7,DOWN,113,48,4911.0,15.6,60.0,1.0,True,0,0.0,0,0.0,0.0,43.5,0.238,0.423,1.0,0.999,5149.01,7157.12,-2008.1,-16.32,41.84,21.6,DOWN,428,203,12306.13,62.0,300.0,1.0,True,0,0.0,0,0.0,0.0,65.0,0.553,0.523,1.0,1.0,43881.0,26066.92,17814.07,25.47,62.73,86.9,UP,1511,620,69947.92,93.4,900.0,1.0,True,4,22764.35,2,7101.13,15663.22,76.0,0.651,0.711,1.0,1.0,-1831.15,-16201.3,-943.97,-3.8,-39.43,1.0,-971.2,-0.4095,-334.72,-0.136,0.6588,DOWN,1789714334917,BUY,12166.08,0.41921637090382824,1789714560000,ok,1.0,1.0,1.0,continuous,1,51,0,,0,0,0,0,False,292,0.4185,0.4187,4.778,2.322,0.1049,0.4023,14784.56,11977.83,50.17,1789714645096,1067,False,,AGGRESSIVE_SELLER,,
2,v2,v1.2,REALF_PY_V4_2_DERIVED,ZPTDIFAT_PY_V1_4_DERIVED,fc-v1,native,,058e38aec59f4c35,20260918_064430,255,BULLA_20260918_065729_059,BULLAUSDT,BINANCE,FUTURES,OUTSIDE100,339,5000,1789714649059,2026-09-18T06:57:29.059+00:00,28,True,1789714648862,1789714649059,64.8,1789714620000,1789714679999,False,28.9,0.10156,-0.2749,51.0,FAIR (DENGE),True,500,50.8,52.5,50.1,50.2,-0.0034,-0.12,-0.2,0.00584,0.563,0.38,11.7,35.0,-13.1,YOK,2.3,1.0,0.10121541647395105,-0.339,CLV_PROXY_1M,0,0.0,100.0,51.0,51.6,51.1,57.3,-0.6,-0.1,-6.3,-0.0034,0.00084,-0.00105,-0.0001,69.78,70.66,64.69,59.71,-0.88,5.09,10.07,64.62,75.0,500,native,69.78,NORMAL,64.62,75.0,True,300,50.1,TR-DN,CHOCH DN,HH/MIX,HH/MIX,TR-DN,73.3,True,True,499,17,44.8,1789713600000,HIGH,0.10172,0.44,0.10206,1.38,3,0.100455,3.04,2,1,2,0.10206,0.100455,EQL_SWEEP,60,0.100455,False,False,0.3567,499,native,64.73,NORMAL,65.46,74.33,True,300,59.1,BULL,BOS UP,MIX/HL,MIX/LL,RANGE,69.2,True,True,498,44,89.1,1789706700000,LOW,0.096433,6.36,0.102005,0.55,2,0.0964015,6.4,2,1,2,0.102005,0.0964015,HIGH_SWEEP,30,0.10206,False,False,0.792,499,native,55.26,NORMAL,60.31,65.0,True,300,46.6,BULL,BOS UP,LH/MIX,MIX/HL,TR UP,64.3,True,True,498,26,22.3,1789706700000,LOW,0.09539,5.4,,,,0.10001,1.36,2,0,1,0.10203,0.10001,HIGH_SWEEP,24,0.10114,False,False,1.1259,499,native,71.18,NORMAL,65.86,70.67,True,300,74.6,BEAR,BOS DN,HH/HL,HH/HL,TR DN,88.7,True,True,498,65,27.4,1789655400000,HIGH,0.10999,3.66,0.109785,3.57,2,,,,1,0,0.109785,0.094,LOW_SWEEP,67,0.1007,False,False,2.2834,499,native,65.82,NORMAL,73.29,88.0,True,300,26.8,BULL,BOS UP,LH/LL,MIX/HL,RANGE,84.5,True,True,498,44,42.2,1789552800000,LOW,0.060024,6.39,,,,0.060025499999999996,6.39,2,0,1,0.121362,0.060025499999999996,HIGH_SWEEP,45,0.076341,False,False,6.4384,499,native,57.87,NORMAL,58.01,59.0,True,300,75.0,BULL,BOS UP,HH/MIX,HH/HL,EXP UP,78.0,True,True,498,11,96.7,1789545600000,LOW,0.0675,2.28,,,,0.0154205,5.77,2,0,1,0.139078,0.0154205,HIGH_SWEEP,52,0.085989,False,False,15.2143,2291,1541,1183.32,3748.84,-2565.52,-52.02,23.99,5.8,DOWN,115,68,4932.16,14.2,60.0,1.0,True,0,0.0,0,0.0,0.0,42.1,0.221,0.423,1.0,0.962,14731.22,12264.98,2466.24,9.14,54.57,67.7,UP,811,448,26996.19,51.5,300.0,1.0,True,0,0.0,0,0.0,0.0,65.6,0.507,0.608,1.0,0.992,45124.48,32997.42,12127.05,15.52,57.76,77.4,UP,2222,1211,78121.9,158.9,900.0,1.0,True,1,5200.14,0,0.0,5200.14,81.3,0.761,0.723,1.0,0.997,-1533.95,-1514.23,-4326.49,12.74,-3.87,1.0,190.36,0.0425,507.41,0.094,0.1205,NONE,1789713918675,BUY,5200.14,0.10101665651346205,1789714560000,ok,1.0,1.0,1.0,continuous,1,70,0,,0,0,0,0,False,326,0.10158,0.10162,3.937,-0.121,0.364,0.5572,5386.5,2511.48,22.15,1789714648304,755,False,,AGGRESSIVE_SELLER,,
2,v2,v1.2,REALF_PY_V4_2_DERIVED,ZPTDIFAT_PY_V1_4_DERIVED,fc-v1,native,,058e38aec59f4c35,20260918_064430,256,OG_20260918_065731_975,OGUSDT,BINANCE,FUTURES,OUTSIDE100,523,500,1789714651975,2026-09-18T06:57:31.975+00:00,28,True,1789714651772,1789714651975,64.8,1789714620000,1789714679999,False,31.8,2.749,0.0,34.9,PRICE LAG,True,500,29.4,35.6,38.9,50.0,0.00471,-0.68,-0.21,0.00061,0.255,0.0,0.7,45.0,34.2,YOK,9.5,1.0,2.7619915733013802,0.473,CLV_PROXY_1M,0,0.0067,99.3,34.9,33.4,35.4,30.8,1.5,-0.5,4.1,0.00471,-0.00013,0.00021,-0.00015,25.13,27.71,33.83,45.71,-2.58,-8.7,-20.58,24.15,7.33,500,native,25.13,DINLENMIS,24.15,7.33,True,300,86.2,BULL,BOS UP,HH/HL,LH/LL,SQZ,88.8,True,True,499,13,69.0,1789713840000,LOW,2.749,0.0,,,,2.748,0.49,2,0,3,2.757,2.748,EQL_SWEEP,3,2.748,False,False,0.0741,499,native,30.51,NORMAL,21.35,6.0,True,300,88.2,BULL,BOS UP,HH/HL,HH/HL,RANGE,77.7,True,True,498,5,60.2,1789713720000,LOW,2.746,0.7,,,,2.746,0.7,2,0,3,2.757,2.746,HIGH_SWEEP,59,2.746,False,False,0.1568,499,native,33.08,NORMAL,26.37,8.67,True,300,67.0,BULL,BOS UP,MIX/HL,HH/HL,TR UP,73.6,True,True,498,21,39.4,1789708200000,LOW,2.732,2.73,,,,2.679,11.25,2,0,2,2.756,2.679,HIGH_SWEEP,23,2.759,False,False,0.2263,499,native,58.51,NORMAL,50.77,41.33,True,300,85.9,BULL,BOS UP,HH/HL,HH/HL,TR UP,87.3,True,True,498,7,35.2,1789707600000,LOW,2.679,6.98,,,,2.6635,8.53,2,0,1,2.769,2.6635,HIGH_SWEEP,6,2.759,False,False,0.3636,499,native,90.26,ASIRI,87.17,93.67,True,300,74.4,BULL,BOS UP,MIX/HL,MIX/HL,RANGE,73.4,True,True,498,7,58.0,1789686000000,LOW,2.662,4.4,,,,2.6,7.54,2,0,1,2.7,2.6,HIGH_SWEEP,30,2.712,False,False,0.7193,499,native,78.61,YORGUN,87.12,92.33,True,300,75.1,BULL,BOS UP,MIX/HL,HH/HL,SQZ,73.2,True,True,498,1,52.4,1789689600000,LOW,2.61,3.13,2.9825,5.27,3,2.5975,3.42,2,2,2,2.9825,2.5975,EQH_SWEEP,87,2.9425,False,False,1.6159,51969,84,6.05,0.0,6.05,100.0,100.0,95.0,UP,1,1,6.05,1.0,60.0,1.0,True,0,0.0,0,0.0,0.0,0.0,0.02,0.0,1.0,0.134,1122.03,2172.59,-1050.56,-31.89,34.06,9.7,DOWN,76,31,3294.62,8.0,300.0,1.0,True,0,0.0,2,1702.95,-1702.95,33.2,0.138,0.379,1.0,0.827,4314.07,3706.72,607.36,7.57,53.79,64.9,UP,224,77,8020.79,19.6,900.0,1.0,True,2,1535.88,3,2257.3,-721.42,47.9,0.282,0.476,1.0,0.942,-45.37,-96.84,12.1,0.0,-1.97,1.0,129.59,0.9372,-169.88,-0.2578,-0.4789,UP,1789714453455,SELL,764.92,2.747560704022989,1789714560000,ok,1.0,1.0,1.0,continuous,1,1,0,,0,0,0,0,False,360,2.747,2.748,3.64,-0.139,0.32,0.2398,25670.16,13222.8,70.97,1789714649200,2775,False,,FATIGUE_RESTED_1M,,
2,v2,v1.2,REALF_PY_V4_2_DERIVED,ZPTDIFAT_PY_V1_4_DERIVED,fc-v1,native,,058e38aec59f4c35,20260918_064430,257,ZORA_20260918_065734_883,ZORAUSDT,BINANCE,FUTURES,OUTSIDE100,612,500,1789714654883,2026-09-18T06:57:34.883+00:00,28,True,1789714654662,1789714654883,64.8,1789714620000,1789714679999,False,34.7,0.007901,0.0887,42.9,FAIR (DENGE),True,500,40.4,48.2,41.7,43.9,0.00073,0.62,1.22,0.00147,0.524,2.68,71.7,50.0,33.4,YOK,7.8,1.0,0.007906768419557973,0.073,CLV_PROXY_1M,0,0.0,100.0,42.9,52.4,54.3,55.8,-9.5,-11.4,-12.9,0.00073,0.00117,0.00123,0.00124,62.71,56.07,53.65,54.81,6.64,9.06,7.9,75.6,84.33,500,native,62.71,NORMAL,75.6,84.33,True,300,82.0,TR-UP,CHOCH UP,HH/HL,LH/MIX,SQZ,91.7,True,True,499,17,64.1,1789713600000,LOW,0.007851,6.74,,,,0.007775499999999999,16.91,2,0,1,0.007905,0.007775499999999999,HIGH_SWEEP,9,0.007903,False,False,0.094,499,native,67.84,NORMAL,68.73,68.0,True,300,88.3,BULL,BOS UP,HH/HL,MIX/HL,RANGE,87.7,True,True,498,6,56.3,1789713540000,LOW,0.007842,2.94,,,,,,,0,0,0.007897,0.007842,HIGH_SWEEP,5,0.007897,False,True,0.2244,499,native,75.39,YORGUN,80.76,85.67,True,300,85.5,BULL,BOS UP,HH/HL,HH/HL,RANGE,84.8,True,True,498,11,63.8,1789711200000,LOW,0.007813,3.46,,,,,,,0,0,0.007897,0.007842,HIGH_SWEEP,3,0.007897,False,False,0.3114,499,native,44.92,NORMAL,47.83,47.33,True,300,81.8,BULL,BOS UP,HH/HL,MIX/HL,RANGE,87.5,True,True,498,21,74.9,1789695000000,LOW,0.007527,6.95,,,,,,,0,0,0.00802,0.007813,LOW_SWEEP,25,0.007571,False,False,0.6689,499,native,79.61,YORGUN,74.03,87.0,True,300,73.8,BEAR,BOS DN,HH/HL,HH/MIX,TR DN,86.4,True,True,498,69,59.5,1789462800000,HIGH,0.007987,0.78,0.009008,9.13,2,0.007187,5.77,2,1,1,0.009008,0.007187,LOW_SWEEP,126,0.008102,False,False,1.5567,499,native,71.82,NORMAL,78.45,86.33,True,300,18.0,TR-DN,CHOCH DN,LH/LL,LH/LL,TR-DN,90.3,True,True,498,16,65.9,1789473600000,HIGH,0.008968,4.04,,,,0.0058755000000000005,7.64,2,0,2,0.008336,0.0058755000000000005,HIGH_SWEEP,29,0.008437,False,False,3.3227,2906,262,3269.54,468.85,2800.68,74.92,87.46,94.9,UP,65,24,3738.39,7.5,60.0,1.0,True,3,2810.77,0,0.0,2810.77,33.3,0.13,0.393,1.0,0.952,4159.49,4043.47,116.02,1.41,50.71,52.9,FLAT,135,58,8202.97,11.4,300.0,1.0,True,3,2810.77,1,1887.47,923.3,40.8,0.185,0.478,1.0,0.99,6362.06,9166.23,-2804.17,-18.06,40.97,19.6,DOWN,382,203,15528.29,33.7,900.0,1.0,True,3,2810.77,2,2969.71,-158.94,58.0,0.403,0.548,1.0,0.997,4821.34,3664.75,3167.72,68.07,31.25,1.0,-53.51,-0.0213,-188.46,-0.1149,-0.6186,NONE,1789714648359,BUY,1303.05,0.007899687485222706,1789714560000,ok,1.0,1.0,1.0,continuous,1,24,0,,0,0,0,0,False,394,0.007895,0.007898,3.799,-0.687,0.1354,-0.3092,16254.13,12376.44,25.96,1789714654304,579,False,,AGGRESSIVE_BUYER,,
2,v2,v1.2,REALF_PY_V4_2_DERIVED,ZPTDIFAT_PY_V1_4_DERIVED,fc-v1,native,,058e38aec59f4c35,20260918_064430,258,TNSR_20260918_065737_771,TNSRUSDT,BINANCE,FUTURES,OUTSIDE100,738,200,1789714657771,2026-09-18T06:57:37.771+00:00,28,True,1789714657568,1789714657771,64.6,1789714620000,1789714679999,False,37.6,0.03522,0.0568,42.3,FAIR (DENGE),True,500,38.5,50.3,39.2,45.9,-0.00011,0.55,1.69,0.00125,0.562,1.07,48.0,50.0,27.1,YOK,11.8,0.979,0.0352159981538166,-0.011,CLV_PROXY_1M,0,0.0,100.0,42.3,46.8,57.1,60.7,-4.5,-14.8,-18.4,-0.00011,0.00043,0.00193,0.00263,66.71,65.21,67.41,72.45,1.5,-0.7,-5.74,68.17,75.0,500,native,66.71,NORMAL,68.17,75.0,True,300,86.2,BULL,BOS UP,HH/HL,MIX/HL,TR UP,86.6,True,True,499,10,58.2,1789714020000,LOW,0.03512,3.18,,,,0.03507,4.77,2,0,1,0.03526,0.03507,HIGH_SWEEP,4,0.03518,False,False,0.0893,499,native,70.76,NORMAL,73.56,77.33,True,300,74.9,BULL,BOS UP,HH/MIX,HH/HL,RANGE,68.2,True,True,498,3,47.6,1789714080000,LOW,0.03507,2.29,,,,0.03507,2.29,3,0,1,0.03521,0.03507,HIGH_SWEEP,2,0.03521,False,False,0.1865,499,native,65.55,NORMAL,78.9,82.33,True,300,29.0,BULL,BOS UP,LH/LL,HH/HL,RANGE,78.1,True,True,498,46,51.5,1789700700000,LOW,0.03481,4.66,,,,0.03454,7.72,2,0,2,0.03536,0.03454,HIGH_SWEEP,51,0.03498,False,False,0.25,499,native,40.29,NORMAL,43.59,44.33,True,300,83.8,BULL,BOS UP,HH/HL,MIX/HL,RANGE,93.4,True,True,498,20,59.8,1789695900000,LOW,0.03454,3.95,,,,0.034375,4.91,2,0,1,0.03583,0.034375,HIGH_SWEEP,17,0.03497,False,False,0.4898,499,native,75.59,YORGUN,62.7,73.67,True,300,74.8,BULL,BOS UP,MIX/HL,MIX/HL,TR UP,73.8,True,True,498,5,52.8,1789693200000,LOW,0.03405,2.99,,,,,,,0,0,0.03497,0.03438,LOW_SWEEP,36,0.03304,False,False,1.1171,499,native,78.54,YORGUN,79.16,87.67,True,300,76.4,BULL,BOS UP,HH/MIX,HH/HL,RANGE,71.9,True,True,498,1,56.6,1789689600000,LOW,0.03258,3.4,0.037065,2.37,2,0.029225,7.71,2,1,1,0.037065,0.029225,EQH_SWEEP,59,0.037065,False,False,2.178,7745,99,533.87,379.16,154.71,16.95,58.47,79.1,UP,20,9,913.03,4.7,60.0,1.0,True,2,503.98,1,236.86,267.12,24.1,0.086,0.24,1.0,0.871,2444.45,1066.68,1377.77,39.24,69.62,92.5,UP,64,32,3511.13,11.8,300.0,1.0,True,3,2130.36,2,714.22,1416.14,38.6,0.19,0.386,1.0,0.974,5867.74,2469.13,3398.62,40.77,70.38,92.8,UP,202,93,8336.87,25.8,900.0,1.0,True,8,4462.46,3,1516.54,2945.92,52.1,0.341,0.48,1.0,0.991,147.48,-94.12,192.03,0.64,-4.13,1.0,585.44,0.6249,404.32,0.5758,-0.3918,UP,1789714648382,BUY,225.58,0.03522,1789714560000,ok,1.0,1.0,1.0,continuous,1,10,0,,0,0,0,0,False,428,0.03519,0.03521,5.682,1.906,0.0208,-0.0957,19220.58,18435.55,56.82,1789714654219,3552,False,,,,
2,v2,v1.2,REALF_PY_V4_2_DERIVED,ZPTDIFAT_PY_V1_4_DERIVED,fc-v1,native,,058e38aec59f4c35,20260918_064430,259,VELVET_20260918_065740_710,VELVETUSDT,BINANCE,FUTURES,OUTSIDE100,761,200,1789714660710,2026-09-18T06:57:40.710+00:00,28,True,1789714660476,1789714660710,64.8,1789714620000,1789714679999,False,40.5,0.05516,0.0726,33.0,PRICE LAG,True,500,26.8,42.1,35.4,33.4,0.00554,-0.58,0.13,0.002,0.382,2.5,95.3,40.0,9.3,WHALE BUY L1,15.3,1.0,0.05546637503999048,0.555,CLV_PROXY_1M,0,0.0,100.0,33.0,36.6,32.4,38.6,-3.6,0.6,-5.6,0.00554,0.00127,0.00065,0.002,15.07,13.19,13.53,16.43,1.88,1.54,-1.36,20.93,16.0,500,native,15.07,DINLENMIS,20.93,16.0,True,300,43.1,BEAR,BOS DN,MIX/HL,LH/LL,EXP DN,74.9,True,True,499,10,70.0,1789714020000,HIGH,0.05589,5.09,0.056855,11.83,2,,,,1,0,0.056855,0.05553,EQL_SWEEP,85,0.055625,False,False,0.26,499,native,14.38,DINLENMIS,14.57,9.0,True,300,40.8,BEAR,BOS DN,HH/MIX,LH/LL,RANGE,73.8,True,True,498,4,51.7,1789713900000,HIGH,0.05615,3.96,,,,,,,0,0,0.05615,0.05544,LOW_SWEEP,10,0.05556,False,False,0.4486,499,native,21.52,DINLENMIS,10.14,2.0,True,300,7.0,BEAR,BOS DN,LH/LL,LH/LL,RANGE,89.2,True,True,498,1,73.9,1789714200000,HIGH,0.05615,3.03,,,,0.0515,11.36,2,0,1,0.05615,0.0515,HIGH_SWEEP,30,0.05618,False,False,0.5859,499,native,27.4,DINLENMIS,15.09,4.0,True,300,70.9,BULL,BOS UP,HH/MIX,HH/MIX,RANGE,71.4,True,True,498,9,44.5,1789705800000,LOW,0.05548,-0.56,,,,0.0515,6.63,3,0,1,0.05671,0.0515,HIGH_SWEEP,8,0.05649,False,False,0.9931,499,native,32.08,NORMAL,23.07,18.33,True,300,70.4,BULL,BOS UP,HH/MIX,LH/LL,TR UP,75.1,True,True,498,14,40.8,1789660800000,LOW,0.0494,4.33,,,,,,,0,0,0.06014,0.0494,HIGH_SWEEP,13,0.05886,False,False,2.3885,499,native,78.15,YORGUN,63.65,84.0,True,300,48.0,BEAR,BOS DN,MIX/HL,HH/HL,TR DN,65.7,True,True,498,16,34.6,1789473600000,HIGH,0.0633,3.18,,,,,,,0,0,0.0536,0.0494,HIGH_SWEEP,6,0.0536,False,False,4.6002,1395,956,5193.92,9576.19,-4382.27,-29.67,35.17,10.7,DOWN,382,110,14770.11,23.4,60.0,1.0,True,6,3791.25,7,8132.35,-4341.11,52.6,0.319,0.542,1.0,0.977,6632.72,15080.46,-8447.74,-38.91,30.55,7.5,DOWN,658,240,21713.18,43.3,300.0,1.0,True,7,4141.45,15,11801.37,-7659.92,62.6,0.464,0.584,1.0,0.995,23010.3,55082.96,-32072.66,-41.07,29.47,7.1,DOWN,2115,867,78093.26,114.9,900.0,1.0,True,25,14735.96,45,46404.96,-31669.0,78.5,0.697,0.723,1.0,0.998,-3916.41,-1906.79,2741.86,15.6,8.23,1.0,-2248.26,-0.3524,-1570.86,-0.3617,-0.4594,NONE,1789714648541,SELL,569.67,0.05519,1789714560000,ok,1.0,1.0,1.0,continuous,1,112,0,,0,0,0,0,False,462,0.05517,0.05518,1.812,0.644,0.2529,0.6116,16001.88,9541.29,35.34,1789714659710,1000,False,,FATIGUE_RESTED_1M,,
2,v2,v1.2,REALF_PY_V4_2_DERIVED,ZPTDIFAT_PY_V1_4_DERIVED,fc-v1,native,,058e38aec59f4c35,20260918_064430,260,ZKC_20260918_065743_822,ZKCUSDT,BINANCE,FUTURES,OUTSIDE100,1142,200,1789714663822,2026-09-18T06:57:43.822+00:00,28,True,1789714663413,1789714663822,65.0,1789714620000,1789714679999,False,43.4,0.03851,-0.026,51.9,FAIR (DENGE),True,500,53.6,45.5,56.4,50.9,0.0015,-0.63,-1.17,0.00135,0.484,0.72,52.7,60.0,3.3,YOK,10.9,0.449,0.03856798065828052,0.151,CLV_PROXY_1M,0,0.0,100.0,51.9,51.9,46.2,41.7,0.0,5.7,10.2,0.0015,-0.00022,-0.00107,-0.00148,62.07,63.83,72.4,85.2,-1.76,-10.33,-23.13,55.94,62.67,500,native,62.07,NORMAL,55.94,62.67,True,300,76.9,BULL,BOS UP,MIX/HL,HH/HL,TR UP,77.3,True,True,499,9,100.0,1789714080000,LOW,0.0383,3.91,,,,,,,0,0,0.03846,0.03836,HIGH_SWEEP,3,0.03846,False,False,0.1393,499,native,77.22,YORGUN,76.81,80.67,True,300,41.1,BULL,BOS UP,LH/MIX,MIX/HL,RANGE,74.7,True,True,498,40,58.8,1789707420000,LOW,0.03801,5.64,,,,0.038305,2.31,2,0,2,0.03855,0.038305,HIGH_SWEEP,3,0.03855,False,False,0.2302,499,native,58.61,NORMAL,74.11,78.33,True,300,49.9,BULL,BOS UP,LH/MIX,LH/MIX,RANGE,69.7,True,True,498,24,50.4,1789707300000,LOW,0.03801,3.77,,,,0.038305,1.55,2,0,1,0.03855,0.038305,HIGH_SWEEP,2,0.03855,False,False,0.3446,499,native,51.09,NORMAL,54.14,70.33,True,300,87.9,BULL,BOS UP,HH/HL,HH/HL,RANGE,90.3,True,True,498,8,52.3,1789706700000,LOW,0.03789,2.39,0.049025,40.47,2,0.037065,5.56,2,1,1,0.049025,0.037065,LOW_SWEEP,153,0.03752,False,False,0.6768,499,native,75.38,YORGUN,69.03,81.0,True,300,58.0,BEAR,BOS DN,MIX/HL,HH/HL,TR DN,64.1,True,True,498,53,61.2,1789520400000,HIGH,0.04772,16.44,0.05792,34.65,2,,,,1,0,0.05792,0.03718,EQH_SWEEP,6,0.03827,False,False,1.4589,499,native,43.98,NORMAL,52.06,58.33,True,300,15.6,BEAR,BOS DN,LH/LL,LH/MIX,TR DN,90.7,True,True,498,18,73.5,1789444800000,HIGH,0.04904,8.36,,,,0.036074999999999996,1.93,2,0,1,0.03878,0.036074999999999996,HIGH_SWEEP,1,0.03878,True,False,3.2744,3723,438,1662.55,278.85,1383.7,71.27,85.64,94.9,UP,49,31,1941.41,4.8,60.0,1.0,True,2,1163.96,0,0.0,1163.96,26.7,0.088,0.322,1.0,0.938,7250.98,15058.03,-7807.05,-35.0,32.5,8.6,DOWN,317,139,22309.02,7.1,300.0,1.0,True,11,5619.0,8,13243.47,-7624.48,36.9,0.124,0.587,1.0,0.988,18550.65,22250.56,-3699.91,-9.07,45.47,32.4,DOWN,808,411,40801.2,21.9,900.0,1.0,True,23,11460.35,17,18914.71,-7454.36,54.7,0.305,0.653,1.0,0.996,1093.97,-27.05,1163.49,32.72,-1.46,1.0,853.85,0.3153,-1778.66,-0.3986,-0.4738,UP,1789714648374,BUY,788.61,0.03854,1789714560000,ok,1.0,1.0,1.0,continuous,1,31,0,,0,0,0,0,False,496,0.03851,0.03853,5.192,2.04,-0.2204,0.1217,14053.01,21997.81,51.92,1789714662902,920,False,,,,
2,v2,v1.2,REALF_PY_V4_2_DERIVED,ZPTDIFAT_PY_V1_4_DERIVED,fc-v1,native,,058e38aec59f4c35,20260918_064430,261,ETH_20260918_065749_945,ETHUSDT,BINANCE,FUTURES,TOP100,2,75000,1789714669945,2026-09-18T06:57:49.945+00:00,28,True,1789714669516,1789714669945,65.0,1789714620000,1789714679999,False,49.5,2482.54,0.0451,57.6,FAIR (DENGE),True,500,57.5,59.1,56.4,56.4,-0.00174,-0.45,-0.68,0.001,0.681,2.29,69.0,60.0,-14.1,YOK,2.7,1.0,2478.2281674008505,-0.174,CLV_PROXY_1M,0,0.0,100.0,57.6,60.9,55.0,56.6,-3.3,2.6,1.0,-0.00174,0.00028,-0.00027,-3e-05,22.7,24.9,41.34,50.85,-2.2,-18.64,-28.15,20.78,10.0,500,native,22.7,DINLENMIS,20.78,10.0,True,300,29.9,BULL,BOS UP,LH/LL,LH/MIX,SQZ,89.1,True,True,499,35,63.9,1789712520000,LOW,2481.26,1.12,,,,2469.0299999999997,11.77,2,0,2,2485.92,2469.0299999999997,HIGH_SWEEP,34,2486.11,False,False,0.0462,499,native,43.05,NORMAL,34.25,27.0,True,300,56.7,BULL,BOS UP,MIX/HL,LH/MIX,RANGE,65.1,True,True,498,41,76.1,1789707240000,LOW,2469.0,4.75,2486.685,1.45,2,,,,1,0,2486.685,2480.9,HIGH_SWEEP,12,2486.49,False,False,0.115,499,native,51.55,NORMAL,51.38,44.0,True,300,68.2,BULL,BOS UP,MIX/HL,MIX/HL,TR UP,75.1,True,True,498,21,61.2,1789708200000,LOW,2469.0,3.39,,,,2365.835,27.42,2,0,1,2486.88,2365.835,HIGH_SWEEP,22,2482.2,False,False,0.1729,499,native,63.75,NORMAL,57.66,57.0,True,300,72.9,BULL,BOS UP,HH/MIX,HH/HL,TR UP,74.1,True,True,498,7,39.9,1789707600000,LOW,2435.39,5.98,,,,2435.74,5.94,2,0,1,2492.55,2435.74,HIGH_SWEEP,6,2484.99,False,False,0.3202,499,native,79.29,YORGUN,85.67,95.67,True,300,73.3,BEAR,BOS DN,HH/HL,HH/MIX,TR DN,84.8,True,True,498,65,44.7,1789477200000,HIGH,2614.99,7.75,,,,,,,0,0,2484.0,2435.39,HIGH_SWEEP,1,2484.0,True,True,0.6888,499,native,65.47,NORMAL,76.47,87.67,True,300,51.7,TR-DN,CHOCH DN,MIX/HL,MIX/HL,TR-DN,70.6,True,True,498,14,32.7,1789502400000,HIGH,2614.99,3.31,,,,1862.655,15.56,2,0,2,2614.99,1862.655,HIGH_SWEEP,38,2522.75,False,False,1.6086,143,6431,4208003.06,3328857.51,879145.55,11.66,55.83,71.8,UP,3753,836,7536860.56,61.0,60.0,1.0,True,14,2644297.17,12,2074254.13,570043.04,78.7,0.549,1.0,1.0,0.998,6741523.64,9567018.35,-2825494.7,-17.33,41.34,20.4,DOWN,8130,1882,16308541.99,78.0,300.0,1.0,True,19,4299004.25,28,6019221.94,-1720217.69,82.0,0.609,1.0,1.0,1.0,17518057.11,21079879.64,-3561822.53,-9.23,45.39,32.2,DOWN,25705,5992,38597936.76,196.1,900.0,1.0,True,43,11089187.4,65,12152713.12,-1063525.72,91.3,0.797,1.0,1.0,1.0,4077641.14,1242914.41,1392123.28,32.82,13.09,1.0,-1233934.4,-0.2581,-768440.91,-0.2356,-0.0139,NONE,1789714667203,BUY,297639.69,2483.0,1789714560000,ok,1.0,1.0,1.0,continuous,1,925,0,,0,0,0,0,False,530,2483.56,2483.57,0.04,0.015,0.652,0.5602,1035352.53,218100.03,0.83,1789714669340,605,False,,FATIGUE_RESTED_1M,,
2,v2,v1.2,REALF_PY_V4_2_DERIVED,ZPTDIFAT_PY_V1_4_DERIVED,fc-v1,native,,058e38aec59f4c35,20260918_064430,262,BNB_20260918_065752_890,BNBUSDT,BINANCE,FUTURES,TOP100,4,25000,1789714672890,2026-09-18T06:57:52.890+00:00,28,True,1789714672890,1789714672890,64.8,1789714620000,1789714679999,False,52.9,754.91,0.0411,42.3,FAIR (DENGE),True,500,40.7,41.4,46.1,43.8,0.0015,0.55,0.5,0.00086,0.638,1.93,63.0,70.0,33.3,YOK,5.4,1.0,756.043175547552,0.15,CLV_PROXY_1M,0,0.0,100.0,42.3,42.4,38.8,41.1,-0.1,3.5,1.2,0.0015,0.00024,-0.00021,-0.00046,79.76,77.11,77.01,72.44,2.65,2.75,7.32,84.93,88.33,500,native,79.76,YORGUN,84.93,88.33,True,300,52.4,BEAR,BOS DN,MIX/HL,HH/MIX,SQZ,71.8,True,True,499,28,52.5,1789712940000,HIGH,754.74,-0.47,,,,735.76,52.73,2,0,1,754.18,735.76,HIGH_SWEEP,35,754.62,False,False,0.0481,499,native,59.8,NORMAL,74.61,70.33,True,300,82.3,BULL,BOS UP,HH/HL,MIX/HL,RANGE,86.8,True,True,498,18,53.9,1789711380000,LOW,751.67,3.79,,,,733.985,24.48,2,0,2,755.98,733.985,HIGH_SWEEP,33,753.4,False,False,0.1133,499,native,61.72,NORMAL,76.15,73.67,True,300,69.7,BULL,BOS UP,HH/MIX,HH/HL,TR UP,80.5,True,True,498,21,50.9,1789708200000,LOW,749.39,4.25,,,,751.405,2.72,2,0,2,755.98,751.405,HIGH_SWEEP,10,755.08,False,False,0.1745,499,native,60.14,NORMAL,66.61,65.67,True,300,78.2,BULL,BOS UP,HH/HL,HH/HL,TR UP,91.5,True,True,498,30,31.8,1789686900000,LOW,733.95,8.37,,,,,,,0,0,754.71,733.95,HIGH_SWEEP,6,754.71,False,False,0.3323,499,native,94.41,ASIRI,92.1,95.67,True,300,72.9,BULL,BOS UP,HH/MIX,HH/MIX,TR UP,76.1,True,True,498,10,47.2,1789675200000,LOW,721.24,7.32,,,,,,,0,0,732.95,721.24,HIGH_SWEEP,18,729.58,False,False,0.6104,499,native,89.29,ASIRI,97.17,97.0,True,300,40.4,BULL,BOS UP,LH/LL,HH/HL,RANGE,86.1,True,True,498,4,31.3,1789646400000,LOW,704.34,5.37,,,,,,,0,0,725.94,704.34,HIGH_SWEEP,6,725.94,False,False,1.2519,22,2071,305206.51,144362.84,160843.67,35.78,67.89,91.6,UP,840,157,449569.35,26.3,60.0,1.0,True,6,212809.0,0,0.0,212809.0,63.5,0.345,0.913,1.0,1.0,798616.49,642031.91,156584.58,10.87,55.43,70.6,UP,3614,681,1440648.4,88.5,300.0,1.0,True,11,391318.05,5,163854.22,227463.83,83.6,0.639,1.0,1.0,1.0,1559421.5,1979470.04,-420048.55,-11.87,44.07,27.8,DOWN,9675,1857,3538891.54,254.9,900.0,1.0,True,13,481907.91,18,777004.02,-295096.11,93.1,0.836,1.0,1.0,1.0,169134.71,406503.35,341832.61,19.48,14.27,1.0,34774.99,0.1172,20779.83,0.0721,-0.1912,UP,1789714666225,BUY,38924.0,754.78,1789714560000,ok,1.0,1.0,1.0,continuous,1,164,0,,0,0,0,0,False,564,754.98,754.99,0.132,0.011,-0.1137,-0.6775,140435.99,176479.87,2.58,1789714672506,384,False,,,,
2,v2,v1.2,REALF_PY_V4_2_DERIVED,ZPTDIFAT_PY_V1_4_DERIVED,fc-v1,native,,058e38aec59f4c35,20260918_064430,263,XRP_20260918_065756_450,XRPUSDT,BINANCE,FUTURES,TOP100,5,25000,1789714676450,2026-09-18T06:57:56.450+00:00,28,True,1789714675597,1789714676450,65.7,1789714620000,1789714679999,False,55.6,1.3205,0.1517,47.9,FAIR (DENGE),True,500,46.4,51.9,46.5,48.1,-0.00062,-0.48,-0.39,0.00155,0.749,2.76,85.3,45.0,6.3,YOK,5.5,0.664,1.319676452810324,-0.062,CLV_PROXY_1M,0,0.0,100.0,47.9,50.4,49.9,47.1,-2.5,-2.0,0.8,-0.00062,0.00031,0.00017,0.00017,17.91,13.55,22.09,38.66,4.36,-4.18,-20.75,31.0,21.33,500,native,17.91,DINLENMIS,31.0,21.33,True,300,46.1,BEAR,BOS DN,MIX/HL,MIX/HL,TR DN,73.5,True,True,499,5,31.9,1789714320000,HIGH,1.3242,3.08,,,,1.3032,14.38,2,0,2,1.3242,1.3032,HIGH_SWEEP,21,1.3232,False,False,0.0912,499,native,45.8,NORMAL,38.17,34.67,True,300,70.0,BULL,BOS UP,HH/MIX,HH/HL,RANGE,71.3,True,True,498,6,29.6,1789713540000,LOW,1.3164,1.68,,,,,,,0,0,1.3245,1.3164,HIGH_SWEEP,10,1.3228,False,False,0.1851,499,native,59.19,NORMAL,51.8,47.0,True,300,59.4,BULL,BOS UP,MIX/HL,HH/MIX,RANGE,74.0,True,True,498,38,67.7,1789703100000,LOW,1.3045,4.86,,,,,,,0,0,1.3228,1.3164,HIGH_SWEEP,6,1.3228,False,False,0.2496,499,native,56.5,NORMAL,51.83,53.67,True,300,76.5,TR-UP,CHOCH UP,HH/HL,MIX/HL,TR-UP,84.3,True,True,498,23,25.8,1789693200000,LOW,1.2867,6.13,,,,,,,0,0,1.3286,1.3133,HIGH_SWEEP,24,1.3002,False,False,0.4171,499,native,80.23,YORGUN,78.25,91.67,True,300,74.1,TR-UP,CHOCH UP,HH/MIX,HH/MIX,TR-UP,74.3,True,True,498,3,82.2,1789700400000,LOW,1.2867,2.79,,,,,,,0,0,1.3201,1.2867,HIGH_SWEEP,1,1.3201,True,False,0.9194,499,native,49.43,NORMAL,57.96,74.67,True,300,47.1,TR-DN,CHOCH DN,HH/MIX,MIX/LL,TR-DN,75.8,True,True,498,15,73.1,1789488000000,HIGH,1.4916,5.38,1.5507,7.24,2,0.98775,10.46,2,1,1,1.5507,0.98775,EQH_SWEEP,57,1.43175,False,False,2.3989,144,2448,1365205.54,382049.39,983156.16,56.27,78.13,94.5,UP,2023,255,1747254.93,39.1,60.0,1.0,True,16,997851.87,6,221638.58,776213.29,71.9,0.439,1.0,1.0,0.998,2419503.18,2171841.07,247662.11,5.39,52.7,60.8,UP,7242,916,4591344.25,114.3,300.0,1.0,True,26,1689748.79,23,1378170.93,311577.85,86.5,0.696,1.0,1.0,1.0,5275633.1,4769517.7,506115.4,5.04,52.52,60.1,UP,17407,2225,10045150.8,206.4,900.0,1.0,True,53,3623585.49,53,2934817.71,688767.77,91.7,0.805,1.0,1.0,1.0,1585353.07,816860.37,968738.11,63.38,11.25,1.0,51147.65,0.0507,19472.53,0.0212,-0.0622,UP,1789714653281,SELL,32662.28,1.3198,1789714560000,ok,1.0,1.0,1.0,continuous,1,260,0,,0,0,0,0,False,598,1.3206,1.3207,0.757,0.26,0.0592,0.4796,1121191.41,995863.42,14.77,1789714675416,1034,False,,FATIGUE_RESTED_1M|AGGRESSIVE_BUYER,,
2,v2,v1.2,REALF_PY_V4_2_DERIVED,ZPTDIFAT_PY_V1_4_DERIVED,fc-v1,native,,058e38aec59f4c35,20260918_064430,264,DOGE_20260918_065759_575,DOGEUSDT,BINANCE,FUTURES,TOP100,12,15000,1789714679575,2026-09-18T06:57:59.575+00:00,28,True,1789714679544,1789714679575,65.9,1789714620000,1789714679999,False,59.5,0.08419,0.107,55.3,FAIR (DENGE),True,500,54.9,56.3,55.4,54.7,-0.00154,-0.08,-0.46,0.00127,0.688,3.92,76.0,60.0,-0.2,YOK,1.3,1.0,0.08406038483378182,-0.154,CLV_PROXY_1M,0,0.0,100.0,55.3,58.8,55.5,55.1,-3.5,-0.2,0.2,-0.00154,0.00044,-0.00032,-0.00042,20.89,15.69,22.73,25.76,5.2,-1.84,-4.87,36.92,24.0,500,native,20.89,DINLENMIS,36.92,24.0,True,300,61.1,BEAR,BOS DN,HH/HL,LH/LL,RANGE,88.5,True,True,499,9,35.4,1789714080000,HIGH,0.08442,4.15,0.084395,3.69,2,0.08135,51.18,2,1,1,0.084395,0.08135,EQH_SWEEP,21,0.084395,False,False,0.066,499,native,28.7,DINLENMIS,32.01,24.33,True,300,57.1,BULL,BOS UP,MIX/HL,HH/HL,RANGE,70.5,True,True,498,40,48.5,1789707420000,LOW,0.08373,3.67,0.08449000000000001,2.27,2,,,,1,0,0.08449000000000001,0.08417,LOW_SWEEP,19,0.08419,False,True,0.1521,499,native,35.69,NORMAL,34.16,23.67,True,300,60.8,BULL,BOS UP,MIX/HL,MIX/HL,TR UP,80.0,True,True,498,38,93.1,1789703100000,LOW,0.08223,9.9,,,,0.07986,21.8,2,0,1,0.08448,0.07986,HIGH_SWEEP,22,0.08459,False,False,0.2365,499,native,57.7,NORMAL,51.5,51.0,True,300,79.4,BULL,BOS UP,HH/HL,HH/HL,TR UP,84.7,True,True,498,22,43.6,1789694100000,LOW,0.08114,8.69,,,,0.080555,10.35,2,0,1,0.08469,0.080555,HIGH_SWEEP,65,0.08179,False,False,0.4181,499,native,88.81,ASIRI,84.59,96.67,True,300,89.8,BULL,BOS UP,HH/HL,LH/LL,TR UP,90.7,True,True,498,4,51.5,1789696800000,LOW,0.08114,4.24,,,,,,,0,0,0.08253,0.08114,HIGH_SWEEP,21,0.08134,False,False,0.8609,499,native,72.76,YORGUN,85.22,92.33,True,300,47.5,BEAR,BOS DN,HH/MIX,LH/MIX,TR DN,73.2,True,True,498,16,26.7,1789473600000,HIGH,0.08616,1.29,,,,0.07835,3.82,2,0,1,0.08616,0.07835,HIGH_SWEEP,20,0.08534,False,False,1.8093,1063,1299,451261.22,100039.08,351222.14,63.71,81.85,94.7,UP,1020,116,551300.3,20.2,60.0,1.0,True,10,337370.5,2,35267.22,302103.28,59.4,0.288,0.935,1.0,0.982,572587.02,407413.08,165173.94,16.85,58.43,79.0,UP,2989,431,980000.1,39.1,300.0,1.0,True,11,409746.55,8,169548.46,240198.09,71.9,0.439,0.998,1.0,0.996,1261681.56,891703.62,369977.94,17.18,58.59,79.4,UP,7273,1148,2153385.18,60.5,900.0,1.0,True,22,850658.02,13,293580.7,557077.32,78.6,0.547,1.0,1.0,0.999,501838.18,393603.73,417932.68,75.02,31.29,1.0,45955.2,0.1525,9932.77,0.0507,-0.5455,UP,1789714666226,BUY,22046.48,0.08417,1789714560000,ok,1.0,1.0,1.0,continuous,1,123,0,,0,0,0,0,False,632,0.08418,0.08419,1.188,-0.139,0.3391,0.1626,1309613.33,646293.94,23.16,1789714679404,171,False,,FATIGUE_RESTED_1M|AGGRESSIVE_BUYER,,
2,v2,v1.2,REALF_PY_V4_2_DERIVED,ZPTDIFAT_PY_V1_4_DERIVED,fc-v1,native,,058e38aec59f4c35,20260918_064430,265,LINK_20260918_065802_700,LINKUSDT,BINANCE,FUTURES,TOP100,17,10000,1789714682700,2026-09-18T06:58:02.700+00:00,28,True,1789714682274,1789714682700,65.9,1789714620000,1789714679999,True,62.3,11.791,0.1954,53.1,FAIR (DENGE),True,500,52.7,55.8,50.8,53.0,-0.00227,-1.21,-1.04,0.00164,0.708,2.75,91.7,50.0,-15.4,WHALE BUY L1,5.0,1.0,11.764230509898246,-0.227,CLV_PROXY_1M,0,0.0,100.0,53.1,51.7,53.8,55.2,1.4,-0.7,-2.1,-0.00227,-1e-05,0.00027,0.00061,18.62,16.83,30.95,47.88,1.79,-12.33,-29.26,26.59,14.0,500,native,18.62,DINLENMIS,26.59,14.0,True,300,46.4,TR-DN,CHOCH DN,MIX/HL,LH/LL,TR-DN,76.1,True,True,499,1,54.5,1789714560000,HIGH,11.824,2.54,,,,11.377500000000001,31.86,2,0,1,11.824,11.377500000000001,HIGH_SWEEP,40,11.779,False,False,0.1103,499,native,54.29,NORMAL,45.51,33.33,True,300,72.3,BULL,BOS UP,HH/MIX,HH/MIX,RANGE,72.9,True,True,498,12,67.9,1789712460000,LOW,11.705,3.15,,,,,,,0,0,11.837,11.705,HIGH_SWEEP,17,11.776,False,False,0.2295,499,native,67.84,NORMAL,60.56,47.33,True,300,75.3,BULL,BOS UP,HH/MIX,HH/MIX,TR UP,75.7,True,True,498,4,46.5,1789713300000,LOW,11.705,2.27,,,,,,,0,0,11.817,11.705,HIGH_SWEEP,2,11.817,False,False,0.3207,499,native,64.11,NORMAL,61.02,63.33,True,300,91.2,BULL,BOS UP,HH/HL,HH/HL,TR UP,88.4,True,True,498,1,59.4,1789713000000,LOW,11.647,2.25,,,,11.0905,10.95,2,0,1,11.817,11.0905,HIGH_SWEEP,65,11.34,False,True,0.5406,499,native,90.18,ASIRI,86.89,94.33,True,300,83.3,TR-UP,CHOCH UP,HH/HL,MIX/LL,TR-UP,86.0,True,True,498,5,51.0,1789693200000,LOW,11.089,5.82,12.7855,8.25,2,,,,1,0,12.7855,11.25,LOW_SWEEP,37,10.67,False,False,1.0287,499,native,75.58,YORGUN,87.97,91.0,True,300,17.7,BEAR,BOS DN,LH/LL,HH/MIX,RANGE,86.2,True,True,498,15,24.8,1789488000000,HIGH,11.961,0.68,,,,8.062,14.87,2,0,1,11.961,8.062,EQH_SWEEP,83,12.035499999999999,False,False,2.133,243,1188,172896.97,102352.38,70544.58,25.63,62.81,87.0,UP,745,131,275249.35,42.6,60.0,1.0,True,5,100138.45,2,28134.33,72004.12,70.0,0.46,0.86,1.0,0.996,418853.06,442081.81,-23228.75,-2.7,48.65,44.5,FLAT,2649,465,860934.87,141.0,300.0,1.0,True,8,174742.66,10,176650.87,-1908.21,88.1,0.738,0.984,1.0,0.999,828558.37,1009169.13,-180610.76,-9.83,45.09,31.1,DOWN,5895,1065,1837727.5,263.3,900.0,1.0,True,14,269259.78,21,502865.35,-233605.56,93.3,0.84,1.0,1.0,1.0,39279.94,68825.93,57729.87,5.32,5.05,1.0,23236.32,0.1251,-5339.84,-0.031,-0.2385,UP,1789714649431,SELL,17486.77,11.781,1789714560000,ok,1.0,1.0,1.0,continuous,1,154,0,,0,0,0,0,False,34,11.788,11.789,0.848,0.091,0.0313,-0.14,164869.45,154855.0,16.54,1789714682097,603,False,,FATIGUE_RESTED_1M,,
2,v2,v1.2,REALF_PY_V4_2_DERIVED,ZPTDIFAT_PY_V1_4_DERIVED,fc-v1,native,,058e38aec59f4c35,20260918_064430,266,ADA_20260918_065806_480,ADAUSDT,BINANCE,FUTURES,TOP100,19,10000,1789714686480,2026-09-18T06:58:06.480+00:00,28,True,1789714686045,1789714686480,66.5,1789714680000,1789714739999,False,6.0,0.2134,0.0,44.1,FAIR (DENGE),True,500,41.3,45.1,46.5,50.0,0.00211,0.46,0.89,0.00146,0.62,0.0,0.3,35.0,-1.6,YOK,5.2,1.0,0.21384975375604512,0.211,CLV_PROXY_1M,0,0.0,100.0,44.1,41.5,43.9,43.5,2.6,0.2,0.6,0.00211,-0.00013,0.00015,0.00052,27.78,22.62,20.26,28.48,5.16,7.52,-0.7,41.63,35.67,500,native,27.78,DINLENMIS,41.63,35.67,True,300,59.9,BEAR,BOS DN,HH/HL,HH/HL,RANGE,88.7,True,True,499,3,24.2,1789714500000,HIGH,0.2141,2.66,0.2151,6.45,2,,,,1,0,0.2151,0.2132,LOW_SWEEP,1,0.2132,True,False,0.1234,499,native,46.83,NORMAL,44.32,36.33,True,300,41.7,BEAR,BOS DN,MIX/HL,HH/HL,RANGE,72.0,True,True,498,1,45.7,1789714440000,HIGH,0.2151,3.37,,,,,,,0,0,0.2151,0.2132,LOW_SWEEP,53,0.2143,False,True,0.2365,499,native,56.49,NORMAL,55.95,48.67,True,300,20.7,TR-DN,CHOCH DN,LH/LL,MIX/HL,TR-DN,85.4,True,True,498,13,28.1,1789710600000,HIGH,0.2151,2.36,,,,0.1903,32.02,3,0,1,0.2151,0.1903,HIGH_SWEEP,37,0.2159,False,False,0.3384,499,native,43.32,NORMAL,38.58,31.33,True,300,66.3,BULL,BOS UP,MIX/HL,LH/LL,TR UP,78.2,True,True,498,27,55.4,1789689600000,LOW,0.1997,9.24,0.21739999999999998,2.7,2,0.1972,10.93,2,1,2,0.21739999999999998,0.1972,HIGH_SWEEP,28,0.2027,False,False,0.6932,499,native,85.98,ASIRI,75.81,88.67,True,300,87.0,BULL,BOS UP,HH/HL,HH/HL,EXP UP,84.6,True,True,498,6,53.5,1789689600000,LOW,0.1901,7.52,,,,,,,0,0,0.2042,0.1997,EQH_SWEEP,29,0.19690000000000002,False,False,1.4575,499,native,75.67,YORGUN,87.75,90.0,True,300,41.5,TR-UP,CHOCH UP,LH/LL,LH/LL,TR-UP,84.5,True,True,498,1,52.5,1789689600000,LOW,0.1901,4.28,,,,,,,0,0,0.2159,0.1901,LOW_SWEEP,52,0.2148,False,True,2.5151,136,1092,156077.22,31465.98,124611.23,66.44,83.22,94.8,UP,486,69,187543.2,5.5,60.0,1.0,True,4,132361.28,1,17612.39,114748.89,37.4,0.099,0.818,1.0,0.998,222794.23,220657.7,2136.53,0.48,50.24,51.0,FLAT,1355,312,443451.94,16.2,300.0,1.0,True,6,180197.34,6,144368.68,35828.66,55.4,0.245,0.912,1.0,1.0,621429.15,597508.62,23920.54,1.96,50.98,54.0,FLAT,3596,957,1218937.77,42.0,900.0,1.0,True,17,473522.28,17,402801.82,70720.46,73.1,0.457,1.0,1.0,1.0,167678.85,134717.43,82039.0,48.25,23.73,1.0,13380.61,0.1057,-7827.78,-0.0883,-0.7863,UP,1789714650289,SELL,17612.39,0.2133,1789714560000,ok,1.0,1.0,1.0,continuous,1,74,0,,0,0,0,0,False,68,0.2133,0.2134,4.687,0.066,0.1393,-0.0007,2582234.43,1950614.98,91.4,1789714685444,1036,False,,FATIGUE_RESTED_1M|AGGRESSIVE_BUYER,,
2,v2,v1.2,REALF_PY_V4_2_DERIVED,ZPTDIFAT_PY_V1_4_DERIVED,fc-v1,native,,058e38aec59f4c35,20260918_064430,267,LTC_20260918_065810_052,LTCUSDT,BINANCE,FUTURES,TOP100,25,10000,1789714690052,2026-09-18T06:58:10.052+00:00,28,True,1789714689167,1789714690052,66.5,1789714680000,1789714739999,False,9.2,54.96,0.0,54.9,FAIR (DENGE),True,500,55.1,57.6,53.9,50.0,-0.00241,0.11,-0.18,0.00116,0.59,0.0,0.3,45.0,7.5,YOK,3.7,1.0,54.82758346142253,-0.241,CLV_PROXY_1M,0,0.0,100.0,54.9,54.4,54.7,55.8,0.5,0.2,-0.9,-0.00241,7e-05,-0.00019,-0.00021,45.84,41.83,42.3,45.01,4.01,3.54,0.83,53.56,59.0,500,native,45.84,NORMAL,53.56,59.0,True,300,63.7,BULL,BOS UP,MIX/HL,MIX/HL,SQZ,76.2,True,True,499,31,64.2,1789712820000,LOW,54.78,4.53,55.02,1.51,2,54.76,5.03,2,1,2,55.02,54.76,HIGH_SWEEP,55,54.92,False,False,0.0723,499,native,66.2,NORMAL,68.13,73.33,True,300,60.7,BULL,BOS UP,MIX/HL,MIX/HL,TR UP,74.2,True,True,498,41,50.6,1789707240000,LOW,54.29,7.57,55.0,0.45,2,,,,2,0,55.0,54.78,EQH_SWEEP,10,55.0,False,False,0.1612,499,native,68.46,NORMAL,69.76,65.67,True,300,75.3,BULL,BOS UP,HH/HL,MIX/HL,TR UP,87.5,True,True,498,38,51.2,1789703100000,LOW,54.32,5.03,,,,53.86,8.65,2,0,2,55.0,53.86,HIGH_SWEEP,6,55.0,False,False,0.2314,499,native,75.69,YORGUN,75.51,81.0,True,300,70.5,BULL,BOS UP,MIX/HL,HH/MIX,TR UP,85.7,True,True,498,25,95.3,1789691400000,LOW,53.59,6.2,,,,,,,0,0,53.98,54.29,EQH_SWEEP,27,53.989999999999995,False,False,0.402,499,native,87.75,ASIRI,88.24,95.33,True,300,88.0,BULL,BOS UP,HH/HL,HH/HL,TR UP,83.5,True,True,498,6,68.8,1789689600000,LOW,52.46,5.73,,,,,,,0,0,54.0,52.46,HIGH_SWEEP,21,52.81,False,False,0.7963,499,native,81.38,YORGUN,89.45,93.33,True,300,51.6,TR-DN,CHOCH DN,HH/MIX,LH/LL,TR-DN,72.3,True,True,498,14,38.2,1789502400000,HIGH,55.24,0.33,,,,,,,0,0,55.24,50.13,HIGH_SWEEP,30,54.28,False,False,1.559,305,479,34799.31,4536.92,30262.39,76.93,88.47,94.9,UP,149,28,39336.23,6.6,60.0,1.0,True,1,15048.52,0,0.0,15048.52,37.2,0.117,0.649,1.0,0.995,107539.06,88718.06,18821.01,9.59,54.79,68.5,UP,641,143,196257.12,32.4,300.0,1.0,True,2,41901.05,2,32926.81,8974.23,64.9,0.393,0.823,1.0,0.999,205958.71,214643.9,-8685.19,-2.06,48.97,45.8,FLAT,1642,403,420602.61,74.7,900.0,1.0,True,4,75378.0,3,50956.14,24421.86,79.1,0.599,0.906,1.0,1.0,21844.63,28701.99,971.96,6.14,7.86,1.0,5020.05,0.1566,-77.17,-0.002,0.092,NONE,1789714648338,BUY,15048.52,54.94769197064301,1789714560000,ok,1.0,1.0,1.0,continuous,1,29,0,,0,0,0,0,False,102,54.95,54.96,1.82,0.247,-0.0356,0.1953,791596.13,850017.01,35.48,1789714689012,1040,False,,AGGRESSIVE_BUYER,,
2,v2,v1.2,REALF_PY_V4_2_DERIVED,ZPTDIFAT_PY_V1_4_DERIVED,fc-v1,native,,058e38aec59f4c35,20260918_064430,268,AVAX_20260918_065812_924,AVAXUSDT,BINANCE,FUTURES,TOP100,31,5000,1789714692924,2026-09-18T06:58:12.924+00:00,28,True,1789714692908,1789714692924,66.3,1789714680000,1789714739999,False,12.9,7.908,-0.0379,45.4,FAIR (DENGE),True,500,43.1,45.0,48.6,49.9,0.00142,0.32,0.53,0.0012,0.578,0.1,0.3,50.0,10.5,YOK,5.6,1.0,7.919197822197181,0.142,CLV_PROXY_1M,0,0.0,100.0,45.4,47.2,50.4,50.0,-1.8,-5.0,-4.6,0.00142,0.00019,4e-05,0.00013,71.99,74.51,75.47,74.71,-2.52,-3.48,-2.72,66.75,64.67,500,native,71.99,NORMAL,66.75,64.67,True,300,74.0,BEAR,BOS DN,HH/HL,HH/HL,SQZ,86.9,True,True,499,78,64.9,1789710000000,HIGH,7.93,4.0,7.9415,6.09,2,,,,1,0,7.9415,7.893,LOW_SWEEP,37,7.873,False,False,0.0696,499,native,78.11,YORGUN,81.89,84.67,True,300,74.6,BULL,BOS UP,MIX/HL,HH/MIX,RANGE,73.4,True,True,498,3,42.4,1789714080000,LOW,7.871,2.98,,,,7.6285,21.97,2,0,1,7.903,7.6285,HIGH_SWEEP,4,7.903,False,False,0.1615,499,native,60.81,NORMAL,73.23,71.67,True,300,61.4,BULL,BOS UP,MIX/HL,MIX/HL,RANGE,76.2,True,True,498,46,66.0,1789700700000,LOW,7.677,11.35,,,,,,,0,0,7.942,7.871,HIGH_SWEEP,51,7.723,False,False,0.2574,499,native,55.63,NORMAL,55.71,51.67,True,300,79.1,BULL,BOS UP,HH/HL,MIX/HL,TR UP,85.4,True,True,498,24,54.9,1789692300000,LOW,7.545,8.9,,,,,,,0,0,7.968,7.584,EQH_SWEEP,24,7.648,False,False,0.5161,499,native,87.94,ASIRI,83.25,90.33,True,300,91.4,TR-UP,CHOCH UP,HH/HL,LH/LL,TR-UP,94.6,True,True,498,3,96.7,1789700400000,LOW,7.545,4.51,8.192,3.53,3,7.186,8.96,2,1,1,8.192,7.186,EQL_SWEEP,37,7.186,False,False,1.023,499,native,84.94,ASIRI,91.47,93.33,True,300,78.7,BULL,BOS UP,HH/MIX,HH/MIX,RANGE,76.8,True,True,498,1,80.2,1789689600000,LOW,7.171,4.85,,,,7.173500000000001,4.83,2,0,1,7.8,7.173500000000001,LOW_SWEEP,15,7.243,False,False,1.9116,3593,576,43922.01,18970.36,24951.65,39.67,69.84,92.6,UP,308,38,62892.38,12.7,60.0,1.0,True,3,29053.81,1,5076.94,23976.88,47.2,0.203,0.7,1.0,0.94,147434.36,106224.0,41210.36,16.25,58.12,78.3,UP,1153,189,253658.37,41.0,300.0,1.0,True,8,105486.95,9,56697.75,48789.2,69.2,0.451,0.851,1.0,0.988,343932.77,261839.05,82093.72,13.55,56.78,74.7,UP,2753,496,605771.82,94.7,900.0,1.0,True,20,195396.03,20,158125.11,37270.92,83.0,0.654,0.946,1.0,0.996,41015.12,15559.4,25763.74,52.99,1.84,1.0,-2949.96,-0.0704,7239.05,0.1427,0.3422,DOWN,1789714650811,SELL,5076.94,7.908000000000001,1789714620000,ok,1.0,1.0,1.0,continuous,1,41,0,,0,0,0,0,False,136,7.908,7.909,1.264,-0.281,0.1335,0.1169,364197.02,278429.42,24.66,1789714692746,178,False,,,,
2,v2,v1.2,REALF_PY_V4_2_DERIVED,ZPTDIFAT_PY_V1_4_DERIVED,fc-v1,native,,058e38aec59f4c35,20260918_064430,269,SUI_20260918_065816_050,SUIUSDT,BINANCE,FUTURES,TOP100,35,5000,1789714696050,2026-09-18T06:58:16.050+00:00,28,True,1789714695812,1789714696050,66.5,1789714680000,1789714739999,False,15.8,0.7781,-0.0129,46.0,FAIR (DENGE),True,500,43.3,48.6,46.9,49.9,0.00056,0.06,0.27,0.00183,0.613,0.15,0.3,45.0,6.0,YOK,5.2,1.0,0.7785343175301771,0.056,CLV_PROXY_1M,0,0.0,100.0,46.0,46.6,54.1,50.8,-0.6,-8.1,-4.8,0.00056,1e-05,0.0004,0.0003,31.97,27.82,29.34,44.8,4.15,2.63,-12.83,44.34,35.33,500,native,31.97,NORMAL,44.34,35.33,True,300,64.9,BULL,BOS UP,MIX/HL,LH/MIX,SQZ,63.8,True,True,499,20,20.7,1789713480000,LOW,0.775,3.57,,,,,,,0,0,0.7788,0.7778,LOW_SWEEP,1,0.7778,True,False,0.1117,499,native,64.76,NORMAL,64.18,57.67,True,300,83.5,BULL,BOS UP,HH/HL,MIX/HL,RANGE,80.2,True,True,498,7,18.5,1789713360000,LOW,0.7738,2.37,,,,0.7292,26.97,2,0,3,0.7798,0.7292,HIGH_SWEEP,58,0.7849,False,False,0.2333,499,native,64.12,NORMAL,69.47,64.33,True,300,60.8,BULL,BOS UP,MIX/HL,HH/HL,RANGE,74.3,True,True,498,45,48.0,1789701000000,LOW,0.7643,5.0,,,,0.71575,22.58,2,0,2,0.7849,0.71575,HIGH_SWEEP,95,0.7365,False,False,0.3551,499,native,47.47,NORMAL,49.81,38.67,True,300,78.1,BULL,BOS UP,HH/HL,MIX/HL,TR UP,90.8,True,True,498,30,53.6,1789686900000,LOW,0.7287,8.58,,,,0.7289,8.54,2,0,1,0.7899,0.7289,HIGH_SWEEP,59,0.7351,False,False,0.7395,499,native,87.93,ASIRI,76.28,85.33,True,300,83.0,TR-UP,CHOCH UP,HH/HL,HH/MIX,TR-UP,88.9,True,True,498,6,40.0,1789689600000,LOW,0.7157,5.68,0.8336,5.03,2,,,,2,0,0.8336,0.7157,LOW_SWEEP,37,0.6814,False,False,1.4211,499,native,86.38,ASIRI,91.15,95.33,True,300,89.3,TR-UP,CHOCH UP,HH/HL,MIX/HL,TR-UP,85.4,True,True,498,1,97.1,1789689600000,LOW,0.6773,5.34,,,,,,,0,0,0.7479,0.6773,LOW_SWEEP,16,0.692,False,False,2.3923,713,1404,178422.77,76756.99,101665.78,39.84,69.92,92.7,UP,919,122,255179.76,34.1,60.0,1.0,True,12,136425.06,4,29432.87,106992.19,66.3,0.406,0.852,1.0,0.988,288711.88,270698.23,18013.65,3.22,51.61,56.5,UP,2352,473,559410.11,86.6,300.0,1.0,True,18,189421.97,12,132938.52,56483.45,81.7,0.634,0.937,1.0,0.998,715658.42,621711.55,93946.87,7.02,53.51,63.9,UP,6428,1185,1337369.98,218.9,900.0,1.0,True,40,403999.7,34,339236.47,64763.23,92.1,0.814,1.0,1.0,0.999,132074.26,105783.08,126025.98,39.27,15.43,1.0,2745.32,0.0201,-5938.01,-0.0531,-0.0329,UP,1789714684411,SELL,5305.1,0.778,1789714620000,ok,1.0,1.0,1.0,continuous,1,130,0,,0,0,0,0,False,170,0.7781,0.7782,1.285,-0.079,0.014,-0.0312,389696.05,378908.25,25.06,1789714695372,678,False,,,,
2,v2,v1.2,REALF_PY_V4_2_DERIVED,ZPTDIFAT_PY_V1_4_DERIVED,fc-v1,native,,058e38aec59f4c35,20260918_064430,270,AKE_20260918_065819_163,AKEUSDT,BINANCE,FUTURES,TOP100,94,2000,1789714699163,2026-09-18T06:58:19.163+00:00,28,True,1789714698757,1789714699163,66.4,1789714680000,1789714739999,False,18.8,0.023025,-0.0564,51.4,FAIR (DENGE),True,500,50.5,57.8,46.0,50.2,-0.01505,0.36,0.65,0.00749,0.556,0.21,11.3,50.0,-0.5,YOK,11.8,0.462,0.02268096692089967,-1.494,CLV_PROXY_1M,0,0.0,100.0,51.4,51.6,55.0,54.3,-0.2,-3.6,-2.9,-0.01505,0.00054,0.00525,0.00508,41.92,39.9,35.25,33.53,2.02,6.67,8.39,46.61,46.67,500,native,41.92,NORMAL,46.61,46.67,True,300,63.3,BULL,BOS UP,MIX/HL,EQ/RANGE,TR UP,82.1,True,True,499,35,90.2,1789712580000,LOW,0.021423,10.65,,,,0.021402499999999998,10.79,2,0,1,0.0234,0.021402499999999998,HIGH_SWEEP,56,0.021605,False,False,0.6528,499,native,66.66,NORMAL,61.14,63.33,True,300,88.7,BULL,BOS UP,HH/HL,MIX/HL,TR UP,94.4,True,True,498,12,71.4,1789712460000,LOW,0.021423,5.79,,,,,,,0,0,0.023636,0.021646,LOW_SWEEP,41,0.021228,False,False,1.1986,499,native,79.34,YORGUN,70.22,81.33,True,300,88.5,BULL,BOS UP,HH/HL,HH/HL,EXP UP,91.4,True,True,498,10,67.7,1789711500000,LOW,0.0214,5.07,,,,,,,0,0,0.023636,0.021423,EQH_SWEEP,38,0.021653,False,False,1.3953,499,native,83.84,ASIRI,86.71,90.33,True,300,42.0,BEAR,BOS DN,LH/MIX,MIX/HL,TR DN,66.1,True,True,498,154,97.0,1789575300000,HIGH,0.028247,11.43,0.029421000000000003,14.01,2,0.0209945,4.46,2,1,3,0.029421000000000003,0.0209945,EQL_SWEEP,57,0.020765,False,False,1.973,499,native,75.84,YORGUN,95.26,98.0,True,300,70.7,BULL,BOS UP,HH/HL,HH/MIX,RANGE,69.6,True,True,498,74,56.3,1789444800000,LOW,0.014658,9.71,0.029844000000000002,7.92,2,0.012500500000000001,12.22,3,1,2,0.029844000000000002,0.012500500000000001,HIGH_SWEEP,75,0.0165,False,False,3.9837,499,native,41.38,NORMAL,45.2,45.33,True,300,84.7,BULL,BOS UP,HH/HL,MIX/HL,TR UP,90.5,True,True,498,18,80.8,1789444800000,LOW,0.013069,3.91,,,,0.0128725,3.98,2,0,3,0.029888,0.0128725,EQL_SWEEP,67,0.0128725,False,False,11.7969,606,12252,9272.66,14557.26,-5284.59,-22.18,38.91,15.6,DOWN,768,384,23829.92,52.5,60.0,1.0,True,0,0.0,2,4283.22,-4283.22,65.4,0.512,0.594,1.0,0.99,71019.54,79998.87,-8979.33,-5.95,47.03,38.1,DOWN,5532,2691,151018.41,310.9,300.0,1.0,True,3,8842.67,5,13815.55,-4972.88,87.9,0.861,0.795,1.0,0.998,373659.44,374337.78,-678.34,-0.09,49.95,49.8,FLAT,25055,12062,747997.22,788.2,900.0,1.0,True,28,110711.07,23,101967.0,8744.07,96.6,0.94,0.968,1.0,0.999,-1588.53,-3662.34,,-6.09,-1.29,0.9452,-3241.08,-0.0943,-1923.53,-0.0637,0.0019,NONE,1789714681345,SELL,2131.29,0.023029999999999995,1789714620000,ok,1.0,1.0,1.0,continuous,1,453,0,,0,0,0,0,False,204,0.023025,0.023029,1.737,-0.478,-0.4435,-0.7675,1978.08,5131.26,9.12,1789714698576,587,False,,FATIGUE_EXTREME,,
2,v2,v1.2,REALF_PY_V4_2_DERIVED,ZPTDIFAT_PY_V1_4_DERIVED,fc-v1,native,,058e38aec59f4c35,20260918_064430,271,PONS_20260918_065822_083,PONSUSDT,BINANCE,FUTURES,OUTSIDE100,112,2000,1789714702083,2026-09-18T06:58:22.083+00:00,28,True,1789714701895,1789714702083,65.7,1789714680000,1789714739999,False,21.9,0.7217,-0.0554,55.0,FAIR (DENGE),True,500,55.8,55.5,55.0,50.4,-0.00498,-0.98,-1.28,0.00446,0.586,0.29,3.0,60.0,-17.2,YOK,0.9,1.0,0.7181161494591412,-0.497,CLV_PROXY_1M,0,0.0,100.0,55.0,59.2,65.0,54.2,-4.2,-10.0,0.8,-0.00498,0.00069,0.00142,-0.00085,10.24,10.24,11.25,16.89,0.0,-1.01,-6.65,11.9,6.33,500,native,10.24,DINLENMIS,11.9,6.33,True,300,11.5,BEAR,BOS DN,LH/LL,LH/LL,TR DN,91.1,True,True,499,6,45.1,1789714320000,HIGH,0.7316,4.44,,,,0.7134,3.72,2,0,1,0.7316,0.7134,EQL_SWEEP,28,0.73295,False,False,0.3087,499,native,14.15,DINLENMIS,9.65,3.67,True,300,26.2,BULL,BOS UP,LH/LL,LH/LL,SQZ,86.5,True,True,498,82,26.3,1789699860000,LOW,0.6834,8.78,0.7777000000000001,12.73,3,0.63845,19.04,2,1,1,0.7777000000000001,0.63845,HIGH_SWEEP,97,0.6964,False,False,0.6063,499,native,22.71,DINLENMIS,13.81,3.33,True,300,15.3,BEAR,BOS DN,LH/LL,MIX/HL,RANGE,88.2,True,True,498,14,56.1,1789710300000,HIGH,0.7473,3.63,0.7778,7.99,2,,,,1,0,0.7778,0.7235,LOW_SWEEP,12,0.729,False,False,0.9673,499,native,39.73,NORMAL,30.12,23.67,True,300,85.7,BULL,BOS UP,HH/HL,MIX/LL,TR UP,93.8,True,True,498,18,77.8,1789697700000,LOW,0.6551,4.81,,,,,,,0,0,0.7781,0.6551,HIGH_SWEEP,19,0.6959,False,False,1.8909,289,native,80.04,YORGUN,66.14,73.98,False,269,88.1,BULL,BOS UP,HH/HL,HH/HL,TR UP,88.8,True,True,288,7,54.7,1789686000000,LOW,0.6099,3.71,,,,,,,0,0,0.6721,0.6099,HIGH_SWEEP,6,0.6721,False,False,4.1259,73,native,83.04,ASIRI,81.1,94.34,False,53,74.7,TR-UP,CHOCH UP,HH/MIX,HH/HL,TR-UP,76.3,True,False,72,1,84.3,1789689600000,LOW,0.5483,3.24,,,,,,,0,0,0.6992,0.5483,LOW_SWEEP,12,0.5821,False,False,6.9476,1938,3193,44068.58,59837.05,-15768.47,-15.18,42.41,23.1,DOWN,1066,247,103905.63,80.1,60.0,1.0,True,4,12075.02,4,36703.57,-24628.55,75.4,0.616,0.754,1.0,0.968,336056.54,407612.38,-71555.84,-9.62,45.19,31.5,DOWN,6042,1380,743668.92,120.5,300.0,1.0,True,26,200182.25,39,289655.91,-89473.66,86.1,0.707,0.968,1.0,0.994,499805.64,653055.28,-153249.64,-13.29,43.35,25.7,DOWN,10592,2852,1152860.92,251.8,900.0,1.0,True,37,238057.57,61,423052.0,-184994.43,93.0,0.834,1.0,1.0,0.998,-25946.38,-14490.79,-12910.14,-9.76,-0.7,1.0,-8894.3,-0.045,-16985.1,-0.1142,-0.1552,NONE,1789714690930,SELL,9809.37,0.7213305463637033,1789714620000,ok,1.0,1.0,1.0,continuous,1,277,0,,0,0,0,0,False,238,0.7216,0.7217,1.386,-0.225,0.3515,-0.142,87431.98,41951.91,27.02,1789714701606,477,False,,FATIGUE_RESTED_1M,,
2,v2,v1.2,REALF_PY_V4_2_DERIVED,ZPTDIFAT_PY_V1_4_DERIVED,fc-v1,native,,058e38aec59f4c35,20260918_064430,272,SKR_20260918_065825_429,SKRUSDT,BINANCE,FUTURES,OUTSIDE100,227,500,1789714705429,2026-09-18T06:58:25.429+00:00,28,True,1789714705429,1789714705429,65.7,1789714680000,1789714739999,False,25.4,0.01916,0.0783,52.1,FAIR (DENGE),True,500,52.8,49.3,54.8,50.6,0.00032,1.31,0.77,0.00146,0.384,0.38,33.7,50.0,-6.3,YOK,5.5,0.847,0.019166095261205142,0.032,CLV_PROXY_1M,0,0.0,100.0,52.1,50.3,50.6,39.2,1.8,1.5,12.9,0.00032,-0.00029,-0.00062,-0.00157,48.44,37.06,24.71,23.52,11.38,23.73,24.92,72.11,81.67,500,native,48.44,NORMAL,72.11,81.67,True,300,36.7,BULL,BOS UP,LH/LL,MIX/HL,SQZ,79.3,True,True,499,22,33.7,1789713360000,LOW,0.019028,5.29,0.019363,8.13,2,,,,1,0,0.019363,0.019085,EQH_SWEEP,67,0.0189665,False,False,0.1304,499,native,60.88,NORMAL,66.62,67.67,True,300,72.0,BULL,BOS UP,HH/MIX,MIX/HL,TR UP,73.8,True,True,498,7,30.5,1789713360000,LOW,0.018839,6.08,0.020296500000000002,21.51,2,0.0188425,6.01,2,1,1,0.020296500000000002,0.0188425,LOW_SWEEP,30,0.018846,False,False,0.2765,499,native,74.53,YORGUN,70.2,77.0,True,300,85.7,BULL,BOS UP,HH/HL,HH/MIX,RANGE,83.4,True,True,498,4,34.0,1789713300000,LOW,0.018839,4.47,0.020296500000000002,15.81,2,,,,1,0,0.020296500000000002,0.018839,LOW_SWEEP,29,0.018732,False,False,0.3764,499,native,82.88,YORGUN,89.45,91.67,True,300,74.2,BULL,BOS UP,MIX/HL,MIX/HL,SQZ,69.3,True,True,498,2,49.0,1789712100000,LOW,0.018719,3.0,,,,0.017547,10.99,2,0,2,0.019011,0.017547,HIGH_SWEEP,36,0.019329,False,False,0.7664,499,native,44.75,NORMAL,55.29,65.67,True,300,39.3,BULL,BOS UP,LH/LL,HH/MIX,RANGE,84.4,True,True,498,21,72.8,1789635600000,LOW,0.017378,4.69,0.025375500000000002,16.36,2,,,,1,0,0.025375500000000002,0.018321,LOW_SWEEP,6,0.018554,False,False,2.0012,499,native,73.61,YORGUN,69.98,78.33,True,300,72.9,BULL,BOS UP,HH/HL,HH/HL,TR UP,83.6,True,True,498,114,36.2,1788062400000,LOW,0.008858,11.61,,,,0.017043000000000003,2.39,2,0,1,0.020299,0.017043000000000003,HIGH_SWEEP,4,0.019684,False,False,4.7097,6359,425,2736.71,150.33,2586.38,89.59,94.79,95.0,UP,40,25,2887.04,5.4,60.0,1.0,True,2,1890.68,0,0.0,1890.68,28.9,0.098,0.365,1.0,0.894,3873.22,2229.2,1644.02,26.94,63.47,87.8,UP,133,93,6102.42,18.3,300.0,1.0,True,2,1890.68,1,1432.82,457.86,46.2,0.268,0.446,1.0,0.979,17464.13,16345.11,1119.02,3.31,51.65,56.7,UP,551,369,33809.24,83.4,900.0,1.0,True,8,11658.06,4,8678.6,2979.46,72.2,0.625,0.632,1.0,0.993,2522.22,3198.44,2053.69,41.08,33.03,1.0,785.23,0.5834,274.54,0.2249,-0.6498,UP,1789714698602,BUY,762.13,0.019154831909118326,1789714620000,ok,1.0,1.0,1.0,continuous,1,25,0,,0,0,0,0,False,272,0.019152,0.019158,3.132,0.859,-0.1795,0.1049,2899.19,4167.89,15.14,1789714704817,612,False,,AGGRESSIVE_BUYER,,
2,v2,v1.2,REALF_PY_V4_2_DERIVED,ZPTDIFAT_PY_V1_4_DERIVED,fc-v1,native,,058e38aec59f4c35,20260918_064430,273,PROM_20260918_065828_569,PROMUSDT,BINANCE,FUTURES,OUTSIDE100,266,1000,1789714708569,2026-09-18T06:58:28.569+00:00,28,True,1789714708538,1789714708569,65.3,1789714680000,1789714739999,False,28.5,5.39,0.0,67.1,PRICE AHEAD,True,500,69.8,62.2,67.2,66.8,-0.0061,0.72,-0.37,0.00227,0.457,2.12,96.3,65.0,-20.9,WHALE SELL L1,7.6,1.0,5.3572334413875735,-0.608,CLV_PROXY_1M,0,0.0,100.0,67.1,59.4,58.5,54.0,7.7,8.6,13.1,-0.0061,-0.00207,-0.00213,-0.00298,45.94,38.87,25.01,25.54,7.07,20.93,20.4,57.94,73.0,500,native,45.94,NORMAL,57.94,73.0,True,300,9.2,BEAR,BOS DN,LH/LL,LH/LL,TR DN,92.6,True,True,499,4,55.5,1789714440000,HIGH,5.424,3.59,,,,,,,0,0,5.424,5.378,LOW_SWEEP,3,5.378,False,False,0.1756,499,native,23.91,DINLENMIS,32.19,28.0,True,300,11.6,BEAR,BOS DN,LH/LL,LH/LL,TR DN,90.3,True,True,498,6,47.1,1789713540000,HIGH,5.541,8.04,,,,,,,0,0,5.541,5.41,EQL_SWEEP,6,5.3934999999999995,False,False,0.3467,499,native,15.79,DINLENMIS,24.42,20.33,True,300,45.8,TR-DN,CHOCH DN,MIX/HL,LH/LL,TR-DN,75.6,True,True,498,9,58.5,1789711800000,HIGH,5.541,6.31,,,,5.2165,7.25,2,0,1,5.541,5.2165,HIGH_SWEEP,32,5.589,False,False,0.4456,499,native,22.48,DINLENMIS,14.85,7.0,True,300,60.0,TR-DN,CHOCH DN,HH/HL,MIX/HL,TR-DN,88.0,True,True,498,3,54.5,1789711200000,HIGH,5.594,4.71,5.7285,7.82,2,,,,2,0,5.7285,5.43,LOW_SWEEP,172,5.332,False,False,0.8035,499,native,51.73,NORMAL,24.79,16.0,True,300,59.0,BEAR,BOS DN,MIX/HL,MIX/HL,SQZ,69.1,True,True,498,46,75.0,1789545600000,HIGH,5.729,4.03,5.8375,5.32,3,4.906499999999999,5.75,2,2,1,5.8375,4.906499999999999,EQL_SWEEP,94,5.5815,False,False,1.5355,499,native,46.88,NORMAL,44.87,34.67,True,300,26.5,BULL,BOS UP,LH/LL,MIX/HL,SQZ,85.6,True,True,498,58,11.5,1788868800000,LOW,4.913,2.59,,,,4.4025,5.37,2,0,2,5.659,4.4025,HIGH_SWEEP,57,5.986,False,False,3.3065,395,918,8376.22,21926.78,-13550.55,-44.72,27.64,6.5,DOWN,195,65,30303.0,2.2,60.0,1.0,True,5,7593.3,1,20224.78,-12631.48,24.5,0.042,0.62,1.0,0.993,25289.98,43675.54,-18385.56,-26.66,36.67,12.3,DOWN,814,285,68965.51,10.3,300.0,1.0,True,12,16047.14,3,35591.5,-19544.36,44.4,0.17,0.71,1.0,0.999,71347.95,93681.29,-22333.35,-13.53,43.23,25.4,DOWN,2087,816,165029.24,47.2,900.0,1.0,True,24,37426.29,11,65256.57,-27830.27,70.2,0.485,0.804,1.0,1.0,-17600.28,-14624.25,-16908.86,-51.55,-9.25,1.0,-1548.79,-0.108,-2859.17,-0.2073,-0.3008,NONE,1789714699927,SELL,20224.78,5.395,1789714620000,ok,1.0,1.0,1.0,continuous,1,69,0,,0,0,0,0,False,306,5.39,5.392,3.71,0.041,0.4347,-0.0959,44501.34,17536.53,37.1,1789714707837,732,False,,AGGRESSIVE_SELLER,,
2,v2,v1.2,REALF_PY_V4_2_DERIVED,ZPTDIFAT_PY_V1_4_DERIVED,fc-v1,native,,058e38aec59f4c35,20260918_064430,274,UAI_20260918_065832_108,UAIUSDT,BINANCE,FUTURES,OUTSIDE100,296,2000,1789714712108,2026-09-18T06:58:32.108+00:00,28,True,1789714711266,1789714712108,65.9,1789714680000,1789714739999,False,31.3,0.419,-0.0715,49.1,FAIR (DENGE),True,500,47.8,54.5,44.9,50.0,-0.00399,-0.46,0.24,0.00424,0.672,0.15,0.7,45.0,3.0,YOK,9.6,0.278,0.41733097152138054,-0.398,CLV_PROXY_1M,0,0.0,100.0,49.1,51.6,61.1,63.0,-2.5,-12.0,-13.9,-0.00399,0.00015,0.00295,0.00407,75.46,78.22,80.14,79.02,-2.76,-4.68,-3.56,66.02,76.0,500,native,75.46,YORGUN,66.02,76.0,True,300,54.8,BEAR,BOS DN,HH/MIX,HH/MIX,SQZ,77.9,True,True,499,33,90.8,1789712700000,HIGH,0.4198,0.77,0.42315,3.97,2,0.4168,2.1,2,1,2,0.42315,0.4168,HIGH_SWEEP,111,0.4247,False,False,0.2493,499,native,64.21,NORMAL,68.24,73.67,True,300,28.6,BULL,BOS UP,LH/LL,MIX/HL,SQZ,79.1,True,True,498,72,61.1,1789701660000,LOW,0.4075,5.35,0.43455,7.24,2,,,,1,0,0.43455,0.4129,LOW_SWEEP,8,0.4166,False,False,0.5126,499,native,43.3,NORMAL,56.88,53.33,True,300,58.1,TR-DN,CHOCH DN,MIX/HL,LH/LL,TR-DN,66.3,True,True,498,52,58.0,1789698900000,HIGH,0.4354,4.93,,,,0.3559,18.97,3,0,1,0.4232,0.3559,HIGH_SWEEP,105,0.4106,False,False,0.7937,499,native,37.36,NORMAL,41.44,36.0,True,300,68.6,BULL,BOS UP,MIX/HL,MIX/HL,RANGE,79.5,True,True,498,21,30.6,1789695000000,LOW,0.3901,3.96,0.43505,2.2,2,0.3838,4.82,2,2,2,0.43505,0.3838,LOW_SWEEP,174,0.3294,False,False,1.7465,499,native,66.44,NORMAL,58.99,61.67,True,300,86.6,BULL,BOS UP,HH/HL,HH/HL,SQZ,87.3,True,True,498,6,38.6,1789689600000,LOW,0.3838,2.18,,,,,,,0,0,0.4354,0.3838,HIGH_SWEEP,4,0.418,False,False,3.8614,499,native,65.43,NORMAL,73.83,78.33,True,300,18.4,BEAR,BOS DN,LH/LL,HH/HL,RANGE,87.8,True,True,498,19,42.0,1789430400000,HIGH,0.5943,4.0,,,,,,,0,0,0.5943,0.322,LOW_SWEEP,20,0.4503,False,False,10.3453,2803,698,2019.91,450.87,1569.04,63.5,81.75,94.7,UP,77,33,2470.78,9.0,60.0,1.0,True,0,0.0,0,0.0,0.0,34.2,0.152,0.348,1.0,0.953,5070.56,6435.24,-1364.68,-11.86,44.07,27.8,DOWN,372,178,11505.8,49.8,300.0,1.0,True,0,0.0,0,0.0,0.0,62.0,0.499,0.515,1.0,0.991,43755.31,26361.13,17394.18,24.81,62.4,86.5,UP,1528,630,70116.44,94.7,900.0,1.0,True,4,22764.35,2,7101.13,15663.22,76.2,0.654,0.711,1.0,0.997,4468.81,580.18,-442.08,60.81,1.77,1.0,-839.77,-0.2673,-462.86,-0.2011,0.232,DOWN,1789714334917,BUY,12166.08,0.41921637090382824,1789714620000,ok,1.0,1.0,1.0,continuous,1,40,0,,0,0,0,0,False,340,0.419,0.4192,4.772,2.184,0.047,0.4397,12791.76,11644.14,47.72,1789714711073,1035,False,,AGGRESSIVE_BUYER,,
2,v2,v1.2,REALF_PY_V4_2_DERIVED,ZPTDIFAT_PY_V1_4_DERIVED,fc-v1,native,,058e38aec59f4c35,20260918_064430,275,BULLA_20260918_065835_238,BULLAUSDT,BINANCE,FUTURES,OUTSIDE100,339,5000,1789714715238,2026-09-18T06:58:35.238+00:00,28,True,1789714714807,1789714715238,66.2,1789714680000,1789714739999,False,34.8,0.10178,0.2166,51.7,FAIR (DENGE),True,500,51.7,53.6,50.4,50.0,-0.00533,0.03,-0.02,0.00584,0.561,0.08,0.3,30.0,-12.6,YOK,3.3,1.0,0.10123877356104333,-0.532,CLV_PROXY_1M,0,0.0,100.0,51.7,51.5,53.3,56.8,0.2,-1.6,-5.1,-0.00533,-0.00163,-0.00067,-6e-05,71.36,69.78,67.64,65.15,1.58,3.72,6.21,70.94,84.67,500,native,71.36,NORMAL,70.94,84.67,True,300,34.7,TR-DN,CHOCH DN,MIX/LL,HH/MIX,TR-DN,72.5,True,True,499,18,44.8,1789713600000,HIGH,0.10172,-0.17,0.10198499999999999,0.57,2,0.100455,3.68,2,2,2,0.10198499999999999,0.100455,EQL_SWEEP,61,0.100455,False,False,0.3546,499,native,67.56,NORMAL,73.68,86.67,True,300,59.1,BULL,BOS UP,MIX/HL,MIX/LL,RANGE,69.2,True,True,498,44,89.1,1789706700000,LOW,0.096433,6.63,0.102005,0.28,2,0.0964015,6.67,2,1,2,0.102005,0.0964015,HIGH_SWEEP,30,0.10206,False,False,0.792,499,native,58.02,NORMAL,67.43,79.0,True,300,46.6,BULL,BOS UP,LH/MIX,MIX/HL,TR UP,64.3,True,True,498,26,22.3,1789706700000,LOW,0.09539,5.6,,,,0.10001,1.55,2,0,1,0.10203,0.10001,HIGH_SWEEP,24,0.10114,False,False,1.1259,499,native,71.72,NORMAL,67.31,73.33,True,300,74.6,BEAR,BOS DN,HH/HL,HH/HL,TR DN,88.7,True,True,498,65,27.4,1789655400000,HIGH,0.10999,3.57,0.109785,3.48,2,,,,1,0,0.109785,0.094,LOW_SWEEP,67,0.1007,False,False,2.2834,499,native,66.06,NORMAL,73.86,89.33,True,300,26.8,BULL,BOS UP,LH/LL,MIX/HL,RANGE,84.5,True,True,498,44,42.2,1789552800000,LOW,0.060024,6.42,,,,0.060025499999999996,6.42,2,0,1,0.121362,0.060025499999999996,HIGH_SWEEP,45,0.076341,False,False,6.4384,499,native,57.95,NORMAL,58.21,59.33,True,300,75.0,BULL,BOS UP,HH/MIX,HH/HL,EXP UP,78.0,True,True,498,11,96.7,1789545600000,LOW,0.0675,2.3,,,,0.0154205,5.79,2,0,1,0.139078,0.0154205,HIGH_SWEEP,52,0.085989,False,False,15.2143,1355,1330,752.28,501.62,250.66,19.99,60.0,82.4,UP,46,31,1253.9,8.8,60.0,1.0,True,0,0.0,0,0.0,0.0,31.7,0.149,0.275,1.0,0.977,8163.4,11559.48,-3396.08,-17.22,41.39,20.6,DOWN,642,377,19722.87,42.5,300.0,1.0,True,0,0.0,0,0.0,0.0,62.0,0.46,0.574,1.0,0.995,41716.58,30245.57,11471.01,15.94,57.97,77.9,UP,2118,1165,71962.15,141.3,900.0,1.0,True,1,5200.14,0,0.0,5200.14,80.1,0.739,0.714,1.0,0.998,2847.63,-5815.51,-1529.29,36.61,-13.1,1.0,-1276.86,-0.5126,-581.47,-0.1474,0.2219,DOWN,1789713918675,BUY,5200.14,0.10101665651346205,1789714620000,ok,1.0,1.0,1.0,continuous,1,34,0,,0,0,0,0,False,374,0.1018,0.101825,2.455,0.718,0.2007,0.7232,3958.38,2635.19,24.8,1789714714641,597,False,,,,
2,v2,v1.2,REALF_PY_V4_2_DERIVED,ZPTDIFAT_PY_V1_4_DERIVED,fc-v1,native,,058e38aec59f4c35,20260918_064430,276,OG_20260918_065838_156,OGUSDT,BINANCE,FUTURES,OUTSIDE100,523,500,1789714718156,2026-09-18T06:58:38.156+00:00,28,True,1789714718156,1789714718156,66.2,1789714680000,1789714739999,False,38.2,2.749,0.0364,31.7,PRICE LAG,True,500,25.0,34.6,34.3,49.9,0.00505,0.0,1.04,0.0006,0.251,0.01,0.7,45.0,28.3,YOK,9.6,1.0,2.7629168603836254,0.506,CLV_PROXY_1M,0,0.0033,99.7,31.7,28.5,34.0,40.0,3.2,-2.3,-8.3,0.00505,-0.00052,0.0004,0.00101,22.99,23.35,31.32,37.37,-0.36,-8.33,-14.38,27.49,9.67,500,native,22.99,DINLENMIS,27.49,9.67,True,300,46.3,TR-DN,CHOCH DN,MIX/HL,LH/LL,SQZ,68.9,True,True,499,1,44.7,1789714620000,HIGH,2.752,1.47,,,,2.748,0.49,2,0,3,2.752,2.748,EQL_SWEEP,4,2.748,False,False,0.074,499,native,30.51,NORMAL,21.35,6.0,True,300,88.2,BULL,BOS UP,HH/HL,HH/HL,RANGE,77.7,True,True,498,5,60.2,1789713720000,LOW,2.746,0.7,,,,2.746,0.7,2,0,3,2.757,2.746,HIGH_SWEEP,59,2.746,False,False,0.1568,499,native,33.08,NORMAL,26.37,8.67,True,300,67.0,BULL,BOS UP,MIX/HL,HH/HL,TR UP,73.6,True,True,498,21,39.4,1789708200000,LOW,2.732,2.73,,,,2.679,11.25,2,0,2,2.756,2.679,HIGH_SWEEP,23,2.759,False,False,0.2263,499,native,58.51,NORMAL,50.77,41.33,True,300,85.9,BULL,BOS UP,HH/HL,HH/HL,TR UP,87.3,True,True,498,7,35.2,1789707600000,LOW,2.679,6.98,,,,2.6635,8.53,2,0,1,2.769,2.6635,HIGH_SWEEP,6,2.759,False,False,0.3636,499,native,90.26,ASIRI,87.17,93.67,True,300,74.4,BULL,BOS UP,MIX/HL,MIX/HL,RANGE,73.4,True,True,498,7,58.0,1789686000000,LOW,2.662,4.4,,,,2.6,7.54,2,0,1,2.7,2.6,HIGH_SWEEP,30,2.712,False,False,0.7193,499,native,78.61,YORGUN,87.12,92.33,True,300,75.1,BULL,BOS UP,MIX/HL,HH/HL,SQZ,73.2,True,True,498,1,52.4,1789689600000,LOW,2.61,3.13,2.9825,5.27,3,2.5975,3.42,2,2,2,2.9825,2.5975,EQH_SWEEP,87,2.9425,False,False,1.6159,37702,82,339.65,36.54,303.12,80.58,90.29,94.9,UP,22,4,376.19,2.1,60.0,1.0,True,0,0.0,0,0.0,0.0,14.1,0.041,0.144,1.0,0.372,775.38,816.29,-40.91,-2.57,48.71,44.8,FLAT,55,23,1591.67,8.1,300.0,1.0,True,0,0.0,1,764.92,-764.92,31.3,0.14,0.3,1.0,0.874,4653.73,3737.2,916.53,10.92,55.46,70.7,UP,244,80,8390.93,21.0,900.0,1.0,True,2,1535.88,3,2257.3,-721.42,49.1,0.296,0.481,1.0,0.958,297.07,1028.64,309.17,-9.71,15.04,1.0,108.78,0.7525,11.69,0.0367,-0.3647,UP,1789714453455,SELL,764.92,2.747560704022989,1789714620000,ok,1.0,1.0,1.0,continuous,1,4,0,,0,0,0,0,False,408,2.747,2.749,7.278,-0.839,0.2054,-0.3191,24620.48,16229.1,72.78,1789714708632,9524,True,,FATIGUE_RESTED_1M,,
2,v2,v1.2,REALF_PY_V4_2_DERIVED,ZPTDIFAT_PY_V1_4_DERIVED,fc-v1,native,,058e38aec59f4c35,20260918_064430,277,ZORA_20260918_065840_851,ZORAUSDT,BINANCE,FUTURES,OUTSIDE100,612,500,1789714720851,2026-09-18T06:58:40.851+00:00,28,True,1789714720851,1789714720851,66.0,1789714680000,1789714739999,False,40.9,0.007915,0.1899,50.9,FAIR (DENGE),True,500,50.8,51.8,50.0,50.4,-0.0007,1.28,1.24,0.00152,0.544,0.83,43.0,55.0,33.2,YOK,1.8,0.995,0.007909450141202295,-0.07,CLV_PROXY_1M,0,0.0,100.0,50.9,45.8,53.3,56.4,5.1,-2.4,-5.5,-0.0007,-0.00092,-0.00071,-0.00022,72.84,62.29,54.72,54.44,10.55,18.12,18.4,97.52,97.33,500,native,72.84,YORGUN,97.52,97.33,True,300,81.6,TR-UP,CHOCH UP,HH/HL,MIX/HL,SQZ,91.7,True,True,499,18,64.1,1789713600000,LOW,0.007851,8.41,,,,0.007775499999999999,18.34,2,0,1,0.007905,0.007775499999999999,HIGH_SWEEP,10,0.007903,False,False,0.0963,499,native,72.9,YORGUN,83.98,88.67,True,300,88.3,BULL,BOS UP,HH/HL,MIX/HL,RANGE,87.7,True,True,498,6,56.3,1789713540000,LOW,0.007842,4.06,,,,,,,0,0,0.007897,0.007842,HIGH_SWEEP,5,0.007897,False,False,0.2244,499,native,77.93,YORGUN,89.58,93.33,True,300,85.5,BULL,BOS UP,HH/HL,HH/HL,RANGE,84.8,True,True,498,11,63.8,1789711200000,LOW,0.007813,4.15,,,,,,,0,0,0.007897,0.007842,HIGH_SWEEP,3,0.007897,False,False,0.3114,499,native,46.88,NORMAL,53.75,55.33,True,300,81.8,BULL,BOS UP,HH/HL,MIX/HL,RANGE,87.5,True,True,498,21,74.9,1789695000000,LOW,0.007527,7.33,,,,,,,0,0,0.00802,0.007813,LOW_SWEEP,25,0.007571,False,False,0.6689,499,native,80.37,YORGUN,76.51,89.67,True,300,73.8,BEAR,BOS DN,HH/HL,HH/MIX,TR DN,86.4,True,True,498,69,59.5,1789462800000,HIGH,0.007987,0.6,0.009008,8.95,2,0.007187,5.95,2,1,1,0.009008,0.007187,LOW_SWEEP,126,0.008102,False,False,1.5567,499,native,72.08,YORGUN,79.42,87.0,True,300,18.0,TR-DN,CHOCH DN,LH/LL,LH/LL,TR-DN,90.3,True,True,498,16,65.9,1789473600000,HIGH,0.008968,3.98,,,,0.0058755000000000005,7.7,2,0,2,0.008336,0.0058755000000000005,HIGH_SWEEP,29,0.008437,False,False,3.3227,2439,257,1075.07,328.31,746.76,53.21,76.61,94.3,UP,45,27,1403.38,13.8,60.0,1.0,True,0,0.0,0,0.0,0.0,37.1,0.216,0.287,1.0,0.959,5111.84,3861.5,1250.33,13.93,56.97,75.2,UP,160,74,8973.34,13.5,300.0,1.0,True,3,2810.77,1,1887.47,923.3,43.4,0.213,0.488,1.0,0.992,7437.13,9399.55,-1962.42,-11.66,44.17,28.2,DOWN,422,227,16836.68,38.9,900.0,1.0,True,3,2810.77,2,2969.71,-158.94,60.2,0.437,0.557,1.0,0.997,-2123.77,1016.11,826.75,-12.52,5.52,1.0,745.09,0.2648,161.34,0.0899,-0.4721,UP,1789714648359,BUY,1303.05,0.007899687485222706,1789714620000,ok,1.0,1.0,1.0,continuous,1,27,0,,0,0,0,0,False,442,0.007913,0.007915,2.527,0.175,0.0405,-0.1379,14046.95,12952.77,25.27,1789714720663,188,False,,,,
2,v2,v1.2,REALF_PY_V4_2_DERIVED,ZPTDIFAT_PY_V1_4_DERIVED,fc-v1,native,,058e38aec59f4c35,20260918_064430,278,TNSR_20260918_065844_386,TNSRUSDT,BINANCE,FUTURES,OUTSIDE100,738,200,1789714724386,2026-09-18T06:58:44.386+00:00,28,True,1789714724386,1789714724386,66.6,1789714680000,1789714739999,False,44.4,0.0352,0.0,48.7,FAIR (DENGE),True,500,46.4,54.4,46.3,49.8,-0.00172,0.42,0.81,0.00123,0.548,0.22,15.0,45.0,23.5,YOK,8.2,0.364,0.03513945187645471,-0.172,CLV_PROXY_1M,0,0.0,100.0,48.7,50.6,51.9,58.8,-1.9,-3.2,-10.1,-0.00172,-8e-05,-0.0003,0.00107,62.56,63.81,65.97,65.66,-1.25,-3.41,-3.1,58.18,63.0,500,native,62.56,NORMAL,58.18,63.0,True,300,86.6,BULL,BOS UP,HH/HL,MIX/HL,SQZ,89.4,True,True,499,11,58.2,1789714020000,LOW,0.03512,2.61,,,,0.03507,4.24,2,0,1,0.03526,0.03507,HIGH_SWEEP,5,0.03518,False,False,0.087,499,native,68.99,NORMAL,67.96,70.67,True,300,74.9,BULL,BOS UP,HH/MIX,HH/HL,RANGE,68.2,True,True,498,3,47.6,1789714080000,LOW,0.03507,1.98,,,,0.03507,1.98,3,0,1,0.03521,0.03507,HIGH_SWEEP,2,0.03521,False,True,0.1865,499,native,63.64,NORMAL,72.79,75.33,True,300,29.0,BULL,BOS UP,LH/LL,HH/HL,RANGE,78.1,True,True,498,46,51.5,1789700700000,LOW,0.03481,4.43,,,,0.03454,7.5,2,0,2,0.03536,0.03454,HIGH_SWEEP,51,0.03498,False,False,0.25,499,native,39.73,NORMAL,42.04,41.67,True,300,83.8,BULL,BOS UP,HH/HL,MIX/HL,RANGE,93.4,True,True,498,20,59.8,1789695900000,LOW,0.03454,3.84,,,,0.034375,4.79,2,0,1,0.03583,0.034375,HIGH_SWEEP,17,0.03497,False,False,0.4898,499,native,75.25,YORGUN,61.92,71.67,True,300,74.8,BULL,BOS UP,MIX/HL,MIX/HL,TR UP,73.8,True,True,498,5,52.8,1789693200000,LOW,0.03405,2.93,,,,,,,0,0,0.03497,0.03438,LOW_SWEEP,36,0.03304,False,False,1.1171,499,native,78.45,YORGUN,78.74,87.67,True,300,76.4,BULL,BOS UP,HH/MIX,HH/HL,RANGE,71.9,True,True,498,1,56.6,1789689600000,LOW,0.03258,3.37,0.037065,2.4,2,0.029225,7.69,2,1,1,0.037065,0.029225,EQH_SWEEP,59,0.037065,False,False,2.178,17541,102,145.84,73.68,72.16,32.87,66.44,90.7,UP,9,7,219.52,3.2,60.0,1.0,True,0,0.0,0,0.0,0.0,15.0,0.06,0.085,1.0,0.708,2584.39,532.42,2051.97,65.84,82.92,94.8,UP,66,34,3116.82,11.7,300.0,1.0,True,3,2130.36,1,236.86,1893.51,38.0,0.19,0.373,1.0,0.942,6008.01,2542.47,3465.54,40.53,70.27,92.8,UP,207,97,8550.48,27.0,900.0,1.0,True,8,4462.46,3,1516.54,2945.92,52.8,0.351,0.483,1.0,0.981,-82.56,196.83,66.93,7.96,2.34,1.0,85.7,0.2181,319.39,0.5124,0.9769,NONE,1789714648382,BUY,225.58,0.03522,1789714620000,ok,1.0,1.0,1.0,continuous,1,7,0,,0,0,0,0,False,476,0.0352,0.03522,5.68,0.795,-0.0074,-0.3139,18802.49,19084.43,56.8,1789714722557,1829,False,,,,
2,v2,v1.2,REALF_PY_V4_2_DERIVED,ZPTDIFAT_PY_V1_4_DERIVED,fc-v1,native,,058e38aec59f4c35,20260918_064430,279,VELVET_20260918_065847_541,VELVETUSDT,BINANCE,FUTURES,OUTSIDE100,761,200,1789714727541,2026-09-18T06:58:47.541+00:00,28,True,1789714727525,1789714727541,66.8,1789714680000,1789714739999,False,47.5,0.05525,0.0181,35.7,PRICE LAG,True,500,30.1,41.4,37.3,43.4,0.0058,0.31,0.8,0.002,0.396,0.6,64.0,45.0,18.1,YOK,11.2,1.0,0.05557130006323225,0.582,CLV_PROXY_1M,0,0.0,100.0,35.7,33.9,37.1,35.3,1.8,-1.4,0.4,0.0058,0.00052,0.00166,0.00124,21.77,17.21,13.28,14.93,4.56,8.49,6.84,33.0,31.0,500,native,21.77,DINLENMIS,33.0,31.0,True,300,43.6,BEAR,BOS DN,MIX/HL,LH/LL,EXP DN,74.9,True,True,499,11,70.0,1789714020000,HIGH,0.05589,4.22,0.056855,10.58,2,,,,1,0,0.056855,0.05553,EQL_SWEEP,86,0.055625,False,False,0.2745,499,native,16.13,DINLENMIS,20.21,15.33,True,300,40.8,BEAR,BOS DN,HH/MIX,LH/LL,RANGE,73.8,True,True,498,4,51.7,1789713900000,HIGH,0.05615,3.64,,,,,,,0,0,0.05615,0.05544,LOW_SWEEP,10,0.05556,False,False,0.4486,499,native,23.27,DINLENMIS,17.03,5.33,True,300,7.0,BEAR,BOS DN,LH/LL,LH/LL,RANGE,89.2,True,True,498,1,73.9,1789714200000,HIGH,0.05615,2.69,,,,0.0515,11.7,2,0,1,0.05615,0.0515,HIGH_SWEEP,30,0.05618,False,False,0.5859,499,native,28.07,DINLENMIS,17.73,5.33,True,300,70.9,BULL,BOS UP,HH/MIX,HH/MIX,RANGE,71.4,True,True,498,9,44.5,1789705800000,LOW,0.05548,-0.4,,,,0.0515,6.79,3,0,1,0.05671,0.0515,HIGH_SWEEP,8,0.05649,False,False,0.9931,499,native,32.58,NORMAL,24.3,21.0,True,300,70.4,BULL,BOS UP,HH/MIX,LH/LL,TR UP,75.1,True,True,498,14,40.8,1789660800000,LOW,0.0494,4.42,,,,,,,0,0,0.06014,0.0494,HIGH_SWEEP,13,0.05886,False,False,2.3885,499,native,78.28,YORGUN,64.14,84.33,True,300,48.0,BEAR,BOS DN,MIX/HL,HH/HL,TR DN,65.7,True,True,498,16,34.6,1789473600000,HIGH,0.0633,3.14,,,,,,,0,0,0.0536,0.0494,HIGH_SWEEP,6,0.0536,False,False,4.6002,1293,952,239.75,3364.51,-3124.76,-86.7,6.65,5.0,DOWN,44,20,3604.25,2.9,60.0,1.0,True,0,0.0,3,3062.46,-3062.46,23.6,0.055,0.389,1.0,0.978,6827.83,17527.02,-10699.19,-43.93,28.03,6.6,DOWN,666,244,24354.85,39.0,300.0,1.0,True,7,4141.45,17,14078.9,-9937.45,61.5,0.438,0.597,1.0,0.996,21313.13,57557.08,-36243.95,-45.95,27.02,6.4,DOWN,2060,846,78870.21,109.2,900.0,1.0,True,22,12810.16,47,49131.16,-36321.01,78.1,0.686,0.724,1.0,0.999,978.53,-2524.25,-4483.63,-29.7,-3.37,1.0,-2716.04,-0.42,-2043.46,-0.4195,-0.6085,NONE,1789714692673,SELL,1838.38,0.05522,1789714620000,ok,1.0,1.0,1.0,continuous,1,27,0,,0,0,0,0,False,510,0.05528,0.0553,3.617,-1.137,0.2133,-0.1279,15885.79,10299.85,36.17,1789714726847,694,False,,FATIGUE_RESTED_1M|AGGRESSIVE_SELLER,,
2,v2,v1.2,REALF_PY_V4_2_DERIVED,ZPTDIFAT_PY_V1_4_DERIVED,fc-v1,native,,058e38aec59f4c35,20260918_064430,280,ZKC_20260918_065851_100,ZKCUSDT,BINANCE,FUTURES,OUTSIDE100,1142,200,1789714731100,2026-09-18T06:58:51.100+00:00,28,True,1789714730244,1789714731100,67.3,1789714680000,1789714739999,False,50.2,0.03854,0.026,49.7,FAIR (DENGE),True,500,50.7,44.8,53.6,50.0,0.00167,0.25,-0.12,0.00134,0.488,0.13,4.3,65.0,7.0,YOK,8.8,0.114,0.03860458261912651,0.168,CLV_PROXY_1M,0,0.0,100.0,49.7,50.0,49.6,42.3,-0.3,0.1,7.4,0.00167,-0.00015,-0.00033,-0.0011,64.88,63.74,65.56,81.72,1.14,-0.68,-16.84,63.75,76.33,500,native,64.88,NORMAL,63.75,76.33,True,300,89.9,BULL,BOS UP,HH/HL,HH/HL,TR UP,88.6,True,True,499,10,100.0,1789714080000,LOW,0.0383,4.55,,,,,,,0,0,0.03859,0.03836,HIGH_SWEEP,4,0.03846,False,False,0.1368,499,native,79.33,YORGUN,83.43,88.67,True,300,41.1,BULL,BOS UP,LH/MIX,MIX/HL,RANGE,74.7,True,True,498,40,58.8,1789707420000,LOW,0.03801,5.98,,,,0.038305,2.65,2,0,2,0.03855,0.038305,HIGH_SWEEP,3,0.03855,False,False,0.2302,499,native,60.36,NORMAL,79.75,84.67,True,300,49.9,BULL,BOS UP,LH/MIX,LH/MIX,RANGE,69.7,True,True,498,24,50.4,1789707300000,LOW,0.03801,4.0,,,,0.038305,1.77,2,0,1,0.03855,0.038305,HIGH_SWEEP,2,0.03855,False,False,0.3446,499,native,52.11,NORMAL,57.01,75.0,True,300,87.9,BULL,BOS UP,HH/HL,HH/HL,RANGE,90.3,True,True,498,8,52.3,1789706700000,LOW,0.03789,2.5,0.049025,40.35,2,0.037065,5.68,2,1,1,0.049025,0.037065,LOW_SWEEP,153,0.03752,False,False,0.6768,499,native,75.71,YORGUN,70.05,82.33,True,300,58.0,BEAR,BOS DN,MIX/HL,HH/HL,TR DN,64.1,True,True,498,53,61.2,1789520400000,HIGH,0.04772,16.39,0.05792,34.59,2,,,,1,0,0.05792,0.03718,EQH_SWEEP,6,0.03827,False,False,1.4589,499,native,44.01,NORMAL,52.21,58.33,True,300,15.6,BEAR,BOS DN,LH/LL,LH/MIX,TR DN,90.7,True,True,498,18,73.5,1789444800000,HIGH,0.04904,8.35,,,,0.036074999999999996,1.95,2,0,1,0.03878,0.036074999999999996,HIGH_SWEEP,1,0.03878,True,False,3.2744,3863,441,204.37,90.99,113.39,38.39,69.19,92.3,UP,19,10,295.36,4.5,60.0,1.0,True,0,0.0,0,0.0,0.0,19.3,0.083,0.118,1.0,0.936,6530.11,13467.89,-6937.77,-34.69,32.65,8.7,DOWN,269,114,19998.0,5.7,300.0,1.0,True,10,5195.84,6,12142.45,-6946.61,34.1,0.103,0.575,1.0,0.987,17269.64,20592.87,-3323.23,-8.78,45.61,32.9,DOWN,757,390,37862.52,19.1,900.0,1.0,True,22,10354.75,15,17447.5,-7092.75,52.4,0.277,0.645,1.0,0.996,-1092.0,869.28,351.38,-15.44,0.15,1.0,1066.66,0.6786,-724.69,-0.1812,-0.7059,UP,1789714648374,BUY,788.61,0.03854,1789714620000,ok,1.0,1.0,1.0,continuous,1,10,0,,0,0,0,0,False,544,0.03853,0.03854,2.595,1.223,-0.2306,0.1664,13929.86,22278.67,50.6,1789714730051,1049,False,,,,
2,v2,v1.2,REALF_PY_V4_2_DERIVED,ZPTDIFAT_PY_V1_4_DERIVED,fc-v1,native,,058e38aec59f4c35,20260918_064430,281,ETH_20260918_065857_010,ETHUSDT,BINANCE,FUTURES,TOP100,2,75000,1789714737010,2026-09-18T06:58:57.010+00:00,28,True,1789714737010,1789714737010,67.1,1789714680000,1789714739999,False,57.0,2485.6,0.0725,56.9,FAIR (DENGE),True,500,57.4,57.6,56.5,53.5,-0.00146,0.63,0.28,0.00097,0.697,1.16,39.7,60.0,-1.2,YOK,1.1,1.0,2481.970713905112,-0.146,CLV_PROXY_1M,0,0.0,100.0,56.9,55.6,56.0,52.2,1.3,0.9,4.7,-0.00146,9e-05,4e-05,-0.00018,41.84,28.78,35.14,46.0,13.06,6.7,-4.16,70.75,76.0,500,native,41.84,NORMAL,70.75,76.0,True,300,29.4,BULL,BOS UP,LH/LL,LH/MIX,SQZ,89.1,True,True,499,36,63.9,1789712520000,LOW,2481.26,3.43,,,,2469.0299999999997,13.09,2,0,2,2485.92,2469.0299999999997,HIGH_SWEEP,35,2486.11,False,False,0.0509,499,native,53.06,NORMAL,63.49,70.0,True,300,56.7,BULL,BOS UP,MIX/HL,LH/MIX,RANGE,65.1,True,True,498,41,76.1,1789707240000,LOW,2469.0,5.78,2486.685,0.42,2,,,,1,0,2486.685,2480.9,HIGH_SWEEP,12,2486.49,False,False,0.115,499,native,56.41,NORMAL,64.78,66.67,True,300,68.2,BULL,BOS UP,MIX/HL,MIX/HL,TR UP,75.1,True,True,498,21,61.2,1789708200000,LOW,2469.0,3.84,,,,2365.835,27.87,2,0,1,2486.88,2365.835,HIGH_SWEEP,22,2482.2,False,False,0.1729,499,native,66.15,NORMAL,63.65,69.67,True,300,72.9,BULL,BOS UP,HH/MIX,HH/HL,TR UP,74.1,True,True,498,7,39.9,1789707600000,LOW,2435.39,6.31,,,,2435.74,6.27,2,0,1,2492.55,2435.74,HIGH_SWEEP,6,2484.99,False,False,0.3202,499,native,80.04,YORGUN,88.4,97.67,True,300,73.3,BEAR,BOS DN,HH/HL,HH/MIX,TR DN,84.8,True,True,498,65,44.7,1789477200000,HIGH,2614.99,7.58,,,,,,,0,0,2484.0,2435.39,HIGH_SWEEP,1,2484.0,True,False,0.6888,499,native,65.73,NORMAL,77.41,88.33,True,300,51.7,TR-DN,CHOCH DN,MIX/HL,MIX/HL,TR-DN,70.6,True,True,498,14,32.7,1789502400000,HIGH,2614.99,3.25,,,,1862.655,15.63,2,0,2,2614.99,1862.655,HIGH_SWEEP,38,2522.75,False,False,1.6086,-21,6918,2591933.49,1100680.09,1491253.4,40.38,70.19,92.8,UP,2568,575,3692613.58,13.5,60.0,1.0,True,5,1407357.78,3,659200.67,748157.11,53.8,0.212,1.0,1.0,1.0,8736924.41,10269902.7,-1532978.29,-8.07,45.97,34.2,DOWN,10127,2303,19006827.11,86.8,300.0,1.0,True,23,5210564.28,31,6678422.61,-1467858.33,83.4,0.634,1.0,1.0,1.0,19322875.89,21350594.98,-2027719.1,-4.99,47.51,40.0,DOWN,27064,6256,40673470.87,197.9,900.0,1.0,True,44,11758599.83,65,12365513.25,-606913.43,91.4,0.798,1.0,1.0,1.0,16341.72,1166492.18,1446646.92,9.83,4.14,1.0,-60498.54,-0.0106,-566703.12,-0.1491,-0.1686,NONE,1789714736487,BUY,197959.81,2486.4949923380314,1789714620000,ok,1.0,1.0,1.0,continuous,1,625,0,,0,0,0,0,False,578,2486.49,2486.5,0.04,0.007,0.4224,0.3403,654982.39,265956.63,0.86,1789714736625,385,False,,AGGRESSIVE_BUYER,,
2,v2,v1.2,REALF_PY_V4_2_DERIVED,ZPTDIFAT_PY_V1_4_DERIVED,fc-v1,native,,058e38aec59f4c35,20260918_064430,282,BNB_20260918_065859_758,BNBUSDT,BINANCE,FUTURES,TOP100,4,25000,1789714739758,2026-09-18T06:58:59.758+00:00,28,True,1789714739742,1789714739758,66.9,1789714680000,1789714739999,False,59.7,755.53,0.0596,44.4,FAIR (DENGE),True,500,43.2,41.7,48.7,48.4,0.00144,0.93,0.65,0.00084,0.638,0.71,19.7,70.0,38.7,YOK,7.0,1.0,756.6198976798706,0.144,CLV_PROXY_1M,0,0.0,100.0,44.4,40.6,35.1,35.5,3.8,9.3,8.9,0.00144,-0.00018,-0.00066,-0.00082,85.65,81.18,77.54,76.71,4.47,8.11,8.94,94.97,98.67,500,native,85.65,ASIRI,94.97,98.67,True,300,74.1,TR-UP,CHOCH UP,MIX/HL,HH/MIX,SQZ,74.3,True,True,499,1,77.3,1789714620000,LOW,753.32,5.87,,,,735.76,52.51,2,0,1,754.18,735.76,HIGH_SWEEP,36,754.62,False,False,0.0499,499,native,63.31,NORMAL,83.63,88.33,True,300,82.3,BULL,BOS UP,HH/HL,MIX/HL,RANGE,86.8,True,True,498,18,53.9,1789711380000,LOW,751.67,4.54,,,,733.985,25.23,2,0,2,755.98,733.985,HIGH_SWEEP,33,753.4,False,False,0.1133,499,native,63.79,NORMAL,82.0,83.0,True,300,69.7,BULL,BOS UP,HH/MIX,HH/HL,TR UP,80.5,True,True,498,21,50.9,1789708200000,LOW,749.39,4.62,,,,751.405,3.09,2,0,2,755.98,751.405,HIGH_SWEEP,10,755.08,False,False,0.1745,499,native,61.7,NORMAL,70.44,74.0,True,300,78.2,BULL,BOS UP,HH/HL,HH/HL,TR UP,91.5,True,True,498,30,31.8,1789686900000,LOW,733.95,8.62,,,,,,,0,0,754.71,733.95,HIGH_SWEEP,6,754.71,False,False,0.3323,499,native,94.63,ASIRI,92.71,96.67,True,300,72.9,BULL,BOS UP,HH/MIX,HH/MIX,TR UP,76.1,True,True,498,10,47.2,1789675200000,LOW,721.24,7.45,,,,,,,0,0,732.95,721.24,HIGH_SWEEP,18,729.58,False,False,0.6104,499,native,89.39,ASIRI,97.64,97.0,True,300,40.4,BULL,BOS UP,LH/LL,HH/HL,RANGE,86.1,True,True,498,4,31.3,1789646400000,LOW,704.34,5.44,,,,,,,0,0,725.94,704.34,HIGH_SWEEP,6,725.94,False,False,1.2519,465,2130,106237.53,82197.63,24039.9,12.76,56.38,73.5,UP,852,155,188435.16,32.1,60.0,1.0,True,1,33431.08,0,0.0,33431.08,64.6,0.391,0.819,1.0,0.992,935099.94,590924.43,344175.51,22.55,61.28,84.7,UP,3845,733,1526024.37,50.6,300.0,1.0,True,12,551122.74,3,92637.8,458484.94,76.0,0.503,1.0,1.0,0.998,1791249.4,2029765.49,-238516.09,-6.24,46.88,37.6,DOWN,10280,1944,3821014.9,197.4,900.0,1.0,True,15,673277.44,17,746888.91,-73611.47,91.4,0.798,1.0,1.0,0.999,-304645.59,31269.78,49233.26,-18.98,1.62,1.0,130550.54,0.3632,75927.69,0.2488,0.0135,NONE,1789714696116,BUY,33431.08,755.1632640614412,1789714620000,ok,1.0,1.0,1.0,continuous,1,183,0,,0,0,0,0,False,612,755.59,755.6,0.132,0.061,0.6071,0.864,212703.93,51994.54,2.58,1789714739568,190,False,,FATIGUE_EXTREME,,
2,v2,v1.2,REALF_PY_V4_2_DERIVED,ZPTDIFAT_PY_V1_4_DERIVED,fc-v1,native,,058e38aec59f4c35,20260918_064430,283,XRP_20260918_065903_289,XRPUSDT,BINANCE,FUTURES,TOP100,5,25000,1789714743289,2026-09-18T06:59:03.289+00:00,28,True,1789714742448,1789714743289,66.8,1789714680000,1789714739999,True,62.4,1.3215,0.0454,48.0,FAIR (DENGE),True,500,46.3,51.5,46.5,49.6,-0.00048,0.77,0.77,0.00154,0.754,0.41,14.0,50.0,11.5,YOK,5.2,0.724,1.3208678074753886,-0.048,CLV_PROXY_1M,0,0.0,100.0,48.0,47.6,52.7,45.0,0.4,-4.7,3.0,-0.00048,9e-05,0.00053,-2e-05,26.39,19.33,16.73,28.05,7.06,9.66,-1.66,44.67,38.67,500,native,26.39,DINLENMIS,44.67,38.67,True,300,46.5,BEAR,BOS DN,MIX/HL,MIX/HL,TR DN,73.5,True,True,499,6,31.9,1789714320000,HIGH,1.3242,2.05,,,,1.3032,13.9,2,0,2,1.3242,1.3032,HIGH_SWEEP,22,1.3232,False,False,0.0997,499,native,48.7,NORMAL,47.12,46.0,True,300,70.0,BULL,BOS UP,HH/MIX,HH/HL,RANGE,71.3,True,True,498,6,29.6,1789713540000,LOW,1.3164,2.05,,,,,,,0,0,1.3245,1.3164,HIGH_SWEEP,10,1.3228,False,False,0.1851,499,native,62.08,NORMAL,60.0,60.0,True,300,59.4,BULL,BOS UP,MIX/HL,HH/MIX,RANGE,74.0,True,True,498,38,67.7,1789703100000,LOW,1.3045,5.16,,,,,,,0,0,1.3228,1.3164,HIGH_SWEEP,6,1.3228,False,False,0.2496,499,native,57.35,NORMAL,54.33,57.33,True,300,76.5,TR-UP,CHOCH UP,HH/HL,MIX/HL,TR-UP,84.3,True,True,498,23,25.8,1789693200000,LOW,1.2867,6.29,,,,,,,0,0,1.3286,1.3133,HIGH_SWEEP,24,1.3002,False,False,0.4171,499,native,80.52,YORGUN,79.49,92.0,True,300,74.1,TR-UP,CHOCH UP,HH/MIX,HH/MIX,TR-UP,74.3,True,True,498,3,82.2,1789700400000,LOW,1.2867,2.87,,,,,,,0,0,1.3201,1.2867,HIGH_SWEEP,1,1.3201,True,False,0.9194,499,native,49.51,NORMAL,58.35,74.67,True,300,47.1,TR-DN,CHOCH DN,HH/MIX,MIX/LL,TR-DN,75.8,True,True,498,15,73.1,1789488000000,HIGH,1.4916,5.35,1.5507,7.21,2,0.98775,10.49,2,1,1,1.5507,0.98775,EQH_SWEEP,57,1.43175,False,False,2.3989,480,2440,58246.24,167970.86,-109724.62,-48.5,25.75,6.1,DOWN,962,108,226217.11,16.4,60.0,1.0,True,0,0.0,2,71489.46,-71489.46,54.1,0.247,0.839,1.0,0.992,2261158.96,1626834.4,634324.56,16.31,58.16,78.4,UP,6614,853,3887993.36,97.2,300.0,1.0,True,24,1611837.04,17,926340.7,685496.34,84.7,0.66,1.0,1.0,0.998,5297273.5,4962409.19,334864.31,3.26,51.63,56.6,UP,18106,2269,10259682.69,213.7,900.0,1.0,True,54,3650032.78,55,3006307.17,643725.61,91.9,0.81,1.0,1.0,0.999,-1013848.39,320447.11,-135004.66,-49.75,4.73,1.0,185204.42,0.2013,105676.49,0.1359,0.0107,NONE,1789714720576,SELL,36918.36,1.3209,1789714620000,ok,1.0,1.0,1.0,continuous,1,126,0,,0,0,0,0,False,34,1.3212,1.3213,0.757,-0.369,-0.0728,0.082,963274.81,1114509.14,14.76,1789714742281,1008,False,,FATIGUE_RESTED_1M|AGGRESSIVE_SELLER,,
2,v2,v1.2,REALF_PY_V4_2_DERIVED,ZPTDIFAT_PY_V1_4_DERIVED,fc-v1,native,,058e38aec59f4c35,20260918_064430,284,DOGE_20260918_065906_184,DOGEUSDT,BINANCE,FUTURES,TOP100,12,15000,1789714746184,2026-09-18T06:59:06.184+00:00,28,True,1789714746001,1789714746184,66.6,1789714740000,1789714799999,False,6.0,0.08421,-0.0237,51.8,FAIR (DENGE),True,500,50.7,54.5,51.5,50.0,-0.00142,0.24,-0.0,0.00125,0.69,0.2,0.3,35.0,0.3,YOK,3.8,1.0,0.08409090846062034,-0.141,CLV_PROXY_1M,0,0.0,100.0,51.8,52.4,58.8,55.5,-0.6,-7.0,-3.7,-0.00142,4e-05,0.00056,-0.0002,37.27,30.06,15.69,22.73,7.21,21.58,14.54,55.28,51.33,500,native,37.27,NORMAL,55.28,51.33,True,300,61.9,BEAR,BOS DN,HH/HL,LH/LL,SQZ,88.5,True,True,499,11,35.4,1789714080000,HIGH,0.08442,3.54,0.084395,3.12,2,0.08135,48.17,2,1,1,0.084395,0.08135,EQH_SWEEP,23,0.084395,False,False,0.0705,499,native,30.5,NORMAL,37.69,31.0,True,300,57.1,BULL,BOS UP,MIX/HL,HH/HL,RANGE,70.5,True,True,498,40,48.5,1789707420000,LOW,0.08373,3.91,0.08449000000000001,2.03,2,,,,1,0,0.08449000000000001,0.08417,LOW_SWEEP,19,0.08419,False,True,0.1521,499,native,36.73,NORMAL,37.42,27.67,True,300,60.8,BULL,BOS UP,MIX/HL,MIX/HL,TR UP,80.0,True,True,498,38,93.1,1789703100000,LOW,0.08223,10.0,,,,0.07986,21.9,2,0,1,0.08448,0.07986,HIGH_SWEEP,22,0.08459,False,False,0.2365,499,native,57.88,NORMAL,52.03,51.67,True,300,79.4,BULL,BOS UP,HH/HL,HH/HL,TR UP,84.7,True,True,498,22,43.6,1789694100000,LOW,0.08114,8.74,,,,0.080555,10.4,2,0,1,0.08469,0.080555,HIGH_SWEEP,65,0.08179,False,False,0.4181,499,native,88.83,ASIRI,84.7,96.67,True,300,89.8,BULL,BOS UP,HH/HL,LH/LL,TR UP,90.7,True,True,498,4,51.5,1789696800000,LOW,0.08114,4.25,,,,,,,0,0,0.08253,0.08114,HIGH_SWEEP,21,0.08134,False,False,0.8609,499,native,72.8,YORGUN,85.41,92.33,True,300,47.5,BEAR,BOS DN,HH/MIX,LH/MIX,TR DN,73.2,True,True,498,16,26.7,1789473600000,HIGH,0.08616,1.28,,,,0.07835,3.83,2,0,1,0.08616,0.07835,HIGH_SWEEP,20,0.08534,False,False,1.8093,-75,1290,38178.28,61309.61,-23131.34,-23.25,38.37,14.7,DOWN,458,74,99487.89,7.8,60.0,1.0,True,1,15891.0,1,27041.27,-11150.27,41.2,0.135,0.749,1.0,1.0,599342.93,427301.83,172041.1,16.76,58.38,78.9,UP,3086,437,1026644.76,41.7,300.0,1.0,True,12,425637.55,8,175954.33,249683.22,73.0,0.455,1.0,1.0,1.0,1274413.22,919410.82,355002.41,16.18,58.09,78.2,UP,7437,1162,2193824.04,62.1,900.0,1.0,True,23,866549.02,13,303770.82,562778.2,79.0,0.554,1.0,1.0,1.0,-371867.64,7109.7,-16866.98,-44.41,-0.04,1.0,90224.84,0.3327,37728.66,0.1837,-0.1509,UP,1789714741197,SELL,27041.27,0.08422,1789714620000,ok,1.0,1.0,1.0,continuous,1,79,0,,0,0,0,0,False,68,0.08421,0.08422,1.187,-0.557,-0.055,-0.0992,792677.08,885028.04,23.16,1789714745826,358,False,,,,
2,v2,v1.2,REALF_PY_V4_2_DERIVED,ZPTDIFAT_PY_V1_4_DERIVED,fc-v1,native,,058e38aec59f4c35,20260918_064430,285,LINK_20260918_065909_778,LINKUSDT,BINANCE,FUTURES,TOP100,17,10000,1789714749778,2026-09-18T06:59:09.778+00:00,28,True,1789714748901,1789714749778,67.1,1789714740000,1789714799999,False,8.9,11.799,-0.0254,52.0,FAIR (DENGE),True,500,51.5,55.3,50.0,50.0,-0.00205,0.28,0.41,0.00163,0.709,0.01,0.3,50.0,-12.3,YOK,5.3,1.0,11.774803310570357,-0.205,CLV_PROXY_1M,0,0.0,100.0,52.0,56.1,51.7,53.8,-4.1,0.3,-1.8,-0.00205,0.00029,0.00021,0.00049,28.71,24.1,16.83,30.95,4.61,11.88,-2.24,43.12,31.0,500,native,28.71,DINLENMIS,43.12,31.0,True,300,47.1,TR-DN,CHOCH DN,MIX/HL,LH/LL,TR-DN,76.1,True,True,499,3,54.5,1789714560000,HIGH,11.824,1.76,,,,11.377500000000001,29.69,2,0,1,11.824,11.377500000000001,HIGH_SWEEP,42,11.779,False,False,0.1203,499,native,56.16,NORMAL,51.0,41.33,True,300,72.3,BULL,BOS UP,HH/MIX,HH/MIX,RANGE,72.9,True,True,498,12,67.9,1789712460000,LOW,11.705,3.52,,,,,,,0,0,11.837,11.705,HIGH_SWEEP,17,11.776,False,False,0.2295,499,native,69.27,NORMAL,64.55,54.0,True,300,75.3,BULL,BOS UP,HH/MIX,HH/MIX,TR UP,75.7,True,True,498,4,46.5,1789713300000,LOW,11.705,2.51,,,,,,,0,0,11.817,11.705,HIGH_SWEEP,2,11.817,False,False,0.3207,499,native,64.57,NORMAL,62.79,64.33,True,300,91.2,BULL,BOS UP,HH/HL,HH/HL,TR UP,88.4,True,True,498,1,59.4,1789713000000,LOW,11.647,2.38,,,,11.0905,11.07,2,0,1,11.817,11.0905,HIGH_SWEEP,65,11.34,False,True,0.5406,499,native,90.29,ASIRI,87.42,94.33,True,300,83.3,TR-UP,CHOCH UP,HH/HL,MIX/LL,TR-UP,86.0,True,True,498,5,51.0,1789693200000,LOW,11.089,5.89,12.7855,8.18,2,,,,1,0,12.7855,11.25,LOW_SWEEP,37,10.67,False,False,1.0287,499,native,75.73,YORGUN,88.25,92.0,True,300,17.7,BEAR,BOS DN,LH/LL,HH/MIX,RANGE,86.2,True,True,498,15,24.8,1789488000000,HIGH,11.961,0.65,,,,8.062,14.9,2,0,1,11.961,8.062,EQH_SWEEP,83,12.035499999999999,False,False,2.133,3759,1176,42804.61,34213.98,8590.62,11.15,55.58,71.0,UP,352,65,77018.59,15.4,60.0,1.0,True,1,14743.07,1,10340.08,4402.99,50.6,0.236,0.722,1.0,0.937,393321.72,330311.48,63010.24,8.71,54.35,66.9,UP,2307,418,723633.2,116.2,300.0,1.0,True,9,189485.73,7,89751.16,99734.57,85.6,0.699,0.965,1.0,0.987,843572.65,1020732.65,-177159.99,-9.5,45.25,31.7,DOWN,5980,1079,1864305.3,266.0,900.0,1.0,True,15,284002.85,22,513205.42,-229202.57,93.3,0.842,1.0,1.0,0.996,-69568.34,77185.2,5502.05,-8.77,5.18,1.0,41409.75,0.2202,14944.38,0.1033,-0.2906,UP,1789714726614,BUY,14743.07,11.79483435469935,1789714620000,ok,1.0,1.0,1.0,continuous,1,71,0,,0,0,0,0,False,102,11.798,11.799,0.848,0.16,0.0162,0.1711,169318.12,163921.82,16.53,1789714748690,1088,False,,FATIGUE_RESTED_1M,,
2,v2,v1.2,REALF_PY_V4_2_DERIVED,ZPTDIFAT_PY_V1_4_DERIVED,fc-v1,native,,058e38aec59f4c35,20260918_064430,286,ADA_20260918_065912_840,ADAUSDT,BINANCE,FUTURES,TOP100,19,10000,1789714752840,2026-09-18T06:59:12.840+00:00,28,True,1789714752404,1789714752840,66.4,1789714740000,1789714799999,False,12.4,0.2134,-0.0468,38.1,PRICE LAG,True,500,32.8,42.0,39.2,49.9,0.00294,0.47,1.34,0.00144,0.619,0.05,0.3,50.0,1.6,YOK,9.2,1.0,0.21402828608146213,0.294,CLV_PROXY_1M,0,0.0,100.0,38.1,40.6,40.5,43.5,-2.5,-2.4,-5.4,0.00294,0.00033,0.0006,0.0014,34.19,29.65,16.86,24.05,4.54,17.33,10.14,46.27,41.33,500,native,34.19,NORMAL,46.27,41.33,True,300,60.3,BEAR,BOS DN,HH/HL,HH/MIX,RANGE,88.7,True,True,499,4,24.2,1789714500000,HIGH,0.2141,2.7,0.2151,6.57,2,,,,1,0,0.2151,0.2132,LOW_SWEEP,2,0.2132,False,False,0.1212,499,native,48.44,NORMAL,49.41,42.33,True,300,41.7,BEAR,BOS DN,MIX/HL,HH/HL,RANGE,72.0,True,True,498,1,45.7,1789714440000,HIGH,0.2151,3.18,,,,,,,0,0,0.2151,0.2132,LOW_SWEEP,53,0.2143,False,True,0.2365,499,native,56.49,NORMAL,55.95,48.67,True,300,20.7,TR-DN,CHOCH DN,LH/LL,MIX/HL,TR-DN,85.4,True,True,498,13,28.1,1789710600000,HIGH,0.2151,2.36,,,,0.1903,32.02,3,0,1,0.2151,0.1903,HIGH_SWEEP,37,0.2159,False,False,0.3384,499,native,43.32,NORMAL,38.58,31.33,True,300,66.3,BULL,BOS UP,MIX/HL,LH/LL,TR UP,78.2,True,True,498,27,55.4,1789689600000,LOW,0.1997,9.24,0.21739999999999998,2.7,2,0.1972,10.93,2,1,2,0.21739999999999998,0.1972,HIGH_SWEEP,28,0.2027,False,False,0.6932,499,native,85.98,ASIRI,75.81,88.67,True,300,87.0,BULL,BOS UP,HH/HL,HH/HL,EXP UP,84.6,True,True,498,6,53.5,1789689600000,LOW,0.1901,7.52,,,,,,,0,0,0.2042,0.1997,EQH_SWEEP,29,0.19690000000000002,False,False,1.4575,499,native,75.72,YORGUN,87.97,90.0,True,300,41.5,TR-UP,CHOCH UP,LH/LL,LH/LL,TR-UP,84.5,True,True,498,1,52.5,1789689600000,LOW,0.1901,4.3,,,,,,,0,0,0.2159,0.1901,LOW_SWEEP,52,0.2148,False,True,2.5151,1863,1078,15651.89,71689.15,-56037.26,-64.16,17.92,5.3,DOWN,221,53,87341.04,3.2,60.0,1.0,True,0,0.0,2,62621.59,-62621.59,29.5,0.06,0.735,1.0,0.969,238598.2,254614.2,-16016.01,-3.25,48.38,43.4,DOWN,1427,304,493212.4,17.5,300.0,1.0,True,6,180197.34,7,183179.38,-2982.04,56.8,0.259,0.923,1.0,0.994,586517.36,644265.06,-57747.71,-4.69,47.65,40.5,DOWN,3602,962,1230782.42,41.4,900.0,1.0,True,16,437931.48,18,450438.6,-12507.12,72.8,0.453,1.0,1.0,0.998,-165850.73,-43819.76,-83394.46,-63.98,-4.92,1.0,19374.57,0.1386,3596.78,0.0365,-0.6915,UP,1789714720575,SELL,18001.36,0.2134,1789714680000,ok,1.0,1.0,1.0,continuous,1,60,0,,0,0,0,0,False,136,0.2133,0.2134,4.687,1.923,0.1655,0.245,2601034.64,1862531.07,91.4,1789714752207,633,False,,AGGRESSIVE_SELLER,,
2,v2,v1.2,REALF_PY_V4_2_DERIVED,ZPTDIFAT_PY_V1_4_DERIVED,fc-v1,native,,058e38aec59f4c35,20260918_064430,287,LTC_20260918_065915_541,LTCUSDT,BINANCE,FUTURES,TOP100,25,10000,1789714755541,2026-09-18T06:59:15.541+00:00,28,True,1789714755526,1789714755541,65.5,1789714740000,1789714799999,False,15.5,54.96,-0.0182,56.1,FAIR (DENGE),True,500,57.2,57.4,54.9,50.7,-0.00249,0.11,-0.26,0.00117,0.598,0.29,6.7,40.0,1.6,YOK,2.5,1.0,54.82323816602574,-0.249,CLV_PROXY_1M,0,0.0,100.0,56.1,55.0,52.7,53.2,1.1,3.4,2.9,-0.00249,-9e-05,-0.00011,-0.00035,51.1,47.42,38.02,45.48,3.68,13.08,5.62,57.99,63.67,500,native,51.1,NORMAL,57.99,63.67,True,300,63.2,BULL,BOS UP,MIX/HL,MIX/HL,SQZ,76.2,True,True,499,32,64.2,1789712820000,LOW,54.78,4.61,55.02,1.54,2,54.76,5.12,2,1,2,55.02,54.76,HIGH_SWEEP,56,54.92,False,False,0.071,499,native,66.2,NORMAL,68.13,73.33,True,300,60.7,BULL,BOS UP,MIX/HL,MIX/HL,TR UP,74.2,True,True,498,41,50.6,1789707240000,LOW,54.29,7.57,55.0,0.45,2,,,,2,0,55.0,54.78,EQH_SWEEP,10,55.0,False,False,0.1612,499,native,69.14,NORMAL,71.85,68.33,True,300,75.3,BULL,BOS UP,HH/HL,MIX/HL,TR UP,87.5,True,True,498,38,51.2,1789703100000,LOW,54.32,5.11,,,,53.86,8.73,2,0,2,55.0,53.86,HIGH_SWEEP,6,55.0,False,False,0.2314,499,native,75.69,YORGUN,75.51,81.0,True,300,70.5,BULL,BOS UP,MIX/HL,HH/MIX,TR UP,85.7,True,True,498,25,95.3,1789691400000,LOW,53.59,6.2,,,,,,,0,0,53.98,54.29,EQH_SWEEP,27,53.989999999999995,False,False,0.402,499,native,87.75,ASIRI,88.24,95.33,True,300,88.0,BULL,BOS UP,HH/HL,HH/HL,TR UP,83.5,True,True,498,6,68.8,1789689600000,LOW,52.46,5.73,,,,,,,0,0,54.0,52.46,HIGH_SWEEP,21,52.81,False,False,0.7963,499,native,81.38,YORGUN,89.45,93.33,True,300,51.6,TR-DN,CHOCH DN,HH/MIX,LH/LL,TR-DN,72.3,True,True,498,14,38.2,1789502400000,HIGH,55.24,0.33,,,,,,,0,0,55.24,50.13,HIGH_SWEEP,30,54.28,False,False,1.559,5826,461,18144.23,10648.7,7495.53,26.03,63.02,87.3,UP,106,19,28792.93,6.0,60.0,1.0,True,0,0.0,0,0.0,0.0,35.0,0.107,0.615,1.0,0.903,78925.04,60180.05,18745.0,13.48,56.74,74.6,UP,518,122,139105.09,23.7,300.0,1.0,True,1,15048.52,2,32926.81,-17878.29,59.0,0.322,0.786,1.0,0.981,217751.23,188368.36,29382.87,7.24,53.62,64.3,UP,1583,377,406119.59,71.6,900.0,1.0,True,4,75378.0,2,32926.81,42451.18,78.4,0.589,0.902,1.0,0.994,-22468.79,-5351.28,37654.55,-24.94,0.43,1.0,16784.12,0.6188,4094.84,0.1472,-0.0987,UP,1789714648338,BUY,15048.52,54.94769197064301,1789714680000,ok,1.0,1.0,1.0,continuous,1,21,0,,0,0,0,0,False,170,54.96,54.97,1.819,0.375,0.1054,0.4917,876550.04,709418.33,35.48,1789714755360,181,False,,,,
2,v2,v1.2,REALF_PY_V4_2_DERIVED,ZPTDIFAT_PY_V1_4_DERIVED,fc-v1,native,,058e38aec59f4c35,20260918_064430,288,AVAX_20260918_065918_318,AVAXUSDT,BINANCE,FUTURES,TOP100,31,5000,1789714758318,2026-09-18T06:59:18.318+00:00,28,True,1789714758118,1789714758318,65.4,1789714740000,1789714799999,False,18.1,7.91,-0.0126,42.1,FAIR (DENGE),True,500,38.8,42.5,45.2,49.8,0.00191,0.25,0.57,0.00119,0.572,0.21,0.7,60.0,17.0,YOK,6.4,1.0,7.925150848576585,0.192,CLV_PROXY_1M,0,0.0,100.0,42.1,43.9,48.4,48.9,-1.8,-6.3,-6.8,0.00191,0.00032,0.00074,0.00032,76.66,75.91,71.56,75.51,0.75,5.1,1.15,78.41,78.33,500,native,76.66,YORGUN,78.41,78.33,True,300,74.3,BEAR,BOS DN,HH/HL,HH/HL,SQZ,83.5,True,True,499,79,64.9,1789710000000,HIGH,7.93,3.76,7.9415,5.92,2,,,,1,0,7.9415,7.901,LOW_SWEEP,38,7.873,False,False,0.0673,499,native,78.51,YORGUN,83.07,86.33,True,300,74.6,BULL,BOS UP,MIX/HL,HH/MIX,RANGE,73.4,True,True,498,3,42.4,1789714080000,LOW,7.871,3.05,,,,7.6285,22.05,2,0,1,7.903,7.6285,HIGH_SWEEP,4,7.903,False,False,0.1615,499,native,61.22,NORMAL,74.02,74.33,True,300,61.4,BULL,BOS UP,MIX/HL,MIX/HL,RANGE,76.2,True,True,498,46,66.0,1789700700000,LOW,7.677,11.4,,,,,,,0,0,7.942,7.871,HIGH_SWEEP,51,7.723,False,False,0.2574,499,native,55.7,NORMAL,55.91,52.0,True,300,79.1,BULL,BOS UP,HH/HL,MIX/HL,TR UP,85.4,True,True,498,24,54.9,1789692300000,LOW,7.545,8.92,,,,,,,0,0,7.968,7.584,EQH_SWEEP,24,7.648,False,False,0.5161,499,native,87.98,ASIRI,83.44,90.33,True,300,91.4,TR-UP,CHOCH UP,HH/HL,LH/LL,TR-UP,94.6,True,True,498,3,96.7,1789700400000,LOW,7.545,4.53,8.192,3.5,3,7.186,8.99,2,1,1,8.192,7.186,EQL_SWEEP,37,7.186,False,False,1.023,499,native,84.97,ASIRI,91.62,93.33,True,300,78.7,BULL,BOS UP,HH/MIX,HH/MIX,RANGE,76.8,True,True,498,1,80.2,1789689600000,LOW,7.171,4.86,,,,7.173500000000001,4.85,2,0,1,7.8,7.173500000000001,LOW_SWEEP,15,7.243,False,False,1.9116,893,545,14489.87,5362.64,9127.23,45.98,72.99,93.6,UP,130,28,19852.5,6.6,60.0,1.0,True,1,6667.29,0,0.0,6667.29,35.9,0.117,0.574,1.0,0.985,154707.84,100868.05,53839.79,21.07,60.53,83.4,UP,1158,188,255575.89,41.7,300.0,1.0,True,9,112154.24,8,50697.86,61456.38,69.5,0.455,0.852,1.0,0.997,339387.36,266680.56,72706.8,12.0,56.0,72.4,UP,2809,503,606067.93,95.8,900.0,1.0,True,20,193559.32,20,158125.11,35434.22,83.1,0.657,0.946,1.0,0.999,-15776.99,12431.81,-9244.82,3.17,2.36,1.0,7904.56,0.2254,6986.36,0.1367,0.259,NONE,1789714716752,BUY,6667.29,7.909000000000001,1789714680000,ok,1.0,1.0,1.0,continuous,1,28,0,,0,0,0,0,False,204,7.909,7.91,1.264,-0.439,0.0113,-0.0152,306009.41,299158.35,24.65,1789714757439,879,False,,AGGRESSIVE_BUYER,,
2,v2,v1.2,REALF_PY_V4_2_DERIVED,ZPTDIFAT_PY_V1_4_DERIVED,fc-v1,native,,058e38aec59f4c35,20260918_064430,289,SUI_20260918_065920_913,SUIUSDT,BINANCE,FUTURES,TOP100,35,5000,1789714760913,2026-09-18T06:59:20.913+00:00,28,True,1789714760898,1789714760913,64.9,1789714740000,1789714799999,False,20.9,0.7787,-0.0257,44.3,FAIR (DENGE),True,500,40.6,48.8,44.4,49.6,0.00046,0.68,1.07,0.00182,0.617,0.44,2.3,50.0,9.0,YOK,8.2,1.0,0.7790565395239327,0.046,CLV_PROXY_1M,0,0.0,100.0,44.3,45.6,50.7,56.1,-1.3,-6.4,-11.8,0.00046,-0.00013,0.00046,0.00069,47.61,39.52,22.3,36.62,8.09,25.31,10.99,65.73,68.33,500,native,47.61,NORMAL,65.73,68.33,True,300,74.2,BULL,BOS UP,MIX/HL,LH/MIX,SQZ,66.3,True,True,499,1,45.7,1789714680000,LOW,0.7778,1.02,,,,,,,0,0,0.7788,0.7778,LOW_SWEEP,2,0.7778,False,True,0.1137,499,native,66.79,NORMAL,69.57,67.67,True,300,83.5,BULL,BOS UP,HH/HL,MIX/HL,RANGE,80.2,True,True,498,7,18.5,1789713360000,LOW,0.7738,2.65,,,,0.7292,27.25,2,0,3,0.7798,0.7292,HIGH_SWEEP,58,0.7849,False,False,0.2333,499,native,65.65,NORMAL,74.03,70.67,True,300,60.8,BULL,BOS UP,MIX/HL,HH/HL,RANGE,74.3,True,True,498,45,48.0,1789701000000,LOW,0.7643,5.18,,,,0.71575,22.76,2,0,2,0.7849,0.71575,HIGH_SWEEP,95,0.7365,False,False,0.3551,499,native,47.94,NORMAL,51.2,40.67,True,300,78.1,BULL,BOS UP,HH/HL,MIX/HL,TR UP,90.8,True,True,498,30,53.6,1789686900000,LOW,0.7287,8.66,,,,0.7289,8.63,2,0,1,0.7899,0.7289,HIGH_SWEEP,59,0.7351,False,False,0.7395,499,native,88.04,ASIRI,76.55,86.0,True,300,83.0,TR-UP,CHOCH UP,HH/HL,HH/MIX,TR-UP,88.9,True,True,498,6,40.0,1789689600000,LOW,0.7157,5.72,0.8336,5.0,2,,,,2,0,0.8336,0.7157,LOW_SWEEP,37,0.6814,False,False,1.4211,499,native,86.45,ASIRI,91.47,95.33,True,300,89.3,TR-UP,CHOCH UP,HH/HL,MIX/HL,TR-UP,85.4,True,True,498,1,97.1,1789689600000,LOW,0.6773,5.38,,,,,,,0,0,0.7479,0.6773,LOW_SWEEP,16,0.692,False,False,2.3923,835,1349,95943.19,66256.33,29686.86,18.3,59.15,80.7,UP,501,72,162199.52,20.0,60.0,1.0,True,7,74181.62,5,50860.58,23321.04,56.6,0.286,0.803,1.0,0.986,347743.47,297629.23,50114.24,7.77,53.88,65.3,UP,2424,426,645372.7,91.7,300.0,1.0,True,23,244732.19,15,152505.69,92226.5,82.8,0.647,0.952,1.0,0.997,770437.75,650849.26,119588.49,8.41,54.21,66.4,UP,6505,1186,1421287.01,220.3,900.0,1.0,True,45,461025.85,37,371318.59,89707.26,92.1,0.815,1.0,1.0,0.999,-72903.64,10198.89,21092.36,-11.18,0.14,1.0,40978.01,0.2532,7977.08,0.0618,-0.1393,UP,1789714750548,SELL,16516.69,0.7787,1789714680000,ok,1.0,1.0,1.0,continuous,1,73,0,,0,0,0,0,False,238,0.7787,0.7788,1.284,0.016,-0.0619,0.3783,368881.33,417550.9,25.04,1789714760748,165,False,,,,
2,v2,v1.2,REALF_PY_V4_2_DERIVED,ZPTDIFAT_PY_V1_4_DERIVED,fc-v1,native,,058e38aec59f4c35,20260918_064430,290,AKE_20260918_065923_482,AKEUSDT,BINANCE,FUTURES,TOP100,94,2000,1789714763482,2026-09-18T06:59:23.482+00:00,28,True,1789714763482,1789714763482,64.3,1789714740000,1789714799999,False,23.5,0.02299,-0.204,51.1,FAIR (DENGE),True,500,50.0,57.5,45.8,50.2,-0.01444,0.09,0.39,0.00749,0.556,0.3,28.7,50.0,2.9,YOK,11.7,0.378,0.022660479935549607,-1.433,CLV_PROXY_1M,0,0.0,100.0,51.1,52.4,51.2,53.4,-1.3,-0.1,-2.3,-0.01444,0.00146,0.00252,0.00509,41.99,42.58,36.31,33.8,-0.59,5.68,8.19,41.76,38.0,500,native,41.99,NORMAL,41.76,38.0,True,300,62.7,BULL,BOS UP,MIX/HL,MIX/HL,TR UP,82.1,True,True,499,36,90.2,1789712580000,LOW,0.021423,10.87,,,,0.021402499999999998,11.01,2,0,1,0.0234,0.021402499999999998,HIGH_SWEEP,57,0.021605,False,False,0.626,499,native,66.43,NORMAL,60.44,62.33,True,300,88.7,BULL,BOS UP,HH/HL,MIX/HL,TR UP,94.4,True,True,498,12,71.4,1789712460000,LOW,0.021423,5.69,,,,,,,0,0,0.023636,0.021646,LOW_SWEEP,41,0.021228,False,False,1.1986,499,native,79.02,YORGUN,69.27,80.0,True,300,88.5,BULL,BOS UP,HH/HL,HH/HL,EXP UP,91.4,True,True,498,10,67.7,1789711500000,LOW,0.0214,4.93,,,,,,,0,0,0.023636,0.021423,EQH_SWEEP,38,0.021653,False,False,1.3953,499,native,83.55,ASIRI,85.73,89.33,True,300,42.0,BEAR,BOS DN,LH/MIX,MIX/HL,TR DN,66.1,True,True,498,154,97.0,1789575300000,HIGH,0.028247,11.52,0.029421000000000003,14.1,2,0.0209945,4.37,2,1,3,0.029421000000000003,0.0209945,EQL_SWEEP,57,0.020765,False,False,1.973,499,native,75.82,YORGUN,95.16,98.0,True,300,70.7,BULL,BOS UP,HH/HL,HH/MIX,RANGE,69.6,True,True,498,74,56.3,1789444800000,LOW,0.014658,9.66,0.029844000000000002,7.97,2,0.012500500000000001,12.17,3,1,2,0.029844000000000002,0.012500500000000001,HIGH_SWEEP,75,0.0165,False,False,3.9837,499,native,41.32,NORMAL,45.04,45.0,True,300,84.7,BULL,BOS UP,HH/HL,MIX/HL,TR UP,90.5,True,True,498,18,80.8,1789444800000,LOW,0.013069,3.89,,,,0.0128725,3.97,2,0,3,0.029888,0.0128725,EQL_SWEEP,67,0.0128725,False,False,11.7969,2244,12839,16378.32,17322.79,-944.48,-2.8,48.6,44.3,FLAT,1185,554,33701.11,72.2,60.0,1.0,True,0,0.0,1,3556.53,-3556.53,70.3,0.591,0.632,1.0,0.963,76932.96,89450.67,-12517.71,-7.52,46.24,35.2,DOWN,5860,2799,166383.64,324.5,300.0,1.0,True,2,6678.11,6,17372.08,-10693.97,88.4,0.866,0.805,1.0,0.993,372044.02,364978.34,7065.68,0.96,50.48,52.0,FLAT,24794,11919,737022.37,763.1,900.0,1.0,True,28,110711.07,23,100535.36,10175.71,96.5,0.939,0.967,1.0,0.998,4308.68,-4248.02,4054.16,8.99,-1.05,1.0,-3408.72,-0.1065,-2664.12,-0.0801,-0.0043,NONE,1789714741351,SELL,3556.53,0.02300485825910905,1789714680000,ok,1.0,1.0,1.0,continuous,1,587,0,,0,0,0,0,False,272,0.022989,0.022991,0.87,0.34,0.3234,0.4105,3570.65,1825.5,8.7,1789714763291,191,False,,FATIGUE_EXTREME,,
2,v2,v1.2,REALF_PY_V4_2_DERIVED,ZPTDIFAT_PY_V1_4_DERIVED,fc-v1,native,,058e38aec59f4c35,20260918_064430,291,PONS_20260918_065926_060,PONSUSDT,BINANCE,FUTURES,OUTSIDE100,112,2000,1789714766060,2026-09-18T06:59:26.060+00:00,28,True,1789714766060,1789714766060,64.0,1789714740000,1789714799999,False,26.1,0.7248,-0.179,57.5,FAIR (DENGE),True,500,59.3,57.8,56.7,50.2,-0.00728,0.32,-0.05,0.00488,0.629,0.19,0.7,60.0,-6.1,YOK,2.6,1.0,0.7195441041089631,-0.725,CLV_PROXY_1M,0,0.0,100.0,57.5,60.1,65.0,61.7,-2.6,-7.5,-4.2,-0.00728,0.00018,0.00052,-0.00233,25.11,19.23,10.79,13.47,5.88,14.32,11.64,40.34,35.33,500,native,25.11,DINLENMIS,40.34,35.33,True,300,12.0,BEAR,BOS DN,LH/LL,LH/LL,TR DN,91.1,True,True,499,7,45.1,1789714320000,HIGH,0.7316,2.79,,,,0.7134,4.68,2,0,1,0.7316,0.7134,EQL_SWEEP,29,0.73295,False,False,0.3352,499,native,17.57,DINLENMIS,21.23,14.67,True,300,26.2,BULL,BOS UP,LH/LL,LH/LL,SQZ,86.5,True,True,498,82,26.3,1789699860000,LOW,0.6834,9.54,0.7777000000000001,11.98,3,0.63845,19.79,2,1,1,0.7777000000000001,0.63845,HIGH_SWEEP,97,0.6964,False,False,0.6063,499,native,25.42,DINLENMIS,22.75,12.67,True,300,15.3,BEAR,BOS DN,LH/LL,MIX/HL,RANGE,88.2,True,True,498,14,56.1,1789710300000,HIGH,0.7473,3.17,0.7778,7.53,2,,,,1,0,0.7778,0.7235,LOW_SWEEP,12,0.729,False,True,0.9673,499,native,40.46,NORMAL,32.61,26.0,True,300,85.7,BULL,BOS UP,HH/HL,MIX/LL,TR UP,93.8,True,True,498,18,77.8,1789697700000,LOW,0.6551,5.05,,,,,,,0,0,0.7781,0.6551,HIGH_SWEEP,19,0.6959,False,False,1.8909,289,native,80.47,YORGUN,67.4,75.84,False,269,88.1,BULL,BOS UP,HH/HL,HH/HL,TR UP,88.8,True,True,288,7,54.7,1789686000000,LOW,0.6099,3.81,,,,,,,0,0,0.6721,0.6099,HIGH_SWEEP,6,0.6721,False,False,4.1259,73,native,83.22,ASIRI,81.92,94.34,False,53,74.7,TR-UP,CHOCH UP,HH/MIX,HH/HL,TR-UP,76.3,True,False,72,1,84.3,1789689600000,LOW,0.5483,3.3,,,,,,,0,0,0.6992,0.5483,LOW_SWEEP,12,0.5821,False,False,6.9476,454,3377,39768.05,26971.83,12796.22,19.17,59.59,81.6,UP,870,261,66739.88,96.2,60.0,1.0,True,2,8773.95,3,12324.46,-3550.51,76.1,0.658,0.706,1.0,0.992,363116.09,393712.85,-30596.76,-4.04,47.98,41.8,DOWN,6298,1445,756828.94,126.4,300.0,1.0,True,29,210129.05,38,279782.43,-69653.38,86.7,0.717,0.97,1.0,0.998,536872.88,665551.19,-128678.31,-10.7,44.65,29.7,DOWN,11289,3015,1202424.07,271.8,900.0,1.0,True,41,252926.81,64,428651.65,-175724.84,93.5,0.845,1.0,1.0,0.999,13295.89,27530.65,1491.73,9.8,1.79,1.0,6216.34,0.0438,-5976.73,-0.0395,-0.1645,UP,1789714755880,BUY,4059.88,0.7256272386058982,1789714680000,ok,1.0,1.0,1.0,continuous,1,308,0,,0,0,0,0,False,306,0.7249,0.725,1.379,0.659,-0.1281,0.0238,29061.37,37602.25,26.9,1789714765845,215,False,,FATIGUE_RESTED_1M,,
2,v2,v1.2,REALF_PY_V4_2_DERIVED,ZPTDIFAT_PY_V1_4_DERIVED,fc-v1,native,,058e38aec59f4c35,20260918_064430,292,SKR_20260918_065928_838,SKRUSDT,BINANCE,FUTURES,OUTSIDE100,227,500,1789714768838,2026-09-18T06:59:28.838+00:00,28,True,1789714768609,1789714768838,63.4,1789714740000,1789714799999,False,28.6,0.019173,0.0783,56.8,FAIR (DENGE),True,500,60.2,50.5,60.4,50.5,-0.00022,1.7,0.86,0.00146,0.381,0.13,6.7,50.0,-18.0,YOK,9.9,1.0,0.019168820550454685,-0.022,CLV_PROXY_1M,0,0.0,100.0,56.8,51.8,48.3,42.8,5.0,8.5,14.0,-0.00022,-0.0006,-0.00147,-0.00225,59.35,48.13,26.7,20.69,11.22,32.65,38.66,83.18,91.0,500,native,59.35,NORMAL,83.18,91.0,True,300,36.3,BULL,BOS UP,LH/LL,MIX/HL,SQZ,79.3,True,True,499,23,33.7,1789713360000,LOW,0.019028,5.96,0.019363,7.81,2,,,,1,0,0.019363,0.019085,EQH_SWEEP,68,0.0189665,False,False,0.127,499,native,62.07,NORMAL,70.41,72.0,True,300,72.0,BULL,BOS UP,HH/MIX,MIX/HL,TR UP,73.8,True,True,498,7,30.5,1789713360000,LOW,0.018839,6.32,0.020296500000000002,21.26,2,0.0188425,6.26,2,1,1,0.020296500000000002,0.0188425,LOW_SWEEP,30,0.018846,False,False,0.2765,499,native,75.16,YORGUN,72.37,79.0,True,300,85.7,BULL,BOS UP,HH/HL,HH/MIX,RANGE,83.4,True,True,498,4,34.0,1789713300000,LOW,0.018839,4.65,0.020296500000000002,15.63,2,,,,1,0,0.020296500000000002,0.018839,LOW_SWEEP,29,0.018732,False,False,0.3764,499,native,83.19,ASIRI,90.62,92.33,True,300,74.2,BULL,BOS UP,MIX/HL,MIX/HL,SQZ,69.3,True,True,498,2,49.0,1789712100000,LOW,0.018719,3.09,,,,0.017547,11.07,2,0,2,0.019011,0.017547,HIGH_SWEEP,36,0.019329,False,False,0.7664,499,native,45.0,NORMAL,56.08,66.67,True,300,39.3,BULL,BOS UP,LH/LL,HH/MIX,RANGE,84.4,True,True,498,21,72.8,1789635600000,LOW,0.017378,4.73,0.025375500000000002,16.33,2,,,,1,0,0.025375500000000002,0.018321,LOW_SWEEP,6,0.018554,False,False,2.0012,499,native,73.67,YORGUN,70.25,78.33,True,300,72.9,BULL,BOS UP,HH/HL,HH/HL,TR UP,83.6,True,True,498,114,36.2,1788062400000,LOW,0.008858,11.63,,,,0.017043000000000003,2.4,2,0,1,0.020299,0.017043000000000003,HIGH_SWEEP,4,0.019684,False,False,4.7097,8148,401,482.6,101.47,381.13,65.25,82.63,94.8,UP,17,14,584.07,5.8,60.0,1.0,True,0,0.0,0,0.0,0.0,24.3,0.104,0.192,1.0,0.864,4277.24,828.61,3448.63,67.54,83.77,94.8,UP,124,88,5105.85,14.6,300.0,1.0,True,2,1890.68,0,0.0,1890.68,42.7,0.227,0.427,1.0,0.973,17493.17,16353.08,1140.1,3.37,51.68,56.8,UP,551,370,33846.25,83.6,900.0,1.0,True,8,11658.06,4,8678.6,2979.46,72.2,0.626,0.632,1.0,0.991,-500.77,1804.61,21.08,-6.21,20.3,1.0,999.69,0.693,765.9,0.75,-0.3266,UP,1789714698602,BUY,762.13,0.019154831909118326,1789714680000,ok,1.0,1.0,1.0,continuous,1,14,0,,0,0,0,0,False,340,0.019178,0.01918,1.043,-0.291,-0.1872,-0.2613,2749.77,4016.57,15.12,1789714768490,348,False,,FATIGUE_EXTREME,,
2,v2,v1.2,REALF_PY_V4_2_DERIVED,ZPTDIFAT_PY_V1_4_DERIVED,fc-v1,native,,058e38aec59f4c35,20260918_064430,293,PROM_20260918_065931_421,PROMUSDT,BINANCE,FUTURES,OUTSIDE100,266,1000,1789714771421,2026-09-18T06:59:31.421+00:00,28,True,1789714771406,1789714771421,62.9,1789714740000,1789714799999,False,31.4,5.402,0.1669,58.4,PRICE AHEAD,True,500,59.5,58.4,56.9,56.2,-0.00455,1.85,1.4,0.00238,0.488,1.13,91.0,55.0,-6.1,YOK,2.6,1.0,5.377459318924745,-0.454,CLV_PROXY_1M,0,0.0,100.0,58.4,60.7,56.6,56.3,-2.3,1.8,2.1,-0.00455,0.00018,-0.00098,-0.00147,58.33,47.57,29.8,21.25,10.76,28.53,37.08,78.89,94.0,500,native,58.33,NORMAL,78.89,94.0,True,300,9.4,BEAR,BOS DN,LH/LL,LH/LL,TR DN,93.5,True,True,499,5,55.5,1789714440000,HIGH,5.424,2.32,,,,,,,0,0,5.424,5.367,LOW_SWEEP,4,5.378,False,False,0.1762,499,native,26.38,DINLENMIS,38.79,40.0,True,300,11.6,BEAR,BOS DN,LH/LL,LH/LL,TR DN,90.3,True,True,498,6,47.1,1789713540000,HIGH,5.541,7.56,,,,,,,0,0,5.541,5.41,EQL_SWEEP,6,5.3934999999999995,False,False,0.3467,499,native,17.48,DINLENMIS,29.35,27.67,True,300,45.8,TR-DN,CHOCH DN,MIX/HL,LH/LL,TR-DN,75.6,True,True,498,9,58.5,1789711800000,HIGH,5.541,5.89,,,,5.2165,7.67,2,0,1,5.541,5.2165,HIGH_SWEEP,32,5.589,False,False,0.4456,499,native,23.61,DINLENMIS,18.24,11.67,True,300,60.0,TR-DN,CHOCH DN,HH/HL,MIX/HL,TR-DN,88.0,True,True,498,3,54.5,1789711200000,HIGH,5.594,4.44,5.7285,7.54,2,,,,2,0,5.7285,5.43,LOW_SWEEP,172,5.332,False,False,0.8035,499,native,52.66,NORMAL,27.64,19.67,True,300,59.0,BEAR,BOS DN,MIX/HL,MIX/HL,SQZ,69.1,True,True,498,46,75.0,1789545600000,HIGH,5.729,3.89,5.8375,5.18,3,4.906499999999999,5.89,2,2,1,5.8375,4.906499999999999,EQL_SWEEP,94,5.5815,False,False,1.5355,499,native,47.26,NORMAL,46.28,35.67,True,300,26.5,BULL,BOS UP,LH/LL,MIX/HL,SQZ,85.6,True,True,498,58,11.5,1788868800000,LOW,4.913,2.66,,,,4.4025,5.43,2,0,2,5.659,4.4025,HIGH_SWEEP,57,5.986,False,False,3.3065,4055,930,17649.93,1490.91,16159.02,84.42,92.21,95.0,UP,139,54,19140.84,13.2,60.0,1.0,True,5,15891.87,0,0.0,15891.87,44.8,0.208,0.57,1.0,0.932,41484.5,42464.52,-980.01,-1.17,49.42,47.6,FLAT,860,293,83949.02,14.4,300.0,1.0,True,16,30938.33,2,34197.84,-3259.5,49.9,0.224,0.731,1.0,0.986,83606.2,82814.95,791.25,0.48,50.24,51.0,FLAT,2046,806,166421.16,46.9,900.0,1.0,True,29,53318.16,10,57167.52,-3849.36,70.1,0.484,0.805,1.0,0.995,29533.0,17396.95,22073.01,64.41,12.74,1.0,667.81,0.0356,-587.28,-0.035,-0.3528,UP,1789714760028,BUY,4175.17,5.399858380755303,1789714680000,ok,1.0,1.0,1.0,continuous,1,55,0,,0,0,0,0,False,374,5.402,5.403,1.851,-0.888,-0.2075,-0.4775,12778.95,19471.84,36.09,1789714771179,242,False,,AGGRESSIVE_BUYER,,
2,v2,v1.2,REALF_PY_V4_2_DERIVED,ZPTDIFAT_PY_V1_4_DERIVED,fc-v1,native,,058e38aec59f4c35,20260918_064430,294,UAI_20260918_065933_997,UAIUSDT,BINANCE,FUTURES,OUTSIDE100,296,2000,1789714773997,2026-09-18T06:59:33.997+00:00,28,True,1789714773982,1789714773997,61.9,1789714740000,1789714799999,False,34.0,0.419,-0.0715,47.4,FAIR (DENGE),True,500,45.8,52.8,43.0,49.7,-0.00223,-0.0,0.74,0.00422,0.669,0.46,5.3,55.0,6.9,YOK,9.8,0.652,0.41806749413068717,-0.223,CLV_PROXY_1M,0,0.0,100.0,47.4,47.8,59.3,59.4,-0.4,-11.9,-12.0,-0.00223,0.00117,0.00477,0.00426,74.34,77.24,78.94,79.94,-2.9,-4.6,-5.6,64.68,74.33,500,native,74.34,YORGUN,64.68,74.33,True,300,55.4,BEAR,BOS DN,HH/MIX,HH/MIX,SQZ,77.9,True,True,499,34,90.8,1789712700000,HIGH,0.4198,0.79,0.42315,4.1,2,0.4168,2.17,2,1,2,0.42315,0.4168,HIGH_SWEEP,112,0.4247,False,False,0.2417,499,native,64.21,NORMAL,68.24,73.67,True,300,28.6,BULL,BOS UP,LH/LL,MIX/HL,SQZ,79.1,True,True,498,72,61.1,1789701660000,LOW,0.4075,5.35,0.43455,7.24,2,,,,1,0,0.43455,0.4129,LOW_SWEEP,8,0.4166,False,False,0.5126,499,native,43.3,NORMAL,56.88,53.33,True,300,58.1,TR-DN,CHOCH DN,MIX/HL,LH/LL,TR-DN,66.3,True,True,498,52,58.0,1789698900000,HIGH,0.4354,4.93,,,,0.3559,18.97,3,0,1,0.4232,0.3559,HIGH_SWEEP,105,0.4106,False,False,0.7937,499,native,37.36,NORMAL,41.44,36.0,True,300,68.6,BULL,BOS UP,MIX/HL,MIX/HL,RANGE,79.5,True,True,498,21,30.6,1789695000000,LOW,0.3901,3.96,0.43505,2.2,2,0.3838,4.82,2,2,2,0.43505,0.3838,LOW_SWEEP,174,0.3294,False,False,1.7465,499,native,66.44,NORMAL,58.99,61.67,True,300,86.6,BULL,BOS UP,HH/HL,HH/HL,SQZ,87.3,True,True,498,6,38.6,1789689600000,LOW,0.3838,2.18,,,,,,,0,0,0.4354,0.3838,HIGH_SWEEP,4,0.418,False,False,3.8614,499,native,65.43,NORMAL,73.83,78.33,True,300,18.4,BEAR,BOS DN,LH/LL,HH/HL,RANGE,87.8,True,True,498,19,42.0,1789430400000,HIGH,0.5943,4.0,,,,,,,0,0,0.5943,0.322,LOW_SWEEP,20,0.4503,False,False,10.3453,8271,689,375.82,1814.44,-1438.61,-65.68,17.16,5.2,DOWN,63,28,2190.26,6.9,60.0,1.0,True,0,0.0,0,0.0,0.0,30.5,0.121,0.335,1.0,0.862,4636.87,7545.53,-2908.66,-23.88,38.06,14.2,DOWN,363,162,12182.4,46.4,300.0,1.0,True,0,0.0,0,0.0,0.0,61.2,0.481,0.521,1.0,0.972,43750.85,24853.24,18897.62,27.55,63.77,88.2,UP,1499,626,68604.09,92.1,900.0,1.0,True,4,22764.35,1,4613.73,18150.62,75.8,0.648,0.709,1.0,0.991,-2935.6,-1235.84,1584.27,-62.28,-4.56,1.0,-696.43,-0.2154,-661.03,-0.2713,-0.0343,NONE,1789714334917,BUY,12166.08,0.41921637090382824,1789714680000,ok,1.0,1.0,1.0,continuous,1,29,0,,0,0,0,0,False,408,0.4188,0.4189,2.387,1.162,0.1336,0.3256,14843.5,11345.15,46.56,1789714773505,492,False,,AGGRESSIVE_SELLER,,
2,v2,v1.2,REALF_PY_V4_2_DERIVED,ZPTDIFAT_PY_V1_4_DERIVED,fc-v1,native,,058e38aec59f4c35,20260918_064430,295,BULLA_20260918_065936_987,BULLAUSDT,BINANCE,FUTURES,OUTSIDE100,339,5000,1789714776987,2026-09-18T06:59:36.987+00:00,28,True,1789714776557,1789714776987,61.7,1789714740000,1789714799999,False,36.6,0.10145,-0.383,52.0,FAIR (DENGE),True,500,52.1,52.6,51.7,51.0,-0.00356,0.07,-0.17,0.006,0.577,0.88,46.0,35.0,-15.5,YOK,0.9,1.0,0.10108983425675137,-0.355,CLV_PROXY_1M,0,0.0,100.0,52.0,52.0,51.6,51.1,0.0,0.4,0.9,-0.00356,0.00194,0.00068,-0.00121,67.31,71.98,70.66,64.69,-4.67,-3.35,2.62,55.45,58.67,500,native,67.31,NORMAL,55.45,58.67,True,300,52.7,TR-DN,CHOCH DN,MIX/HL,HH/MIX,TR-DN,73.6,True,True,499,19,44.8,1789713600000,HIGH,0.10172,0.75,0.10198499999999999,1.49,2,0.100455,2.77,2,2,2,0.10198499999999999,0.100455,EQL_SWEEP,62,0.100455,False,False,0.3522,499,native,63.06,NORMAL,61.25,65.67,True,300,59.1,BULL,BOS UP,MIX/HL,MIX/LL,RANGE,69.2,True,True,498,44,89.1,1789706700000,LOW,0.096433,6.22,0.102005,0.69,2,0.0964015,6.26,2,1,2,0.102005,0.0964015,HIGH_SWEEP,30,0.10206,False,False,0.792,499,native,55.63,NORMAL,61.31,66.67,True,300,46.6,BULL,BOS UP,LH/MIX,MIX/HL,TR UP,64.3,True,True,498,26,22.3,1789706700000,LOW,0.09539,5.43,,,,0.10001,1.38,2,0,1,0.10203,0.10001,HIGH_SWEEP,24,0.10114,False,False,1.1259,499,native,71.25,NORMAL,66.06,71.0,True,300,74.6,BEAR,BOS DN,HH/HL,HH/HL,TR DN,88.7,True,True,498,65,27.4,1789655400000,HIGH,0.10999,3.65,0.109785,3.56,2,,,,1,0,0.109785,0.094,LOW_SWEEP,67,0.1007,False,False,2.2834,499,native,65.87,NORMAL,73.37,88.33,True,300,26.8,BULL,BOS UP,LH/LL,MIX/HL,RANGE,84.5,True,True,498,44,42.2,1789552800000,LOW,0.060024,6.39,,,,0.060025499999999996,6.39,2,0,1,0.121362,0.060025499999999996,HIGH_SWEEP,45,0.076341,False,False,6.4384,499,native,57.86,NORMAL,57.95,59.0,True,300,75.0,BULL,BOS UP,HH/MIX,HH/HL,EXP UP,78.0,True,True,498,11,96.7,1789545600000,LOW,0.0675,2.28,,,,0.0154205,5.77,2,0,1,0.139078,0.0154205,HIGH_SWEEP,52,0.085989,False,False,15.2143,963,1341,2256.77,7340.24,-5083.46,-52.97,23.52,5.7,DOWN,209,108,9597.01,14.8,60.0,1.0,True,0,0.0,0,0.0,0.0,44.8,0.229,0.496,1.0,0.984,7966.98,13489.13,-5522.16,-25.74,37.13,12.9,DOWN,591,335,21456.11,37.0,300.0,1.0,True,0,0.0,0,0.0,0.0,60.4,0.425,0.583,1.0,0.997,39594.89,34437.94,5156.94,6.97,53.48,63.8,UP,2113,1145,74032.83,132.4,900.0,1.0,True,1,5200.14,0,0.0,5200.14,79.6,0.726,0.717,1.0,0.999,-5334.13,-2160.75,-5859.42,-36.48,-4.33,1.0,-2095.42,-0.409,-1134.79,-0.2644,-0.0275,NONE,1789713918675,BUY,5200.14,0.10101665651346205,1789714680000,ok,1.0,1.0,1.0,continuous,1,108,0,,0,0,0,0,False,442,0.10153,0.10155,1.97,-0.836,-0.0356,0.2739,2682.63,2880.4,21.76,1789714776417,570,False,,AGGRESSIVE_SELLER,,
2,v2,v1.2,REALF_PY_V4_2_DERIVED,ZPTDIFAT_PY_V1_4_DERIVED,fc-v1,native,,058e38aec59f4c35,20260918_064430,296,OG_20260918_065939_983,OGUSDT,BINANCE,FUTURES,OUTSIDE100,523,500,1789714779983,2026-09-18T06:59:39.983+00:00,28,True,1789714779983,1789714779983,61.8,1789714740000,1789714799999,False,40.0,2.746,0.0,29.9,STRONG LAG,True,500,22.2,33.6,33.2,49.0,0.00582,-0.91,0.3,0.0006,0.253,0.04,11.0,40.0,23.0,YOK,11.4,1.0,2.762038245277619,0.584,CLV_PROXY_1M,0,0.0033,99.7,29.9,25.2,33.4,35.4,4.7,-3.5,-5.5,0.00582,-0.00014,0.00098,0.00132,15.72,18.34,27.71,33.83,-2.62,-11.99,-18.11,13.01,1.67,500,native,15.72,DINLENMIS,13.01,1.67,True,300,46.6,TR-DN,CHOCH DN,MIX/HL,LH/LL,TR-DN,68.9,True,True,499,2,44.7,1789714620000,HIGH,2.752,2.67,,,,2.721,11.13,2,0,2,2.752,2.721,EQL_SWEEP,5,2.748,False,False,0.0818,499,native,27.04,DINLENMIS,7.1,0.67,True,300,88.2,BULL,BOS UP,HH/HL,HH/HL,RANGE,77.7,True,True,498,5,60.2,1789713720000,LOW,2.746,0.0,,,,2.746,0.0,2,0,3,2.757,2.746,HIGH_SWEEP,59,2.746,False,False,0.1568,499,native,30.28,NORMAL,15.03,4.0,True,300,67.0,BULL,BOS UP,MIX/HL,HH/HL,TR UP,73.6,True,True,498,21,39.4,1789708200000,LOW,2.732,2.25,,,,2.679,10.77,2,0,2,2.756,2.679,HIGH_SWEEP,23,2.759,False,False,0.2263,499,native,58.05,NORMAL,49.48,39.33,True,300,85.9,BULL,BOS UP,HH/HL,HH/HL,TR UP,87.3,True,True,498,7,35.2,1789707600000,LOW,2.679,6.89,,,,2.6635,8.43,2,0,1,2.769,2.6635,HIGH_SWEEP,6,2.759,False,False,0.3636,499,native,90.09,ASIRI,86.65,93.0,True,300,74.4,BULL,BOS UP,MIX/HL,MIX/HL,RANGE,73.4,True,True,498,7,58.0,1789686000000,LOW,2.662,4.35,,,,2.6,7.49,2,0,1,2.7,2.6,HIGH_SWEEP,30,2.712,False,False,0.7193,499,native,78.54,YORGUN,86.81,92.33,True,300,75.1,BULL,BOS UP,MIX/HL,HH/HL,SQZ,73.2,True,True,498,1,52.4,1789689600000,LOW,2.61,3.11,2.9825,5.29,3,2.5975,3.39,2,2,2,2.9825,2.5975,EQH_SWEEP,87,2.9425,False,False,1.6159,4138,88,8.24,9.06,-0.82,-4.73,47.64,40.5,DOWN,2,2,17.31,2.0,60.0,1.0,True,0,0.0,0,0.0,0.0,0.0,0.038,0.0,1.0,0.931,549.9,948.83,-398.93,-26.62,36.69,12.4,DOWN,68,20,1498.73,7.3,300.0,1.0,True,0,0.0,1,903.24,-903.24,30.3,0.127,0.294,1.0,0.986,4611.33,4643.45,-32.12,-0.35,49.83,49.3,FLAT,275,83,9254.77,24.0,900.0,1.0,True,2,1535.88,4,3160.54,-1624.66,51.5,0.324,0.492,1.0,0.995,584.75,537.81,-59.97,20.26,5.41,1.0,-232.66,-0.5298,-102.08,-0.3406,-0.235,NONE,1789714719239,SELL,903.24,2.7453987841945287,1789714680000,ok,1.0,1.0,1.0,continuous,1,7,0,,0,0,0,0,False,476,2.746,2.748,7.281,2.031,0.2766,-0.22,26382.29,14948.54,72.81,1789714776017,3966,False,,FATIGUE_RESTED_1M|REALF_PRICE_LAG,,
2,v2,v1.2,REALF_PY_V4_2_DERIVED,ZPTDIFAT_PY_V1_4_DERIVED,fc-v1,native,,058e38aec59f4c35,20260918_064430,297,ZORA_20260918_065942_568,ZORAUSDT,BINANCE,FUTURES,OUTSIDE100,612,500,1789714782568,2026-09-18T06:59:42.568+00:00,28,True,1789714782568,1789714782568,61.7,1789714740000,1789714799999,False,42.6,0.007902,-0.1516,45.5,FAIR (DENGE),True,500,43.4,49.2,43.8,48.8,0.00032,0.55,0.94,0.00153,0.545,0.45,27.0,50.0,28.1,YOK,5.8,1.0,0.007904489858746899,0.032,CLV_PROXY_1M,0,0.0,100.0,45.5,50.5,52.4,54.3,-5.0,-6.9,-8.8,0.00032,0.00095,0.00076,0.00082,73.15,72.66,56.07,53.65,0.49,17.08,19.5,71.86,80.0,500,native,73.15,YORGUN,71.86,80.0,True,300,95.4,BULL,BOS UP,HH/HL,MIX/HL,SQZ,93.6,True,True,499,1,82.5,1789714680000,LOW,0.007882,2.46,,,,0.007775499999999999,15.55,2,0,1,0.007905,0.007775499999999999,HIGH_SWEEP,11,0.007903,False,True,0.1028,499,native,70.08,NORMAL,75.72,76.67,True,300,88.3,BULL,BOS UP,HH/HL,MIX/HL,RANGE,87.7,True,True,498,6,56.3,1789713540000,LOW,0.007842,3.39,,,,,,,0,0,0.007897,0.007842,HIGH_SWEEP,5,0.007897,False,False,0.2244,499,native,76.11,YORGUN,83.03,88.33,True,300,85.5,BULL,BOS UP,HH/HL,HH/HL,RANGE,84.8,True,True,498,11,63.8,1789711200000,LOW,0.007813,3.62,,,,,,,0,0,0.007897,0.007842,HIGH_SWEEP,3,0.007897,False,False,0.3114,499,native,45.73,NORMAL,50.23,50.67,True,300,81.8,BULL,BOS UP,HH/HL,MIX/HL,RANGE,87.5,True,True,498,21,74.9,1789695000000,LOW,0.007527,7.11,,,,,,,0,0,0.00802,0.007813,LOW_SWEEP,25,0.007571,False,False,0.6689,499,native,79.91,YORGUN,75.18,87.67,True,300,73.8,BEAR,BOS DN,HH/HL,HH/MIX,TR DN,86.4,True,True,498,69,59.5,1789462800000,HIGH,0.007987,0.7,0.009008,9.05,2,0.007187,5.85,2,1,1,0.009008,0.007187,LOW_SWEEP,126,0.008102,False,False,1.5567,499,native,71.87,NORMAL,78.7,86.33,True,300,18.0,TR-DN,CHOCH DN,LH/LL,LH/LL,TR-DN,90.3,True,True,498,16,65.9,1789473600000,HIGH,0.008968,4.03,,,,0.0058755000000000005,7.66,2,0,2,0.008336,0.0058755000000000005,HIGH_SWEEP,29,0.008437,False,False,3.3227,23420,244,126.25,545.72,-419.47,-62.42,18.79,5.3,DOWN,24,15,671.97,5.7,60.0,1.0,True,0,0.0,0,0.0,0.0,23.8,0.102,0.207,1.0,0.61,5224.38,4420.5,803.88,8.33,54.17,66.3,UP,182,87,9644.88,15.4,300.0,1.0,True,3,2810.77,1,1887.47,923.3,45.1,0.236,0.496,1.0,0.922,7548.29,9292.79,-1744.5,-10.36,44.82,30.3,DOWN,416,226,16841.08,38.9,900.0,1.0,True,3,2810.77,2,2969.71,-158.94,60.1,0.437,0.557,1.0,0.974,-1147.63,-433.17,236.51,-56.82,-2.72,1.0,1026.58,0.5344,326.13,0.1691,-0.5675,UP,1789714648359,BUY,1303.05,0.007899687485222706,1789714680000,ok,1.0,1.0,1.0,continuous,1,16,0,,0,0,0,0,False,510,0.007902,0.007904,2.531,0.868,0.3161,-0.0156,16892.61,8778.95,25.31,1789714782180,388,False,,,,
2,v2,v1.2,REALF_PY_V4_2_DERIVED,ZPTDIFAT_PY_V1_4_DERIVED,fc-v1,native,,058e38aec59f4c35,20260918_064430,298,TNSR_20260918_065945_356,TNSRUSDT,BINANCE,FUTURES,OUTSIDE100,738,200,1789714785356,2026-09-18T06:59:45.356+00:00,28,True,1789714785356,1789714785356,61.0,1789714740000,1789714799999,False,45.4,0.03521,0.0284,51.6,FAIR (DENGE),True,500,50.8,54.7,50.2,50.1,-0.00193,-0.14,-0.16,0.00123,0.548,0.05,3.7,40.0,23.2,YOK,4.5,1.0,0.03514218809733484,-0.193,CLV_PROXY_1M,0,0.0,100.0,51.6,48.7,46.8,57.1,2.9,4.8,-5.5,-0.00193,-0.00021,-0.00139,0.00011,62.97,62.56,65.21,67.41,0.41,-2.24,-4.44,61.6,69.33,500,native,62.97,NORMAL,61.6,69.33,True,300,86.2,BULL,BOS UP,HH/HL,MIX/HL,SQZ,89.4,True,True,499,12,58.2,1789714020000,LOW,0.03512,2.94,,,,0.03507,4.58,2,0,1,0.03526,0.03507,HIGH_SWEEP,6,0.03518,False,False,0.0869,499,native,69.89,NORMAL,70.82,74.0,True,300,74.9,BULL,BOS UP,HH/MIX,HH/HL,RANGE,68.2,True,True,498,3,47.6,1789714080000,LOW,0.03507,2.13,,,,0.03507,2.13,3,0,1,0.03521,0.03507,HIGH_SWEEP,2,0.03521,False,False,0.1865,499,native,64.56,NORMAL,75.89,78.33,True,300,29.0,BULL,BOS UP,LH/LL,HH/HL,RANGE,78.1,True,True,498,46,51.5,1789700700000,LOW,0.03481,4.54,,,,0.03454,7.61,2,0,2,0.03536,0.03454,HIGH_SWEEP,51,0.03498,False,False,0.25,499,native,40.01,NORMAL,42.82,43.0,True,300,83.8,BULL,BOS UP,HH/HL,MIX/HL,RANGE,93.4,True,True,498,20,59.8,1789695900000,LOW,0.03454,3.89,,,,0.034375,4.85,2,0,1,0.03583,0.034375,HIGH_SWEEP,17,0.03497,False,False,0.4898,499,native,75.42,YORGUN,62.31,72.67,True,300,74.8,BULL,BOS UP,MIX/HL,MIX/HL,TR UP,73.8,True,True,498,5,52.8,1789693200000,LOW,0.03405,2.96,,,,,,,0,0,0.03497,0.03438,LOW_SWEEP,36,0.03304,False,False,1.1171,499,native,78.49,YORGUN,78.95,87.67,True,300,76.4,BULL,BOS UP,HH/MIX,HH/HL,RANGE,71.9,True,True,498,1,56.6,1789689600000,LOW,0.03258,3.38,0.037065,2.39,2,0.029225,7.7,2,1,1,0.037065,0.029225,EQH_SWEEP,59,0.037065,False,False,2.178,20285,101,23.47,0.0,23.47,100.0,100.0,95.0,UP,1,1,23.47,1.0,60.0,1.0,True,0,0.0,0,0.0,0.0,0.0,0.02,0.0,1.0,0.662,903.86,504.33,399.53,28.37,64.19,88.7,UP,41,25,1408.2,8.8,300.0,1.0,True,2,503.98,1,236.86,267.12,32.0,0.15,0.287,1.0,0.932,5996.6,2536.9,3459.7,40.54,70.27,92.8,UP,203,95,8533.5,26.9,900.0,1.0,True,8,4462.46,3,1516.54,2945.92,52.7,0.35,0.483,1.0,0.977,-48.69,-1652.44,-5.84,33.56,-18.73,1.0,82.32,0.2136,81.56,0.2896,0.8493,NONE,1789714648382,BUY,225.58,0.03522,1789714680000,ok,1.0,1.0,1.0,continuous,1,1,0,,0,0,0,0,False,544,0.03521,0.03522,2.84,0.057,-0.106,-0.2041,14714.84,18204.6,55.37,1789714781285,4071,False,,,,
2,v2,v1.2,REALF_PY_V4_2_DERIVED,ZPTDIFAT_PY_V1_4_DERIVED,fc-v1,native,,058e38aec59f4c35,20260918_064430,299,VELVET_20260918_065948_162,VELVETUSDT,BINANCE,FUTURES,OUTSIDE100,761,200,1789714788162,2026-09-18T06:59:48.162+00:00,28,True,1789714787943,1789714788162,60.6,1789714740000,1789714799999,False,47.9,0.05525,-0.0362,37.8,PRICE LAG,True,500,32.2,42.0,39.3,49.6,0.00534,0.57,0.86,0.00201,0.398,0.06,2.7,45.0,19.8,YOK,9.8,1.0,0.05554561179217316,0.535,CLV_PROXY_1M,0,0.0,100.0,37.8,37.2,36.6,32.4,0.6,1.2,5.4,0.00534,9e-05,0.00107,0.00045,27.55,22.22,13.19,13.53,5.33,14.36,14.02,40.57,38.67,500,native,27.55,DINLENMIS,40.57,38.67,True,300,44.1,BEAR,BOS DN,MIX/HL,LH/LL,TR DN,74.9,True,True,499,12,70.0,1789714020000,HIGH,0.05589,4.3,0.056855,10.79,2,,,,1,0,0.056855,0.05553,EQL_SWEEP,87,0.055625,False,False,0.269,499,native,16.13,DINLENMIS,20.21,15.33,True,300,40.8,BEAR,BOS DN,HH/MIX,LH/LL,RANGE,73.8,True,True,498,4,51.7,1789713900000,HIGH,0.05615,3.64,,,,,,,0,0,0.05615,0.05544,LOW_SWEEP,10,0.05556,False,False,0.4486,499,native,22.83,DINLENMIS,15.11,5.0,True,300,7.0,BEAR,BOS DN,LH/LL,LH/LL,RANGE,89.2,True,True,498,1,73.9,1789714200000,HIGH,0.05615,2.79,,,,0.0515,11.61,2,0,1,0.05615,0.0515,HIGH_SWEEP,30,0.05618,False,False,0.5859,499,native,28.01,DINLENMIS,17.43,5.33,True,300,70.9,BULL,BOS UP,HH/MIX,HH/MIX,RANGE,71.4,True,True,498,9,44.5,1789705800000,LOW,0.05548,-0.42,,,,0.0515,6.78,3,0,1,0.05671,0.0515,HIGH_SWEEP,8,0.05649,False,False,0.9931,499,native,32.45,NORMAL,23.96,20.33,True,300,70.4,BULL,BOS UP,HH/MIX,LH/LL,TR UP,75.1,True,True,498,14,40.8,1789660800000,LOW,0.0494,4.39,,,,,,,0,0,0.06014,0.0494,HIGH_SWEEP,13,0.05886,False,False,2.3885,499,native,78.28,YORGUN,64.14,84.33,True,300,48.0,BEAR,BOS DN,MIX/HL,HH/HL,TR DN,65.7,True,True,498,16,34.6,1789473600000,HIGH,0.0633,3.14,,,,,,,0,0,0.0536,0.0494,HIGH_SWEEP,6,0.0536,False,False,4.6002,130,931,656.54,694.82,-38.28,-2.83,48.58,44.2,FLAT,77,40,1351.36,10.1,60.0,1.0,True,1,335.49,1,322.72,12.76,33.6,0.169,0.283,1.0,0.998,7057.5,15751.93,-8694.43,-38.12,30.94,7.7,DOWN,628,237,22809.43,34.7,300.0,1.0,True,7,4126.73,13,12671.19,-8544.46,59.7,0.409,0.59,1.0,1.0,19726.02,55003.09,-35277.07,-47.21,26.4,6.2,DOWN,1979,822,74729.11,100.5,900.0,1.0,True,20,11364.56,44,46415.32,-35050.77,77.0,0.668,0.718,1.0,1.0,3086.48,2004.75,1015.0,41.93,2.91,1.0,-2489.09,-0.3737,-2017.76,-0.4423,-0.5983,NONE,1789714738982,BUY,335.49,0.055278622507826655,1789714680000,ok,1.0,1.0,1.0,continuous,1,40,0,,0,0,0,0,False,578,0.05525,0.05526,1.81,-0.871,0.3164,-0.3116,16388.57,8511.07,35.29,1789714787788,374,False,,FATIGUE_RESTED_1M,,
2,v2,v1.2,REALF_PY_V4_2_DERIVED,ZPTDIFAT_PY_V1_4_DERIVED,fc-v1,native,,058e38aec59f4c35,20260918_064430,300,ZKC_20260918_065950_949,ZKCUSDT,BINANCE,FUTURES,OUTSIDE100,1142,200,1789714790949,2026-09-18T06:59:50.949+00:00,28,True,1789714790730,1789714790949,59.8,1789714740000,1789714799999,False,50.7,0.03854,0.026,47.7,FAIR (DENGE),True,500,47.9,44.1,51.0,49.5,0.0019,1.15,0.95,0.00134,0.49,0.35,28.0,65.0,8.0,YOK,7.0,0.841,0.0386133374084009,0.19,CLV_PROXY_1M,0,0.0,100.0,47.7,49.3,51.9,46.2,-1.6,-4.2,1.5,0.0019,0.00015,0.00018,-0.00067,64.81,63.95,63.83,72.4,0.86,0.98,-7.59,63.03,75.67,500,native,64.81,NORMAL,63.03,75.67,True,300,90.5,BULL,BOS UP,HH/HL,HH/HL,TR UP,92.0,True,True,499,11,100.0,1789714080000,LOW,0.0383,4.77,,,,,,,0,0,0.03859,0.03843,HIGH_SWEEP,5,0.03846,False,False,0.1307,499,native,79.33,YORGUN,83.43,88.67,True,300,41.1,BULL,BOS UP,LH/MIX,MIX/HL,RANGE,74.7,True,True,498,40,58.8,1789707420000,LOW,0.03801,5.98,,,,0.038305,2.65,2,0,2,0.03855,0.038305,HIGH_SWEEP,3,0.03855,False,False,0.2302,499,native,58.61,NORMAL,74.11,78.33,True,300,49.9,BULL,BOS UP,LH/MIX,LH/MIX,RANGE,69.7,True,True,498,24,50.4,1789707300000,LOW,0.03801,3.77,,,,0.038305,1.55,2,0,1,0.03855,0.038305,HIGH_SWEEP,2,0.03855,False,False,0.3446,499,native,51.09,NORMAL,54.14,70.33,True,300,87.9,BULL,BOS UP,HH/HL,HH/HL,RANGE,90.3,True,True,498,8,52.3,1789706700000,LOW,0.03789,2.39,0.049025,40.47,2,0.037065,5.56,2,1,1,0.049025,0.037065,LOW_SWEEP,153,0.03752,False,False,0.6768,499,native,75.71,YORGUN,70.05,82.33,True,300,58.0,BEAR,BOS DN,MIX/HL,HH/HL,TR DN,64.1,True,True,498,53,61.2,1789520400000,HIGH,0.04772,16.39,0.05792,34.59,2,,,,1,0,0.05792,0.03718,EQH_SWEEP,6,0.03827,False,False,1.4589,499,native,43.98,NORMAL,52.06,58.33,True,300,15.6,BEAR,BOS DN,LH/LL,LH/MIX,TR DN,90.7,True,True,498,18,73.5,1789444800000,HIGH,0.04904,8.36,,,,0.036074999999999996,1.93,2,0,1,0.03878,0.036074999999999996,HIGH_SWEEP,1,0.03878,True,False,3.2744,5227,434,72.6,852.02,-779.41,-84.3,7.85,5.0,DOWN,23,14,924.62,4.2,60.0,1.0,True,0,0.0,1,399.89,-399.89,23.2,0.077,0.241,1.0,0.913,5460.7,3630.17,1830.52,20.14,60.07,82.6,UP,182,94,9090.87,17.6,300.0,1.0,True,7,4360.67,5,2271.5,2089.17,47.1,0.261,0.49,1.0,0.983,17215.35,21284.73,-4069.38,-10.57,44.72,29.9,DOWN,763,390,38500.09,19.7,900.0,1.0,True,22,10354.75,16,17847.39,-7492.64,52.9,0.283,0.646,1.0,0.994,-892.8,8768.3,-746.15,-61.34,27.41,1.0,173.15,0.1755,563.25,0.3098,-0.4222,UP,1789714780536,SELL,399.89,0.03851048151001541,1789714680000,ok,1.0,1.0,1.0,continuous,1,14,0,,0,0,0,0,False,612,0.03851,0.03852,2.596,1.038,-0.1652,0.4858,14743.95,20579.73,50.63,1789714790583,366,False,,,,
2,v2,v1.2,REALF_PY_V4_2_DERIVED,ZPTDIFAT_PY_V1_4_DERIVED,fc-v1,native,,058e38aec59f4c35,20260918_064430,301,ETH_20260918_065956_751,ETHUSDT,BINANCE,FUTURES,TOP100,2,75000,1789714796751,2026-09-18T06:59:56.751+00:00,28,True,1789714796532,1789714796751,59.7,1789714740000,1789714799999,False,56.5,2486.29,-0.0084,59.3,PRICE AHEAD,True,500,59.8,59.8,58.9,56.7,-0.00184,0.9,0.38,0.00098,0.701,1.66,59.3,65.0,-4.3,YOK,0.9,1.0,2481.7247916053543,-0.184,CLV_PROXY_1M,0,0.0,100.0,59.3,58.6,60.9,55.0,0.7,-1.6,4.3,-0.00184,-0.00014,0.00018,-0.00037,56.11,44.63,24.9,41.34,11.48,31.21,14.77,81.56,86.0,500,native,56.11,NORMAL,81.56,86.0,True,300,47.0,BULL,BOS UP,LH/LL,LH/MIX,SQZ,89.2,True,True,499,1,65.1,1789714680000,LOW,2480.9,3.89,,,,2469.0299999999997,12.46,2,0,2,2485.92,2469.0299999999997,HIGH_SWEEP,36,2486.11,False,False,0.0557,499,native,55.55,NORMAL,70.35,81.67,True,300,56.7,BULL,BOS UP,MIX/HL,LH/MIX,RANGE,65.1,True,True,498,41,76.1,1789707240000,LOW,2469.0,6.06,2486.685,0.14,2,,,,1,0,2486.685,2480.9,HIGH_SWEEP,12,2486.49,False,False,0.115,499,native,58.42,NORMAL,69.92,77.0,True,300,68.2,BULL,BOS UP,MIX/HL,MIX/HL,TR UP,75.1,True,True,498,21,61.2,1789708200000,LOW,2469.0,4.03,,,,2365.835,28.06,2,0,1,2486.88,2365.835,HIGH_SWEEP,22,2482.2,False,False,0.1729,499,native,66.67,NORMAL,64.87,72.67,True,300,72.9,BULL,BOS UP,HH/MIX,HH/HL,TR UP,74.1,True,True,498,7,39.9,1789707600000,LOW,2435.39,6.4,,,,2435.74,6.35,2,0,1,2492.55,2435.74,HIGH_SWEEP,6,2484.99,False,False,0.3202,499,native,80.21,YORGUN,88.93,98.33,True,300,73.3,BEAR,BOS DN,HH/HL,HH/MIX,TR DN,84.8,True,True,498,65,44.7,1789477200000,HIGH,2614.99,7.54,,,,,,,0,0,2484.0,2435.39,HIGH_SWEEP,1,2484.0,True,False,0.6888,499,native,65.84,NORMAL,77.67,89.0,True,300,51.7,TR-DN,CHOCH DN,MIX/HL,MIX/HL,TR-DN,70.6,True,True,498,14,32.7,1789502400000,HIGH,2614.99,3.23,,,,1862.655,15.64,2,0,2,2614.99,1862.655,HIGH_SWEEP,38,2522.75,False,False,1.6086,207,7162,2726929.76,1837781.55,889148.21,19.48,59.74,81.9,UP,2240,575,4564711.31,26.9,60.0,1.0,True,10,1937222.27,7,1097957.73,839264.54,65.7,0.35,1.0,1.0,0.997,11136361.61,11592711.17,-456349.56,-2.01,49.0,45.9,FLAT,12037,2769,22729072.78,106.8,300.0,1.0,True,32,6899405.55,36,7526983.82,-627578.27,85.8,0.681,1.0,1.0,0.999,21571039.01,22377821.71,-806782.7,-1.84,49.08,46.3,FLAT,28105,6528,43948860.72,214.4,900.0,1.0,True,53,13493320.13,69,12893535.38,599784.74,92.0,0.811,1.0,1.0,1.0,-602038.13,1076628.73,1220936.39,-10.45,3.03,1.0,1304808.89,0.2546,-82551.18,-0.0182,-0.5175,UP,1789714791700,SELL,187676.49,2486.44,1789714680000,ok,1.0,1.0008,1.0,continuous,1,574,0,,0,0,0,0,False,646,2486.28,2486.29,0.04,-0.019,-0.7295,-0.9549,113982.04,728702.3,0.78,1789714796392,359,False,,,,
2,v2,v1.2,REALF_PY_V4_2_DERIVED,ZPTDIFAT_PY_V1_4_DERIVED,fc-v1,native,,058e38aec59f4c35,20260918_064430,302,BNB_20260918_065959_328,BNBUSDT,BINANCE,FUTURES,TOP100,4,25000,1789714799328,2026-09-18T06:59:59.328+00:00,28,True,1789714799328,1789714799328,59.6,1789714740000,1789714799999,False,59.3,755.53,-0.0093,46.8,FAIR (DENGE),True,500,46.0,44.5,50.5,48.8,0.001,1.16,0.86,0.00083,0.636,0.86,29.0,65.0,31.8,YOK,6.1,0.938,756.2822490262955,0.1,CLV_PROXY_1M,0,0.0,100.0,46.8,45.0,42.4,38.8,1.8,4.4,8.0,0.001,-0.00039,-0.00026,-0.00071,87.72,85.92,77.11,77.01,1.8,10.61,10.71,90.17,96.0,500,native,87.72,ASIRI,90.17,96.0,True,300,73.7,TR-UP,CHOCH UP,MIX/HL,HH/MIX,TR-UP,74.3,True,True,499,2,77.3,1789714620000,LOW,753.32,5.69,,,,735.76,50.93,2,0,1,754.18,735.76,HIGH_SWEEP,37,754.62,False,False,0.0514,499,native,63.23,NORMAL,83.25,88.33,True,300,82.3,BULL,BOS UP,HH/HL,MIX/HL,RANGE,86.8,True,True,498,18,53.9,1789711380000,LOW,751.67,4.5,,,,733.985,25.19,2,0,2,755.98,733.985,HIGH_SWEEP,33,753.4,False,False,0.1133,499,native,64.1,NORMAL,82.62,85.0,True,300,69.7,BULL,BOS UP,HH/MIX,HH/HL,TR UP,80.5,True,True,498,21,50.9,1789708200000,LOW,749.39,4.66,,,,751.405,3.13,2,0,2,755.98,751.405,HIGH_SWEEP,10,755.08,False,False,0.1745,499,native,61.64,NORMAL,70.32,73.67,True,300,78.2,BULL,BOS UP,HH/HL,HH/HL,TR UP,91.5,True,True,498,30,31.8,1789686900000,LOW,733.95,8.61,,,,,,,0,0,754.71,733.95,HIGH_SWEEP,6,754.71,False,False,0.3323,499,native,94.64,ASIRI,92.77,96.67,True,300,72.9,BULL,BOS UP,HH/MIX,HH/MIX,TR UP,76.1,True,True,498,10,47.2,1789675200000,LOW,721.24,7.46,,,,,,,0,0,732.95,721.24,HIGH_SWEEP,18,729.58,False,False,0.6104,499,native,89.39,ASIRI,97.62,97.0,True,300,40.4,BULL,BOS UP,LH/LL,HH/HL,RANGE,86.1,True,True,498,4,31.3,1789646400000,LOW,704.34,5.44,,,,,,,0,0,725.94,704.34,HIGH_SWEEP,6,725.94,False,False,1.2519,341,2158,51925.46,165821.33,-113895.88,-52.31,23.85,5.8,DOWN,795,136,217746.79,21.5,60.0,1.0,True,0,0.0,2,62770.4,-62770.4,58.5,0.301,0.834,1.0,0.994,845081.64,613625.38,231456.27,15.87,57.93,77.8,UP,3865,725,1458707.02,48.9,300.0,1.0,True,11,507768.18,5,155408.21,352359.97,75.5,0.495,1.0,1.0,0.999,1837151.71,2174886.74,-337735.03,-8.42,45.79,33.6,DOWN,10909,2026,4012038.45,211.7,900.0,1.0,True,15,673277.44,19,809659.31,-136381.87,91.9,0.809,1.0,1.0,1.0,-138101.9,-112726.79,-99218.94,-32.57,-3.34,1.0,74067.2,0.2108,70360.37,0.2412,-0.0025,NONE,1789714763177,SELL,25840.84,755.58,1789714680000,ok,1.0,1.0,1.0,continuous,1,136,0,,0,0,0,0,False,680,755.51,755.52,0.132,-0.013,-0.4717,-0.444,76206.75,212290.63,2.58,1789714799186,142,False,,FATIGUE_EXTREME|AGGRESSIVE_SELLER,,
